-----------------------------------------------------------------
[25000] 2025/12/07 21:30:01.889 Precheck/DistributedServer Query result is 000,分配成功
[25000] 2025/12/07 21:30:01.889 >> Host srvsolace-tp2.capital.com.tw
[25000] 2025/12/07 21:30:01.913 SKQuoteLib_EnterMonitor IP：srvsolace-tp2.capital.com.tw
[25000] 2025/12/07 21:30:01.960 OnSessionConnect，Code: 3001, Error Code:0.
[25000] 2025/12/07 21:30:01.972 SKQuoteLib_EnterMonitorLONG starting
[25000] 2025/12/07 21:30:01.974 OnConnection ( 3001 , 0 ) 
[25000] 2025/12/07 21:30:02.221 Market Info is OK!
[25000] 2025/12/07 21:30:02.255 Catalog info is OK!
[25000] 2025/12/07 21:30:05.212 Solace RequestInitializeData (TO_S_19,S_1F)
[25000] 2025/12/07 21:30:05.212 Solace RequestInitializeData (TO_S_19,S_1F)
[25000] 2025/12/07 21:30:05.215 OnConnection ( 3003 , 0 ) 
[25000] 2025/12/07 21:30:12.040 SKQuoteLib_RequestStocks (1 , CAF00, CBF00, CCF00, CDF00, CEF00, CFF00, CGF00, CHF00, CJF00, CKF00, CLF00, CMF00, CNF00, CQF00, CRF00, CSF00, CUF00, CWF00, CXF00, CYF00, CZF00, DAF00, DBF00, DCF00, DEF00, DFF00, DGF00, DHF00, DIF00, DJF00, DKF00, DLF00, DNF00, DOF00, DPF00, DQF00, DSF00, DVF00, DWF00, DXF00, DYF00, DZF00, EEF00, EGF00, EHF00, EKF00, EMF00, EPF00, EYF00, EZF00, FBF00, FCF00, FEF00, FFF00, FGF00, FKF00, FNF00, FQF00, FRF00, FSF00, FTF00, FVF00, FWF00, FYF00, FZF00, GAF00, GCF00, GHF00, GIF00, GJF00, GKF00, GLF00, GMF00, GNF00, GOF00, GRF00, GUF00, GVF00, GWF00, GXF00, GYF00, GZF00, HAF00, HBF00, HCF00, HHF00, HIF00, HLF00, HOF00, HQF00, HSF00, IAF00, IHF00, IIF00, IJF00, IMF00, IOF00, IPF00, IQF00, IRF00, ITF00, IXF00, IYF00, IZF00, JBF00, JFF00, JMF00, JNF00, JPF00, JSF00, JWF00, JXF00, JZF00, KAF00, KBF00, KCF00, KDF00, KEF00, KFF00, KGF00, KIF00, KKF00, KLF00, KOF00, KPF00, KSF00, KUF00, KWF00, LBF00, LCF00, LEF00, LIF00, LMF00, LOF00, LQF00, LRF00, LTF00, LUF00, LVF00, LWF00, LXF00, LYF00, MAF00, MBF00, MJF00, MKF00, MQF00, MVF00, MYF00, NAF00, NBF00, NDF00, NEF00, NGF00, NIF00, NJF00, NLF00, NMF00, NOF00, NQF00, NSF00, NUF00, NVF00, NWF00, NYF00, OAF00, OBF00, ODF00, OEF00, OHF00, OJF00, OKF00, OLF00, OMF00, OOF00, OPF00, OQF00, ORF00, OSF00, OTF00, OUF00, OVF00, OWF00, OXF00, OYF00, OZF00, PAF00, PBF00, PCF00, PDF00, PEF00, PFF00, PGF00, PHF00, PIF00, PJF00, PKF00, PLF00, PMF00, PNF00, PPF00, PQF00, PRF00, PSF00, PTF00, PUF00, PVF00, PWF00, PXF00, PYF00, PZF00, QAF00, QBF00, QCF00, QDF00, QEF00, QFF00, QGF00, QHF00, QIF00, QJF00, QKF00, QLF00, QMF00, QNF00, QOF00, QPF00, QQF00, QRF00, QSF00, QTF00, QUF00, QVF00, QWF00, QXF00, QYF00, QZF00, RAF00, RBF00, RCF00, RDF00, REF00, RFF00, RGF00, RIF00, RJF00, RKF00, RLF00, RMF00, RNF00, ROF00, RPF00, RQF00, RRF00, RSF00, RUF00, RVF00, RWF00, RXF00, RYF00, RZF00, SAF00, SBF00, SCF00, SDF00, SEF00, SFF00, SGF00, SIF00, SJF00, SKF00, SLF00, SMF00, SNF00, SQF00, SRF00, SSF00, SUF00, SVF00, SWF00, SYF00, SZF00, UAF00, UBF00, UCF00, UEF00, UFF00, UGF00, UHF00, UIF00, UJF00, UKF00, ULF00, UMF00, UOF00, UPF00, UQF00, URF00, USF00, UTF00, UUF00, UVF00, UWF00, 0050, 0056, 006205, 006206, 00636, 00639, 00643, 00679B, 00687B, 00719B, 00757, 00772B, 00878, 00885, 00893, 00919, 00923, 00929, 00937B, 00940, 1101, 1102, 1210, 1216, 1301, 1303, 1312, 1314, 1319, 1326, 1402, 1440, 1476, 1477, 1503, 1504, 1513, 1536, 1565, 1590, 1605, 1609, 1707, 1717, 1718, 1722, 1795, 1802, 1904, 1905, 1907, 1909, 2002, 2006, 2014, 2027, 2049, 2059, 2105, 2201, 2231, 2301, 2303, 2308, 2312, 2313, 2317, 2323, 2324, 2327, 2328, 2330, 2331, 2332, 2337, 2338, 2340, 2344, 2345, 2347, 2352, 2353, 2354, 2355, 2356, 2357, 2360, 2368, 2371, 2376, 2377, 2379, 2382, 2383, 2385, 2388, 2392, 2393, 2401, 2404, 2408, 2409, 2412, 2439, 2441, 2449, 2454, 2455, 2457, 2458, 2474, 2481, 2485, 2486, 2489, 2492, 2498, 2515, 2520, 2542, 2548, 2603, 2605, 2606, 2609, 2610, 2615, 2618, 2633, 2634, 2801, 2834, 2880, 2881, 2882, 2883, 2884, 2885, 2886, 2887, 2888, 2890, 2891, 2892, 2913, 2915, 3005, 3006, 3008, 3017, 3019, 3034, 3035, 3036, 3037, 3042, 3044, 3045, 3078, 3081, 3105, 3152, 3189, 3227, 3231, 3260, 3264, 3293, 3324, 3374, 3376, 3380, 3406, 3443, 3481, 3529, 3532, 3533, 3552, 3653, 3661, 3673, 3680, 3691, 3702, 3706, 3711, 3714, 4123, 4128, 4162, 4736, 4743, 4904, 4919, 4938, 4958, 5009, 5269, 5274, 5347, 5371, 5388, 5425, 5457, 5483, 5534, 5871, 5876, 5880, 5904, 6005, 6116, 6121, 6139, 6147, 6153, 6173, 6176, 6182, 6188, 6213, 6223, 6239, 6245, 6257, 6269, 6271, 6274, 6278, 6279, 6282, 6285, 6414, 6443, 6472, 6488, 6505, 6510, 6526, 6547, 6669, 6757, 6770, 8039, 8044, 8046, 8069, 8086, 8112, 8150, 8163, 8299, 8358, 8436, 8454, 9904, 9914, 9938, 9939, 9945, 9958, TSE, TSE23, TSE28, TWMC)
[25000] 2025/12/07 21:30:12.045 Divide StockNo {CAF00}
[25000] 2025/12/07 21:30:12.045 Add Basket MarketNo：2 StockIdx：160
[25000] 2025/12/07 21:30:12.045 Divide StockNo {CBF00}
[25000] 2025/12/07 21:30:12.045 Add Basket MarketNo：2 StockIdx：166
[25000] 2025/12/07 21:30:12.045 Divide StockNo {CCF00}
[25000] 2025/12/07 21:30:12.045 Add Basket MarketNo：2 StockIdx：5646
[25000] 2025/12/07 21:30:12.045 Divide StockNo {CDF00}
[25000] 2025/12/07 21:30:12.045 Add Basket MarketNo：2 StockIdx：5652
[25000] 2025/12/07 21:30:12.045 Divide StockNo {CEF00}
[25000] 2025/12/07 21:30:12.045 Add Basket MarketNo：2 StockIdx：184
[25000] 2025/12/07 21:30:12.045 Divide StockNo {CFF00}
[25000] 2025/12/07 21:30:12.045 Add Basket MarketNo：2 StockIdx：192
[25000] 2025/12/07 21:30:12.045 Divide StockNo {CGF00}
[25000] 2025/12/07 21:30:12.045 Add Basket MarketNo：2 StockIdx：198
[25000] 2025/12/07 21:30:12.045 Divide StockNo {CHF00}
[25000] 2025/12/07 21:30:12.045 Add Basket MarketNo：2 StockIdx：204
[25000] 2025/12/07 21:30:12.045 Divide StockNo {CJF00}
[25000] 2025/12/07 21:30:12.045 Add Basket MarketNo：2 StockIdx：210
[25000] 2025/12/07 21:30:12.045 Divide StockNo {CKF00}
[25000] 2025/12/07 21:30:12.045 Add Basket MarketNo：2 StockIdx：216
[25000] 2025/12/07 21:30:12.045 Divide StockNo {CLF00}
[25000] 2025/12/07 21:30:12.045 Add Basket MarketNo：2 StockIdx：222
[25000] 2025/12/07 21:30:12.045 Divide StockNo {CMF00}
[25000] 2025/12/07 21:30:12.045 Add Basket MarketNo：2 StockIdx：228
[25000] 2025/12/07 21:30:12.046 Divide StockNo {CNF00}
[25000] 2025/12/07 21:30:12.046 Add Basket MarketNo：2 StockIdx：234
[25000] 2025/12/07 21:30:12.046 Divide StockNo {CQF00}
[25000] 2025/12/07 21:30:12.046 Add Basket MarketNo：2 StockIdx：240
[25000] 2025/12/07 21:30:12.046 Divide StockNo {CRF00}
[25000] 2025/12/07 21:30:12.046 Add Basket MarketNo：2 StockIdx：246
[25000] 2025/12/07 21:30:12.046 Divide StockNo {CSF00}
[25000] 2025/12/07 21:30:12.046 Add Basket MarketNo：2 StockIdx：252
[25000] 2025/12/07 21:30:12.046 Divide StockNo {CUF00}
[25000] 2025/12/07 21:30:12.046 Add Basket MarketNo：2 StockIdx：258
[25000] 2025/12/07 21:30:12.046 Divide StockNo {CWF00}
[25000] 2025/12/07 21:30:12.046 Add Basket MarketNo：2 StockIdx：264
[25000] 2025/12/07 21:30:12.046 Divide StockNo {CXF00}
[25000] 2025/12/07 21:30:12.046 Add Basket MarketNo：2 StockIdx：272
[25000] 2025/12/07 21:30:12.046 Divide StockNo {CYF00}
[25000] 2025/12/07 21:30:12.046 Add Basket MarketNo：2 StockIdx：278
[25000] 2025/12/07 21:30:12.046 Divide StockNo {CZF00}
[25000] 2025/12/07 21:30:12.046 Add Basket MarketNo：2 StockIdx：284
[25000] 2025/12/07 21:30:12.046 Divide StockNo {DAF00}
[25000] 2025/12/07 21:30:12.046 Add Basket MarketNo：2 StockIdx：290
[25000] 2025/12/07 21:30:12.046 Divide StockNo {DBF00}
[25000] 2025/12/07 21:30:12.046 Add Basket MarketNo：2 StockIdx：296
[25000] 2025/12/07 21:30:12.046 Divide StockNo {DCF00}
[25000] 2025/12/07 21:30:12.046 Add Basket MarketNo：2 StockIdx：302
[25000] 2025/12/07 21:30:12.046 Divide StockNo {DEF00}
[25000] 2025/12/07 21:30:12.046 Add Basket MarketNo：2 StockIdx：310
[25000] 2025/12/07 21:30:12.046 Divide StockNo {DFF00}
[25000] 2025/12/07 21:30:12.046 Add Basket MarketNo：2 StockIdx：319
[25000] 2025/12/07 21:30:12.046 Divide StockNo {DGF00}
[25000] 2025/12/07 21:30:12.046 Add Basket MarketNo：2 StockIdx：325
[25000] 2025/12/07 21:30:12.046 Divide StockNo {DHF00}
[25000] 2025/12/07 21:30:12.046 Add Basket MarketNo：2 StockIdx：331
[25000] 2025/12/07 21:30:12.046 Divide StockNo {DIF00}
[25000] 2025/12/07 21:30:12.046 Add Basket MarketNo：2 StockIdx：337
[25000] 2025/12/07 21:30:12.046 Divide StockNo {DJF00}
[25000] 2025/12/07 21:30:12.046 Add Basket MarketNo：2 StockIdx：343
[25000] 2025/12/07 21:30:12.046 Divide StockNo {DKF00}
[25000] 2025/12/07 21:30:12.046 Add Basket MarketNo：2 StockIdx：349
[25000] 2025/12/07 21:30:12.046 Divide StockNo {DLF00}
[25000] 2025/12/07 21:30:12.046 Add Basket MarketNo：2 StockIdx：355
[25000] 2025/12/07 21:30:12.046 Divide StockNo {DNF00}
[25000] 2025/12/07 21:30:12.046 Add Basket MarketNo：2 StockIdx：361
[25000] 2025/12/07 21:30:12.046 Divide StockNo {DOF00}
[25000] 2025/12/07 21:30:12.046 Add Basket MarketNo：2 StockIdx：369
[25000] 2025/12/07 21:30:12.046 Divide StockNo {DPF00}
[25000] 2025/12/07 21:30:12.046 Add Basket MarketNo：2 StockIdx：375
[25000] 2025/12/07 21:30:12.046 Divide StockNo {DQF00}
[25000] 2025/12/07 21:30:12.046 Add Basket MarketNo：2 StockIdx：381
[25000] 2025/12/07 21:30:12.046 Divide StockNo {DSF00}
[25000] 2025/12/07 21:30:12.047 Add Basket MarketNo：2 StockIdx：387
[25000] 2025/12/07 21:30:12.047 Divide StockNo {DVF00}
[25000] 2025/12/07 21:30:12.047 Add Basket MarketNo：2 StockIdx：393
[25000] 2025/12/07 21:30:12.047 Divide StockNo {DWF00}
[25000] 2025/12/07 21:30:12.047 Add Basket MarketNo：2 StockIdx：399
[25000] 2025/12/07 21:30:12.047 Divide StockNo {DXF00}
[25000] 2025/12/07 21:30:12.047 Add Basket MarketNo：2 StockIdx：405
[25000] 2025/12/07 21:30:12.047 Divide StockNo {DYF00}
[25000] 2025/12/07 21:30:12.047 Add Basket MarketNo：2 StockIdx：411
[25000] 2025/12/07 21:30:12.047 Divide StockNo {DZF00}
[25000] 2025/12/07 21:30:12.047 Add Basket MarketNo：2 StockIdx：417
[25000] 2025/12/07 21:30:12.047 Divide StockNo {EEF00}
[25000] 2025/12/07 21:30:12.047 Add Basket MarketNo：2 StockIdx：423
[25000] 2025/12/07 21:30:12.047 Divide StockNo {EGF00}
[25000] 2025/12/07 21:30:12.047 Add Basket MarketNo：2 StockIdx：429
[25000] 2025/12/07 21:30:12.047 Divide StockNo {EHF00}
[25000] 2025/12/07 21:30:12.047 Add Basket MarketNo：2 StockIdx：435
[25000] 2025/12/07 21:30:12.047 Divide StockNo {EKF00}
[25000] 2025/12/07 21:30:12.047 Add Basket MarketNo：2 StockIdx：441
[25000] 2025/12/07 21:30:12.047 Divide StockNo {EMF00}
[25000] 2025/12/07 21:30:12.047 Add Basket MarketNo：2 StockIdx：447
[25000] 2025/12/07 21:30:12.047 Divide StockNo {EPF00}
[25000] 2025/12/07 21:30:12.047 Add Basket MarketNo：2 StockIdx：453
[25000] 2025/12/07 21:30:12.047 Divide StockNo {EYF00}
[25000] 2025/12/07 21:30:12.047 Add Basket MarketNo：2 StockIdx：459
[25000] 2025/12/07 21:30:12.047 Divide StockNo {EZF00}
[25000] 2025/12/07 21:30:12.047 Add Basket MarketNo：2 StockIdx：465
[25000] 2025/12/07 21:30:12.047 Divide StockNo {FBF00}
[25000] 2025/12/07 21:30:12.047 Add Basket MarketNo：2 StockIdx：471
[25000] 2025/12/07 21:30:12.047 Divide StockNo {FCF00}
[25000] 2025/12/07 21:30:12.047 Add Basket MarketNo：2 StockIdx：477
[25000] 2025/12/07 21:30:12.047 Divide StockNo {FEF00}
[25000] 2025/12/07 21:30:12.047 Add Basket MarketNo：2 StockIdx：481
[25000] 2025/12/07 21:30:12.047 Divide StockNo {FFF00}
[25000] 2025/12/07 21:30:12.047 Add Basket MarketNo：2 StockIdx：489
[25000] 2025/12/07 21:30:12.047 Divide StockNo {FGF00}
[25000] 2025/12/07 21:30:12.047 Add Basket MarketNo：2 StockIdx：495
[25000] 2025/12/07 21:30:12.047 Divide StockNo {FKF00}
[25000] 2025/12/07 21:30:12.047 Add Basket MarketNo：2 StockIdx：501
[25000] 2025/12/07 21:30:12.047 Divide StockNo {FNF00}
[25000] 2025/12/07 21:30:12.047 Add Basket MarketNo：2 StockIdx：507
[25000] 2025/12/07 21:30:12.047 Divide StockNo {FQF00}
[25000] 2025/12/07 21:30:12.047 Add Basket MarketNo：2 StockIdx：513
[25000] 2025/12/07 21:30:12.047 Divide StockNo {FRF00}
[25000] 2025/12/07 21:30:12.047 Add Basket MarketNo：2 StockIdx：519
[25000] 2025/12/07 21:30:12.047 Divide StockNo {FSF00}
[25000] 2025/12/07 21:30:12.047 Add Basket MarketNo：2 StockIdx：525
[25000] 2025/12/07 21:30:12.047 Divide StockNo {FTF00}
[25000] 2025/12/07 21:30:12.047 Add Basket MarketNo：2 StockIdx：531
[25000] 2025/12/07 21:30:12.047 Divide StockNo {FVF00}
[25000] 2025/12/07 21:30:12.047 Add Basket MarketNo：2 StockIdx：537
[25000] 2025/12/07 21:30:12.047 Divide StockNo {FWF00}
[25000] 2025/12/07 21:30:12.047 Add Basket MarketNo：2 StockIdx：543
[25000] 2025/12/07 21:30:12.047 Divide StockNo {FYF00}
[25000] 2025/12/07 21:30:12.047 Add Basket MarketNo：2 StockIdx：549
[25000] 2025/12/07 21:30:12.047 Divide StockNo {FZF00}
[25000] 2025/12/07 21:30:12.047 Add Basket MarketNo：2 StockIdx：555
[25000] 2025/12/07 21:30:12.047 Divide StockNo {GAF00}
[25000] 2025/12/07 21:30:12.047 Add Basket MarketNo：2 StockIdx：561
[25000] 2025/12/07 21:30:12.047 Divide StockNo {GCF00}
[25000] 2025/12/07 21:30:12.047 Add Basket MarketNo：2 StockIdx：567
[25000] 2025/12/07 21:30:12.047 Divide StockNo {GHF00}
[25000] 2025/12/07 21:30:12.047 Add Basket MarketNo：2 StockIdx：573
[25000] 2025/12/07 21:30:12.047 Divide StockNo {GIF00}
[25000] 2025/12/07 21:30:12.047 Add Basket MarketNo：2 StockIdx：579
[25000] 2025/12/07 21:30:12.047 Divide StockNo {GJF00}
[25000] 2025/12/07 21:30:12.047 Add Basket MarketNo：2 StockIdx：585
[25000] 2025/12/07 21:30:12.047 Divide StockNo {GKF00}
[25000] 2025/12/07 21:30:12.047 Add Basket MarketNo：2 StockIdx：591
[25000] 2025/12/07 21:30:12.048 Divide StockNo {GLF00}
[25000] 2025/12/07 21:30:12.048 Add Basket MarketNo：2 StockIdx：597
[25000] 2025/12/07 21:30:12.048 Divide StockNo {GMF00}
[25000] 2025/12/07 21:30:12.048 Add Basket MarketNo：2 StockIdx：603
[25000] 2025/12/07 21:30:12.048 Divide StockNo {GNF00}
[25000] 2025/12/07 21:30:12.048 Add Basket MarketNo：2 StockIdx：609
[25000] 2025/12/07 21:30:12.048 Divide StockNo {GOF00}
[25000] 2025/12/07 21:30:12.048 Add Basket MarketNo：2 StockIdx：615
[25000] 2025/12/07 21:30:12.048 Divide StockNo {GRF00}
[25000] 2025/12/07 21:30:12.048 Add Basket MarketNo：2 StockIdx：621
[25000] 2025/12/07 21:30:12.048 Divide StockNo {GUF00}
[25000] 2025/12/07 21:30:12.048 Add Basket MarketNo：2 StockIdx：627
[25000] 2025/12/07 21:30:12.048 Divide StockNo {GVF00}
[25000] 2025/12/07 21:30:12.048 Add Basket MarketNo：2 StockIdx：633
[25000] 2025/12/07 21:30:12.048 Divide StockNo {GWF00}
[25000] 2025/12/07 21:30:12.048 Add Basket MarketNo：2 StockIdx：639
[25000] 2025/12/07 21:30:12.048 Divide StockNo {GXF00}
[25000] 2025/12/07 21:30:12.048 Add Basket MarketNo：2 StockIdx：645
[25000] 2025/12/07 21:30:12.048 Divide StockNo {GYF00}
[25000] 2025/12/07 21:30:12.048 Add Basket MarketNo：2 StockIdx：651
[25000] 2025/12/07 21:30:12.048 Divide StockNo {GZF00}
[25000] 2025/12/07 21:30:12.048 Add Basket MarketNo：2 StockIdx：657
[25000] 2025/12/07 21:30:12.048 Divide StockNo {HAF00}
[25000] 2025/12/07 21:30:12.048 Add Basket MarketNo：2 StockIdx：663
[25000] 2025/12/07 21:30:12.048 Divide StockNo {HBF00}
[25000] 2025/12/07 21:30:12.048 Add Basket MarketNo：2 StockIdx：671
[25000] 2025/12/07 21:30:12.048 Divide StockNo {HCF00}
[25000] 2025/12/07 21:30:12.048 Add Basket MarketNo：2 StockIdx：677
[25000] 2025/12/07 21:30:12.048 Divide StockNo {HHF00}
[25000] 2025/12/07 21:30:12.048 Add Basket MarketNo：2 StockIdx：683
[25000] 2025/12/07 21:30:12.048 Divide StockNo {HIF00}
[25000] 2025/12/07 21:30:12.048 Add Basket MarketNo：2 StockIdx：693
[25000] 2025/12/07 21:30:12.048 Divide StockNo {HLF00}
[25000] 2025/12/07 21:30:12.048 Add Basket MarketNo：2 StockIdx：699
[25000] 2025/12/07 21:30:12.048 Divide StockNo {HOF00}
[25000] 2025/12/07 21:30:12.048 Add Basket MarketNo：2 StockIdx：709
[25000] 2025/12/07 21:30:12.048 Divide StockNo {HQF00}
[25000] 2025/12/07 21:30:12.048 Add Basket MarketNo：2 StockIdx：715
[25000] 2025/12/07 21:30:12.048 Divide StockNo {HSF00}
[25000] 2025/12/07 21:30:12.048 Add Basket MarketNo：2 StockIdx：721
[25000] 2025/12/07 21:30:12.048 Divide StockNo {IAF00}
[25000] 2025/12/07 21:30:12.048 Add Basket MarketNo：2 StockIdx：727
[25000] 2025/12/07 21:30:12.048 Divide StockNo {IHF00}
[25000] 2025/12/07 21:30:12.048 Add Basket MarketNo：2 StockIdx：736
[25000] 2025/12/07 21:30:12.048 Divide StockNo {IIF00}
[25000] 2025/12/07 21:30:12.048 Add Basket MarketNo：2 StockIdx：742
[25000] 2025/12/07 21:30:12.048 Divide StockNo {IJF00}
[25000] 2025/12/07 21:30:12.048 Add Basket MarketNo：2 StockIdx：748
[25000] 2025/12/07 21:30:12.048 Divide StockNo {IMF00}
[25000] 2025/12/07 21:30:12.048 Add Basket MarketNo：2 StockIdx：754
[25000] 2025/12/07 21:30:12.048 Divide StockNo {IOF00}
[25000] 2025/12/07 21:30:12.048 Add Basket MarketNo：2 StockIdx：760
[25000] 2025/12/07 21:30:12.048 Divide StockNo {IPF00}
[25000] 2025/12/07 21:30:12.049 Add Basket MarketNo：2 StockIdx：766
[25000] 2025/12/07 21:30:12.049 Divide StockNo {IQF00}
[25000] 2025/12/07 21:30:12.049 Add Basket MarketNo：2 StockIdx：772
[25000] 2025/12/07 21:30:12.049 Divide StockNo {IRF00}
[25000] 2025/12/07 21:30:12.049 Add Basket MarketNo：2 StockIdx：778
[25000] 2025/12/07 21:30:12.049 Divide StockNo {ITF00}
[25000] 2025/12/07 21:30:12.049 Add Basket MarketNo：2 StockIdx：788
[25000] 2025/12/07 21:30:12.049 Divide StockNo {IXF00}
[25000] 2025/12/07 21:30:12.049 Add Basket MarketNo：2 StockIdx：794
[25000] 2025/12/07 21:30:12.049 Divide StockNo {IYF00}
[25000] 2025/12/07 21:30:12.049 Add Basket MarketNo：2 StockIdx：800
[25000] 2025/12/07 21:30:12.049 Divide StockNo {IZF00}
[25000] 2025/12/07 21:30:12.049 Add Basket MarketNo：2 StockIdx：806
[25000] 2025/12/07 21:30:12.049 Divide StockNo {JBF00}
[25000] 2025/12/07 21:30:12.049 Add Basket MarketNo：2 StockIdx：812
[25000] 2025/12/07 21:30:12.049 Divide StockNo {JFF00}
[25000] 2025/12/07 21:30:12.049 Add Basket MarketNo：2 StockIdx：818
[25000] 2025/12/07 21:30:12.049 Divide StockNo {JMF00}
[25000] 2025/12/07 21:30:12.049 Add Basket MarketNo：2 StockIdx：824
[25000] 2025/12/07 21:30:12.049 Divide StockNo {JNF00}
[25000] 2025/12/07 21:30:12.049 Add Basket MarketNo：2 StockIdx：830
[25000] 2025/12/07 21:30:12.049 Divide StockNo {JPF00}
[25000] 2025/12/07 21:30:12.049 Add Basket MarketNo：2 StockIdx：836
[25000] 2025/12/07 21:30:12.049 Divide StockNo {JSF00}
[25000] 2025/12/07 21:30:12.049 Add Basket MarketNo：2 StockIdx：842
[25000] 2025/12/07 21:30:12.049 Divide StockNo {JWF00}
[25000] 2025/12/07 21:30:12.049 Add Basket MarketNo：2 StockIdx：848
[25000] 2025/12/07 21:30:12.049 Divide StockNo {JXF00}
[25000] 2025/12/07 21:30:12.049 Add Basket MarketNo：2 StockIdx：854
[25000] 2025/12/07 21:30:12.049 Divide StockNo {JZF00}
[25000] 2025/12/07 21:30:12.049 Add Basket MarketNo：2 StockIdx：860
[25000] 2025/12/07 21:30:12.049 Divide StockNo {KAF00}
[25000] 2025/12/07 21:30:12.049 Add Basket MarketNo：2 StockIdx：866
[25000] 2025/12/07 21:30:12.049 Divide StockNo {KBF00}
[25000] 2025/12/07 21:30:12.049 Add Basket MarketNo：2 StockIdx：872
[25000] 2025/12/07 21:30:12.049 Divide StockNo {KCF00}
[25000] 2025/12/07 21:30:12.049 Add Basket MarketNo：2 StockIdx：878
[25000] 2025/12/07 21:30:12.049 Divide StockNo {KDF00}
[25000] 2025/12/07 21:30:12.049 Add Basket MarketNo：2 StockIdx：884
[25000] 2025/12/07 21:30:12.049 Divide StockNo {KEF00}
[25000] 2025/12/07 21:30:12.049 Add Basket MarketNo：2 StockIdx：890
[25000] 2025/12/07 21:30:12.049 Divide StockNo {KFF00}
[25000] 2025/12/07 21:30:12.049 Add Basket MarketNo：2 StockIdx：896
[25000] 2025/12/07 21:30:12.049 Divide StockNo {KGF00}
[25000] 2025/12/07 21:30:12.049 Add Basket MarketNo：2 StockIdx：902
[25000] 2025/12/07 21:30:12.049 Divide StockNo {KIF00}
[25000] 2025/12/07 21:30:12.049 Add Basket MarketNo：2 StockIdx：908
[25000] 2025/12/07 21:30:12.049 Divide StockNo {KKF00}
[25000] 2025/12/07 21:30:12.049 Add Basket MarketNo：2 StockIdx：914
[25000] 2025/12/07 21:30:12.049 Divide StockNo {KLF00}
[25000] 2025/12/07 21:30:12.049 Add Basket MarketNo：2 StockIdx：920
[25000] 2025/12/07 21:30:12.049 Divide StockNo {KOF00}
[25000] 2025/12/07 21:30:12.049 Add Basket MarketNo：2 StockIdx：926
[25000] 2025/12/07 21:30:12.049 Divide StockNo {KPF00}
[25000] 2025/12/07 21:30:12.049 Add Basket MarketNo：2 StockIdx：932
[25000] 2025/12/07 21:30:12.049 Divide StockNo {KSF00}
[25000] 2025/12/07 21:30:12.049 Add Basket MarketNo：2 StockIdx：938
[25000] 2025/12/07 21:30:12.049 Divide StockNo {KUF00}
[25000] 2025/12/07 21:30:12.049 Add Basket MarketNo：2 StockIdx：944
[25000] 2025/12/07 21:30:12.049 Divide StockNo {KWF00}
[25000] 2025/12/07 21:30:12.049 Add Basket MarketNo：2 StockIdx：950
[25000] 2025/12/07 21:30:12.049 Divide StockNo {LBF00}
[25000] 2025/12/07 21:30:12.049 Add Basket MarketNo：2 StockIdx：956
[25000] 2025/12/07 21:30:12.049 Divide StockNo {LCF00}
[25000] 2025/12/07 21:30:12.049 Add Basket MarketNo：2 StockIdx：962
[25000] 2025/12/07 21:30:12.049 Divide StockNo {LEF00}
[25000] 2025/12/07 21:30:12.049 Add Basket MarketNo：2 StockIdx：968
[25000] 2025/12/07 21:30:12.049 Divide StockNo {LIF00}
[25000] 2025/12/07 21:30:12.049 Add Basket MarketNo：2 StockIdx：974
[25000] 2025/12/07 21:30:12.049 Divide StockNo {LMF00}
[25000] 2025/12/07 21:30:12.049 Add Basket MarketNo：2 StockIdx：980
[25000] 2025/12/07 21:30:12.049 Divide StockNo {LOF00}
[25000] 2025/12/07 21:30:12.049 Add Basket MarketNo：2 StockIdx：986
[25000] 2025/12/07 21:30:12.050 Divide StockNo {LQF00}
[25000] 2025/12/07 21:30:12.050 Add Basket MarketNo：2 StockIdx：992
[25000] 2025/12/07 21:30:12.050 Divide StockNo {LRF00}
[25000] 2025/12/07 21:30:12.050 Add Basket MarketNo：2 StockIdx：998
[25000] 2025/12/07 21:30:12.050 Divide StockNo {LTF00}
[25000] 2025/12/07 21:30:12.050 Add Basket MarketNo：2 StockIdx：1007
[25000] 2025/12/07 21:30:12.050 Divide StockNo {LUF00}
[25000] 2025/12/07 21:30:12.050 Add Basket MarketNo：2 StockIdx：1013
[25000] 2025/12/07 21:30:12.050 Divide StockNo {LVF00}
[25000] 2025/12/07 21:30:12.050 Add Basket MarketNo：2 StockIdx：1019
[25000] 2025/12/07 21:30:12.050 Divide StockNo {LWF00}
[25000] 2025/12/07 21:30:12.050 Add Basket MarketNo：2 StockIdx：1028
[25000] 2025/12/07 21:30:12.050 Divide StockNo {LXF00}
[25000] 2025/12/07 21:30:12.050 Add Basket MarketNo：2 StockIdx：1034
[25000] 2025/12/07 21:30:12.050 Divide StockNo {LYF00}
[25000] 2025/12/07 21:30:12.050 Add Basket MarketNo：2 StockIdx：1041
[25000] 2025/12/07 21:30:12.050 Divide StockNo {MAF00}
[25000] 2025/12/07 21:30:12.050 Add Basket MarketNo：2 StockIdx：1047
[25000] 2025/12/07 21:30:12.050 Divide StockNo {MBF00}
[25000] 2025/12/07 21:30:12.050 Add Basket MarketNo：2 StockIdx：1050
[25000] 2025/12/07 21:30:12.050 Divide StockNo {MJF00}
[25000] 2025/12/07 21:30:12.050 Add Basket MarketNo：2 StockIdx：1056
[25000] 2025/12/07 21:30:12.050 Divide StockNo {MKF00}
[25000] 2025/12/07 21:30:12.050 Add Basket MarketNo：2 StockIdx：1062
[25000] 2025/12/07 21:30:12.050 Divide StockNo {MQF00}
[25000] 2025/12/07 21:30:12.050 Add Basket MarketNo：2 StockIdx：1068
[25000] 2025/12/07 21:30:12.050 Divide StockNo {MVF00}
[25000] 2025/12/07 21:30:12.050 Add Basket MarketNo：2 StockIdx：1074
[25000] 2025/12/07 21:30:12.050 Divide StockNo {MYF00}
[25000] 2025/12/07 21:30:12.050 Add Basket MarketNo：2 StockIdx：1080
[25000] 2025/12/07 21:30:12.050 Divide StockNo {NAF00}
[25000] 2025/12/07 21:30:12.050 Add Basket MarketNo：2 StockIdx：1086
[25000] 2025/12/07 21:30:12.050 Divide StockNo {NBF00}
[25000] 2025/12/07 21:30:12.050 Add Basket MarketNo：2 StockIdx：1092
[25000] 2025/12/07 21:30:12.050 Divide StockNo {NDF00}
[25000] 2025/12/07 21:30:12.050 Add Basket MarketNo：2 StockIdx：1098
[25000] 2025/12/07 21:30:12.050 Divide StockNo {NEF00}
[25000] 2025/12/07 21:30:12.050 Add Basket MarketNo：2 StockIdx：1104
[25000] 2025/12/07 21:30:12.050 Divide StockNo {NGF00}
[25000] 2025/12/07 21:30:12.050 Add Basket MarketNo：2 StockIdx：1110
[25000] 2025/12/07 21:30:12.050 Divide StockNo {NIF00}
[25000] 2025/12/07 21:30:12.050 Add Basket MarketNo：2 StockIdx：1116
[25000] 2025/12/07 21:30:12.050 Divide StockNo {NJF00}
[25000] 2025/12/07 21:30:12.050 Add Basket MarketNo：2 StockIdx：1122
[25000] 2025/12/07 21:30:12.050 Divide StockNo {NLF00}
[25000] 2025/12/07 21:30:12.050 Add Basket MarketNo：2 StockIdx：1128
[25000] 2025/12/07 21:30:12.050 Divide StockNo {NMF00}
[25000] 2025/12/07 21:30:12.050 Add Basket MarketNo：2 StockIdx：1134
[25000] 2025/12/07 21:30:12.050 Divide StockNo {NOF00}
[25000] 2025/12/07 21:30:12.050 Add Basket MarketNo：2 StockIdx：1140
[25000] 2025/12/07 21:30:12.050 Divide StockNo {NQF00}
[25000] 2025/12/07 21:30:12.050 Add Basket MarketNo：2 StockIdx：1146
[25000] 2025/12/07 21:30:12.050 Divide StockNo {NSF00}
[25000] 2025/12/07 21:30:12.050 Add Basket MarketNo：2 StockIdx：1152
[25000] 2025/12/07 21:30:12.050 Divide StockNo {NUF00}
[25000] 2025/12/07 21:30:12.050 Add Basket MarketNo：2 StockIdx：1158
[25000] 2025/12/07 21:30:12.050 Divide StockNo {NVF00}
[25000] 2025/12/07 21:30:12.050 Add Basket MarketNo：2 StockIdx：1164
[25000] 2025/12/07 21:30:12.050 Divide StockNo {NWF00}
[25000] 2025/12/07 21:30:12.050 Add Basket MarketNo：2 StockIdx：1170
[25000] 2025/12/07 21:30:12.050 Divide StockNo {NYF00}
[25000] 2025/12/07 21:30:12.050 Add Basket MarketNo：2 StockIdx：5658
[25000] 2025/12/07 21:30:12.050 Divide StockNo {OAF00}
[25000] 2025/12/07 21:30:12.050 Add Basket MarketNo：2 StockIdx：1182
[25000] 2025/12/07 21:30:12.050 Divide StockNo {OBF00}
[25000] 2025/12/07 21:30:12.050 Add Basket MarketNo：2 StockIdx：1188
[25000] 2025/12/07 21:30:12.050 Divide StockNo {ODF00}
[25000] 2025/12/07 21:30:12.050 Add Basket MarketNo：2 StockIdx：1194
[25000] 2025/12/07 21:30:12.050 Divide StockNo {OEF00}
[25000] 2025/12/07 21:30:12.050 Add Basket MarketNo：2 StockIdx：1200
[25000] 2025/12/07 21:30:12.050 Divide StockNo {OHF00}
[25000] 2025/12/07 21:30:12.050 Add Basket MarketNo：2 StockIdx：1206
[25000] 2025/12/07 21:30:12.050 Divide StockNo {OJF00}
[25000] 2025/12/07 21:30:12.051 Add Basket MarketNo：2 StockIdx：1212
[25000] 2025/12/07 21:30:12.051 Divide StockNo {OKF00}
[25000] 2025/12/07 21:30:12.051 Add Basket MarketNo：2 StockIdx：1218
[25000] 2025/12/07 21:30:12.051 Divide StockNo {OLF00}
[25000] 2025/12/07 21:30:12.051 Add Basket MarketNo：2 StockIdx：1224
[25000] 2025/12/07 21:30:12.051 Divide StockNo {OMF00}
[25000] 2025/12/07 21:30:12.051 Add Basket MarketNo：2 StockIdx：1230
[25000] 2025/12/07 21:30:12.051 Divide StockNo {OOF00}
[25000] 2025/12/07 21:30:12.051 Add Basket MarketNo：2 StockIdx：1236
[25000] 2025/12/07 21:30:12.051 Divide StockNo {OPF00}
[25000] 2025/12/07 21:30:12.051 Add Basket MarketNo：2 StockIdx：1242
[25000] 2025/12/07 21:30:12.051 Divide StockNo {OQF00}
[25000] 2025/12/07 21:30:12.051 Add Basket MarketNo：2 StockIdx：1248
[25000] 2025/12/07 21:30:12.051 Divide StockNo {ORF00}
[25000] 2025/12/07 21:30:12.051 Add Basket MarketNo：2 StockIdx：1254
[25000] 2025/12/07 21:30:12.051 Divide StockNo {OSF00}
[25000] 2025/12/07 21:30:12.051 Add Basket MarketNo：2 StockIdx：1260
[25000] 2025/12/07 21:30:12.051 Divide StockNo {OTF00}
[25000] 2025/12/07 21:30:12.051 Add Basket MarketNo：2 StockIdx：1266
[25000] 2025/12/07 21:30:12.051 Divide StockNo {OUF00}
[25000] 2025/12/07 21:30:12.051 Add Basket MarketNo：2 StockIdx：1272
[25000] 2025/12/07 21:30:12.051 Divide StockNo {OVF00}
[25000] 2025/12/07 21:30:12.051 Add Basket MarketNo：2 StockIdx：1278
[25000] 2025/12/07 21:30:12.051 Divide StockNo {OWF00}
[25000] 2025/12/07 21:30:12.051 Add Basket MarketNo：2 StockIdx：1284
[25000] 2025/12/07 21:30:12.051 Divide StockNo {OXF00}
[25000] 2025/12/07 21:30:12.051 Add Basket MarketNo：2 StockIdx：1290
[25000] 2025/12/07 21:30:12.051 Divide StockNo {OYF00}
[25000] 2025/12/07 21:30:12.051 Add Basket MarketNo：2 StockIdx：1296
[25000] 2025/12/07 21:30:12.051 Divide StockNo {OZF00}
[25000] 2025/12/07 21:30:12.051 Add Basket MarketNo：2 StockIdx：1302
[25000] 2025/12/07 21:30:12.051 Divide StockNo {PAF00}
[25000] 2025/12/07 21:30:12.051 Add Basket MarketNo：2 StockIdx：1308
[25000] 2025/12/07 21:30:12.051 Divide StockNo {PBF00}
[25000] 2025/12/07 21:30:12.051 Add Basket MarketNo：2 StockIdx：1314
[25000] 2025/12/07 21:30:12.051 Divide StockNo {PCF00}
[25000] 2025/12/07 21:30:12.051 Add Basket MarketNo：2 StockIdx：1320
[25000] 2025/12/07 21:30:12.051 Divide StockNo {PDF00}
[25000] 2025/12/07 21:30:12.051 Add Basket MarketNo：2 StockIdx：1326
[25000] 2025/12/07 21:30:12.051 Divide StockNo {PEF00}
[25000] 2025/12/07 21:30:12.051 Add Basket MarketNo：2 StockIdx：1332
[25000] 2025/12/07 21:30:12.051 Divide StockNo {PFF00}
[25000] 2025/12/07 21:30:12.051 Add Basket MarketNo：2 StockIdx：1338
[25000] 2025/12/07 21:30:12.051 Divide StockNo {PGF00}
[25000] 2025/12/07 21:30:12.051 Add Basket MarketNo：2 StockIdx：1344
[25000] 2025/12/07 21:30:12.051 Divide StockNo {PHF00}
[25000] 2025/12/07 21:30:12.051 Add Basket MarketNo：2 StockIdx：1350
[25000] 2025/12/07 21:30:12.051 Divide StockNo {PIF00}
[25000] 2025/12/07 21:30:12.051 Add Basket MarketNo：2 StockIdx：1356
[25000] 2025/12/07 21:30:12.051 Divide StockNo {PJF00}
[25000] 2025/12/07 21:30:12.051 Add Basket MarketNo：2 StockIdx：1362
[25000] 2025/12/07 21:30:12.051 Divide StockNo {PKF00}
[25000] 2025/12/07 21:30:12.051 Add Basket MarketNo：2 StockIdx：1368
[25000] 2025/12/07 21:30:12.051 Divide StockNo {PLF00}
[25000] 2025/12/07 21:30:12.051 Add Basket MarketNo：2 StockIdx：1374
[25000] 2025/12/07 21:30:12.051 Divide StockNo {PMF00}
[25000] 2025/12/07 21:30:12.051 Add Basket MarketNo：2 StockIdx：1380
[25000] 2025/12/07 21:30:12.051 Divide StockNo {PNF00}
[25000] 2025/12/07 21:30:12.051 Add Basket MarketNo：2 StockIdx：1386
[25000] 2025/12/07 21:30:12.051 Divide StockNo {PPF00}
[25000] 2025/12/07 21:30:12.051 Add Basket MarketNo：2 StockIdx：1392
[25000] 2025/12/07 21:30:12.051 Divide StockNo {PQF00}
[25000] 2025/12/07 21:30:12.051 Add Basket MarketNo：2 StockIdx：1398
[25000] 2025/12/07 21:30:12.051 Divide StockNo {PRF00}
[25000] 2025/12/07 21:30:12.051 Add Basket MarketNo：2 StockIdx：1404
[25000] 2025/12/07 21:30:12.051 Divide StockNo {PSF00}
[25000] 2025/12/07 21:30:12.051 Add Basket MarketNo：2 StockIdx：1410
[25000] 2025/12/07 21:30:12.051 Divide StockNo {PTF00}
[25000] 2025/12/07 21:30:12.051 Add Basket MarketNo：2 StockIdx：1418
[25000] 2025/12/07 21:30:12.051 Divide StockNo {PUF00}
[25000] 2025/12/07 21:30:12.051 Add Basket MarketNo：2 StockIdx：1424
[25000] 2025/12/07 21:30:12.051 Divide StockNo {PVF00}
[25000] 2025/12/07 21:30:12.052 Add Basket MarketNo：2 StockIdx：1430
[25000] 2025/12/07 21:30:12.052 Divide StockNo {PWF00}
[25000] 2025/12/07 21:30:12.052 Add Basket MarketNo：2 StockIdx：1436
[25000] 2025/12/07 21:30:12.052 Divide StockNo {PXF00}
[25000] 2025/12/07 21:30:12.052 Add Basket MarketNo：2 StockIdx：1442
[25000] 2025/12/07 21:30:12.052 Divide StockNo {PYF00}
[25000] 2025/12/07 21:30:12.052 Add Basket MarketNo：2 StockIdx：1448
[25000] 2025/12/07 21:30:12.052 Divide StockNo {PZF00}
[25000] 2025/12/07 21:30:12.052 Add Basket MarketNo：2 StockIdx：1454
[25000] 2025/12/07 21:30:12.052 Divide StockNo {QAF00}
[25000] 2025/12/07 21:30:12.052 Add Basket MarketNo：2 StockIdx：1460
[25000] 2025/12/07 21:30:12.052 Divide StockNo {QBF00}
[25000] 2025/12/07 21:30:12.052 Add Basket MarketNo：2 StockIdx：1466
[25000] 2025/12/07 21:30:12.052 Divide StockNo {QCF00}
[25000] 2025/12/07 21:30:12.052 Add Basket MarketNo：2 StockIdx：1472
[25000] 2025/12/07 21:30:12.052 Divide StockNo {QDF00}
[25000] 2025/12/07 21:30:12.052 Add Basket MarketNo：2 StockIdx：1478
[25000] 2025/12/07 21:30:12.052 Divide StockNo {QEF00}
[25000] 2025/12/07 21:30:12.052 Add Basket MarketNo：2 StockIdx：1484
[25000] 2025/12/07 21:30:12.052 Divide StockNo {QFF00}
[25000] 2025/12/07 21:30:12.052 Add Basket MarketNo：2 StockIdx：5664
[25000] 2025/12/07 21:30:12.052 Divide StockNo {QGF00}
[25000] 2025/12/07 21:30:12.052 Add Basket MarketNo：2 StockIdx：1498
[25000] 2025/12/07 21:30:12.052 Divide StockNo {QHF00}
[25000] 2025/12/07 21:30:12.052 Add Basket MarketNo：2 StockIdx：1504
[25000] 2025/12/07 21:30:12.052 Divide StockNo {QIF00}
[25000] 2025/12/07 21:30:12.052 Add Basket MarketNo：2 StockIdx：1510
[25000] 2025/12/07 21:30:12.052 Divide StockNo {QJF00}
[25000] 2025/12/07 21:30:12.052 Add Basket MarketNo：2 StockIdx：1514
[25000] 2025/12/07 21:30:12.052 Divide StockNo {QKF00}
[25000] 2025/12/07 21:30:12.052 Add Basket MarketNo：2 StockIdx：1520
[25000] 2025/12/07 21:30:12.052 Divide StockNo {QLF00}
[25000] 2025/12/07 21:30:12.052 Add Basket MarketNo：2 StockIdx：1526
[25000] 2025/12/07 21:30:12.053 Divide StockNo {QMF00}
[25000] 2025/12/07 21:30:12.053 Add Basket MarketNo：2 StockIdx：1532
[25000] 2025/12/07 21:30:12.053 Divide StockNo {QNF00}
[25000] 2025/12/07 21:30:12.053 Add Basket MarketNo：2 StockIdx：1538
[25000] 2025/12/07 21:30:12.053 Divide StockNo {QOF00}
[25000] 2025/12/07 21:30:12.053 Add Basket MarketNo：2 StockIdx：1544
[25000] 2025/12/07 21:30:12.053 Divide StockNo {QPF00}
[25000] 2025/12/07 21:30:12.053 Add Basket MarketNo：2 StockIdx：1550
[25000] 2025/12/07 21:30:12.053 Divide StockNo {QQF00}
[25000] 2025/12/07 21:30:12.053 Add Basket MarketNo：2 StockIdx：1556
[25000] 2025/12/07 21:30:12.053 Divide StockNo {QRF00}
[25000] 2025/12/07 21:30:12.053 Add Basket MarketNo：2 StockIdx：1562
[25000] 2025/12/07 21:30:12.053 Divide StockNo {QSF00}
[25000] 2025/12/07 21:30:12.053 Add Basket MarketNo：2 StockIdx：1568
[25000] 2025/12/07 21:30:12.053 Divide StockNo {QTF00}
[25000] 2025/12/07 21:30:12.053 Add Basket MarketNo：2 StockIdx：1574
[25000] 2025/12/07 21:30:12.053 Divide StockNo {QUF00}
[25000] 2025/12/07 21:30:12.053 Add Basket MarketNo：2 StockIdx：1580
[25000] 2025/12/07 21:30:12.053 Divide StockNo {QVF00}
[25000] 2025/12/07 21:30:12.053 Add Basket MarketNo：2 StockIdx：1586
[25000] 2025/12/07 21:30:12.053 Divide StockNo {QWF00}
[25000] 2025/12/07 21:30:12.053 Add Basket MarketNo：2 StockIdx：1592
[25000] 2025/12/07 21:30:12.053 Divide StockNo {QXF00}
[25000] 2025/12/07 21:30:12.053 Add Basket MarketNo：2 StockIdx：1598
[25000] 2025/12/07 21:30:12.053 Divide StockNo {QYF00}
[25000] 2025/12/07 21:30:12.053 Add Basket MarketNo：2 StockIdx：1604
[25000] 2025/12/07 21:30:12.053 Divide StockNo {QZF00}
[25000] 2025/12/07 21:30:12.053 Add Basket MarketNo：2 StockIdx：1610
[25000] 2025/12/07 21:30:12.053 Divide StockNo {RAF00}
[25000] 2025/12/07 21:30:12.053 Add Basket MarketNo：2 StockIdx：1616
[25000] 2025/12/07 21:30:12.053 Divide StockNo {RBF00}
[25000] 2025/12/07 21:30:12.053 Add Basket MarketNo：2 StockIdx：1622
[25000] 2025/12/07 21:30:12.053 Divide StockNo {RCF00}
[25000] 2025/12/07 21:30:12.053 Add Basket MarketNo：2 StockIdx：1628
[25000] 2025/12/07 21:30:12.053 Divide StockNo {RDF00}
[25000] 2025/12/07 21:30:12.053 Add Basket MarketNo：2 StockIdx：1634
[25000] 2025/12/07 21:30:12.053 Divide StockNo {REF00}
[25000] 2025/12/07 21:30:12.053 Add Basket MarketNo：2 StockIdx：1640
[25000] 2025/12/07 21:30:12.053 Divide StockNo {RFF00}
[25000] 2025/12/07 21:30:12.053 Add Basket MarketNo：2 StockIdx：1646
[25000] 2025/12/07 21:30:12.053 Divide StockNo {RGF00}
[25000] 2025/12/07 21:30:12.053 Add Basket MarketNo：2 StockIdx：1652
[25000] 2025/12/07 21:30:12.053 Divide StockNo {RIF00}
[25000] 2025/12/07 21:30:12.053 Add Basket MarketNo：2 StockIdx：1658
[25000] 2025/12/07 21:30:12.053 Divide StockNo {RJF00}
[25000] 2025/12/07 21:30:12.053 Add Basket MarketNo：2 StockIdx：1664
[25000] 2025/12/07 21:30:12.053 Divide StockNo {RKF00}
[25000] 2025/12/07 21:30:12.053 Add Basket MarketNo：2 StockIdx：1670
[25000] 2025/12/07 21:30:12.053 Divide StockNo {RLF00}
[25000] 2025/12/07 21:30:12.053 Add Basket MarketNo：2 StockIdx：1676
[25000] 2025/12/07 21:30:12.053 Divide StockNo {RMF00}
[25000] 2025/12/07 21:30:12.054 Stock Is Not Exist 
[25000] 2025/12/07 21:30:12.054 Divide StockNo {RNF00}
[25000] 2025/12/07 21:30:12.054 Add Basket MarketNo：2 StockIdx：1682
[25000] 2025/12/07 21:30:12.054 Divide StockNo {ROF00}
[25000] 2025/12/07 21:30:12.054 Add Basket MarketNo：2 StockIdx：1688
[25000] 2025/12/07 21:30:12.054 Divide StockNo {RPF00}
[25000] 2025/12/07 21:30:12.054 Add Basket MarketNo：2 StockIdx：1694
[25000] 2025/12/07 21:30:12.054 Divide StockNo {RQF00}
[25000] 2025/12/07 21:30:12.054 Stock Is Not Exist 
[25000] 2025/12/07 21:30:12.054 Divide StockNo {RRF00}
[25000] 2025/12/07 21:30:12.054 Add Basket MarketNo：2 StockIdx：1702
[25000] 2025/12/07 21:30:12.054 Divide StockNo {RSF00}
[25000] 2025/12/07 21:30:12.054 Add Basket MarketNo：2 StockIdx：1708
[25000] 2025/12/07 21:30:12.054 Divide StockNo {RUF00}
[25000] 2025/12/07 21:30:12.054 Add Basket MarketNo：2 StockIdx：1714
[25000] 2025/12/07 21:30:12.055 Divide StockNo {RVF00}
[25000] 2025/12/07 21:30:12.055 Add Basket MarketNo：2 StockIdx：1720
[25000] 2025/12/07 21:30:12.055 Divide StockNo {RWF00}
[25000] 2025/12/07 21:30:12.055 Add Basket MarketNo：2 StockIdx：1726
[25000] 2025/12/07 21:30:12.055 Divide StockNo {RXF00}
[25000] 2025/12/07 21:30:12.055 Add Basket MarketNo：2 StockIdx：1732
[25000] 2025/12/07 21:30:12.055 Divide StockNo {RYF00}
[25000] 2025/12/07 21:30:12.055 Add Basket MarketNo：2 StockIdx：1738
[25000] 2025/12/07 21:30:12.055 Divide StockNo {RZF00}
[25000] 2025/12/07 21:30:12.055 Add Basket MarketNo：2 StockIdx：5670
[25000] 2025/12/07 21:30:12.055 Divide StockNo {SAF00}
[25000] 2025/12/07 21:30:12.055 Add Basket MarketNo：2 StockIdx：1750
[25000] 2025/12/07 21:30:12.055 Divide StockNo {SBF00}
[25000] 2025/12/07 21:30:12.055 Add Basket MarketNo：2 StockIdx：1756
[25000] 2025/12/07 21:30:12.055 Divide StockNo {SCF00}
[25000] 2025/12/07 21:30:12.055 Add Basket MarketNo：2 StockIdx：1762
[25000] 2025/12/07 21:30:12.055 Divide StockNo {SDF00}
[25000] 2025/12/07 21:30:12.055 Add Basket MarketNo：2 StockIdx：1768
[25000] 2025/12/07 21:30:12.055 Divide StockNo {SEF00}
[25000] 2025/12/07 21:30:12.055 Add Basket MarketNo：2 StockIdx：1774
[25000] 2025/12/07 21:30:12.055 Divide StockNo {SFF00}
[25000] 2025/12/07 21:30:12.055 Add Basket MarketNo：2 StockIdx：1780
[25000] 2025/12/07 21:30:12.055 Divide StockNo {SGF00}
[25000] 2025/12/07 21:30:12.055 Add Basket MarketNo：2 StockIdx：1786
[25000] 2025/12/07 21:30:12.055 Divide StockNo {SIF00}
[25000] 2025/12/07 21:30:12.055 Add Basket MarketNo：2 StockIdx：1792
[25000] 2025/12/07 21:30:12.055 Divide StockNo {SJF00}
[25000] 2025/12/07 21:30:12.055 Add Basket MarketNo：2 StockIdx：1798
[25000] 2025/12/07 21:30:12.055 Divide StockNo {SKF00}
[25000] 2025/12/07 21:30:12.055 Add Basket MarketNo：2 StockIdx：1804
[25000] 2025/12/07 21:30:12.055 Divide StockNo {SLF00}
[25000] 2025/12/07 21:30:12.055 Add Basket MarketNo：2 StockIdx：1810
[25000] 2025/12/07 21:30:12.055 Divide StockNo {SMF00}
[25000] 2025/12/07 21:30:12.055 Add Basket MarketNo：2 StockIdx：1816
[25000] 2025/12/07 21:30:12.055 Divide StockNo {SNF00}
[25000] 2025/12/07 21:30:12.055 Add Basket MarketNo：2 StockIdx：1822
[25000] 2025/12/07 21:30:12.055 Divide StockNo {SQF00}
[25000] 2025/12/07 21:30:12.055 Add Basket MarketNo：2 StockIdx：1828
[25000] 2025/12/07 21:30:12.055 Divide StockNo {SRF00}
[25000] 2025/12/07 21:30:12.055 Add Basket MarketNo：2 StockIdx：5676
[25000] 2025/12/07 21:30:12.055 Divide StockNo {SSF00}
[25000] 2025/12/07 21:30:12.055 Add Basket MarketNo：2 StockIdx：1842
[25000] 2025/12/07 21:30:12.055 Divide StockNo {SUF00}
[25000] 2025/12/07 21:30:12.055 Add Basket MarketNo：2 StockIdx：1848
[25000] 2025/12/07 21:30:12.055 Divide StockNo {SVF00}
[25000] 2025/12/07 21:30:12.055 Add Basket MarketNo：2 StockIdx：1854
[25000] 2025/12/07 21:30:12.055 Divide StockNo {SWF00}
[25000] 2025/12/07 21:30:12.055 Add Basket MarketNo：2 StockIdx：1860
[25000] 2025/12/07 21:30:12.055 Divide StockNo {SYF00}
[25000] 2025/12/07 21:30:12.055 Add Basket MarketNo：2 StockIdx：1866
[25000] 2025/12/07 21:30:12.055 Divide StockNo {SZF00}
[25000] 2025/12/07 21:30:12.055 Add Basket MarketNo：2 StockIdx：1872
[25000] 2025/12/07 21:30:12.055 Divide StockNo {UAF00}
[25000] 2025/12/07 21:30:12.055 Add Basket MarketNo：2 StockIdx：1878
[25000] 2025/12/07 21:30:12.055 Divide StockNo {UBF00}
[25000] 2025/12/07 21:30:12.055 Add Basket MarketNo：2 StockIdx：1884
[25000] 2025/12/07 21:30:12.055 Divide StockNo {UCF00}
[25000] 2025/12/07 21:30:12.055 Add Basket MarketNo：2 StockIdx：1890
[25000] 2025/12/07 21:30:12.055 Divide StockNo {UEF00}
[25000] 2025/12/07 21:30:12.055 Add Basket MarketNo：2 StockIdx：1896
[25000] 2025/12/07 21:30:12.055 Divide StockNo {UFF00}
[25000] 2025/12/07 21:30:12.055 Add Basket MarketNo：2 StockIdx：1902
[25000] 2025/12/07 21:30:12.055 Divide StockNo {UGF00}
[25000] 2025/12/07 21:30:12.055 Add Basket MarketNo：2 StockIdx：1908
[25000] 2025/12/07 21:30:12.055 Divide StockNo {UHF00}
[25000] 2025/12/07 21:30:12.055 Add Basket MarketNo：2 StockIdx：1914
[25000] 2025/12/07 21:30:12.055 Divide StockNo {UIF00}
[25000] 2025/12/07 21:30:12.055 Add Basket MarketNo：2 StockIdx：1920
[25000] 2025/12/07 21:30:12.055 Divide StockNo {UJF00}
[25000] 2025/12/07 21:30:12.056 Add Basket MarketNo：2 StockIdx：1926
[25000] 2025/12/07 21:30:12.056 Divide StockNo {UKF00}
[25000] 2025/12/07 21:30:12.056 Add Basket MarketNo：2 StockIdx：1932
[25000] 2025/12/07 21:30:12.056 Divide StockNo {ULF00}
[25000] 2025/12/07 21:30:12.056 Add Basket MarketNo：2 StockIdx：1938
[25000] 2025/12/07 21:30:12.056 Divide StockNo {UMF00}
[25000] 2025/12/07 21:30:12.056 Add Basket MarketNo：2 StockIdx：1944
[25000] 2025/12/07 21:30:12.056 Divide StockNo {UOF00}
[25000] 2025/12/07 21:30:12.056 Add Basket MarketNo：2 StockIdx：1950
[25000] 2025/12/07 21:30:12.056 Divide StockNo {UPF00}
[25000] 2025/12/07 21:30:12.056 Add Basket MarketNo：2 StockIdx：1956
[25000] 2025/12/07 21:30:12.056 Divide StockNo {UQF00}
[25000] 2025/12/07 21:30:12.056 Add Basket MarketNo：2 StockIdx：1962
[25000] 2025/12/07 21:30:12.056 Divide StockNo {URF00}
[25000] 2025/12/07 21:30:12.056 Add Basket MarketNo：2 StockIdx：1970
[25000] 2025/12/07 21:30:12.056 Divide StockNo {USF00}
[25000] 2025/12/07 21:30:12.056 Add Basket MarketNo：2 StockIdx：1976
[25000] 2025/12/07 21:30:12.056 Divide StockNo {UTF00}
[25000] 2025/12/07 21:30:12.056 Add Basket MarketNo：2 StockIdx：1982
[25000] 2025/12/07 21:30:12.056 Divide StockNo {UUF00}
[25000] 2025/12/07 21:30:12.056 Add Basket MarketNo：2 StockIdx：1988
[25000] 2025/12/07 21:30:12.056 Divide StockNo {UVF00}
[25000] 2025/12/07 21:30:12.056 Add Basket MarketNo：2 StockIdx：1994
[25000] 2025/12/07 21:30:12.056 Divide StockNo {UWF00}
[25000] 2025/12/07 21:30:12.056 Add Basket MarketNo：2 StockIdx：2000
[25000] 2025/12/07 21:30:12.056 Divide StockNo {0050}
[25000] 2025/12/07 21:30:12.056 Add Basket MarketNo：0 StockIdx：0
[25000] 2025/12/07 21:30:12.056 Divide StockNo {0056}
[25000] 2025/12/07 21:30:12.056 Add Basket MarketNo：0 StockIdx：5
[25000] 2025/12/07 21:30:12.056 Divide StockNo {006205}
[25000] 2025/12/07 21:30:12.056 Add Basket MarketNo：0 StockIdx：10
[25000] 2025/12/07 21:30:12.056 Divide StockNo {006206}
[25000] 2025/12/07 21:30:12.056 Add Basket MarketNo：0 StockIdx：11
[25000] 2025/12/07 21:30:12.056 Divide StockNo {00636}
[25000] 2025/12/07 21:30:12.056 Add Basket MarketNo：0 StockIdx：20
[25000] 2025/12/07 21:30:12.056 Divide StockNo {00639}
[25000] 2025/12/07 21:30:12.056 Add Basket MarketNo：0 StockIdx：24
[25000] 2025/12/07 21:30:12.056 Divide StockNo {00643}
[25000] 2025/12/07 21:30:12.056 Add Basket MarketNo：0 StockIdx：28
[25000] 2025/12/07 21:30:12.056 Divide StockNo {00679B}
[25000] 2025/12/07 21:30:12.056 Add Basket MarketNo：1 StockIdx：1
[25000] 2025/12/07 21:30:12.056 Divide StockNo {00687B}
[25000] 2025/12/07 21:30:12.056 Add Basket MarketNo：1 StockIdx：2
[25000] 2025/12/07 21:30:12.056 Divide StockNo {00719B}
[25000] 2025/12/07 21:30:12.056 Add Basket MarketNo：1 StockIdx：8
[25000] 2025/12/07 21:30:12.056 Divide StockNo {00757}
[25000] 2025/12/07 21:30:12.056 Add Basket MarketNo：0 StockIdx：97
[25000] 2025/12/07 21:30:12.056 Divide StockNo {00772B}
[25000] 2025/12/07 21:30:12.056 Add Basket MarketNo：1 StockIdx：32
[25000] 2025/12/07 21:30:12.056 Divide StockNo {00878}
[25000] 2025/12/07 21:30:12.056 Add Basket MarketNo：0 StockIdx：112
[25000] 2025/12/07 21:30:12.056 Divide StockNo {00885}
[25000] 2025/12/07 21:30:12.056 Add Basket MarketNo：0 StockIdx：115
[25000] 2025/12/07 21:30:12.056 Divide StockNo {00893}
[25000] 2025/12/07 21:30:12.056 Add Basket MarketNo：0 StockIdx：118
[25000] 2025/12/07 21:30:12.056 Divide StockNo {00919}
[25000] 2025/12/07 21:30:12.056 Add Basket MarketNo：0 StockIdx：142
[25000] 2025/12/07 21:30:12.056 Divide StockNo {00923}
[25000] 2025/12/07 21:30:12.056 Add Basket MarketNo：0 StockIdx：146
[25000] 2025/12/07 21:30:12.056 Divide StockNo {00929}
[25000] 2025/12/07 21:30:12.056 Add Basket MarketNo：0 StockIdx：150
[25000] 2025/12/07 21:30:12.056 Divide StockNo {00937B}
[25000] 2025/12/07 21:30:12.056 Add Basket MarketNo：1 StockIdx：82
[25000] 2025/12/07 21:30:12.056 Divide StockNo {00940}
[25000] 2025/12/07 21:30:12.056 Add Basket MarketNo：0 StockIdx：158
[25000] 2025/12/07 21:30:12.056 Divide StockNo {1101}
[25000] 2025/12/07 21:30:12.056 Add Basket MarketNo：0 StockIdx：33978
[25000] 2025/12/07 21:30:12.056 Divide StockNo {1102}
[25000] 2025/12/07 21:30:12.056 Add Basket MarketNo：0 StockIdx：33980
[25000] 2025/12/07 21:30:12.056 Divide StockNo {1210}
[25000] 2025/12/07 21:30:12.056 Add Basket MarketNo：0 StockIdx：33988
[25000] 2025/12/07 21:30:12.056 Divide StockNo {1216}
[25000] 2025/12/07 21:30:12.056 Add Basket MarketNo：0 StockIdx：33991
[25000] 2025/12/07 21:30:12.056 Divide StockNo {1301}
[25000] 2025/12/07 21:30:12.057 Add Basket MarketNo：0 StockIdx：34006
[25000] 2025/12/07 21:30:12.057 Divide StockNo {1303}
[25000] 2025/12/07 21:30:12.057 Add Basket MarketNo：0 StockIdx：34007
[25000] 2025/12/07 21:30:12.057 Divide StockNo {1312}
[25000] 2025/12/07 21:30:12.057 Add Basket MarketNo：0 StockIdx：34014
[25000] 2025/12/07 21:30:12.057 Divide StockNo {1314}
[25000] 2025/12/07 21:30:12.057 Add Basket MarketNo：0 StockIdx：34017
[25000] 2025/12/07 21:30:12.057 Divide StockNo {1319}
[25000] 2025/12/07 21:30:12.057 Add Basket MarketNo：0 StockIdx：34020
[25000] 2025/12/07 21:30:12.057 Divide StockNo {1326}
[25000] 2025/12/07 21:30:12.057 Add Basket MarketNo：0 StockIdx：34025
[25000] 2025/12/07 21:30:12.057 Divide StockNo {1402}
[25000] 2025/12/07 21:30:12.057 Add Basket MarketNo：0 StockIdx：34032
[25000] 2025/12/07 21:30:12.057 Divide StockNo {1440}
[25000] 2025/12/07 21:30:12.057 Add Basket MarketNo：0 StockIdx：34049
[25000] 2025/12/07 21:30:12.057 Divide StockNo {1476}
[25000] 2025/12/07 21:30:12.057 Add Basket MarketNo：0 StockIdx：34079
[25000] 2025/12/07 21:30:12.057 Divide StockNo {1477}
[25000] 2025/12/07 21:30:12.057 Add Basket MarketNo：0 StockIdx：34080
[25000] 2025/12/07 21:30:12.057 Divide StockNo {1503}
[25000] 2025/12/07 21:30:12.057 Add Basket MarketNo：0 StockIdx：34081
[25000] 2025/12/07 21:30:12.057 Divide StockNo {1504}
[25000] 2025/12/07 21:30:12.057 Add Basket MarketNo：0 StockIdx：34082
[25000] 2025/12/07 21:30:12.057 Divide StockNo {1513}
[25000] 2025/12/07 21:30:12.057 Add Basket MarketNo：0 StockIdx：34085
[25000] 2025/12/07 21:30:12.057 Divide StockNo {1536}
[25000] 2025/12/07 21:30:12.057 Add Basket MarketNo：0 StockIdx：34105
[25000] 2025/12/07 21:30:12.057 Divide StockNo {1565}
[25000] 2025/12/07 21:30:12.057 Add Basket MarketNo：1 StockIdx：139
[25000] 2025/12/07 21:30:12.057 Divide StockNo {1590}
[25000] 2025/12/07 21:30:12.057 Add Basket MarketNo：0 StockIdx：34119
[25000] 2025/12/07 21:30:12.057 Divide StockNo {1605}
[25000] 2025/12/07 21:30:12.057 Add Basket MarketNo：0 StockIdx：34124
[25000] 2025/12/07 21:30:12.057 Divide StockNo {1609}
[25000] 2025/12/07 21:30:12.057 Add Basket MarketNo：0 StockIdx：34126
[25000] 2025/12/07 21:30:12.057 Divide StockNo {1707}
[25000] 2025/12/07 21:30:12.057 Add Basket MarketNo：0 StockIdx：34136
[25000] 2025/12/07 21:30:12.057 Divide StockNo {1717}
[25000] 2025/12/07 21:30:12.057 Add Basket MarketNo：0 StockIdx：34144
[25000] 2025/12/07 21:30:12.057 Divide StockNo {1718}
[25000] 2025/12/07 21:30:12.057 Add Basket MarketNo：0 StockIdx：34145
[25000] 2025/12/07 21:30:12.057 Divide StockNo {1722}
[25000] 2025/12/07 21:30:12.057 Add Basket MarketNo：0 StockIdx：34148
[25000] 2025/12/07 21:30:12.057 Divide StockNo {1795}
[25000] 2025/12/07 21:30:12.057 Add Basket MarketNo：0 StockIdx：34169
[25000] 2025/12/07 21:30:12.057 Divide StockNo {1802}
[25000] 2025/12/07 21:30:12.057 Add Basket MarketNo：0 StockIdx：34170
[25000] 2025/12/07 21:30:12.057 Divide StockNo {1904}
[25000] 2025/12/07 21:30:12.057 Add Basket MarketNo：0 StockIdx：34178
[25000] 2025/12/07 21:30:12.057 Divide StockNo {1905}
[25000] 2025/12/07 21:30:12.057 Add Basket MarketNo：0 StockIdx：34179
[25000] 2025/12/07 21:30:12.057 Divide StockNo {1907}
[25000] 2025/12/07 21:30:12.057 Add Basket MarketNo：0 StockIdx：34181
[25000] 2025/12/07 21:30:12.057 Divide StockNo {1909}
[25000] 2025/12/07 21:30:12.057 Add Basket MarketNo：0 StockIdx：34182
[25000] 2025/12/07 21:30:12.057 Divide StockNo {2002}
[25000] 2025/12/07 21:30:12.057 Add Basket MarketNo：0 StockIdx：34183
[25000] 2025/12/07 21:30:12.057 Divide StockNo {2006}
[25000] 2025/12/07 21:30:12.057 Add Basket MarketNo：0 StockIdx：34185
[25000] 2025/12/07 21:30:12.057 Divide StockNo {2014}
[25000] 2025/12/07 21:30:12.057 Add Basket MarketNo：0 StockIdx：34192
[25000] 2025/12/07 21:30:12.057 Divide StockNo {2027}
[25000] 2025/12/07 21:30:12.057 Add Basket MarketNo：0 StockIdx：34200
[25000] 2025/12/07 21:30:12.057 Divide StockNo {2049}
[25000] 2025/12/07 21:30:12.057 Add Basket MarketNo：0 StockIdx：34209
[25000] 2025/12/07 21:30:12.057 Divide StockNo {2059}
[25000] 2025/12/07 21:30:12.057 Add Basket MarketNo：0 StockIdx：34210
[25000] 2025/12/07 21:30:12.057 Divide StockNo {2105}
[25000] 2025/12/07 21:30:12.057 Add Basket MarketNo：0 StockIdx：34217
[25000] 2025/12/07 21:30:12.057 Divide StockNo {2201}
[25000] 2025/12/07 21:30:12.057 Add Basket MarketNo：0 StockIdx：34224
[25000] 2025/12/07 21:30:12.057 Divide StockNo {2231}
[25000] 2025/12/07 21:30:12.057 Add Basket MarketNo：0 StockIdx：34232
[25000] 2025/12/07 21:30:12.057 Divide StockNo {2301}
[25000] 2025/12/07 21:30:12.057 Add Basket MarketNo：0 StockIdx：34243
[25000] 2025/12/07 21:30:12.058 Divide StockNo {2303}
[25000] 2025/12/07 21:30:12.058 Add Basket MarketNo：0 StockIdx：34245
[25000] 2025/12/07 21:30:12.058 Divide StockNo {2308}
[25000] 2025/12/07 21:30:12.058 Add Basket MarketNo：0 StockIdx：34247
[25000] 2025/12/07 21:30:12.058 Divide StockNo {2312}
[25000] 2025/12/07 21:30:12.058 Add Basket MarketNo：0 StockIdx：34248
[25000] 2025/12/07 21:30:12.058 Divide StockNo {2313}
[25000] 2025/12/07 21:30:12.058 Add Basket MarketNo：0 StockIdx：34249
[25000] 2025/12/07 21:30:12.058 Divide StockNo {2317}
[25000] 2025/12/07 21:30:12.058 Add Basket MarketNo：0 StockIdx：34252
[25000] 2025/12/07 21:30:12.058 Divide StockNo {2323}
[25000] 2025/12/07 21:30:12.058 Add Basket MarketNo：0 StockIdx：34254
[25000] 2025/12/07 21:30:12.058 Divide StockNo {2324}
[25000] 2025/12/07 21:30:12.058 Add Basket MarketNo：0 StockIdx：34255
[25000] 2025/12/07 21:30:12.058 Divide StockNo {2327}
[25000] 2025/12/07 21:30:12.058 Add Basket MarketNo：0 StockIdx：34256
[25000] 2025/12/07 21:30:12.058 Divide StockNo {2328}
[25000] 2025/12/07 21:30:12.058 Add Basket MarketNo：0 StockIdx：34257
[25000] 2025/12/07 21:30:12.058 Divide StockNo {2330}
[25000] 2025/12/07 21:30:12.058 Add Basket MarketNo：0 StockIdx：34259
[25000] 2025/12/07 21:30:12.058 Divide StockNo {2331}
[25000] 2025/12/07 21:30:12.058 Add Basket MarketNo：0 StockIdx：34260
[25000] 2025/12/07 21:30:12.058 Divide StockNo {2332}
[25000] 2025/12/07 21:30:12.058 Add Basket MarketNo：0 StockIdx：34261
[25000] 2025/12/07 21:30:12.058 Divide StockNo {2337}
[25000] 2025/12/07 21:30:12.058 Add Basket MarketNo：0 StockIdx：34262
[25000] 2025/12/07 21:30:12.058 Divide StockNo {2338}
[25000] 2025/12/07 21:30:12.058 Add Basket MarketNo：0 StockIdx：34263
[25000] 2025/12/07 21:30:12.058 Divide StockNo {2340}
[25000] 2025/12/07 21:30:12.058 Add Basket MarketNo：0 StockIdx：34264
[25000] 2025/12/07 21:30:12.058 Divide StockNo {2344}
[25000] 2025/12/07 21:30:12.058 Add Basket MarketNo：0 StockIdx：34266
[25000] 2025/12/07 21:30:12.058 Divide StockNo {2345}
[25000] 2025/12/07 21:30:12.058 Add Basket MarketNo：0 StockIdx：34267
[25000] 2025/12/07 21:30:12.058 Divide StockNo {2347}
[25000] 2025/12/07 21:30:12.058 Add Basket MarketNo：0 StockIdx：34268
[25000] 2025/12/07 21:30:12.058 Divide StockNo {2352}
[25000] 2025/12/07 21:30:12.058 Add Basket MarketNo：0 StockIdx：34273
[25000] 2025/12/07 21:30:12.058 Divide StockNo {2353}
[25000] 2025/12/07 21:30:12.058 Add Basket MarketNo：0 StockIdx：34274
[25000] 2025/12/07 21:30:12.058 Divide StockNo {2354}
[25000] 2025/12/07 21:30:12.058 Add Basket MarketNo：0 StockIdx：34275
[25000] 2025/12/07 21:30:12.058 Divide StockNo {2355}
[25000] 2025/12/07 21:30:12.058 Add Basket MarketNo：0 StockIdx：34276
[25000] 2025/12/07 21:30:12.058 Divide StockNo {2356}
[25000] 2025/12/07 21:30:12.058 Add Basket MarketNo：0 StockIdx：34277
[25000] 2025/12/07 21:30:12.058 Divide StockNo {2357}
[25000] 2025/12/07 21:30:12.058 Add Basket MarketNo：0 StockIdx：34278
[25000] 2025/12/07 21:30:12.058 Divide StockNo {2360}
[25000] 2025/12/07 21:30:12.058 Add Basket MarketNo：0 StockIdx：34280
[25000] 2025/12/07 21:30:12.058 Divide StockNo {2368}
[25000] 2025/12/07 21:30:12.058 Add Basket MarketNo：0 StockIdx：34286
[25000] 2025/12/07 21:30:12.058 Divide StockNo {2371}
[25000] 2025/12/07 21:30:12.058 Add Basket MarketNo：0 StockIdx：34288
[25000] 2025/12/07 21:30:12.058 Divide StockNo {2376}
[25000] 2025/12/07 21:30:12.058 Add Basket MarketNo：0 StockIdx：34292
[25000] 2025/12/07 21:30:12.058 Divide StockNo {2377}
[25000] 2025/12/07 21:30:12.058 Add Basket MarketNo：0 StockIdx：34293
[25000] 2025/12/07 21:30:12.058 Divide StockNo {2379}
[25000] 2025/12/07 21:30:12.058 Add Basket MarketNo：0 StockIdx：34294
[25000] 2025/12/07 21:30:12.058 Divide StockNo {2382}
[25000] 2025/12/07 21:30:12.058 Add Basket MarketNo：0 StockIdx：34296
[25000] 2025/12/07 21:30:12.058 Divide StockNo {2383}
[25000] 2025/12/07 21:30:12.058 Add Basket MarketNo：0 StockIdx：34297
[25000] 2025/12/07 21:30:12.058 Divide StockNo {2385}
[25000] 2025/12/07 21:30:12.058 Add Basket MarketNo：0 StockIdx：34298
[25000] 2025/12/07 21:30:12.058 Divide StockNo {2388}
[25000] 2025/12/07 21:30:12.058 Add Basket MarketNo：0 StockIdx：34300
[25000] 2025/12/07 21:30:12.058 Divide StockNo {2392}
[25000] 2025/12/07 21:30:12.058 Add Basket MarketNo：0 StockIdx：34302
[25000] 2025/12/07 21:30:12.058 Divide StockNo {2393}
[25000] 2025/12/07 21:30:12.058 Add Basket MarketNo：0 StockIdx：34303
[25000] 2025/12/07 21:30:12.058 Divide StockNo {2401}
[25000] 2025/12/07 21:30:12.058 Add Basket MarketNo：0 StockIdx：34307
[25000] 2025/12/07 21:30:12.058 Divide StockNo {2404}
[25000] 2025/12/07 21:30:12.058 Add Basket MarketNo：0 StockIdx：34309
[25000] 2025/12/07 21:30:12.058 Divide StockNo {2408}
[25000] 2025/12/07 21:30:12.059 Add Basket MarketNo：0 StockIdx：34312
[25000] 2025/12/07 21:30:12.059 Divide StockNo {2409}
[25000] 2025/12/07 21:30:12.059 Add Basket MarketNo：0 StockIdx：34313
[25000] 2025/12/07 21:30:12.059 Divide StockNo {2412}
[25000] 2025/12/07 21:30:12.059 Add Basket MarketNo：0 StockIdx：34314
[25000] 2025/12/07 21:30:12.059 Divide StockNo {2439}
[25000] 2025/12/07 21:30:12.059 Add Basket MarketNo：0 StockIdx：34336
[25000] 2025/12/07 21:30:12.059 Divide StockNo {2441}
[25000] 2025/12/07 21:30:12.059 Add Basket MarketNo：0 StockIdx：34338
[25000] 2025/12/07 21:30:12.059 Divide StockNo {2449}
[25000] 2025/12/07 21:30:12.059 Add Basket MarketNo：0 StockIdx：34341
[25000] 2025/12/07 21:30:12.059 Divide StockNo {2454}
[25000] 2025/12/07 21:30:12.059 Add Basket MarketNo：0 StockIdx：34345
[25000] 2025/12/07 21:30:12.059 Divide StockNo {2455}
[25000] 2025/12/07 21:30:12.059 Add Basket MarketNo：0 StockIdx：34346
[25000] 2025/12/07 21:30:12.059 Divide StockNo {2457}
[25000] 2025/12/07 21:30:12.059 Add Basket MarketNo：0 StockIdx：34347
[25000] 2025/12/07 21:30:12.059 Divide StockNo {2458}
[25000] 2025/12/07 21:30:12.059 Add Basket MarketNo：0 StockIdx：34348
[25000] 2025/12/07 21:30:12.059 Divide StockNo {2474}
[25000] 2025/12/07 21:30:12.059 Add Basket MarketNo：0 StockIdx：34360
[25000] 2025/12/07 21:30:12.059 Divide StockNo {2481}
[25000] 2025/12/07 21:30:12.059 Add Basket MarketNo：0 StockIdx：34365
[25000] 2025/12/07 21:30:12.059 Divide StockNo {2485}
[25000] 2025/12/07 21:30:12.059 Add Basket MarketNo：0 StockIdx：34369
[25000] 2025/12/07 21:30:12.059 Divide StockNo {2486}
[25000] 2025/12/07 21:30:12.059 Add Basket MarketNo：0 StockIdx：34370
[25000] 2025/12/07 21:30:12.059 Divide StockNo {2489}
[25000] 2025/12/07 21:30:12.059 Add Basket MarketNo：0 StockIdx：34372
[25000] 2025/12/07 21:30:12.059 Divide StockNo {2492}
[25000] 2025/12/07 21:30:12.059 Add Basket MarketNo：0 StockIdx：34374
[25000] 2025/12/07 21:30:12.059 Divide StockNo {2498}
[25000] 2025/12/07 21:30:12.059 Add Basket MarketNo：0 StockIdx：34379
[25000] 2025/12/07 21:30:12.059 Divide StockNo {2515}
[25000] 2025/12/07 21:30:12.059 Add Basket MarketNo：0 StockIdx：34387
[25000] 2025/12/07 21:30:12.059 Divide StockNo {2520}
[25000] 2025/12/07 21:30:12.059 Add Basket MarketNo：0 StockIdx：34389
[25000] 2025/12/07 21:30:12.059 Divide StockNo {2542}
[25000] 2025/12/07 21:30:12.059 Add Basket MarketNo：0 StockIdx：34401
[25000] 2025/12/07 21:30:12.059 Divide StockNo {2548}
[25000] 2025/12/07 21:30:12.059 Add Basket MarketNo：0 StockIdx：34406
[25000] 2025/12/07 21:30:12.059 Divide StockNo {2603}
[25000] 2025/12/07 21:30:12.059 Add Basket MarketNo：0 StockIdx：34409
[25000] 2025/12/07 21:30:12.059 Divide StockNo {2605}
[25000] 2025/12/07 21:30:12.059 Add Basket MarketNo：0 StockIdx：34410
[25000] 2025/12/07 21:30:12.059 Divide StockNo {2606}
[25000] 2025/12/07 21:30:12.059 Add Basket MarketNo：0 StockIdx：34411
[25000] 2025/12/07 21:30:12.059 Divide StockNo {2609}
[25000] 2025/12/07 21:30:12.059 Add Basket MarketNo：0 StockIdx：34414
[25000] 2025/12/07 21:30:12.059 Divide StockNo {2610}
[25000] 2025/12/07 21:30:12.059 Add Basket MarketNo：0 StockIdx：34415
[25000] 2025/12/07 21:30:12.059 Divide StockNo {2615}
[25000] 2025/12/07 21:30:12.059 Add Basket MarketNo：0 StockIdx：34420
[25000] 2025/12/07 21:30:12.059 Divide StockNo {2618}
[25000] 2025/12/07 21:30:12.059 Add Basket MarketNo：0 StockIdx：34423
[25000] 2025/12/07 21:30:12.059 Divide StockNo {2633}
[25000] 2025/12/07 21:30:12.059 Add Basket MarketNo：0 StockIdx：34425
[25000] 2025/12/07 21:30:12.059 Divide StockNo {2634}
[25000] 2025/12/07 21:30:12.059 Add Basket MarketNo：0 StockIdx：34426
[25000] 2025/12/07 21:30:12.059 Divide StockNo {2801}
[25000] 2025/12/07 21:30:12.060 Add Basket MarketNo：0 StockIdx：34447
[25000] 2025/12/07 21:30:12.060 Divide StockNo {2834}
[25000] 2025/12/07 21:30:12.060 Add Basket MarketNo：0 StockIdx：34452
[25000] 2025/12/07 21:30:12.060 Divide StockNo {2880}
[25000] 2025/12/07 21:30:12.060 Add Basket MarketNo：0 StockIdx：34464
[25000] 2025/12/07 21:30:12.060 Divide StockNo {2881}
[25000] 2025/12/07 21:30:12.060 Add Basket MarketNo：0 StockIdx：34465
[25000] 2025/12/07 21:30:12.060 Divide StockNo {2882}
[25000] 2025/12/07 21:30:12.060 Add Basket MarketNo：0 StockIdx：34469
[25000] 2025/12/07 21:30:12.060 Divide StockNo {2883}
[25000] 2025/12/07 21:30:12.060 Add Basket MarketNo：0 StockIdx：34472
[25000] 2025/12/07 21:30:12.060 Divide StockNo {2884}
[25000] 2025/12/07 21:30:12.060 Add Basket MarketNo：0 StockIdx：34474
[25000] 2025/12/07 21:30:12.060 Divide StockNo {2885}
[25000] 2025/12/07 21:30:12.060 Add Basket MarketNo：0 StockIdx：34475
[25000] 2025/12/07 21:30:12.060 Divide StockNo {2886}
[25000] 2025/12/07 21:30:12.060 Add Basket MarketNo：0 StockIdx：34476
[25000] 2025/12/07 21:30:12.060 Divide StockNo {2887}
[25000] 2025/12/07 21:30:12.060 Add Basket MarketNo：0 StockIdx：34477
[25000] 2025/12/07 21:30:12.060 Divide StockNo {2888}
[25000] 2025/12/07 21:30:12.060 Stock Is Not Exist 
[25000] 2025/12/07 21:30:12.060 Divide StockNo {2890}
[25000] 2025/12/07 21:30:12.060 Add Basket MarketNo：0 StockIdx：34485
[25000] 2025/12/07 21:30:12.060 Divide StockNo {2891}
[25000] 2025/12/07 21:30:12.060 Add Basket MarketNo：0 StockIdx：34486
[25000] 2025/12/07 21:30:12.060 Divide StockNo {2892}
[25000] 2025/12/07 21:30:12.060 Add Basket MarketNo：0 StockIdx：34489
[25000] 2025/12/07 21:30:12.060 Divide StockNo {2913}
[25000] 2025/12/07 21:30:12.060 Add Basket MarketNo：0 StockIdx：34501
[25000] 2025/12/07 21:30:12.060 Divide StockNo {2915}
[25000] 2025/12/07 21:30:12.060 Add Basket MarketNo：0 StockIdx：34502
[25000] 2025/12/07 21:30:12.060 Divide StockNo {3005}
[25000] 2025/12/07 21:30:12.060 Add Basket MarketNo：0 StockIdx：34510
[25000] 2025/12/07 21:30:12.060 Divide StockNo {3006}
[25000] 2025/12/07 21:30:12.060 Add Basket MarketNo：0 StockIdx：34511
[25000] 2025/12/07 21:30:12.060 Divide StockNo {3008}
[25000] 2025/12/07 21:30:12.060 Add Basket MarketNo：0 StockIdx：34512
[25000] 2025/12/07 21:30:12.060 Divide StockNo {3017}
[25000] 2025/12/07 21:30:12.060 Add Basket MarketNo：0 StockIdx：34519
[25000] 2025/12/07 21:30:12.060 Divide StockNo {3019}
[25000] 2025/12/07 21:30:12.060 Add Basket MarketNo：0 StockIdx：34521
[25000] 2025/12/07 21:30:12.060 Divide StockNo {3034}
[25000] 2025/12/07 21:30:12.060 Add Basket MarketNo：0 StockIdx：34535
[25000] 2025/12/07 21:30:12.060 Divide StockNo {3035}
[25000] 2025/12/07 21:30:12.060 Add Basket MarketNo：0 StockIdx：34536
[25000] 2025/12/07 21:30:12.060 Divide StockNo {3036}
[25000] 2025/12/07 21:30:12.060 Add Basket MarketNo：0 StockIdx：34537
[25000] 2025/12/07 21:30:12.060 Divide StockNo {3037}
[25000] 2025/12/07 21:30:12.060 Add Basket MarketNo：0 StockIdx：34539
[25000] 2025/12/07 21:30:12.060 Divide StockNo {3042}
[25000] 2025/12/07 21:30:12.060 Add Basket MarketNo：0 StockIdx：34543
[25000] 2025/12/07 21:30:12.060 Divide StockNo {3044}
[25000] 2025/12/07 21:30:12.060 Add Basket MarketNo：0 StockIdx：34545
[25000] 2025/12/07 21:30:12.060 Divide StockNo {3045}
[25000] 2025/12/07 21:30:12.060 Add Basket MarketNo：0 StockIdx：34546
[25000] 2025/12/07 21:30:12.060 Divide StockNo {3078}
[25000] 2025/12/07 21:30:12.060 Add Basket MarketNo：1 StockIdx：271
[25000] 2025/12/07 21:30:12.060 Divide StockNo {3081}
[25000] 2025/12/07 21:30:12.060 Add Basket MarketNo：1 StockIdx：272
[25000] 2025/12/07 21:30:12.060 Divide StockNo {3105}
[25000] 2025/12/07 21:30:12.060 Add Basket MarketNo：1 StockIdx：282
[25000] 2025/12/07 21:30:12.060 Divide StockNo {3152}
[25000] 2025/12/07 21:30:12.060 Add Basket MarketNo：1 StockIdx：298
[25000] 2025/12/07 21:30:12.060 Divide StockNo {3189}
[25000] 2025/12/07 21:30:12.060 Add Basket MarketNo：0 StockIdx：34573
[25000] 2025/12/07 21:30:12.061 Divide StockNo {3227}
[25000] 2025/12/07 21:30:12.061 Add Basket MarketNo：1 StockIdx：322
[25000] 2025/12/07 21:30:12.061 Divide StockNo {3231}
[25000] 2025/12/07 21:30:12.061 Add Basket MarketNo：0 StockIdx：34576
[25000] 2025/12/07 21:30:12.061 Divide StockNo {3260}
[25000] 2025/12/07 21:30:12.061 Add Basket MarketNo：1 StockIdx：331
[25000] 2025/12/07 21:30:12.061 Divide StockNo {3264}
[25000] 2025/12/07 21:30:12.061 Add Basket MarketNo：1 StockIdx：332
[25000] 2025/12/07 21:30:12.061 Divide StockNo {3293}
[25000] 2025/12/07 21:30:12.061 Add Basket MarketNo：1 StockIdx：345
[25000] 2025/12/07 21:30:12.061 Divide StockNo {3324}
[25000] 2025/12/07 21:30:12.061 Add Basket MarketNo：1 StockIdx：361
[25000] 2025/12/07 21:30:12.061 Divide StockNo {3374}
[25000] 2025/12/07 21:30:12.061 Add Basket MarketNo：1 StockIdx：378
[25000] 2025/12/07 21:30:12.061 Divide StockNo {3376}
[25000] 2025/12/07 21:30:12.061 Add Basket MarketNo：0 StockIdx：34588
[25000] 2025/12/07 21:30:12.061 Divide StockNo {3380}
[25000] 2025/12/07 21:30:12.061 Add Basket MarketNo：0 StockIdx：34589
[25000] 2025/12/07 21:30:12.061 Divide StockNo {3406}
[25000] 2025/12/07 21:30:12.061 Add Basket MarketNo：0 StockIdx：34590
[25000] 2025/12/07 21:30:12.061 Divide StockNo {3443}
[25000] 2025/12/07 21:30:12.061 Add Basket MarketNo：0 StockIdx：34596
[25000] 2025/12/07 21:30:12.061 Divide StockNo {3481}
[25000] 2025/12/07 21:30:12.061 Add Basket MarketNo：0 StockIdx：34600
[25000] 2025/12/07 21:30:12.061 Divide StockNo {3529}
[25000] 2025/12/07 21:30:12.061 Add Basket MarketNo：1 StockIdx：426
[25000] 2025/12/07 21:30:12.061 Divide StockNo {3532}
[25000] 2025/12/07 21:30:12.061 Add Basket MarketNo：0 StockIdx：34608
[25000] 2025/12/07 21:30:12.061 Divide StockNo {3533}
[25000] 2025/12/07 21:30:12.061 Add Basket MarketNo：0 StockIdx：34609
[25000] 2025/12/07 21:30:12.061 Divide StockNo {3552}
[25000] 2025/12/07 21:30:12.061 Add Basket MarketNo：1 StockIdx：437
[25000] 2025/12/07 21:30:12.061 Divide StockNo {3653}
[25000] 2025/12/07 21:30:12.061 Add Basket MarketNo：0 StockIdx：34629
[25000] 2025/12/07 21:30:12.061 Divide StockNo {3661}
[25000] 2025/12/07 21:30:12.061 Add Basket MarketNo：0 StockIdx：34630
[25000] 2025/12/07 21:30:12.061 Divide StockNo {3673}
[25000] 2025/12/07 21:30:12.061 Add Basket MarketNo：0 StockIdx：34633
[25000] 2025/12/07 21:30:12.061 Divide StockNo {3680}
[25000] 2025/12/07 21:30:12.061 Add Basket MarketNo：1 StockIdx：476
[25000] 2025/12/07 21:30:12.061 Divide StockNo {3691}
[25000] 2025/12/07 21:30:12.061 Add Basket MarketNo：1 StockIdx：486
[25000] 2025/12/07 21:30:12.061 Divide StockNo {3702}
[25000] 2025/12/07 21:30:12.061 Add Basket MarketNo：0 StockIdx：34638
[25000] 2025/12/07 21:30:12.061 Divide StockNo {3706}
[25000] 2025/12/07 21:30:12.061 Add Basket MarketNo：0 StockIdx：34642
[25000] 2025/12/07 21:30:12.061 Divide StockNo {3711}
[25000] 2025/12/07 21:30:12.061 Add Basket MarketNo：0 StockIdx：34644
[25000] 2025/12/07 21:30:12.061 Divide StockNo {3714}
[25000] 2025/12/07 21:30:12.061 Add Basket MarketNo：0 StockIdx：34646
[25000] 2025/12/07 21:30:12.061 Divide StockNo {4123}
[25000] 2025/12/07 21:30:12.061 Add Basket MarketNo：1 StockIdx：511
[25000] 2025/12/07 21:30:12.061 Divide StockNo {4128}
[25000] 2025/12/07 21:30:12.061 Add Basket MarketNo：1 StockIdx：516
[25000] 2025/12/07 21:30:12.061 Divide StockNo {4162}
[25000] 2025/12/07 21:30:12.061 Add Basket MarketNo：1 StockIdx：530
[25000] 2025/12/07 21:30:12.061 Divide StockNo {4736}
[25000] 2025/12/07 21:30:12.061 Add Basket MarketNo：0 StockIdx：34691
[25000] 2025/12/07 21:30:12.061 Divide StockNo {4743}
[25000] 2025/12/07 21:30:12.061 Add Basket MarketNo：1 StockIdx：621
[25000] 2025/12/07 21:30:12.061 Divide StockNo {4904}
[25000] 2025/12/07 21:30:12.061 Add Basket MarketNo：0 StockIdx：34702
[25000] 2025/12/07 21:30:12.061 Divide StockNo {4919}
[25000] 2025/12/07 21:30:12.061 Add Basket MarketNo：0 StockIdx：34707
[25000] 2025/12/07 21:30:12.061 Divide StockNo {4938}
[25000] 2025/12/07 21:30:12.061 Add Basket MarketNo：0 StockIdx：34712
[25000] 2025/12/07 21:30:12.061 Divide StockNo {4958}
[25000] 2025/12/07 21:30:12.061 Add Basket MarketNo：0 StockIdx：34718
[25000] 2025/12/07 21:30:12.061 Divide StockNo {5009}
[25000] 2025/12/07 21:30:12.062 Add Basket MarketNo：1 StockIdx：664
[25000] 2025/12/07 21:30:12.062 Divide StockNo {5269}
[25000] 2025/12/07 21:30:12.062 Add Basket MarketNo：0 StockIdx：34737
[25000] 2025/12/07 21:30:12.062 Divide StockNo {5274}
[25000] 2025/12/07 21:30:12.062 Add Basket MarketNo：1 StockIdx：697
[25000] 2025/12/07 21:30:12.062 Divide StockNo {5347}
[25000] 2025/12/07 21:30:12.062 Add Basket MarketNo：1 StockIdx：720
[25000] 2025/12/07 21:30:12.062 Divide StockNo {5371}
[25000] 2025/12/07 21:30:12.062 Add Basket MarketNo：1 StockIdx：727
[25000] 2025/12/07 21:30:12.062 Divide StockNo {5388}
[25000] 2025/12/07 21:30:12.062 Add Basket MarketNo：0 StockIdx：34744
[25000] 2025/12/07 21:30:12.062 Divide StockNo {5425}
[25000] 2025/12/07 21:30:12.062 Add Basket MarketNo：1 StockIdx：735
[25000] 2025/12/07 21:30:12.062 Divide StockNo {5457}
[25000] 2025/12/07 21:30:12.062 Add Basket MarketNo：1 StockIdx：747
[25000] 2025/12/07 21:30:12.062 Divide StockNo {5483}
[25000] 2025/12/07 21:30:12.062 Add Basket MarketNo：1 StockIdx：757
[25000] 2025/12/07 21:30:12.062 Divide StockNo {5534}
[25000] 2025/12/07 21:30:12.062 Add Basket MarketNo：0 StockIdx：34756
[25000] 2025/12/07 21:30:12.062 Divide StockNo {5871}
[25000] 2025/12/07 21:30:12.062 Add Basket MarketNo：0 StockIdx：34762
[25000] 2025/12/07 21:30:12.062 Divide StockNo {5876}
[25000] 2025/12/07 21:30:12.062 Add Basket MarketNo：0 StockIdx：34764
[25000] 2025/12/07 21:30:12.062 Divide StockNo {5880}
[25000] 2025/12/07 21:30:12.062 Add Basket MarketNo：0 StockIdx：34765
[25000] 2025/12/07 21:30:12.062 Divide StockNo {5904}
[25000] 2025/12/07 21:30:12.062 Add Basket MarketNo：1 StockIdx：791
[25000] 2025/12/07 21:30:12.062 Divide StockNo {6005}
[25000] 2025/12/07 21:30:12.062 Add Basket MarketNo：0 StockIdx：34768
[25000] 2025/12/07 21:30:12.062 Divide StockNo {6116}
[25000] 2025/12/07 21:30:12.062 Add Basket MarketNo：0 StockIdx：34773
[25000] 2025/12/07 21:30:12.062 Divide StockNo {6121}
[25000] 2025/12/07 21:30:12.062 Add Basket MarketNo：1 StockIdx：814
[25000] 2025/12/07 21:30:12.062 Divide StockNo {6139}
[25000] 2025/12/07 21:30:12.062 Add Basket MarketNo：0 StockIdx：34779
[25000] 2025/12/07 21:30:12.062 Divide StockNo {6147}
[25000] 2025/12/07 21:30:12.062 Add Basket MarketNo：1 StockIdx：832
[25000] 2025/12/07 21:30:12.062 Divide StockNo {6153}
[25000] 2025/12/07 21:30:12.062 Add Basket MarketNo：0 StockIdx：34783
[25000] 2025/12/07 21:30:12.062 Divide StockNo {6173}
[25000] 2025/12/07 21:30:12.062 Add Basket MarketNo：1 StockIdx：849
[25000] 2025/12/07 21:30:12.062 Divide StockNo {6176}
[25000] 2025/12/07 21:30:12.062 Add Basket MarketNo：0 StockIdx：34789
[25000] 2025/12/07 21:30:12.062 Divide StockNo {6182}
[25000] 2025/12/07 21:30:12.062 Add Basket MarketNo：1 StockIdx：857
[25000] 2025/12/07 21:30:12.063 Divide StockNo {6188}
[25000] 2025/12/07 21:30:12.063 Add Basket MarketNo：1 StockIdx：865
[25000] 2025/12/07 21:30:12.063 Divide StockNo {6213}
[25000] 2025/12/07 21:30:12.063 Add Basket MarketNo：0 StockIdx：34803
[25000] 2025/12/07 21:30:12.063 Divide StockNo {6223}
[25000] 2025/12/07 21:30:12.063 Add Basket MarketNo：1 StockIdx：891
[25000] 2025/12/07 21:30:12.063 Divide StockNo {6239}
[25000] 2025/12/07 21:30:12.063 Add Basket MarketNo：0 StockIdx：34812
[25000] 2025/12/07 21:30:12.063 Divide StockNo {6245}
[25000] 2025/12/07 21:30:12.063 Add Basket MarketNo：1 StockIdx：906
[25000] 2025/12/07 21:30:12.063 Divide StockNo {6257}
[25000] 2025/12/07 21:30:12.063 Add Basket MarketNo：0 StockIdx：34814
[25000] 2025/12/07 21:30:12.063 Divide StockNo {6269}
[25000] 2025/12/07 21:30:12.063 Add Basket MarketNo：0 StockIdx：34815
[25000] 2025/12/07 21:30:12.063 Divide StockNo {6271}
[25000] 2025/12/07 21:30:12.063 Add Basket MarketNo：0 StockIdx：34816
[25000] 2025/12/07 21:30:12.063 Divide StockNo {6274}
[25000] 2025/12/07 21:30:12.063 Add Basket MarketNo：1 StockIdx：918
[25000] 2025/12/07 21:30:12.063 Divide StockNo {6278}
[25000] 2025/12/07 21:30:12.063 Add Basket MarketNo：0 StockIdx：34818
[25000] 2025/12/07 21:30:12.063 Divide StockNo {6279}
[25000] 2025/12/07 21:30:12.063 Add Basket MarketNo：1 StockIdx：923
[25000] 2025/12/07 21:30:12.063 Divide StockNo {6282}
[25000] 2025/12/07 21:30:12.063 Add Basket MarketNo：0 StockIdx：34820
[25000] 2025/12/07 21:30:12.063 Divide StockNo {6285}
[25000] 2025/12/07 21:30:12.063 Add Basket MarketNo：0 StockIdx：34822
[25000] 2025/12/07 21:30:12.063 Divide StockNo {6414}
[25000] 2025/12/07 21:30:12.063 Add Basket MarketNo：0 StockIdx：34826
[25000] 2025/12/07 21:30:12.063 Divide StockNo {6443}
[25000] 2025/12/07 21:30:12.063 Add Basket MarketNo：0 StockIdx：34834
[25000] 2025/12/07 21:30:12.063 Divide StockNo {6472}
[25000] 2025/12/07 21:30:12.063 Add Basket MarketNo：0 StockIdx：34840
[25000] 2025/12/07 21:30:12.063 Divide StockNo {6488}
[25000] 2025/12/07 21:30:12.063 Add Basket MarketNo：1 StockIdx：959
[25000] 2025/12/07 21:30:12.063 Divide StockNo {6505}
[25000] 2025/12/07 21:30:12.063 Add Basket MarketNo：0 StockIdx：34844
[25000] 2025/12/07 21:30:12.063 Divide StockNo {6510}
[25000] 2025/12/07 21:30:12.063 Add Basket MarketNo：1 StockIdx：969
[25000] 2025/12/07 21:30:12.063 Divide StockNo {6526}
[25000] 2025/12/07 21:30:12.063 Add Basket MarketNo：0 StockIdx：34847
[25000] 2025/12/07 21:30:12.063 Divide StockNo {6547}
[25000] 2025/12/07 21:30:12.063 Add Basket MarketNo：1 StockIdx：984
[25000] 2025/12/07 21:30:12.063 Divide StockNo {6669}
[25000] 2025/12/07 21:30:12.063 Add Basket MarketNo：0 StockIdx：34877
[25000] 2025/12/07 21:30:12.063 Divide StockNo {6757}
[25000] 2025/12/07 21:30:12.063 Add Basket MarketNo：0 StockIdx：34894
[25000] 2025/12/07 21:30:12.063 Divide StockNo {6770}
[25000] 2025/12/07 21:30:12.063 Add Basket MarketNo：0 StockIdx：34896
[25000] 2025/12/07 21:30:12.063 Divide StockNo {8039}
[25000] 2025/12/07 21:30:12.063 Add Basket MarketNo：0 StockIdx：34975
[25000] 2025/12/07 21:30:12.063 Divide StockNo {8044}
[25000] 2025/12/07 21:30:12.063 Add Basket MarketNo：1 StockIdx：12475
[25000] 2025/12/07 21:30:12.063 Divide StockNo {8046}
[25000] 2025/12/07 21:30:12.063 Add Basket MarketNo：0 StockIdx：34977
[25000] 2025/12/07 21:30:12.063 Divide StockNo {8069}
[25000] 2025/12/07 21:30:12.063 Add Basket MarketNo：1 StockIdx：12487
[25000] 2025/12/07 21:30:12.063 Divide StockNo {8086}
[25000] 2025/12/07 21:30:12.063 Add Basket MarketNo：1 StockIdx：12496
[25000] 2025/12/07 21:30:12.063 Divide StockNo {8112}
[25000] 2025/12/07 21:30:12.063 Add Basket MarketNo：0 StockIdx：34985
[25000] 2025/12/07 21:30:12.063 Divide StockNo {8150}
[25000] 2025/12/07 21:30:12.063 Add Basket MarketNo：0 StockIdx：34989
[25000] 2025/12/07 21:30:12.063 Divide StockNo {8163}
[25000] 2025/12/07 21:30:12.063 Add Basket MarketNo：0 StockIdx：34991
[25000] 2025/12/07 21:30:12.063 Divide StockNo {8299}
[25000] 2025/12/07 21:30:12.063 Add Basket MarketNo：1 StockIdx：12535
[25000] 2025/12/07 21:30:12.063 Divide StockNo {8358}
[25000] 2025/12/07 21:30:12.063 Add Basket MarketNo：1 StockIdx：12541
[25000] 2025/12/07 21:30:12.063 Divide StockNo {8436}
[25000] 2025/12/07 21:30:12.063 Add Basket MarketNo：1 StockIdx：12566
[25000] 2025/12/07 21:30:12.063 Divide StockNo {8454}
[25000] 2025/12/07 21:30:12.063 Add Basket MarketNo：0 StockIdx：35010
[25000] 2025/12/07 21:30:12.063 Divide StockNo {9904}
[25000] 2025/12/07 21:30:12.064 Add Basket MarketNo：0 StockIdx：35039
[25000] 2025/12/07 21:30:12.064 Divide StockNo {9914}
[25000] 2025/12/07 21:30:12.064 Add Basket MarketNo：0 StockIdx：35047
[25000] 2025/12/07 21:30:12.064 Divide StockNo {9938}
[25000] 2025/12/07 21:30:12.064 Add Basket MarketNo：0 StockIdx：35064
[25000] 2025/12/07 21:30:12.064 Divide StockNo {9939}
[25000] 2025/12/07 21:30:12.064 Add Basket MarketNo：0 StockIdx：35065
[25000] 2025/12/07 21:30:12.064 Divide StockNo {9945}
[25000] 2025/12/07 21:30:12.064 Add Basket MarketNo：0 StockIdx：35072
[25000] 2025/12/07 21:30:12.064 Divide StockNo {9958}
[25000] 2025/12/07 21:30:12.064 Add Basket MarketNo：0 StockIdx：35075
[25000] 2025/12/07 21:30:12.064 Divide StockNo {TSE}
[25000] 2025/12/07 21:30:12.064 Stock Is Not Exist 
[25000] 2025/12/07 21:30:12.064 Divide StockNo {TSE23}
[25000] 2025/12/07 21:30:12.064 Add Basket MarketNo：0 StockIdx：35390
[25000] 2025/12/07 21:30:12.064 Divide StockNo {TSE28}
[25000] 2025/12/07 21:30:12.064 Add Basket MarketNo：0 StockIdx：35395
[25000] 2025/12/07 21:30:12.064 Divide StockNo {TWMC}
[25000] 2025/12/07 21:30:12.064 Stock Is Not Exist 
[25000] 2025/12/07 21:30:12.064 Return PageNo： 1 
[18876] 2025/12/07 21:44:56.558 Precheck/DistributedServer Query result is 000,分配成功
[18876] 2025/12/07 21:44:56.558 >> Host srvsolace-tp2.capital.com.tw
[18876] 2025/12/07 21:44:56.562 SKQuoteLib_EnterMonitor IP：srvsolace-tp2.capital.com.tw
[18876] 2025/12/07 21:44:56.609 OnSessionConnect，Code: 3001, Error Code:0.
[18876] 2025/12/07 21:44:56.619 SKQuoteLib_EnterMonitorLONG starting
[18876] 2025/12/07 21:44:56.620 OnConnection ( 3001 , 0 ) 
[18876] 2025/12/07 21:44:56.872 Market Info is OK!
[18876] 2025/12/07 21:44:56.906 Catalog info is OK!
[18876] 2025/12/07 21:44:59.638 Solace RequestInitializeData (TO_S_19,S_1F)
[18876] 2025/12/07 21:44:59.638 Solace RequestInitializeData (TO_S_19,S_1F)
[18876] 2025/12/07 21:44:59.639 OnConnection ( 3003 , 0 ) 
[7024] 2025/12/07 21:48:15.775 Precheck/DistributedServer Query result is 000,分配成功
[7024] 2025/12/07 21:48:15.775 >> Host srvsolace-tp2.capital.com.tw
[7024] 2025/12/07 21:48:15.779 SKQuoteLib_EnterMonitor IP：srvsolace-tp2.capital.com.tw
[7024] 2025/12/07 21:48:15.832 OnSessionConnect，Code: 3001, Error Code:0.
[7024] 2025/12/07 21:48:15.842 SKQuoteLib_EnterMonitorLONG starting
[7024] 2025/12/07 21:48:15.843 OnConnection ( 3001 , 0 ) 
[7024] 2025/12/07 21:48:16.099 Market Info is OK!
[7024] 2025/12/07 21:48:16.132 Catalog info is OK!
[7024] 2025/12/07 21:48:18.940 Solace RequestInitializeData (TO_S_19,S_1F)
[7024] 2025/12/07 21:48:18.940 Solace RequestInitializeData (TO_S_19,S_1F)
[7024] 2025/12/07 21:48:18.941 OnConnection ( 3003 , 0 ) 
[4608] 2025/12/07 21:51:31.199 Precheck/DistributedServer Query result is 000,分配成功
[4608] 2025/12/07 21:51:31.199 >> Host srvsolace-tp2.capital.com.tw
[4608] 2025/12/07 21:51:31.203 SKQuoteLib_EnterMonitor IP：srvsolace-tp2.capital.com.tw
[4608] 2025/12/07 21:51:31.302 OnSessionConnect，Code: 3001, Error Code:0.
[4608] 2025/12/07 21:51:31.313 SKQuoteLib_EnterMonitorLONG starting
[4608] 2025/12/07 21:51:31.314 OnConnection ( 3001 , 0 ) 
[4608] 2025/12/07 21:51:31.564 Market Info is OK!
[4608] 2025/12/07 21:51:31.598 Catalog info is OK!
[4608] 2025/12/07 21:51:34.309 Solace RequestInitializeData (TO_S_19,S_1F)
[4608] 2025/12/07 21:51:34.309 Solace RequestInitializeData (TO_S_19,S_1F)
[4608] 2025/12/07 21:51:34.310 OnConnection ( 3003 , 0 ) 
[21296] 2025/12/07 21:56:48.394 Precheck/DistributedServer Query result is 000,分配成功
[21296] 2025/12/07 21:56:48.394 >> Host srvsolace-tp2.capital.com.tw
[21296] 2025/12/07 21:56:48.398 SKQuoteLib_EnterMonitor IP：srvsolace-tp2.capital.com.tw
[21296] 2025/12/07 21:56:48.453 OnSessionConnect，Code: 3001, Error Code:0.
[21296] 2025/12/07 21:56:48.462 SKQuoteLib_EnterMonitorLONG starting
[21296] 2025/12/07 21:56:48.465 OnConnection ( 3001 , 0 ) 
[21296] 2025/12/07 21:56:48.726 Market Info is OK!
[21296] 2025/12/07 21:56:48.758 Catalog info is OK!
[21296] 2025/12/07 21:56:51.501 Solace RequestInitializeData (TO_S_19,S_1F)
[21296] 2025/12/07 21:56:51.501 Solace RequestInitializeData (TO_S_19,S_1F)
[21296] 2025/12/07 21:56:51.503 OnConnection ( 3003 , 0 ) 
[10840] 2025/12/07 21:59:06.171 Precheck/DistributedServer Query result is 000,分配成功
[10840] 2025/12/07 21:59:06.171 >> Host srvsolace-tp2.capital.com.tw
[10840] 2025/12/07 21:59:06.175 SKQuoteLib_EnterMonitor IP：srvsolace-tp2.capital.com.tw
[10840] 2025/12/07 21:59:06.218 OnSessionConnect，Code: 3001, Error Code:0.
[10840] 2025/12/07 21:59:06.229 SKQuoteLib_EnterMonitorLONG starting
[10840] 2025/12/07 21:59:06.358 OnConnection ( 3001 , 0 ) 
[10840] 2025/12/07 21:59:06.581 Market Info is OK!
[10840] 2025/12/07 21:59:06.618 Catalog info is OK!
[10840] 2025/12/07 21:59:09.431 Solace RequestInitializeData (TO_S_19,S_1F)
[10840] 2025/12/07 21:59:09.431 Solace RequestInitializeData (TO_S_19,S_1F)
[10840] 2025/12/07 21:59:09.433 OnConnection ( 3003 , 0 ) 
[21308] 2025/12/07 22:49:22.752 Precheck/DistributedServer Query result is 000,分配成功
[21308] 2025/12/07 22:49:22.752 >> Host srvsolace-tp2.capital.com.tw
[21308] 2025/12/07 22:49:22.775 SKQuoteLib_EnterMonitor IP：srvsolace-tp2.capital.com.tw
[21308] 2025/12/07 22:49:22.829 OnSessionConnect，Code: 3001, Error Code:0.
[21308] 2025/12/07 22:49:22.841 SKQuoteLib_EnterMonitorLONG starting
[21308] 2025/12/07 22:49:22.958 OnConnection ( 3001 , 0 ) 
[21308] 2025/12/07 22:49:23.147 Market Info is OK!
[21308] 2025/12/07 22:49:23.188 Catalog info is OK!
[21308] 2025/12/07 22:49:25.950 Solace RequestInitializeData (TO_S_19,S_1F)
[21308] 2025/12/07 22:49:25.950 Solace RequestInitializeData (TO_S_19,S_1F)
[21308] 2025/12/07 22:49:25.951 OnConnection ( 3003 , 0 ) 
[26196] 2025/12/07 22:55:05.197 Precheck/DistributedServer Query result is 000,分配成功
[26196] 2025/12/07 22:55:05.197 >> Host srvsolace-tp2.capital.com.tw
[26196] 2025/12/07 22:55:05.201 SKQuoteLib_EnterMonitor IP：srvsolace-tp2.capital.com.tw
[26196] 2025/12/07 22:55:05.258 OnSessionConnect，Code: 3001, Error Code:0.
[26196] 2025/12/07 22:55:05.268 SKQuoteLib_EnterMonitorLONG starting
[26196] 2025/12/07 22:55:05.270 OnConnection ( 3001 , 0 ) 
[26196] 2025/12/07 22:55:05.538 Market Info is OK!
[26196] 2025/12/07 22:55:05.577 Catalog info is OK!
[26196] 2025/12/07 22:55:08.420 Solace RequestInitializeData (TO_S_19,S_1F)
[26196] 2025/12/07 22:55:08.420 Solace RequestInitializeData (TO_S_19,S_1F)
[26196] 2025/12/07 22:55:08.422 OnConnection ( 3003 , 0 ) 
[20976] 2025/12/07 23:37:07.937 Precheck/DistributedServer Query result is 000,分配成功
[20976] 2025/12/07 23:37:07.937 >> Host srvsolace-tp2.capital.com.tw
[20976] 2025/12/07 23:37:07.941 SKQuoteLib_EnterMonitor IP：srvsolace-tp2.capital.com.tw
[20976] 2025/12/07 23:37:08.018 OnSessionConnect，Code: 3001, Error Code:0.
[20976] 2025/12/07 23:37:08.030 SKQuoteLib_EnterMonitorLONG starting
[20976] 2025/12/07 23:37:08.032 OnConnection ( 3001 , 0 ) 
[20976] 2025/12/07 23:37:08.348 Market Info is OK!
[20976] 2025/12/07 23:37:08.388 Catalog info is OK!
[20976] 2025/12/07 23:37:11.105 Solace RequestInitializeData (TO_S_19,S_1F)
[20976] 2025/12/07 23:37:11.105 Solace RequestInitializeData (TO_S_19,S_1F)
[20976] 2025/12/07 23:37:11.106 OnConnection ( 3003 , 0 ) 
[20976] 2025/12/07 23:37:12.418 SKQuoteLib_RequestStocks (1 , CAF00, CBF00, CCF00, CDF00, CEF00, CFF00, CGF00, CHF00, CJF00, CKF00, CLF00, CMF00, CNF00, CQF00, CRF00, CSF00, CUF00, CWF00, CXF00, CYF00, CZF00, DAF00, DBF00, DCF00, DEF00, DFF00, DGF00, DHF00, DIF00, DJF00, DKF00, DLF00, DNF00, DOF00, DPF00, DQF00, DSF00, DVF00, DWF00, DXF00, DYF00, DZF00, EEF00, EGF00, EHF00, EKF00, EMF00, EPF00, EYF00, EZF00, FBF00, FCF00, FEF00, FFF00, FGF00, FKF00, FNF00, FQF00, FRF00, FSF00, FTF00, FVF00, FWF00, FYF00, FZF00, GAF00, GCF00, GHF00, GIF00, GJF00, GKF00, GLF00, GMF00, GNF00, GOF00, GRF00, GUF00, GVF00, GWF00, GXF00, GYF00, GZF00, HAF00, HBF00, HCF00, HHF00, HIF00, HLF00, HOF00, HQF00, HSF00, IAF00, IHF00, IIF00, IJF00, IMF00, IOF00, IPF00, IQF00, IRF00, ITF00, IXF00, IYF00, IZF00, JBF00, JFF00, JMF00, JNF00, JPF00, JSF00, JWF00, JXF00, JZF00, KAF00, KBF00, KCF00, KDF00, KEF00, KFF00, KGF00, KIF00, KKF00, KLF00, KOF00, KPF00, KSF00, KUF00, KWF00, LBF00, LCF00, LEF00, LIF00, LMF00, LOF00, LQF00, LRF00, LTF00, LUF00, LVF00, LWF00, LXF00, LYF00, MAF00, MBF00, MJF00, MKF00, MQF00, MVF00, MYF00, NAF00, NBF00, NDF00, NEF00, NGF00, NIF00, NJF00, NLF00, NMF00, NOF00, NQF00, NSF00, NUF00, NVF00, NWF00, NYF00, OAF00, OBF00, ODF00, OEF00, OHF00, OJF00, OKF00, OLF00, OMF00, OOF00, OPF00, OQF00, ORF00, OSF00, OTF00, OUF00, OVF00, OWF00, OXF00, OYF00, OZF00, PAF00, PBF00, PCF00, PDF00, PEF00, PFF00, PGF00, PHF00, PIF00, PJF00, PKF00, PLF00, PMF00, PNF00, PPF00, PQF00, PRF00, PSF00, PTF00, PUF00, PVF00, PWF00, PXF00, PYF00, PZF00, QAF00, QBF00, QCF00, QDF00, QEF00, QFF00, QGF00, QHF00, QIF00, QJF00, QKF00, QLF00, QMF00, QNF00, QOF00, QPF00, QQF00, QRF00, QSF00, QTF00, QUF00, QVF00, QWF00, QXF00, QYF00, QZF00, RAF00, RBF00, RCF00, RDF00, REF00, RFF00, RGF00, RIF00, RJF00, RKF00, RLF00, RMF00, RNF00, ROF00, RPF00, RQF00, RRF00, RSF00, RUF00, RVF00, RWF00, RXF00, RYF00, RZF00, SAF00, SBF00, SCF00, SDF00, SEF00, SFF00, SGF00, SIF00, SJF00, SKF00, SLF00, SMF00, SNF00, SQF00, SRF00, SSF00, SUF00, SVF00, SWF00, SYF00, SZF00, UAF00, UBF00, UCF00, UEF00, UFF00, UGF00, UHF00, UIF00, UJF00, UKF00, ULF00, UMF00, UOF00, UPF00, UQF00, URF00, USF00, UTF00, UUF00, UVF00, UWF00, 0050, 0056, 006205, 006206, 00636, 00639, 00643, 00679B, 00687B, 00719B, 00757, 00772B, 00878, 00885, 00893, 00919, 00923, 00929, 00937B, 00940, 1101, 1102, 1210, 1216, 1301, 1303, 1312, 1314, 1319, 1326, 1402, 1440, 1476, 1477, 1503, 1504, 1513, 1536, 1565, 1590, 1605, 1609, 1707, 1717, 1718, 1722, 1795, 1802, 1904, 1905, 1907, 1909, 2002, 2006, 2014, 2027, 2049, 2059, 2105, 2201, 2231, 2301, 2303, 2308, 2312, 2313, 2317, 2323, 2324, 2327, 2328, 2330, 2331, 2332, 2337, 2338, 2340, 2344, 2345, 2347, 2352, 2353, 2354, 2355, 2356, 2357, 2360, 2368, 2371, 2376, 2377, 2379, 2382, 2383, 2385, 2388, 2392, 2393, 2401, 2404, 2408, 2409, 2412, 2439, 2441, 2449, 2454, 2455, 2457, 2458, 2474, 2481, 2485, 2486, 2489, 2492, 2498, 2515, 2520, 2542, 2548, 2603, 2605, 2606, 2609, 2610, 2615, 2618, 2633, 2634, 2801, 2834, 2880, 2881, 2882, 2883, 2884, 2885, 2886, 2887, 2888, 2890, 2891, 2892, 2913, 2915, 3005, 3006, 3008, 3017, 3019, 3034, 3035, 3036, 3037, 3042, 3044, 3045, 3078, 3081, 3105, 3152, 3189, 3227, 3231, 3260, 3264, 3293, 3324, 3374, 3376, 3380, 3406, 3443, 3481, 3529, 3532, 3533, 3552, 3653, 3661, 3673, 3680, 3691, 3702, 3706, 3711, 3714, 4123, 4128, 4162, 4736, 4743, 4904, 4919, 4938, 4958, 5009, 5269, 5274, 5347, 5371, 5388, 5425, 5457, 5483, 5534, 5871, 5876, 5880, 5904, 6005, 6116, 6121, 6139, 6147, 6153, 6173, 6176, 6182, 6188, 6213, 6223, 6239, 6245, 6257, 6269, 6271, 6274, 6278, 6279, 6282, 6285, 6414, 6443, 6472, 6488, 6505, 6510, 6526, 6547, 6669, 6757, 6770, 8039, 8044, 8046, 8069, 8086, 8112, 8150, 8163, 8299, 8358, 8436, 8454, 9904, 9914, 9938, 9939, 9945, 9958, TSE, TSE23, TSE28, TWMC)
[20976] 2025/12/07 23:37:12.421 Divide StockNo {CAF00}
[20976] 2025/12/07 23:37:12.421 Add Basket MarketNo：2 StockIdx：160
[20976] 2025/12/07 23:37:12.421 Divide StockNo {CBF00}
[20976] 2025/12/07 23:37:12.421 Add Basket MarketNo：2 StockIdx：166
[20976] 2025/12/07 23:37:12.421 Divide StockNo {CCF00}
[20976] 2025/12/07 23:37:12.421 Add Basket MarketNo：2 StockIdx：5646
[20976] 2025/12/07 23:37:12.421 Divide StockNo {CDF00}
[20976] 2025/12/07 23:37:12.421 Add Basket MarketNo：2 StockIdx：5652
[20976] 2025/12/07 23:37:12.421 Divide StockNo {CEF00}
[20976] 2025/12/07 23:37:12.421 Add Basket MarketNo：2 StockIdx：184
[20976] 2025/12/07 23:37:12.421 Divide StockNo {CFF00}
[20976] 2025/12/07 23:37:12.421 Add Basket MarketNo：2 StockIdx：192
[20976] 2025/12/07 23:37:12.421 Divide StockNo {CGF00}
[20976] 2025/12/07 23:37:12.421 Add Basket MarketNo：2 StockIdx：198
[20976] 2025/12/07 23:37:12.421 Divide StockNo {CHF00}
[20976] 2025/12/07 23:37:12.421 Add Basket MarketNo：2 StockIdx：204
[20976] 2025/12/07 23:37:12.421 Divide StockNo {CJF00}
[20976] 2025/12/07 23:37:12.421 Add Basket MarketNo：2 StockIdx：210
[20976] 2025/12/07 23:37:12.421 Divide StockNo {CKF00}
[20976] 2025/12/07 23:37:12.421 Add Basket MarketNo：2 StockIdx：216
[20976] 2025/12/07 23:37:12.421 Divide StockNo {CLF00}
[20976] 2025/12/07 23:37:12.421 Add Basket MarketNo：2 StockIdx：222
[20976] 2025/12/07 23:37:12.421 Divide StockNo {CMF00}
[20976] 2025/12/07 23:37:12.422 Add Basket MarketNo：2 StockIdx：228
[20976] 2025/12/07 23:37:12.422 Divide StockNo {CNF00}
[20976] 2025/12/07 23:37:12.422 Add Basket MarketNo：2 StockIdx：234
[20976] 2025/12/07 23:37:12.422 Divide StockNo {CQF00}
[20976] 2025/12/07 23:37:12.422 Add Basket MarketNo：2 StockIdx：240
[20976] 2025/12/07 23:37:12.422 Divide StockNo {CRF00}
[20976] 2025/12/07 23:37:12.422 Add Basket MarketNo：2 StockIdx：246
[20976] 2025/12/07 23:37:12.422 Divide StockNo {CSF00}
[20976] 2025/12/07 23:37:12.422 Add Basket MarketNo：2 StockIdx：252
[20976] 2025/12/07 23:37:12.422 Divide StockNo {CUF00}
[20976] 2025/12/07 23:37:12.422 Add Basket MarketNo：2 StockIdx：258
[20976] 2025/12/07 23:37:12.422 Divide StockNo {CWF00}
[20976] 2025/12/07 23:37:12.422 Add Basket MarketNo：2 StockIdx：264
[20976] 2025/12/07 23:37:12.422 Divide StockNo {CXF00}
[20976] 2025/12/07 23:37:12.422 Add Basket MarketNo：2 StockIdx：272
[20976] 2025/12/07 23:37:12.422 Divide StockNo {CYF00}
[20976] 2025/12/07 23:37:12.422 Add Basket MarketNo：2 StockIdx：278
[20976] 2025/12/07 23:37:12.422 Divide StockNo {CZF00}
[20976] 2025/12/07 23:37:12.422 Add Basket MarketNo：2 StockIdx：284
[20976] 2025/12/07 23:37:12.422 Divide StockNo {DAF00}
[20976] 2025/12/07 23:37:12.422 Add Basket MarketNo：2 StockIdx：290
[20976] 2025/12/07 23:37:12.422 Divide StockNo {DBF00}
[20976] 2025/12/07 23:37:12.422 Add Basket MarketNo：2 StockIdx：296
[20976] 2025/12/07 23:37:12.422 Divide StockNo {DCF00}
[20976] 2025/12/07 23:37:12.422 Add Basket MarketNo：2 StockIdx：302
[20976] 2025/12/07 23:37:12.422 Divide StockNo {DEF00}
[20976] 2025/12/07 23:37:12.422 Add Basket MarketNo：2 StockIdx：310
[20976] 2025/12/07 23:37:12.422 Divide StockNo {DFF00}
[20976] 2025/12/07 23:37:12.422 Add Basket MarketNo：2 StockIdx：319
[20976] 2025/12/07 23:37:12.422 Divide StockNo {DGF00}
[20976] 2025/12/07 23:37:12.422 Add Basket MarketNo：2 StockIdx：325
[20976] 2025/12/07 23:37:12.422 Divide StockNo {DHF00}
[20976] 2025/12/07 23:37:12.422 Add Basket MarketNo：2 StockIdx：331
[20976] 2025/12/07 23:37:12.422 Divide StockNo {DIF00}
[20976] 2025/12/07 23:37:12.422 Add Basket MarketNo：2 StockIdx：337
[20976] 2025/12/07 23:37:12.422 Divide StockNo {DJF00}
[20976] 2025/12/07 23:37:12.422 Add Basket MarketNo：2 StockIdx：343
[20976] 2025/12/07 23:37:12.422 Divide StockNo {DKF00}
[20976] 2025/12/07 23:37:12.422 Add Basket MarketNo：2 StockIdx：349
[20976] 2025/12/07 23:37:12.422 Divide StockNo {DLF00}
[20976] 2025/12/07 23:37:12.422 Add Basket MarketNo：2 StockIdx：355
[20976] 2025/12/07 23:37:12.422 Divide StockNo {DNF00}
[20976] 2025/12/07 23:37:12.422 Add Basket MarketNo：2 StockIdx：361
[20976] 2025/12/07 23:37:12.422 Divide StockNo {DOF00}
[20976] 2025/12/07 23:37:12.422 Add Basket MarketNo：2 StockIdx：369
[20976] 2025/12/07 23:37:12.422 Divide StockNo {DPF00}
[20976] 2025/12/07 23:37:12.422 Add Basket MarketNo：2 StockIdx：375
[20976] 2025/12/07 23:37:12.422 Divide StockNo {DQF00}
[20976] 2025/12/07 23:37:12.422 Add Basket MarketNo：2 StockIdx：381
[20976] 2025/12/07 23:37:12.422 Divide StockNo {DSF00}
[20976] 2025/12/07 23:37:12.422 Add Basket MarketNo：2 StockIdx：387
[20976] 2025/12/07 23:37:12.422 Divide StockNo {DVF00}
[20976] 2025/12/07 23:37:12.422 Add Basket MarketNo：2 StockIdx：393
[20976] 2025/12/07 23:37:12.422 Divide StockNo {DWF00}
[20976] 2025/12/07 23:37:12.422 Add Basket MarketNo：2 StockIdx：399
[20976] 2025/12/07 23:37:12.422 Divide StockNo {DXF00}
[20976] 2025/12/07 23:37:12.422 Add Basket MarketNo：2 StockIdx：405
[20976] 2025/12/07 23:37:12.422 Divide StockNo {DYF00}
[20976] 2025/12/07 23:37:12.422 Add Basket MarketNo：2 StockIdx：411
[20976] 2025/12/07 23:37:12.422 Divide StockNo {DZF00}
[20976] 2025/12/07 23:37:12.422 Add Basket MarketNo：2 StockIdx：417
[20976] 2025/12/07 23:37:12.422 Divide StockNo {EEF00}
[20976] 2025/12/07 23:37:12.422 Add Basket MarketNo：2 StockIdx：423
[20976] 2025/12/07 23:37:12.422 Divide StockNo {EGF00}
[20976] 2025/12/07 23:37:12.422 Add Basket MarketNo：2 StockIdx：429
[20976] 2025/12/07 23:37:12.422 Divide StockNo {EHF00}
[20976] 2025/12/07 23:37:12.423 Add Basket MarketNo：2 StockIdx：435
[20976] 2025/12/07 23:37:12.423 Divide StockNo {EKF00}
[20976] 2025/12/07 23:37:12.423 Add Basket MarketNo：2 StockIdx：441
[20976] 2025/12/07 23:37:12.423 Divide StockNo {EMF00}
[20976] 2025/12/07 23:37:12.423 Add Basket MarketNo：2 StockIdx：447
[20976] 2025/12/07 23:37:12.423 Divide StockNo {EPF00}
[20976] 2025/12/07 23:37:12.423 Add Basket MarketNo：2 StockIdx：453
[20976] 2025/12/07 23:37:12.423 Divide StockNo {EYF00}
[20976] 2025/12/07 23:37:12.423 Add Basket MarketNo：2 StockIdx：459
[20976] 2025/12/07 23:37:12.423 Divide StockNo {EZF00}
[20976] 2025/12/07 23:37:12.423 Add Basket MarketNo：2 StockIdx：465
[20976] 2025/12/07 23:37:12.423 Divide StockNo {FBF00}
[20976] 2025/12/07 23:37:12.423 Add Basket MarketNo：2 StockIdx：471
[20976] 2025/12/07 23:37:12.423 Divide StockNo {FCF00}
[20976] 2025/12/07 23:37:12.423 Add Basket MarketNo：2 StockIdx：477
[20976] 2025/12/07 23:37:12.423 Divide StockNo {FEF00}
[20976] 2025/12/07 23:37:12.423 Add Basket MarketNo：2 StockIdx：481
[20976] 2025/12/07 23:37:12.423 Divide StockNo {FFF00}
[20976] 2025/12/07 23:37:12.423 Add Basket MarketNo：2 StockIdx：489
[20976] 2025/12/07 23:37:12.423 Divide StockNo {FGF00}
[20976] 2025/12/07 23:37:12.423 Add Basket MarketNo：2 StockIdx：495
[20976] 2025/12/07 23:37:12.423 Divide StockNo {FKF00}
[20976] 2025/12/07 23:37:12.423 Add Basket MarketNo：2 StockIdx：501
[20976] 2025/12/07 23:37:12.423 Divide StockNo {FNF00}
[20976] 2025/12/07 23:37:12.423 Add Basket MarketNo：2 StockIdx：507
[20976] 2025/12/07 23:37:12.423 Divide StockNo {FQF00}
[20976] 2025/12/07 23:37:12.423 Add Basket MarketNo：2 StockIdx：513
[20976] 2025/12/07 23:37:12.423 Divide StockNo {FRF00}
[20976] 2025/12/07 23:37:12.423 Add Basket MarketNo：2 StockIdx：519
[20976] 2025/12/07 23:37:12.423 Divide StockNo {FSF00}
[20976] 2025/12/07 23:37:12.423 Add Basket MarketNo：2 StockIdx：525
[20976] 2025/12/07 23:37:12.423 Divide StockNo {FTF00}
[20976] 2025/12/07 23:37:12.423 Add Basket MarketNo：2 StockIdx：531
[20976] 2025/12/07 23:37:12.423 Divide StockNo {FVF00}
[20976] 2025/12/07 23:37:12.423 Add Basket MarketNo：2 StockIdx：537
[20976] 2025/12/07 23:37:12.423 Divide StockNo {FWF00}
[20976] 2025/12/07 23:37:12.423 Add Basket MarketNo：2 StockIdx：543
[20976] 2025/12/07 23:37:12.423 Divide StockNo {FYF00}
[20976] 2025/12/07 23:37:12.423 Add Basket MarketNo：2 StockIdx：549
[20976] 2025/12/07 23:37:12.423 Divide StockNo {FZF00}
[20976] 2025/12/07 23:37:12.423 Add Basket MarketNo：2 StockIdx：555
[20976] 2025/12/07 23:37:12.423 Divide StockNo {GAF00}
[20976] 2025/12/07 23:37:12.423 Add Basket MarketNo：2 StockIdx：561
[20976] 2025/12/07 23:37:12.423 Divide StockNo {GCF00}
[20976] 2025/12/07 23:37:12.423 Add Basket MarketNo：2 StockIdx：567
[20976] 2025/12/07 23:37:12.423 Divide StockNo {GHF00}
[20976] 2025/12/07 23:37:12.423 Add Basket MarketNo：2 StockIdx：573
[20976] 2025/12/07 23:37:12.423 Divide StockNo {GIF00}
[20976] 2025/12/07 23:37:12.423 Add Basket MarketNo：2 StockIdx：579
[20976] 2025/12/07 23:37:12.423 Divide StockNo {GJF00}
[20976] 2025/12/07 23:37:12.423 Add Basket MarketNo：2 StockIdx：585
[20976] 2025/12/07 23:37:12.423 Divide StockNo {GKF00}
[20976] 2025/12/07 23:37:12.423 Add Basket MarketNo：2 StockIdx：591
[20976] 2025/12/07 23:37:12.423 Divide StockNo {GLF00}
[20976] 2025/12/07 23:37:12.423 Add Basket MarketNo：2 StockIdx：597
[20976] 2025/12/07 23:37:12.423 Divide StockNo {GMF00}
[20976] 2025/12/07 23:37:12.423 Add Basket MarketNo：2 StockIdx：603
[20976] 2025/12/07 23:37:12.423 Divide StockNo {GNF00}
[20976] 2025/12/07 23:37:12.423 Add Basket MarketNo：2 StockIdx：609
[20976] 2025/12/07 23:37:12.423 Divide StockNo {GOF00}
[20976] 2025/12/07 23:37:12.423 Add Basket MarketNo：2 StockIdx：615
[20976] 2025/12/07 23:37:12.423 Divide StockNo {GRF00}
[20976] 2025/12/07 23:37:12.423 Add Basket MarketNo：2 StockIdx：621
[20976] 2025/12/07 23:37:12.423 Divide StockNo {GUF00}
[20976] 2025/12/07 23:37:12.423 Add Basket MarketNo：2 StockIdx：627
[20976] 2025/12/07 23:37:12.423 Divide StockNo {GVF00}
[20976] 2025/12/07 23:37:12.423 Add Basket MarketNo：2 StockIdx：633
[20976] 2025/12/07 23:37:12.423 Divide StockNo {GWF00}
[20976] 2025/12/07 23:37:12.423 Add Basket MarketNo：2 StockIdx：639
[20976] 2025/12/07 23:37:12.423 Divide StockNo {GXF00}
[20976] 2025/12/07 23:37:12.423 Add Basket MarketNo：2 StockIdx：645
[20976] 2025/12/07 23:37:12.423 Divide StockNo {GYF00}
[20976] 2025/12/07 23:37:12.423 Add Basket MarketNo：2 StockIdx：651
[20976] 2025/12/07 23:37:12.423 Divide StockNo {GZF00}
[20976] 2025/12/07 23:37:12.424 Add Basket MarketNo：2 StockIdx：657
[20976] 2025/12/07 23:37:12.424 Divide StockNo {HAF00}
[20976] 2025/12/07 23:37:12.424 Add Basket MarketNo：2 StockIdx：663
[20976] 2025/12/07 23:37:12.424 Divide StockNo {HBF00}
[20976] 2025/12/07 23:37:12.424 Add Basket MarketNo：2 StockIdx：671
[20976] 2025/12/07 23:37:12.424 Divide StockNo {HCF00}
[20976] 2025/12/07 23:37:12.424 Add Basket MarketNo：2 StockIdx：677
[20976] 2025/12/07 23:37:12.424 Divide StockNo {HHF00}
[20976] 2025/12/07 23:37:12.424 Add Basket MarketNo：2 StockIdx：683
[20976] 2025/12/07 23:37:12.424 Divide StockNo {HIF00}
[20976] 2025/12/07 23:37:12.424 Add Basket MarketNo：2 StockIdx：693
[20976] 2025/12/07 23:37:12.424 Divide StockNo {HLF00}
[20976] 2025/12/07 23:37:12.424 Add Basket MarketNo：2 StockIdx：699
[20976] 2025/12/07 23:37:12.424 Divide StockNo {HOF00}
[20976] 2025/12/07 23:37:12.424 Add Basket MarketNo：2 StockIdx：709
[20976] 2025/12/07 23:37:12.424 Divide StockNo {HQF00}
[20976] 2025/12/07 23:37:12.424 Add Basket MarketNo：2 StockIdx：715
[20976] 2025/12/07 23:37:12.424 Divide StockNo {HSF00}
[20976] 2025/12/07 23:37:12.424 Add Basket MarketNo：2 StockIdx：721
[20976] 2025/12/07 23:37:12.424 Divide StockNo {IAF00}
[20976] 2025/12/07 23:37:12.424 Add Basket MarketNo：2 StockIdx：727
[20976] 2025/12/07 23:37:12.424 Divide StockNo {IHF00}
[20976] 2025/12/07 23:37:12.424 Add Basket MarketNo：2 StockIdx：736
[20976] 2025/12/07 23:37:12.424 Divide StockNo {IIF00}
[20976] 2025/12/07 23:37:12.424 Add Basket MarketNo：2 StockIdx：742
[20976] 2025/12/07 23:37:12.424 Divide StockNo {IJF00}
[20976] 2025/12/07 23:37:12.424 Add Basket MarketNo：2 StockIdx：748
[20976] 2025/12/07 23:37:12.424 Divide StockNo {IMF00}
[20976] 2025/12/07 23:37:12.424 Add Basket MarketNo：2 StockIdx：754
[20976] 2025/12/07 23:37:12.424 Divide StockNo {IOF00}
[20976] 2025/12/07 23:37:12.424 Add Basket MarketNo：2 StockIdx：760
[20976] 2025/12/07 23:37:12.424 Divide StockNo {IPF00}
[20976] 2025/12/07 23:37:12.424 Add Basket MarketNo：2 StockIdx：766
[20976] 2025/12/07 23:37:12.424 Divide StockNo {IQF00}
[20976] 2025/12/07 23:37:12.424 Add Basket MarketNo：2 StockIdx：772
[20976] 2025/12/07 23:37:12.424 Divide StockNo {IRF00}
[20976] 2025/12/07 23:37:12.424 Add Basket MarketNo：2 StockIdx：778
[20976] 2025/12/07 23:37:12.424 Divide StockNo {ITF00}
[20976] 2025/12/07 23:37:12.424 Add Basket MarketNo：2 StockIdx：788
[20976] 2025/12/07 23:37:12.424 Divide StockNo {IXF00}
[20976] 2025/12/07 23:37:12.424 Add Basket MarketNo：2 StockIdx：794
[20976] 2025/12/07 23:37:12.424 Divide StockNo {IYF00}
[20976] 2025/12/07 23:37:12.424 Add Basket MarketNo：2 StockIdx：800
[20976] 2025/12/07 23:37:12.424 Divide StockNo {IZF00}
[20976] 2025/12/07 23:37:12.424 Add Basket MarketNo：2 StockIdx：806
[20976] 2025/12/07 23:37:12.424 Divide StockNo {JBF00}
[20976] 2025/12/07 23:37:12.424 Add Basket MarketNo：2 StockIdx：812
[20976] 2025/12/07 23:37:12.424 Divide StockNo {JFF00}
[20976] 2025/12/07 23:37:12.424 Add Basket MarketNo：2 StockIdx：818
[20976] 2025/12/07 23:37:12.424 Divide StockNo {JMF00}
[20976] 2025/12/07 23:37:12.424 Add Basket MarketNo：2 StockIdx：824
[20976] 2025/12/07 23:37:12.424 Divide StockNo {JNF00}
[20976] 2025/12/07 23:37:12.424 Add Basket MarketNo：2 StockIdx：830
[20976] 2025/12/07 23:37:12.424 Divide StockNo {JPF00}
[20976] 2025/12/07 23:37:12.424 Add Basket MarketNo：2 StockIdx：836
[20976] 2025/12/07 23:37:12.424 Divide StockNo {JSF00}
[20976] 2025/12/07 23:37:12.424 Add Basket MarketNo：2 StockIdx：842
[20976] 2025/12/07 23:37:12.424 Divide StockNo {JWF00}
[20976] 2025/12/07 23:37:12.424 Add Basket MarketNo：2 StockIdx：848
[20976] 2025/12/07 23:37:12.424 Divide StockNo {JXF00}
[20976] 2025/12/07 23:37:12.424 Add Basket MarketNo：2 StockIdx：854
[20976] 2025/12/07 23:37:12.424 Divide StockNo {JZF00}
[20976] 2025/12/07 23:37:12.424 Add Basket MarketNo：2 StockIdx：860
[20976] 2025/12/07 23:37:12.424 Divide StockNo {KAF00}
[20976] 2025/12/07 23:37:12.424 Add Basket MarketNo：2 StockIdx：866
[20976] 2025/12/07 23:37:12.424 Divide StockNo {KBF00}
[20976] 2025/12/07 23:37:12.424 Add Basket MarketNo：2 StockIdx：872
[20976] 2025/12/07 23:37:12.424 Divide StockNo {KCF00}
[20976] 2025/12/07 23:37:12.424 Add Basket MarketNo：2 StockIdx：878
[20976] 2025/12/07 23:37:12.425 Divide StockNo {KDF00}
[20976] 2025/12/07 23:37:12.425 Add Basket MarketNo：2 StockIdx：884
[20976] 2025/12/07 23:37:12.425 Divide StockNo {KEF00}
[20976] 2025/12/07 23:37:12.425 Add Basket MarketNo：2 StockIdx：890
[20976] 2025/12/07 23:37:12.425 Divide StockNo {KFF00}
[20976] 2025/12/07 23:37:12.425 Add Basket MarketNo：2 StockIdx：896
[20976] 2025/12/07 23:37:12.425 Divide StockNo {KGF00}
[20976] 2025/12/07 23:37:12.425 Add Basket MarketNo：2 StockIdx：902
[20976] 2025/12/07 23:37:12.425 Divide StockNo {KIF00}
[20976] 2025/12/07 23:37:12.425 Add Basket MarketNo：2 StockIdx：908
[20976] 2025/12/07 23:37:12.425 Divide StockNo {KKF00}
[20976] 2025/12/07 23:37:12.425 Add Basket MarketNo：2 StockIdx：914
[20976] 2025/12/07 23:37:12.425 Divide StockNo {KLF00}
[20976] 2025/12/07 23:37:12.425 Add Basket MarketNo：2 StockIdx：920
[20976] 2025/12/07 23:37:12.425 Divide StockNo {KOF00}
[20976] 2025/12/07 23:37:12.425 Add Basket MarketNo：2 StockIdx：926
[20976] 2025/12/07 23:37:12.425 Divide StockNo {KPF00}
[20976] 2025/12/07 23:37:12.425 Add Basket MarketNo：2 StockIdx：932
[20976] 2025/12/07 23:37:12.425 Divide StockNo {KSF00}
[20976] 2025/12/07 23:37:12.425 Add Basket MarketNo：2 StockIdx：938
[20976] 2025/12/07 23:37:12.425 Divide StockNo {KUF00}
[20976] 2025/12/07 23:37:12.425 Add Basket MarketNo：2 StockIdx：944
[20976] 2025/12/07 23:37:12.425 Divide StockNo {KWF00}
[20976] 2025/12/07 23:37:12.425 Add Basket MarketNo：2 StockIdx：950
[20976] 2025/12/07 23:37:12.425 Divide StockNo {LBF00}
[20976] 2025/12/07 23:37:12.425 Add Basket MarketNo：2 StockIdx：956
[20976] 2025/12/07 23:37:12.425 Divide StockNo {LCF00}
[20976] 2025/12/07 23:37:12.425 Add Basket MarketNo：2 StockIdx：962
[20976] 2025/12/07 23:37:12.425 Divide StockNo {LEF00}
[20976] 2025/12/07 23:37:12.425 Add Basket MarketNo：2 StockIdx：968
[20976] 2025/12/07 23:37:12.425 Divide StockNo {LIF00}
[20976] 2025/12/07 23:37:12.425 Add Basket MarketNo：2 StockIdx：974
[20976] 2025/12/07 23:37:12.425 Divide StockNo {LMF00}
[20976] 2025/12/07 23:37:12.425 Add Basket MarketNo：2 StockIdx：980
[20976] 2025/12/07 23:37:12.425 Divide StockNo {LOF00}
[20976] 2025/12/07 23:37:12.425 Add Basket MarketNo：2 StockIdx：986
[20976] 2025/12/07 23:37:12.425 Divide StockNo {LQF00}
[20976] 2025/12/07 23:37:12.425 Add Basket MarketNo：2 StockIdx：992
[20976] 2025/12/07 23:37:12.425 Divide StockNo {LRF00}
[20976] 2025/12/07 23:37:12.425 Add Basket MarketNo：2 StockIdx：998
[20976] 2025/12/07 23:37:12.425 Divide StockNo {LTF00}
[20976] 2025/12/07 23:37:12.425 Add Basket MarketNo：2 StockIdx：1007
[20976] 2025/12/07 23:37:12.425 Divide StockNo {LUF00}
[20976] 2025/12/07 23:37:12.425 Add Basket MarketNo：2 StockIdx：1013
[20976] 2025/12/07 23:37:12.425 Divide StockNo {LVF00}
[20976] 2025/12/07 23:37:12.425 Add Basket MarketNo：2 StockIdx：1019
[20976] 2025/12/07 23:37:12.425 Divide StockNo {LWF00}
[20976] 2025/12/07 23:37:12.425 Add Basket MarketNo：2 StockIdx：1028
[20976] 2025/12/07 23:37:12.425 Divide StockNo {LXF00}
[20976] 2025/12/07 23:37:12.425 Add Basket MarketNo：2 StockIdx：1034
[20976] 2025/12/07 23:37:12.425 Divide StockNo {LYF00}
[20976] 2025/12/07 23:37:12.425 Add Basket MarketNo：2 StockIdx：1041
[20976] 2025/12/07 23:37:12.425 Divide StockNo {MAF00}
[20976] 2025/12/07 23:37:12.425 Add Basket MarketNo：2 StockIdx：1047
[20976] 2025/12/07 23:37:12.425 Divide StockNo {MBF00}
[20976] 2025/12/07 23:37:12.425 Add Basket MarketNo：2 StockIdx：1050
[20976] 2025/12/07 23:37:12.425 Divide StockNo {MJF00}
[20976] 2025/12/07 23:37:12.425 Add Basket MarketNo：2 StockIdx：1056
[20976] 2025/12/07 23:37:12.425 Divide StockNo {MKF00}
[20976] 2025/12/07 23:37:12.425 Add Basket MarketNo：2 StockIdx：1062
[20976] 2025/12/07 23:37:12.425 Divide StockNo {MQF00}
[20976] 2025/12/07 23:37:12.425 Add Basket MarketNo：2 StockIdx：1068
[20976] 2025/12/07 23:37:12.425 Divide StockNo {MVF00}
[20976] 2025/12/07 23:37:12.425 Add Basket MarketNo：2 StockIdx：1074
[20976] 2025/12/07 23:37:12.425 Divide StockNo {MYF00}
[20976] 2025/12/07 23:37:12.425 Add Basket MarketNo：2 StockIdx：1080
[20976] 2025/12/07 23:37:12.425 Divide StockNo {NAF00}
[20976] 2025/12/07 23:37:12.425 Add Basket MarketNo：2 StockIdx：1086
[20976] 2025/12/07 23:37:12.425 Divide StockNo {NBF00}
[20976] 2025/12/07 23:37:12.425 Add Basket MarketNo：2 StockIdx：1092
[20976] 2025/12/07 23:37:12.425 Divide StockNo {NDF00}
[20976] 2025/12/07 23:37:12.425 Add Basket MarketNo：2 StockIdx：1098
[20976] 2025/12/07 23:37:12.425 Divide StockNo {NEF00}
[20976] 2025/12/07 23:37:12.425 Add Basket MarketNo：2 StockIdx：1104
[20976] 2025/12/07 23:37:12.426 Divide StockNo {NGF00}
[20976] 2025/12/07 23:37:12.426 Add Basket MarketNo：2 StockIdx：1110
[20976] 2025/12/07 23:37:12.426 Divide StockNo {NIF00}
[20976] 2025/12/07 23:37:12.426 Add Basket MarketNo：2 StockIdx：1116
[20976] 2025/12/07 23:37:12.426 Divide StockNo {NJF00}
[20976] 2025/12/07 23:37:12.426 Add Basket MarketNo：2 StockIdx：1122
[20976] 2025/12/07 23:37:12.426 Divide StockNo {NLF00}
[20976] 2025/12/07 23:37:12.426 Add Basket MarketNo：2 StockIdx：1128
[20976] 2025/12/07 23:37:12.426 Divide StockNo {NMF00}
[20976] 2025/12/07 23:37:12.426 Add Basket MarketNo：2 StockIdx：1134
[20976] 2025/12/07 23:37:12.426 Divide StockNo {NOF00}
[20976] 2025/12/07 23:37:12.426 Add Basket MarketNo：2 StockIdx：1140
[20976] 2025/12/07 23:37:12.426 Divide StockNo {NQF00}
[20976] 2025/12/07 23:37:12.426 Add Basket MarketNo：2 StockIdx：1146
[20976] 2025/12/07 23:37:12.426 Divide StockNo {NSF00}
[20976] 2025/12/07 23:37:12.426 Add Basket MarketNo：2 StockIdx：1152
[20976] 2025/12/07 23:37:12.426 Divide StockNo {NUF00}
[20976] 2025/12/07 23:37:12.426 Add Basket MarketNo：2 StockIdx：1158
[20976] 2025/12/07 23:37:12.426 Divide StockNo {NVF00}
[20976] 2025/12/07 23:37:12.426 Add Basket MarketNo：2 StockIdx：1164
[20976] 2025/12/07 23:37:12.426 Divide StockNo {NWF00}
[20976] 2025/12/07 23:37:12.426 Add Basket MarketNo：2 StockIdx：1170
[20976] 2025/12/07 23:37:12.426 Divide StockNo {NYF00}
[20976] 2025/12/07 23:37:12.426 Add Basket MarketNo：2 StockIdx：5658
[20976] 2025/12/07 23:37:12.426 Divide StockNo {OAF00}
[20976] 2025/12/07 23:37:12.426 Add Basket MarketNo：2 StockIdx：1182
[20976] 2025/12/07 23:37:12.426 Divide StockNo {OBF00}
[20976] 2025/12/07 23:37:12.426 Add Basket MarketNo：2 StockIdx：1188
[20976] 2025/12/07 23:37:12.426 Divide StockNo {ODF00}
[20976] 2025/12/07 23:37:12.426 Add Basket MarketNo：2 StockIdx：1194
[20976] 2025/12/07 23:37:12.426 Divide StockNo {OEF00}
[20976] 2025/12/07 23:37:12.426 Add Basket MarketNo：2 StockIdx：1200
[20976] 2025/12/07 23:37:12.426 Divide StockNo {OHF00}
[20976] 2025/12/07 23:37:12.426 Add Basket MarketNo：2 StockIdx：1206
[20976] 2025/12/07 23:37:12.426 Divide StockNo {OJF00}
[20976] 2025/12/07 23:37:12.426 Add Basket MarketNo：2 StockIdx：1212
[20976] 2025/12/07 23:37:12.426 Divide StockNo {OKF00}
[20976] 2025/12/07 23:37:12.426 Add Basket MarketNo：2 StockIdx：1218
[20976] 2025/12/07 23:37:12.426 Divide StockNo {OLF00}
[20976] 2025/12/07 23:37:12.426 Add Basket MarketNo：2 StockIdx：1224
[20976] 2025/12/07 23:37:12.426 Divide StockNo {OMF00}
[20976] 2025/12/07 23:37:12.426 Add Basket MarketNo：2 StockIdx：1230
[20976] 2025/12/07 23:37:12.426 Divide StockNo {OOF00}
[20976] 2025/12/07 23:37:12.426 Add Basket MarketNo：2 StockIdx：1236
[20976] 2025/12/07 23:37:12.426 Divide StockNo {OPF00}
[20976] 2025/12/07 23:37:12.426 Add Basket MarketNo：2 StockIdx：1242
[20976] 2025/12/07 23:37:12.426 Divide StockNo {OQF00}
[20976] 2025/12/07 23:37:12.426 Add Basket MarketNo：2 StockIdx：1248
[20976] 2025/12/07 23:37:12.426 Divide StockNo {ORF00}
[20976] 2025/12/07 23:37:12.426 Add Basket MarketNo：2 StockIdx：1254
[20976] 2025/12/07 23:37:12.426 Divide StockNo {OSF00}
[20976] 2025/12/07 23:37:12.426 Add Basket MarketNo：2 StockIdx：1260
[20976] 2025/12/07 23:37:12.426 Divide StockNo {OTF00}
[20976] 2025/12/07 23:37:12.426 Add Basket MarketNo：2 StockIdx：1266
[20976] 2025/12/07 23:37:12.426 Divide StockNo {OUF00}
[20976] 2025/12/07 23:37:12.426 Add Basket MarketNo：2 StockIdx：1272
[20976] 2025/12/07 23:37:12.426 Divide StockNo {OVF00}
[20976] 2025/12/07 23:37:12.426 Add Basket MarketNo：2 StockIdx：1278
[20976] 2025/12/07 23:37:12.426 Divide StockNo {OWF00}
[20976] 2025/12/07 23:37:12.426 Add Basket MarketNo：2 StockIdx：1284
[20976] 2025/12/07 23:37:12.426 Divide StockNo {OXF00}
[20976] 2025/12/07 23:37:12.426 Add Basket MarketNo：2 StockIdx：1290
[20976] 2025/12/07 23:37:12.426 Divide StockNo {OYF00}
[20976] 2025/12/07 23:37:12.426 Add Basket MarketNo：2 StockIdx：1296
[20976] 2025/12/07 23:37:12.426 Divide StockNo {OZF00}
[20976] 2025/12/07 23:37:12.426 Add Basket MarketNo：2 StockIdx：1302
[20976] 2025/12/07 23:37:12.426 Divide StockNo {PAF00}
[20976] 2025/12/07 23:37:12.426 Add Basket MarketNo：2 StockIdx：1308
[20976] 2025/12/07 23:37:12.426 Divide StockNo {PBF00}
[20976] 2025/12/07 23:37:12.426 Add Basket MarketNo：2 StockIdx：1314
[20976] 2025/12/07 23:37:12.426 Divide StockNo {PCF00}
[20976] 2025/12/07 23:37:12.426 Add Basket MarketNo：2 StockIdx：1320
[20976] 2025/12/07 23:37:12.426 Divide StockNo {PDF00}
[20976] 2025/12/07 23:37:12.427 Add Basket MarketNo：2 StockIdx：1326
[20976] 2025/12/07 23:37:12.427 Divide StockNo {PEF00}
[20976] 2025/12/07 23:37:12.427 Add Basket MarketNo：2 StockIdx：1332
[20976] 2025/12/07 23:37:12.427 Divide StockNo {PFF00}
[20976] 2025/12/07 23:37:12.427 Add Basket MarketNo：2 StockIdx：1338
[20976] 2025/12/07 23:37:12.427 Divide StockNo {PGF00}
[20976] 2025/12/07 23:37:12.427 Add Basket MarketNo：2 StockIdx：1344
[20976] 2025/12/07 23:37:12.427 Divide StockNo {PHF00}
[20976] 2025/12/07 23:37:12.427 Add Basket MarketNo：2 StockIdx：1350
[20976] 2025/12/07 23:37:12.427 Divide StockNo {PIF00}
[20976] 2025/12/07 23:37:12.427 Add Basket MarketNo：2 StockIdx：1356
[20976] 2025/12/07 23:37:12.427 Divide StockNo {PJF00}
[20976] 2025/12/07 23:37:12.427 Add Basket MarketNo：2 StockIdx：1362
[20976] 2025/12/07 23:37:12.427 Divide StockNo {PKF00}
[20976] 2025/12/07 23:37:12.427 Add Basket MarketNo：2 StockIdx：1368
[20976] 2025/12/07 23:37:12.427 Divide StockNo {PLF00}
[20976] 2025/12/07 23:37:12.427 Add Basket MarketNo：2 StockIdx：1374
[20976] 2025/12/07 23:37:12.427 Divide StockNo {PMF00}
[20976] 2025/12/07 23:37:12.427 Add Basket MarketNo：2 StockIdx：1380
[20976] 2025/12/07 23:37:12.427 Divide StockNo {PNF00}
[20976] 2025/12/07 23:37:12.427 Add Basket MarketNo：2 StockIdx：1386
[20976] 2025/12/07 23:37:12.427 Divide StockNo {PPF00}
[20976] 2025/12/07 23:37:12.427 Add Basket MarketNo：2 StockIdx：1392
[20976] 2025/12/07 23:37:12.427 Divide StockNo {PQF00}
[20976] 2025/12/07 23:37:12.427 Add Basket MarketNo：2 StockIdx：1398
[20976] 2025/12/07 23:37:12.427 Divide StockNo {PRF00}
[20976] 2025/12/07 23:37:12.427 Add Basket MarketNo：2 StockIdx：1404
[20976] 2025/12/07 23:37:12.427 Divide StockNo {PSF00}
[20976] 2025/12/07 23:37:12.427 Add Basket MarketNo：2 StockIdx：1410
[20976] 2025/12/07 23:37:12.427 Divide StockNo {PTF00}
[20976] 2025/12/07 23:37:12.427 Add Basket MarketNo：2 StockIdx：1418
[20976] 2025/12/07 23:37:12.427 Divide StockNo {PUF00}
[20976] 2025/12/07 23:37:12.427 Add Basket MarketNo：2 StockIdx：1424
[20976] 2025/12/07 23:37:12.427 Divide StockNo {PVF00}
[20976] 2025/12/07 23:37:12.427 Add Basket MarketNo：2 StockIdx：1430
[20976] 2025/12/07 23:37:12.427 Divide StockNo {PWF00}
[20976] 2025/12/07 23:37:12.427 Add Basket MarketNo：2 StockIdx：1436
[20976] 2025/12/07 23:37:12.427 Divide StockNo {PXF00}
[20976] 2025/12/07 23:37:12.427 Add Basket MarketNo：2 StockIdx：1442
[20976] 2025/12/07 23:37:12.427 Divide StockNo {PYF00}
[20976] 2025/12/07 23:37:12.427 Add Basket MarketNo：2 StockIdx：1448
[20976] 2025/12/07 23:37:12.427 Divide StockNo {PZF00}
[20976] 2025/12/07 23:37:12.427 Add Basket MarketNo：2 StockIdx：1454
[20976] 2025/12/07 23:37:12.427 Divide StockNo {QAF00}
[20976] 2025/12/07 23:37:12.427 Add Basket MarketNo：2 StockIdx：1460
[20976] 2025/12/07 23:37:12.427 Divide StockNo {QBF00}
[20976] 2025/12/07 23:37:12.427 Add Basket MarketNo：2 StockIdx：1466
[20976] 2025/12/07 23:37:12.427 Divide StockNo {QCF00}
[20976] 2025/12/07 23:37:12.427 Add Basket MarketNo：2 StockIdx：1472
[20976] 2025/12/07 23:37:12.427 Divide StockNo {QDF00}
[20976] 2025/12/07 23:37:12.427 Add Basket MarketNo：2 StockIdx：1478
[20976] 2025/12/07 23:37:12.427 Divide StockNo {QEF00}
[20976] 2025/12/07 23:37:12.427 Add Basket MarketNo：2 StockIdx：1484
[20976] 2025/12/07 23:37:12.427 Divide StockNo {QFF00}
[20976] 2025/12/07 23:37:12.427 Add Basket MarketNo：2 StockIdx：5664
[20976] 2025/12/07 23:37:12.427 Divide StockNo {QGF00}
[20976] 2025/12/07 23:37:12.427 Add Basket MarketNo：2 StockIdx：1498
[20976] 2025/12/07 23:37:12.427 Divide StockNo {QHF00}
[20976] 2025/12/07 23:37:12.427 Add Basket MarketNo：2 StockIdx：1504
[20976] 2025/12/07 23:37:12.427 Divide StockNo {QIF00}
[20976] 2025/12/07 23:37:12.427 Add Basket MarketNo：2 StockIdx：1510
[20976] 2025/12/07 23:37:12.427 Divide StockNo {QJF00}
[20976] 2025/12/07 23:37:12.427 Add Basket MarketNo：2 StockIdx：1514
[20976] 2025/12/07 23:37:12.427 Divide StockNo {QKF00}
[20976] 2025/12/07 23:37:12.427 Add Basket MarketNo：2 StockIdx：1520
[20976] 2025/12/07 23:37:12.427 Divide StockNo {QLF00}
[20976] 2025/12/07 23:37:12.427 Add Basket MarketNo：2 StockIdx：1526
[20976] 2025/12/07 23:37:12.427 Divide StockNo {QMF00}
[20976] 2025/12/07 23:37:12.427 Add Basket MarketNo：2 StockIdx：1532
[20976] 2025/12/07 23:37:12.427 Divide StockNo {QNF00}
[20976] 2025/12/07 23:37:12.427 Add Basket MarketNo：2 StockIdx：1538
[20976] 2025/12/07 23:37:12.428 Divide StockNo {QOF00}
[20976] 2025/12/07 23:37:12.428 Add Basket MarketNo：2 StockIdx：1544
[20976] 2025/12/07 23:37:12.428 Divide StockNo {QPF00}
[20976] 2025/12/07 23:37:12.428 Add Basket MarketNo：2 StockIdx：1550
[20976] 2025/12/07 23:37:12.428 Divide StockNo {QQF00}
[20976] 2025/12/07 23:37:12.428 Add Basket MarketNo：2 StockIdx：1556
[20976] 2025/12/07 23:37:12.428 Divide StockNo {QRF00}
[20976] 2025/12/07 23:37:12.428 Add Basket MarketNo：2 StockIdx：1562
[20976] 2025/12/07 23:37:12.428 Divide StockNo {QSF00}
[20976] 2025/12/07 23:37:12.428 Add Basket MarketNo：2 StockIdx：1568
[20976] 2025/12/07 23:37:12.428 Divide StockNo {QTF00}
[20976] 2025/12/07 23:37:12.428 Add Basket MarketNo：2 StockIdx：1574
[20976] 2025/12/07 23:37:12.428 Divide StockNo {QUF00}
[20976] 2025/12/07 23:37:12.428 Add Basket MarketNo：2 StockIdx：1580
[20976] 2025/12/07 23:37:12.428 Divide StockNo {QVF00}
[20976] 2025/12/07 23:37:12.428 Add Basket MarketNo：2 StockIdx：1586
[20976] 2025/12/07 23:37:12.428 Divide StockNo {QWF00}
[20976] 2025/12/07 23:37:12.428 Add Basket MarketNo：2 StockIdx：1592
[20976] 2025/12/07 23:37:12.428 Divide StockNo {QXF00}
[20976] 2025/12/07 23:37:12.428 Add Basket MarketNo：2 StockIdx：1598
[20976] 2025/12/07 23:37:12.428 Divide StockNo {QYF00}
[20976] 2025/12/07 23:37:12.428 Add Basket MarketNo：2 StockIdx：1604
[20976] 2025/12/07 23:37:12.428 Divide StockNo {QZF00}
[20976] 2025/12/07 23:37:12.428 Add Basket MarketNo：2 StockIdx：1610
[20976] 2025/12/07 23:37:12.428 Divide StockNo {RAF00}
[20976] 2025/12/07 23:37:12.428 Add Basket MarketNo：2 StockIdx：1616
[20976] 2025/12/07 23:37:12.428 Divide StockNo {RBF00}
[20976] 2025/12/07 23:37:12.428 Add Basket MarketNo：2 StockIdx：1622
[20976] 2025/12/07 23:37:12.428 Divide StockNo {RCF00}
[20976] 2025/12/07 23:37:12.428 Add Basket MarketNo：2 StockIdx：1628
[20976] 2025/12/07 23:37:12.428 Divide StockNo {RDF00}
[20976] 2025/12/07 23:37:12.428 Add Basket MarketNo：2 StockIdx：1634
[20976] 2025/12/07 23:37:12.428 Divide StockNo {REF00}
[20976] 2025/12/07 23:37:12.428 Add Basket MarketNo：2 StockIdx：1640
[20976] 2025/12/07 23:37:12.428 Divide StockNo {RFF00}
[20976] 2025/12/07 23:37:12.428 Add Basket MarketNo：2 StockIdx：1646
[20976] 2025/12/07 23:37:12.428 Divide StockNo {RGF00}
[20976] 2025/12/07 23:37:12.428 Add Basket MarketNo：2 StockIdx：1652
[20976] 2025/12/07 23:37:12.428 Divide StockNo {RIF00}
[20976] 2025/12/07 23:37:12.428 Add Basket MarketNo：2 StockIdx：1658
[20976] 2025/12/07 23:37:12.428 Divide StockNo {RJF00}
[20976] 2025/12/07 23:37:12.428 Add Basket MarketNo：2 StockIdx：1664
[20976] 2025/12/07 23:37:12.428 Divide StockNo {RKF00}
[20976] 2025/12/07 23:37:12.428 Add Basket MarketNo：2 StockIdx：1670
[20976] 2025/12/07 23:37:12.428 Divide StockNo {RLF00}
[20976] 2025/12/07 23:37:12.428 Add Basket MarketNo：2 StockIdx：1676
[20976] 2025/12/07 23:37:12.428 Divide StockNo {RMF00}
[20976] 2025/12/07 23:37:12.431 Stock Is Not Exist 
[20976] 2025/12/07 23:37:12.431 Divide StockNo {RNF00}
[20976] 2025/12/07 23:37:12.431 Add Basket MarketNo：2 StockIdx：1682
[20976] 2025/12/07 23:37:12.431 Divide StockNo {ROF00}
[20976] 2025/12/07 23:37:12.431 Add Basket MarketNo：2 StockIdx：1688
[20976] 2025/12/07 23:37:12.431 Divide StockNo {RPF00}
[20976] 2025/12/07 23:37:12.431 Add Basket MarketNo：2 StockIdx：1694
[20976] 2025/12/07 23:37:12.431 Divide StockNo {RQF00}
[20976] 2025/12/07 23:37:12.431 Stock Is Not Exist 
[20976] 2025/12/07 23:37:12.431 Divide StockNo {RRF00}
[20976] 2025/12/07 23:37:12.431 Add Basket MarketNo：2 StockIdx：1702
[20976] 2025/12/07 23:37:12.431 Divide StockNo {RSF00}
[20976] 2025/12/07 23:37:12.431 Add Basket MarketNo：2 StockIdx：1708
[20976] 2025/12/07 23:37:12.431 Divide StockNo {RUF00}
[20976] 2025/12/07 23:37:12.431 Add Basket MarketNo：2 StockIdx：1714
[20976] 2025/12/07 23:37:12.431 Divide StockNo {RVF00}
[20976] 2025/12/07 23:37:12.431 Add Basket MarketNo：2 StockIdx：1720
[20976] 2025/12/07 23:37:12.431 Divide StockNo {RWF00}
[20976] 2025/12/07 23:37:12.431 Add Basket MarketNo：2 StockIdx：1726
[20976] 2025/12/07 23:37:12.431 Divide StockNo {RXF00}
[20976] 2025/12/07 23:37:12.431 Add Basket MarketNo：2 StockIdx：1732
[20976] 2025/12/07 23:37:12.431 Divide StockNo {RYF00}
[20976] 2025/12/07 23:37:12.432 Add Basket MarketNo：2 StockIdx：1738
[20976] 2025/12/07 23:37:12.432 Divide StockNo {RZF00}
[20976] 2025/12/07 23:37:12.432 Add Basket MarketNo：2 StockIdx：5670
[20976] 2025/12/07 23:37:12.432 Divide StockNo {SAF00}
[20976] 2025/12/07 23:37:12.432 Add Basket MarketNo：2 StockIdx：1750
[20976] 2025/12/07 23:37:12.432 Divide StockNo {SBF00}
[20976] 2025/12/07 23:37:12.432 Add Basket MarketNo：2 StockIdx：1756
[20976] 2025/12/07 23:37:12.432 Divide StockNo {SCF00}
[20976] 2025/12/07 23:37:12.432 Add Basket MarketNo：2 StockIdx：1762
[20976] 2025/12/07 23:37:12.432 Divide StockNo {SDF00}
[20976] 2025/12/07 23:37:12.432 Add Basket MarketNo：2 StockIdx：1768
[20976] 2025/12/07 23:37:12.432 Divide StockNo {SEF00}
[20976] 2025/12/07 23:37:12.432 Add Basket MarketNo：2 StockIdx：1774
[20976] 2025/12/07 23:37:12.432 Divide StockNo {SFF00}
[20976] 2025/12/07 23:37:12.432 Add Basket MarketNo：2 StockIdx：1780
[20976] 2025/12/07 23:37:12.432 Divide StockNo {SGF00}
[20976] 2025/12/07 23:37:12.432 Add Basket MarketNo：2 StockIdx：1786
[20976] 2025/12/07 23:37:12.432 Divide StockNo {SIF00}
[20976] 2025/12/07 23:37:12.432 Add Basket MarketNo：2 StockIdx：1792
[20976] 2025/12/07 23:37:12.432 Divide StockNo {SJF00}
[20976] 2025/12/07 23:37:12.432 Add Basket MarketNo：2 StockIdx：1798
[20976] 2025/12/07 23:37:12.432 Divide StockNo {SKF00}
[20976] 2025/12/07 23:37:12.432 Add Basket MarketNo：2 StockIdx：1804
[20976] 2025/12/07 23:37:12.432 Divide StockNo {SLF00}
[20976] 2025/12/07 23:37:12.432 Add Basket MarketNo：2 StockIdx：1810
[20976] 2025/12/07 23:37:12.432 Divide StockNo {SMF00}
[20976] 2025/12/07 23:37:12.432 Add Basket MarketNo：2 StockIdx：1816
[20976] 2025/12/07 23:37:12.432 Divide StockNo {SNF00}
[20976] 2025/12/07 23:37:12.432 Add Basket MarketNo：2 StockIdx：1822
[20976] 2025/12/07 23:37:12.432 Divide StockNo {SQF00}
[20976] 2025/12/07 23:37:12.432 Add Basket MarketNo：2 StockIdx：1828
[20976] 2025/12/07 23:37:12.432 Divide StockNo {SRF00}
[20976] 2025/12/07 23:37:12.432 Add Basket MarketNo：2 StockIdx：5676
[20976] 2025/12/07 23:37:12.432 Divide StockNo {SSF00}
[20976] 2025/12/07 23:37:12.432 Add Basket MarketNo：2 StockIdx：1842
[20976] 2025/12/07 23:37:12.432 Divide StockNo {SUF00}
[20976] 2025/12/07 23:37:12.432 Add Basket MarketNo：2 StockIdx：1848
[20976] 2025/12/07 23:37:12.432 Divide StockNo {SVF00}
[20976] 2025/12/07 23:37:12.432 Add Basket MarketNo：2 StockIdx：1854
[20976] 2025/12/07 23:37:12.432 Divide StockNo {SWF00}
[20976] 2025/12/07 23:37:12.432 Add Basket MarketNo：2 StockIdx：1860
[20976] 2025/12/07 23:37:12.432 Divide StockNo {SYF00}
[20976] 2025/12/07 23:37:12.432 Add Basket MarketNo：2 StockIdx：1866
[20976] 2025/12/07 23:37:12.432 Divide StockNo {SZF00}
[20976] 2025/12/07 23:37:12.432 Add Basket MarketNo：2 StockIdx：1872
[20976] 2025/12/07 23:37:12.432 Divide StockNo {UAF00}
[20976] 2025/12/07 23:37:12.432 Add Basket MarketNo：2 StockIdx：1878
[20976] 2025/12/07 23:37:12.432 Divide StockNo {UBF00}
[20976] 2025/12/07 23:37:12.432 Add Basket MarketNo：2 StockIdx：1884
[20976] 2025/12/07 23:37:12.432 Divide StockNo {UCF00}
[20976] 2025/12/07 23:37:12.432 Add Basket MarketNo：2 StockIdx：1890
[20976] 2025/12/07 23:37:12.432 Divide StockNo {UEF00}
[20976] 2025/12/07 23:37:12.432 Add Basket MarketNo：2 StockIdx：1896
[20976] 2025/12/07 23:37:12.432 Divide StockNo {UFF00}
[20976] 2025/12/07 23:37:12.432 Add Basket MarketNo：2 StockIdx：1902
[20976] 2025/12/07 23:37:12.432 Divide StockNo {UGF00}
[20976] 2025/12/07 23:37:12.432 Add Basket MarketNo：2 StockIdx：1908
[20976] 2025/12/07 23:37:12.432 Divide StockNo {UHF00}
[20976] 2025/12/07 23:37:12.432 Add Basket MarketNo：2 StockIdx：1914
[20976] 2025/12/07 23:37:12.432 Divide StockNo {UIF00}
[20976] 2025/12/07 23:37:12.432 Add Basket MarketNo：2 StockIdx：1920
[20976] 2025/12/07 23:37:12.432 Divide StockNo {UJF00}
[20976] 2025/12/07 23:37:12.432 Add Basket MarketNo：2 StockIdx：1926
[20976] 2025/12/07 23:37:12.432 Divide StockNo {UKF00}
[20976] 2025/12/07 23:37:12.432 Add Basket MarketNo：2 StockIdx：1932
[20976] 2025/12/07 23:37:12.432 Divide StockNo {ULF00}
[20976] 2025/12/07 23:37:12.432 Add Basket MarketNo：2 StockIdx：1938
[20976] 2025/12/07 23:37:12.432 Divide StockNo {UMF00}
[20976] 2025/12/07 23:37:12.432 Add Basket MarketNo：2 StockIdx：1944
[20976] 2025/12/07 23:37:12.432 Divide StockNo {UOF00}
[20976] 2025/12/07 23:37:12.432 Add Basket MarketNo：2 StockIdx：1950
[20976] 2025/12/07 23:37:12.432 Divide StockNo {UPF00}
[20976] 2025/12/07 23:37:12.432 Add Basket MarketNo：2 StockIdx：1956
[20976] 2025/12/07 23:37:12.433 Divide StockNo {UQF00}
[20976] 2025/12/07 23:37:12.433 Add Basket MarketNo：2 StockIdx：1962
[20976] 2025/12/07 23:37:12.433 Divide StockNo {URF00}
[20976] 2025/12/07 23:37:12.433 Add Basket MarketNo：2 StockIdx：1970
[20976] 2025/12/07 23:37:12.433 Divide StockNo {USF00}
[20976] 2025/12/07 23:37:12.433 Add Basket MarketNo：2 StockIdx：1976
[20976] 2025/12/07 23:37:12.433 Divide StockNo {UTF00}
[20976] 2025/12/07 23:37:12.433 Add Basket MarketNo：2 StockIdx：1982
[20976] 2025/12/07 23:37:12.433 Divide StockNo {UUF00}
[20976] 2025/12/07 23:37:12.433 Add Basket MarketNo：2 StockIdx：1988
[20976] 2025/12/07 23:37:12.433 Divide StockNo {UVF00}
[20976] 2025/12/07 23:37:12.433 Add Basket MarketNo：2 StockIdx：1994
[20976] 2025/12/07 23:37:12.433 Divide StockNo {UWF00}
[20976] 2025/12/07 23:37:12.433 Add Basket MarketNo：2 StockIdx：2000
[20976] 2025/12/07 23:37:12.433 Divide StockNo {0050}
[20976] 2025/12/07 23:37:12.433 Add Basket MarketNo：0 StockIdx：0
[20976] 2025/12/07 23:37:12.433 Divide StockNo {0056}
[20976] 2025/12/07 23:37:12.433 Add Basket MarketNo：0 StockIdx：5
[20976] 2025/12/07 23:37:12.433 Divide StockNo {006205}
[20976] 2025/12/07 23:37:12.433 Add Basket MarketNo：0 StockIdx：10
[20976] 2025/12/07 23:37:12.433 Divide StockNo {006206}
[20976] 2025/12/07 23:37:12.433 Add Basket MarketNo：0 StockIdx：11
[20976] 2025/12/07 23:37:12.433 Divide StockNo {00636}
[20976] 2025/12/07 23:37:12.433 Add Basket MarketNo：0 StockIdx：20
[20976] 2025/12/07 23:37:12.433 Divide StockNo {00639}
[20976] 2025/12/07 23:37:12.433 Add Basket MarketNo：0 StockIdx：24
[20976] 2025/12/07 23:37:12.433 Divide StockNo {00643}
[20976] 2025/12/07 23:37:12.433 Add Basket MarketNo：0 StockIdx：28
[20976] 2025/12/07 23:37:12.433 Divide StockNo {00679B}
[20976] 2025/12/07 23:37:12.433 Add Basket MarketNo：1 StockIdx：1
[20976] 2025/12/07 23:37:12.433 Divide StockNo {00687B}
[20976] 2025/12/07 23:37:12.433 Add Basket MarketNo：1 StockIdx：2
[20976] 2025/12/07 23:37:12.433 Divide StockNo {00719B}
[20976] 2025/12/07 23:37:12.433 Add Basket MarketNo：1 StockIdx：8
[20976] 2025/12/07 23:37:12.433 Divide StockNo {00757}
[20976] 2025/12/07 23:37:12.433 Add Basket MarketNo：0 StockIdx：97
[20976] 2025/12/07 23:37:12.433 Divide StockNo {00772B}
[20976] 2025/12/07 23:37:12.433 Add Basket MarketNo：1 StockIdx：32
[20976] 2025/12/07 23:37:12.433 Divide StockNo {00878}
[20976] 2025/12/07 23:37:12.433 Add Basket MarketNo：0 StockIdx：112
[20976] 2025/12/07 23:37:12.433 Divide StockNo {00885}
[20976] 2025/12/07 23:37:12.433 Add Basket MarketNo：0 StockIdx：115
[20976] 2025/12/07 23:37:12.433 Divide StockNo {00893}
[20976] 2025/12/07 23:37:12.433 Add Basket MarketNo：0 StockIdx：118
[20976] 2025/12/07 23:37:12.433 Divide StockNo {00919}
[20976] 2025/12/07 23:37:12.433 Add Basket MarketNo：0 StockIdx：142
[20976] 2025/12/07 23:37:12.433 Divide StockNo {00923}
[20976] 2025/12/07 23:37:12.433 Add Basket MarketNo：0 StockIdx：146
[20976] 2025/12/07 23:37:12.433 Divide StockNo {00929}
[20976] 2025/12/07 23:37:12.433 Add Basket MarketNo：0 StockIdx：150
[20976] 2025/12/07 23:37:12.433 Divide StockNo {00937B}
[20976] 2025/12/07 23:37:12.433 Add Basket MarketNo：1 StockIdx：82
[20976] 2025/12/07 23:37:12.433 Divide StockNo {00940}
[20976] 2025/12/07 23:37:12.433 Add Basket MarketNo：0 StockIdx：158
[20976] 2025/12/07 23:37:12.433 Divide StockNo {1101}
[20976] 2025/12/07 23:37:12.433 Add Basket MarketNo：0 StockIdx：33978
[20976] 2025/12/07 23:37:12.433 Divide StockNo {1102}
[20976] 2025/12/07 23:37:12.433 Add Basket MarketNo：0 StockIdx：33980
[20976] 2025/12/07 23:37:12.433 Divide StockNo {1210}
[20976] 2025/12/07 23:37:12.433 Add Basket MarketNo：0 StockIdx：33988
[20976] 2025/12/07 23:37:12.433 Divide StockNo {1216}
[20976] 2025/12/07 23:37:12.433 Add Basket MarketNo：0 StockIdx：33991
[20976] 2025/12/07 23:37:12.433 Divide StockNo {1301}
[20976] 2025/12/07 23:37:12.433 Add Basket MarketNo：0 StockIdx：34006
[20976] 2025/12/07 23:37:12.433 Divide StockNo {1303}
[20976] 2025/12/07 23:37:12.433 Add Basket MarketNo：0 StockIdx：34007
[20976] 2025/12/07 23:37:12.433 Divide StockNo {1312}
[20976] 2025/12/07 23:37:12.433 Add Basket MarketNo：0 StockIdx：34014
[20976] 2025/12/07 23:37:12.433 Divide StockNo {1314}
[20976] 2025/12/07 23:37:12.433 Add Basket MarketNo：0 StockIdx：34017
[20976] 2025/12/07 23:37:12.433 Divide StockNo {1319}
[20976] 2025/12/07 23:37:12.433 Add Basket MarketNo：0 StockIdx：34020
[20976] 2025/12/07 23:37:12.433 Divide StockNo {1326}
[20976] 2025/12/07 23:37:12.434 Add Basket MarketNo：0 StockIdx：34025
[20976] 2025/12/07 23:37:12.434 Divide StockNo {1402}
[20976] 2025/12/07 23:37:12.434 Add Basket MarketNo：0 StockIdx：34032
[20976] 2025/12/07 23:37:12.434 Divide StockNo {1440}
[20976] 2025/12/07 23:37:12.434 Add Basket MarketNo：0 StockIdx：34049
[20976] 2025/12/07 23:37:12.434 Divide StockNo {1476}
[20976] 2025/12/07 23:37:12.434 Add Basket MarketNo：0 StockIdx：34079
[20976] 2025/12/07 23:37:12.434 Divide StockNo {1477}
[20976] 2025/12/07 23:37:12.434 Add Basket MarketNo：0 StockIdx：34080
[20976] 2025/12/07 23:37:12.434 Divide StockNo {1503}
[20976] 2025/12/07 23:37:12.434 Add Basket MarketNo：0 StockIdx：34081
[20976] 2025/12/07 23:37:12.434 Divide StockNo {1504}
[20976] 2025/12/07 23:37:12.434 Add Basket MarketNo：0 StockIdx：34082
[20976] 2025/12/07 23:37:12.434 Divide StockNo {1513}
[20976] 2025/12/07 23:37:12.434 Add Basket MarketNo：0 StockIdx：34085
[20976] 2025/12/07 23:37:12.434 Divide StockNo {1536}
[20976] 2025/12/07 23:37:12.434 Add Basket MarketNo：0 StockIdx：34105
[20976] 2025/12/07 23:37:12.434 Divide StockNo {1565}
[20976] 2025/12/07 23:37:12.434 Add Basket MarketNo：1 StockIdx：139
[20976] 2025/12/07 23:37:12.434 Divide StockNo {1590}
[20976] 2025/12/07 23:37:12.434 Add Basket MarketNo：0 StockIdx：34119
[20976] 2025/12/07 23:37:12.434 Divide StockNo {1605}
[20976] 2025/12/07 23:37:12.434 Add Basket MarketNo：0 StockIdx：34124
[20976] 2025/12/07 23:37:12.434 Divide StockNo {1609}
[20976] 2025/12/07 23:37:12.434 Add Basket MarketNo：0 StockIdx：34126
[20976] 2025/12/07 23:37:12.434 Divide StockNo {1707}
[20976] 2025/12/07 23:37:12.434 Add Basket MarketNo：0 StockIdx：34136
[20976] 2025/12/07 23:37:12.434 Divide StockNo {1717}
[20976] 2025/12/07 23:37:12.434 Add Basket MarketNo：0 StockIdx：34144
[20976] 2025/12/07 23:37:12.434 Divide StockNo {1718}
[20976] 2025/12/07 23:37:12.434 Add Basket MarketNo：0 StockIdx：34145
[20976] 2025/12/07 23:37:12.434 Divide StockNo {1722}
[20976] 2025/12/07 23:37:12.434 Add Basket MarketNo：0 StockIdx：34148
[20976] 2025/12/07 23:37:12.434 Divide StockNo {1795}
[20976] 2025/12/07 23:37:12.434 Add Basket MarketNo：0 StockIdx：34169
[20976] 2025/12/07 23:37:12.434 Divide StockNo {1802}
[20976] 2025/12/07 23:37:12.434 Add Basket MarketNo：0 StockIdx：34170
[20976] 2025/12/07 23:37:12.434 Divide StockNo {1904}
[20976] 2025/12/07 23:37:12.434 Add Basket MarketNo：0 StockIdx：34178
[20976] 2025/12/07 23:37:12.434 Divide StockNo {1905}
[20976] 2025/12/07 23:37:12.434 Add Basket MarketNo：0 StockIdx：34179
[20976] 2025/12/07 23:37:12.434 Divide StockNo {1907}
[20976] 2025/12/07 23:37:12.434 Add Basket MarketNo：0 StockIdx：34181
[20976] 2025/12/07 23:37:12.434 Divide StockNo {1909}
[20976] 2025/12/07 23:37:12.434 Add Basket MarketNo：0 StockIdx：34182
[20976] 2025/12/07 23:37:12.434 Divide StockNo {2002}
[20976] 2025/12/07 23:37:12.434 Add Basket MarketNo：0 StockIdx：34183
[20976] 2025/12/07 23:37:12.434 Divide StockNo {2006}
[20976] 2025/12/07 23:37:12.434 Add Basket MarketNo：0 StockIdx：34185
[20976] 2025/12/07 23:37:12.434 Divide StockNo {2014}
[20976] 2025/12/07 23:37:12.434 Add Basket MarketNo：0 StockIdx：34192
[20976] 2025/12/07 23:37:12.434 Divide StockNo {2027}
[20976] 2025/12/07 23:37:12.434 Add Basket MarketNo：0 StockIdx：34200
[20976] 2025/12/07 23:37:12.434 Divide StockNo {2049}
[20976] 2025/12/07 23:37:12.434 Add Basket MarketNo：0 StockIdx：34209
[20976] 2025/12/07 23:37:12.434 Divide StockNo {2059}
[20976] 2025/12/07 23:37:12.434 Add Basket MarketNo：0 StockIdx：34210
[20976] 2025/12/07 23:37:12.434 Divide StockNo {2105}
[20976] 2025/12/07 23:37:12.434 Add Basket MarketNo：0 StockIdx：34217
[20976] 2025/12/07 23:37:12.434 Divide StockNo {2201}
[20976] 2025/12/07 23:37:12.434 Add Basket MarketNo：0 StockIdx：34224
[20976] 2025/12/07 23:37:12.434 Divide StockNo {2231}
[20976] 2025/12/07 23:37:12.434 Add Basket MarketNo：0 StockIdx：34232
[20976] 2025/12/07 23:37:12.434 Divide StockNo {2301}
[20976] 2025/12/07 23:37:12.434 Add Basket MarketNo：0 StockIdx：34243
[20976] 2025/12/07 23:37:12.434 Divide StockNo {2303}
[20976] 2025/12/07 23:37:12.434 Add Basket MarketNo：0 StockIdx：34245
[20976] 2025/12/07 23:37:12.434 Divide StockNo {2308}
[20976] 2025/12/07 23:37:12.434 Add Basket MarketNo：0 StockIdx：34247
[20976] 2025/12/07 23:37:12.435 Divide StockNo {2312}
[20976] 2025/12/07 23:37:12.435 Add Basket MarketNo：0 StockIdx：34248
[20976] 2025/12/07 23:37:12.435 Divide StockNo {2313}
[20976] 2025/12/07 23:37:12.435 Add Basket MarketNo：0 StockIdx：34249
[20976] 2025/12/07 23:37:12.435 Divide StockNo {2317}
[20976] 2025/12/07 23:37:12.435 Add Basket MarketNo：0 StockIdx：34252
[20976] 2025/12/07 23:37:12.435 Divide StockNo {2323}
[20976] 2025/12/07 23:37:12.435 Add Basket MarketNo：0 StockIdx：34254
[20976] 2025/12/07 23:37:12.435 Divide StockNo {2324}
[20976] 2025/12/07 23:37:12.435 Add Basket MarketNo：0 StockIdx：34255
[20976] 2025/12/07 23:37:12.435 Divide StockNo {2327}
[20976] 2025/12/07 23:37:12.435 Add Basket MarketNo：0 StockIdx：34256
[20976] 2025/12/07 23:37:12.435 Divide StockNo {2328}
[20976] 2025/12/07 23:37:12.435 Add Basket MarketNo：0 StockIdx：34257
[20976] 2025/12/07 23:37:12.435 Divide StockNo {2330}
[20976] 2025/12/07 23:37:12.435 Add Basket MarketNo：0 StockIdx：34259
[20976] 2025/12/07 23:37:12.435 Divide StockNo {2331}
[20976] 2025/12/07 23:37:12.435 Add Basket MarketNo：0 StockIdx：34260
[20976] 2025/12/07 23:37:12.435 Divide StockNo {2332}
[20976] 2025/12/07 23:37:12.435 Add Basket MarketNo：0 StockIdx：34261
[20976] 2025/12/07 23:37:12.435 Divide StockNo {2337}
[20976] 2025/12/07 23:37:12.435 Add Basket MarketNo：0 StockIdx：34262
[20976] 2025/12/07 23:37:12.435 Divide StockNo {2338}
[20976] 2025/12/07 23:37:12.435 Add Basket MarketNo：0 StockIdx：34263
[20976] 2025/12/07 23:37:12.435 Divide StockNo {2340}
[20976] 2025/12/07 23:37:12.435 Add Basket MarketNo：0 StockIdx：34264
[20976] 2025/12/07 23:37:12.435 Divide StockNo {2344}
[20976] 2025/12/07 23:37:12.435 Add Basket MarketNo：0 StockIdx：34266
[20976] 2025/12/07 23:37:12.435 Divide StockNo {2345}
[20976] 2025/12/07 23:37:12.435 Add Basket MarketNo：0 StockIdx：34267
[20976] 2025/12/07 23:37:12.435 Divide StockNo {2347}
[20976] 2025/12/07 23:37:12.435 Add Basket MarketNo：0 StockIdx：34268
[20976] 2025/12/07 23:37:12.435 Divide StockNo {2352}
[20976] 2025/12/07 23:37:12.435 Add Basket MarketNo：0 StockIdx：34273
[20976] 2025/12/07 23:37:12.435 Divide StockNo {2353}
[20976] 2025/12/07 23:37:12.435 Add Basket MarketNo：0 StockIdx：34274
[20976] 2025/12/07 23:37:12.435 Divide StockNo {2354}
[20976] 2025/12/07 23:37:12.435 Add Basket MarketNo：0 StockIdx：34275
[20976] 2025/12/07 23:37:12.435 Divide StockNo {2355}
[20976] 2025/12/07 23:37:12.435 Add Basket MarketNo：0 StockIdx：34276
[20976] 2025/12/07 23:37:12.435 Divide StockNo {2356}
[20976] 2025/12/07 23:37:12.435 Add Basket MarketNo：0 StockIdx：34277
[20976] 2025/12/07 23:37:12.435 Divide StockNo {2357}
[20976] 2025/12/07 23:37:12.435 Add Basket MarketNo：0 StockIdx：34278
[20976] 2025/12/07 23:37:12.435 Divide StockNo {2360}
[20976] 2025/12/07 23:37:12.435 Add Basket MarketNo：0 StockIdx：34280
[20976] 2025/12/07 23:37:12.435 Divide StockNo {2368}
[20976] 2025/12/07 23:37:12.435 Add Basket MarketNo：0 StockIdx：34286
[20976] 2025/12/07 23:37:12.435 Divide StockNo {2371}
[20976] 2025/12/07 23:37:12.435 Add Basket MarketNo：0 StockIdx：34288
[20976] 2025/12/07 23:37:12.435 Divide StockNo {2376}
[20976] 2025/12/07 23:37:12.435 Add Basket MarketNo：0 StockIdx：34292
[20976] 2025/12/07 23:37:12.435 Divide StockNo {2377}
[20976] 2025/12/07 23:37:12.435 Add Basket MarketNo：0 StockIdx：34293
[20976] 2025/12/07 23:37:12.435 Divide StockNo {2379}
[20976] 2025/12/07 23:37:12.435 Add Basket MarketNo：0 StockIdx：34294
[20976] 2025/12/07 23:37:12.435 Divide StockNo {2382}
[20976] 2025/12/07 23:37:12.435 Add Basket MarketNo：0 StockIdx：34296
[20976] 2025/12/07 23:37:12.435 Divide StockNo {2383}
[20976] 2025/12/07 23:37:12.435 Add Basket MarketNo：0 StockIdx：34297
[20976] 2025/12/07 23:37:12.435 Divide StockNo {2385}
[20976] 2025/12/07 23:37:12.435 Add Basket MarketNo：0 StockIdx：34298
[20976] 2025/12/07 23:37:12.435 Divide StockNo {2388}
[20976] 2025/12/07 23:37:12.435 Add Basket MarketNo：0 StockIdx：34300
[20976] 2025/12/07 23:37:12.435 Divide StockNo {2392}
[20976] 2025/12/07 23:37:12.435 Add Basket MarketNo：0 StockIdx：34302
[20976] 2025/12/07 23:37:12.435 Divide StockNo {2393}
[20976] 2025/12/07 23:37:12.435 Add Basket MarketNo：0 StockIdx：34303
[20976] 2025/12/07 23:37:12.435 Divide StockNo {2401}
[20976] 2025/12/07 23:37:12.435 Add Basket MarketNo：0 StockIdx：34307
[20976] 2025/12/07 23:37:12.435 Divide StockNo {2404}
[20976] 2025/12/07 23:37:12.435 Add Basket MarketNo：0 StockIdx：34309
[20976] 2025/12/07 23:37:12.435 Divide StockNo {2408}
[20976] 2025/12/07 23:37:12.435 Add Basket MarketNo：0 StockIdx：34312
[20976] 2025/12/07 23:37:12.435 Divide StockNo {2409}
[20976] 2025/12/07 23:37:12.435 Add Basket MarketNo：0 StockIdx：34313
[20976] 2025/12/07 23:37:12.435 Divide StockNo {2412}
[20976] 2025/12/07 23:37:12.436 Add Basket MarketNo：0 StockIdx：34314
[20976] 2025/12/07 23:37:12.436 Divide StockNo {2439}
[20976] 2025/12/07 23:37:12.436 Add Basket MarketNo：0 StockIdx：34336
[20976] 2025/12/07 23:37:12.436 Divide StockNo {2441}
[20976] 2025/12/07 23:37:12.436 Add Basket MarketNo：0 StockIdx：34338
[20976] 2025/12/07 23:37:12.436 Divide StockNo {2449}
[20976] 2025/12/07 23:37:12.436 Add Basket MarketNo：0 StockIdx：34341
[20976] 2025/12/07 23:37:12.436 Divide StockNo {2454}
[20976] 2025/12/07 23:37:12.436 Add Basket MarketNo：0 StockIdx：34345
[20976] 2025/12/07 23:37:12.436 Divide StockNo {2455}
[20976] 2025/12/07 23:37:12.436 Add Basket MarketNo：0 StockIdx：34346
[20976] 2025/12/07 23:37:12.436 Divide StockNo {2457}
[20976] 2025/12/07 23:37:12.436 Add Basket MarketNo：0 StockIdx：34347
[20976] 2025/12/07 23:37:12.436 Divide StockNo {2458}
[20976] 2025/12/07 23:37:12.436 Add Basket MarketNo：0 StockIdx：34348
[20976] 2025/12/07 23:37:12.436 Divide StockNo {2474}
[20976] 2025/12/07 23:37:12.436 Add Basket MarketNo：0 StockIdx：34360
[20976] 2025/12/07 23:37:12.436 Divide StockNo {2481}
[20976] 2025/12/07 23:37:12.436 Add Basket MarketNo：0 StockIdx：34365
[20976] 2025/12/07 23:37:12.436 Divide StockNo {2485}
[20976] 2025/12/07 23:37:12.436 Add Basket MarketNo：0 StockIdx：34369
[20976] 2025/12/07 23:37:12.436 Divide StockNo {2486}
[20976] 2025/12/07 23:37:12.436 Add Basket MarketNo：0 StockIdx：34370
[20976] 2025/12/07 23:37:12.436 Divide StockNo {2489}
[20976] 2025/12/07 23:37:12.436 Add Basket MarketNo：0 StockIdx：34372
[20976] 2025/12/07 23:37:12.436 Divide StockNo {2492}
[20976] 2025/12/07 23:37:12.436 Add Basket MarketNo：0 StockIdx：34374
[20976] 2025/12/07 23:37:12.436 Divide StockNo {2498}
[20976] 2025/12/07 23:37:12.436 Add Basket MarketNo：0 StockIdx：34379
[20976] 2025/12/07 23:37:12.436 Divide StockNo {2515}
[20976] 2025/12/07 23:37:12.436 Add Basket MarketNo：0 StockIdx：34387
[20976] 2025/12/07 23:37:12.436 Divide StockNo {2520}
[20976] 2025/12/07 23:37:12.436 Add Basket MarketNo：0 StockIdx：34389
[20976] 2025/12/07 23:37:12.436 Divide StockNo {2542}
[20976] 2025/12/07 23:37:12.436 Add Basket MarketNo：0 StockIdx：34401
[20976] 2025/12/07 23:37:12.436 Divide StockNo {2548}
[20976] 2025/12/07 23:37:12.436 Add Basket MarketNo：0 StockIdx：34406
[20976] 2025/12/07 23:37:12.436 Divide StockNo {2603}
[20976] 2025/12/07 23:37:12.436 Add Basket MarketNo：0 StockIdx：34409
[20976] 2025/12/07 23:37:12.436 Divide StockNo {2605}
[20976] 2025/12/07 23:37:12.436 Add Basket MarketNo：0 StockIdx：34410
[20976] 2025/12/07 23:37:12.436 Divide StockNo {2606}
[20976] 2025/12/07 23:37:12.436 Add Basket MarketNo：0 StockIdx：34411
[20976] 2025/12/07 23:37:12.436 Divide StockNo {2609}
[20976] 2025/12/07 23:37:12.436 Add Basket MarketNo：0 StockIdx：34414
[20976] 2025/12/07 23:37:12.436 Divide StockNo {2610}
[20976] 2025/12/07 23:37:12.436 Add Basket MarketNo：0 StockIdx：34415
[20976] 2025/12/07 23:37:12.436 Divide StockNo {2615}
[20976] 2025/12/07 23:37:12.436 Add Basket MarketNo：0 StockIdx：34420
[20976] 2025/12/07 23:37:12.436 Divide StockNo {2618}
[20976] 2025/12/07 23:37:12.436 Add Basket MarketNo：0 StockIdx：34423
[20976] 2025/12/07 23:37:12.436 Divide StockNo {2633}
[20976] 2025/12/07 23:37:12.436 Add Basket MarketNo：0 StockIdx：34425
[20976] 2025/12/07 23:37:12.436 Divide StockNo {2634}
[20976] 2025/12/07 23:37:12.436 Add Basket MarketNo：0 StockIdx：34426
[20976] 2025/12/07 23:37:12.436 Divide StockNo {2801}
[20976] 2025/12/07 23:37:12.436 Add Basket MarketNo：0 StockIdx：34447
[20976] 2025/12/07 23:37:12.436 Divide StockNo {2834}
[20976] 2025/12/07 23:37:12.436 Add Basket MarketNo：0 StockIdx：34452
[20976] 2025/12/07 23:37:12.436 Divide StockNo {2880}
[20976] 2025/12/07 23:37:12.436 Add Basket MarketNo：0 StockIdx：34464
[20976] 2025/12/07 23:37:12.436 Divide StockNo {2881}
[20976] 2025/12/07 23:37:12.436 Add Basket MarketNo：0 StockIdx：34465
[20976] 2025/12/07 23:37:12.436 Divide StockNo {2882}
[20976] 2025/12/07 23:37:12.436 Add Basket MarketNo：0 StockIdx：34469
[20976] 2025/12/07 23:37:12.436 Divide StockNo {2883}
[20976] 2025/12/07 23:37:12.436 Add Basket MarketNo：0 StockIdx：34472
[20976] 2025/12/07 23:37:12.436 Divide StockNo {2884}
[20976] 2025/12/07 23:37:12.436 Add Basket MarketNo：0 StockIdx：34474
[20976] 2025/12/07 23:37:12.436 Divide StockNo {2885}
[20976] 2025/12/07 23:37:12.436 Add Basket MarketNo：0 StockIdx：34475
[20976] 2025/12/07 23:37:12.436 Divide StockNo {2886}
[20976] 2025/12/07 23:37:12.436 Add Basket MarketNo：0 StockIdx：34476
[20976] 2025/12/07 23:37:12.436 Divide StockNo {2887}
[20976] 2025/12/07 23:37:12.436 Add Basket MarketNo：0 StockIdx：34477
[20976] 2025/12/07 23:37:12.437 Divide StockNo {2888}
[20976] 2025/12/07 23:37:12.437 Stock Is Not Exist 
[20976] 2025/12/07 23:37:12.437 Divide StockNo {2890}
[20976] 2025/12/07 23:37:12.437 Add Basket MarketNo：0 StockIdx：34485
[20976] 2025/12/07 23:37:12.437 Divide StockNo {2891}
[20976] 2025/12/07 23:37:12.437 Add Basket MarketNo：0 StockIdx：34486
[20976] 2025/12/07 23:37:12.437 Divide StockNo {2892}
[20976] 2025/12/07 23:37:12.437 Add Basket MarketNo：0 StockIdx：34489
[20976] 2025/12/07 23:37:12.437 Divide StockNo {2913}
[20976] 2025/12/07 23:37:12.437 Add Basket MarketNo：0 StockIdx：34501
[20976] 2025/12/07 23:37:12.437 Divide StockNo {2915}
[20976] 2025/12/07 23:37:12.437 Add Basket MarketNo：0 StockIdx：34502
[20976] 2025/12/07 23:37:12.437 Divide StockNo {3005}
[20976] 2025/12/07 23:37:12.437 Add Basket MarketNo：0 StockIdx：34510
[20976] 2025/12/07 23:37:12.437 Divide StockNo {3006}
[20976] 2025/12/07 23:37:12.437 Add Basket MarketNo：0 StockIdx：34511
[20976] 2025/12/07 23:37:12.437 Divide StockNo {3008}
[20976] 2025/12/07 23:37:12.437 Add Basket MarketNo：0 StockIdx：34512
[20976] 2025/12/07 23:37:12.437 Divide StockNo {3017}
[20976] 2025/12/07 23:37:12.437 Add Basket MarketNo：0 StockIdx：34519
[20976] 2025/12/07 23:37:12.437 Divide StockNo {3019}
[20976] 2025/12/07 23:37:12.437 Add Basket MarketNo：0 StockIdx：34521
[20976] 2025/12/07 23:37:12.437 Divide StockNo {3034}
[20976] 2025/12/07 23:37:12.437 Add Basket MarketNo：0 StockIdx：34535
[20976] 2025/12/07 23:37:12.437 Divide StockNo {3035}
[20976] 2025/12/07 23:37:12.437 Add Basket MarketNo：0 StockIdx：34536
[20976] 2025/12/07 23:37:12.437 Divide StockNo {3036}
[20976] 2025/12/07 23:37:12.437 Add Basket MarketNo：0 StockIdx：34537
[20976] 2025/12/07 23:37:12.437 Divide StockNo {3037}
[20976] 2025/12/07 23:37:12.437 Add Basket MarketNo：0 StockIdx：34539
[20976] 2025/12/07 23:37:12.437 Divide StockNo {3042}
[20976] 2025/12/07 23:37:12.437 Add Basket MarketNo：0 StockIdx：34543
[20976] 2025/12/07 23:37:12.437 Divide StockNo {3044}
[20976] 2025/12/07 23:37:12.437 Add Basket MarketNo：0 StockIdx：34545
[20976] 2025/12/07 23:37:12.437 Divide StockNo {3045}
[20976] 2025/12/07 23:37:12.437 Add Basket MarketNo：0 StockIdx：34546
[20976] 2025/12/07 23:37:12.437 Divide StockNo {3078}
[20976] 2025/12/07 23:37:12.437 Add Basket MarketNo：1 StockIdx：271
[20976] 2025/12/07 23:37:12.437 Divide StockNo {3081}
[20976] 2025/12/07 23:37:12.437 Add Basket MarketNo：1 StockIdx：272
[20976] 2025/12/07 23:37:12.437 Divide StockNo {3105}
[20976] 2025/12/07 23:37:12.437 Add Basket MarketNo：1 StockIdx：282
[20976] 2025/12/07 23:37:12.437 Divide StockNo {3152}
[20976] 2025/12/07 23:37:12.437 Add Basket MarketNo：1 StockIdx：298
[20976] 2025/12/07 23:37:12.437 Divide StockNo {3189}
[20976] 2025/12/07 23:37:12.437 Add Basket MarketNo：0 StockIdx：34573
[20976] 2025/12/07 23:37:12.437 Divide StockNo {3227}
[20976] 2025/12/07 23:37:12.437 Add Basket MarketNo：1 StockIdx：322
[20976] 2025/12/07 23:37:12.437 Divide StockNo {3231}
[20976] 2025/12/07 23:37:12.437 Add Basket MarketNo：0 StockIdx：34576
[20976] 2025/12/07 23:37:12.437 Divide StockNo {3260}
[20976] 2025/12/07 23:37:12.437 Add Basket MarketNo：1 StockIdx：331
[20976] 2025/12/07 23:37:12.437 Divide StockNo {3264}
[20976] 2025/12/07 23:37:12.437 Add Basket MarketNo：1 StockIdx：332
[20976] 2025/12/07 23:37:12.437 Divide StockNo {3293}
[20976] 2025/12/07 23:37:12.437 Add Basket MarketNo：1 StockIdx：345
[20976] 2025/12/07 23:37:12.437 Divide StockNo {3324}
[20976] 2025/12/07 23:37:12.437 Add Basket MarketNo：1 StockIdx：361
[20976] 2025/12/07 23:37:12.437 Divide StockNo {3374}
[20976] 2025/12/07 23:37:12.437 Add Basket MarketNo：1 StockIdx：378
[20976] 2025/12/07 23:37:12.437 Divide StockNo {3376}
[20976] 2025/12/07 23:37:12.437 Add Basket MarketNo：0 StockIdx：34588
[20976] 2025/12/07 23:37:12.437 Divide StockNo {3380}
[20976] 2025/12/07 23:37:12.437 Add Basket MarketNo：0 StockIdx：34589
[20976] 2025/12/07 23:37:12.437 Divide StockNo {3406}
[20976] 2025/12/07 23:37:12.437 Add Basket MarketNo：0 StockIdx：34590
[20976] 2025/12/07 23:37:12.437 Divide StockNo {3443}
[20976] 2025/12/07 23:37:12.437 Add Basket MarketNo：0 StockIdx：34596
[20976] 2025/12/07 23:37:12.437 Divide StockNo {3481}
[20976] 2025/12/07 23:37:12.437 Add Basket MarketNo：0 StockIdx：34600
[20976] 2025/12/07 23:37:12.437 Divide StockNo {3529}
[20976] 2025/12/07 23:37:12.437 Add Basket MarketNo：1 StockIdx：426
[20976] 2025/12/07 23:37:12.437 Divide StockNo {3532}
[20976] 2025/12/07 23:37:12.437 Add Basket MarketNo：0 StockIdx：34608
[20976] 2025/12/07 23:37:12.438 Divide StockNo {3533}
[20976] 2025/12/07 23:37:12.438 Add Basket MarketNo：0 StockIdx：34609
[20976] 2025/12/07 23:37:12.438 Divide StockNo {3552}
[20976] 2025/12/07 23:37:12.438 Add Basket MarketNo：1 StockIdx：437
[20976] 2025/12/07 23:37:12.438 Divide StockNo {3653}
[20976] 2025/12/07 23:37:12.438 Add Basket MarketNo：0 StockIdx：34629
[20976] 2025/12/07 23:37:12.438 Divide StockNo {3661}
[20976] 2025/12/07 23:37:12.438 Add Basket MarketNo：0 StockIdx：34630
[20976] 2025/12/07 23:37:12.438 Divide StockNo {3673}
[20976] 2025/12/07 23:37:12.438 Add Basket MarketNo：0 StockIdx：34633
[20976] 2025/12/07 23:37:12.438 Divide StockNo {3680}
[20976] 2025/12/07 23:37:12.438 Add Basket MarketNo：1 StockIdx：476
[20976] 2025/12/07 23:37:12.438 Divide StockNo {3691}
[20976] 2025/12/07 23:37:12.438 Add Basket MarketNo：1 StockIdx：486
[20976] 2025/12/07 23:37:12.438 Divide StockNo {3702}
[20976] 2025/12/07 23:37:12.438 Add Basket MarketNo：0 StockIdx：34638
[20976] 2025/12/07 23:37:12.438 Divide StockNo {3706}
[20976] 2025/12/07 23:37:12.438 Add Basket MarketNo：0 StockIdx：34642
[20976] 2025/12/07 23:37:12.438 Divide StockNo {3711}
[20976] 2025/12/07 23:37:12.438 Add Basket MarketNo：0 StockIdx：34644
[20976] 2025/12/07 23:37:12.438 Divide StockNo {3714}
[20976] 2025/12/07 23:37:12.438 Add Basket MarketNo：0 StockIdx：34646
[20976] 2025/12/07 23:37:12.438 Divide StockNo {4123}
[20976] 2025/12/07 23:37:12.438 Add Basket MarketNo：1 StockIdx：511
[20976] 2025/12/07 23:37:12.438 Divide StockNo {4128}
[20976] 2025/12/07 23:37:12.438 Add Basket MarketNo：1 StockIdx：516
[20976] 2025/12/07 23:37:12.438 Divide StockNo {4162}
[20976] 2025/12/07 23:37:12.438 Add Basket MarketNo：1 StockIdx：530
[20976] 2025/12/07 23:37:12.438 Divide StockNo {4736}
[20976] 2025/12/07 23:37:12.438 Add Basket MarketNo：0 StockIdx：34691
[20976] 2025/12/07 23:37:12.438 Divide StockNo {4743}
[20976] 2025/12/07 23:37:12.438 Add Basket MarketNo：1 StockIdx：621
[20976] 2025/12/07 23:37:12.438 Divide StockNo {4904}
[20976] 2025/12/07 23:37:12.438 Add Basket MarketNo：0 StockIdx：34702
[20976] 2025/12/07 23:37:12.438 Divide StockNo {4919}
[20976] 2025/12/07 23:37:12.438 Add Basket MarketNo：0 StockIdx：34707
[20976] 2025/12/07 23:37:12.438 Divide StockNo {4938}
[20976] 2025/12/07 23:37:12.438 Add Basket MarketNo：0 StockIdx：34712
[20976] 2025/12/07 23:37:12.438 Divide StockNo {4958}
[20976] 2025/12/07 23:37:12.438 Add Basket MarketNo：0 StockIdx：34718
[20976] 2025/12/07 23:37:12.438 Divide StockNo {5009}
[20976] 2025/12/07 23:37:12.438 Add Basket MarketNo：1 StockIdx：664
[20976] 2025/12/07 23:37:12.438 Divide StockNo {5269}
[20976] 2025/12/07 23:37:12.438 Add Basket MarketNo：0 StockIdx：34737
[20976] 2025/12/07 23:37:12.438 Divide StockNo {5274}
[20976] 2025/12/07 23:37:12.438 Add Basket MarketNo：1 StockIdx：697
[20976] 2025/12/07 23:37:12.438 Divide StockNo {5347}
[20976] 2025/12/07 23:37:12.438 Add Basket MarketNo：1 StockIdx：720
[20976] 2025/12/07 23:37:12.438 Divide StockNo {5371}
[20976] 2025/12/07 23:37:12.438 Add Basket MarketNo：1 StockIdx：727
[20976] 2025/12/07 23:37:12.438 Divide StockNo {5388}
[20976] 2025/12/07 23:37:12.438 Add Basket MarketNo：0 StockIdx：34744
[20976] 2025/12/07 23:37:12.438 Divide StockNo {5425}
[20976] 2025/12/07 23:37:12.438 Add Basket MarketNo：1 StockIdx：735
[20976] 2025/12/07 23:37:12.438 Divide StockNo {5457}
[20976] 2025/12/07 23:37:12.438 Add Basket MarketNo：1 StockIdx：747
[20976] 2025/12/07 23:37:12.438 Divide StockNo {5483}
[20976] 2025/12/07 23:37:12.438 Add Basket MarketNo：1 StockIdx：757
[20976] 2025/12/07 23:37:12.438 Divide StockNo {5534}
[20976] 2025/12/07 23:37:12.438 Add Basket MarketNo：0 StockIdx：34756
[20976] 2025/12/07 23:37:12.438 Divide StockNo {5871}
[20976] 2025/12/07 23:37:12.438 Add Basket MarketNo：0 StockIdx：34762
[20976] 2025/12/07 23:37:12.438 Divide StockNo {5876}
[20976] 2025/12/07 23:37:12.438 Add Basket MarketNo：0 StockIdx：34764
[20976] 2025/12/07 23:37:12.438 Divide StockNo {5880}
[20976] 2025/12/07 23:37:12.438 Add Basket MarketNo：0 StockIdx：34765
[20976] 2025/12/07 23:37:12.438 Divide StockNo {5904}
[20976] 2025/12/07 23:37:12.438 Add Basket MarketNo：1 StockIdx：791
[20976] 2025/12/07 23:37:12.438 Divide StockNo {6005}
[20976] 2025/12/07 23:37:12.438 Add Basket MarketNo：0 StockIdx：34768
[20976] 2025/12/07 23:37:12.438 Divide StockNo {6116}
[20976] 2025/12/07 23:37:12.438 Add Basket MarketNo：0 StockIdx：34773
[20976] 2025/12/07 23:37:12.438 Divide StockNo {6121}
[20976] 2025/12/07 23:37:12.438 Add Basket MarketNo：1 StockIdx：814
[20976] 2025/12/07 23:37:12.439 Divide StockNo {6139}
[20976] 2025/12/07 23:37:12.439 Add Basket MarketNo：0 StockIdx：34779
[20976] 2025/12/07 23:37:12.439 Divide StockNo {6147}
[20976] 2025/12/07 23:37:12.439 Add Basket MarketNo：1 StockIdx：832
[20976] 2025/12/07 23:37:12.439 Divide StockNo {6153}
[20976] 2025/12/07 23:37:12.439 Add Basket MarketNo：0 StockIdx：34783
[20976] 2025/12/07 23:37:12.439 Divide StockNo {6173}
[20976] 2025/12/07 23:37:12.439 Add Basket MarketNo：1 StockIdx：849
[20976] 2025/12/07 23:37:12.439 Divide StockNo {6176}
[20976] 2025/12/07 23:37:12.439 Add Basket MarketNo：0 StockIdx：34789
[20976] 2025/12/07 23:37:12.439 Divide StockNo {6182}
[20976] 2025/12/07 23:37:12.439 Add Basket MarketNo：1 StockIdx：857
[20976] 2025/12/07 23:37:12.439 Divide StockNo {6188}
[20976] 2025/12/07 23:37:12.439 Add Basket MarketNo：1 StockIdx：865
[20976] 2025/12/07 23:37:12.439 Divide StockNo {6213}
[20976] 2025/12/07 23:37:12.439 Add Basket MarketNo：0 StockIdx：34803
[20976] 2025/12/07 23:37:12.439 Divide StockNo {6223}
[20976] 2025/12/07 23:37:12.439 Add Basket MarketNo：1 StockIdx：891
[20976] 2025/12/07 23:37:12.439 Divide StockNo {6239}
[20976] 2025/12/07 23:37:12.439 Add Basket MarketNo：0 StockIdx：34812
[20976] 2025/12/07 23:37:12.439 Divide StockNo {6245}
[20976] 2025/12/07 23:37:12.439 Add Basket MarketNo：1 StockIdx：906
[20976] 2025/12/07 23:37:12.439 Divide StockNo {6257}
[20976] 2025/12/07 23:37:12.439 Add Basket MarketNo：0 StockIdx：34814
[20976] 2025/12/07 23:37:12.439 Divide StockNo {6269}
[20976] 2025/12/07 23:37:12.439 Add Basket MarketNo：0 StockIdx：34815
[20976] 2025/12/07 23:37:12.439 Divide StockNo {6271}
[20976] 2025/12/07 23:37:12.439 Add Basket MarketNo：0 StockIdx：34816
[20976] 2025/12/07 23:37:12.439 Divide StockNo {6274}
[20976] 2025/12/07 23:37:12.439 Add Basket MarketNo：1 StockIdx：918
[20976] 2025/12/07 23:37:12.439 Divide StockNo {6278}
[20976] 2025/12/07 23:37:12.439 Add Basket MarketNo：0 StockIdx：34818
[20976] 2025/12/07 23:37:12.439 Divide StockNo {6279}
[20976] 2025/12/07 23:37:12.439 Add Basket MarketNo：1 StockIdx：923
[20976] 2025/12/07 23:37:12.439 Divide StockNo {6282}
[20976] 2025/12/07 23:37:12.439 Add Basket MarketNo：0 StockIdx：34820
[20976] 2025/12/07 23:37:12.439 Divide StockNo {6285}
[20976] 2025/12/07 23:37:12.439 Add Basket MarketNo：0 StockIdx：34822
[20976] 2025/12/07 23:37:12.439 Divide StockNo {6414}
[20976] 2025/12/07 23:37:12.439 Add Basket MarketNo：0 StockIdx：34826
[20976] 2025/12/07 23:37:12.439 Divide StockNo {6443}
[20976] 2025/12/07 23:37:12.439 Add Basket MarketNo：0 StockIdx：34834
[20976] 2025/12/07 23:37:12.439 Divide StockNo {6472}
[20976] 2025/12/07 23:37:12.439 Add Basket MarketNo：0 StockIdx：34840
[20976] 2025/12/07 23:37:12.439 Divide StockNo {6488}
[20976] 2025/12/07 23:37:12.439 Add Basket MarketNo：1 StockIdx：959
[20976] 2025/12/07 23:37:12.439 Divide StockNo {6505}
[20976] 2025/12/07 23:37:12.439 Add Basket MarketNo：0 StockIdx：34844
[20976] 2025/12/07 23:37:12.439 Divide StockNo {6510}
[20976] 2025/12/07 23:37:12.439 Add Basket MarketNo：1 StockIdx：969
[20976] 2025/12/07 23:37:12.439 Divide StockNo {6526}
[20976] 2025/12/07 23:37:12.439 Add Basket MarketNo：0 StockIdx：34847
[20976] 2025/12/07 23:37:12.439 Divide StockNo {6547}
[20976] 2025/12/07 23:37:12.439 Add Basket MarketNo：1 StockIdx：984
[20976] 2025/12/07 23:37:12.439 Divide StockNo {6669}
[20976] 2025/12/07 23:37:12.439 Add Basket MarketNo：0 StockIdx：34877
[20976] 2025/12/07 23:37:12.439 Divide StockNo {6757}
[20976] 2025/12/07 23:37:12.439 Add Basket MarketNo：0 StockIdx：34894
[20976] 2025/12/07 23:37:12.439 Divide StockNo {6770}
[20976] 2025/12/07 23:37:12.439 Add Basket MarketNo：0 StockIdx：34896
[20976] 2025/12/07 23:37:12.439 Divide StockNo {8039}
[20976] 2025/12/07 23:37:12.439 Add Basket MarketNo：0 StockIdx：34975
[20976] 2025/12/07 23:37:12.439 Divide StockNo {8044}
[20976] 2025/12/07 23:37:12.439 Add Basket MarketNo：1 StockIdx：12475
[20976] 2025/12/07 23:37:12.439 Divide StockNo {8046}
[20976] 2025/12/07 23:37:12.439 Add Basket MarketNo：0 StockIdx：34977
[20976] 2025/12/07 23:37:12.439 Divide StockNo {8069}
[20976] 2025/12/07 23:37:12.439 Add Basket MarketNo：1 StockIdx：12487
[20976] 2025/12/07 23:37:12.439 Divide StockNo {8086}
[20976] 2025/12/07 23:37:12.439 Add Basket MarketNo：1 StockIdx：12496
[20976] 2025/12/07 23:37:12.439 Divide StockNo {8112}
[20976] 2025/12/07 23:37:12.439 Add Basket MarketNo：0 StockIdx：34985
[20976] 2025/12/07 23:37:12.439 Divide StockNo {8150}
[20976] 2025/12/07 23:37:12.440 Add Basket MarketNo：0 StockIdx：34989
[20976] 2025/12/07 23:37:12.440 Divide StockNo {8163}
[20976] 2025/12/07 23:37:12.440 Add Basket MarketNo：0 StockIdx：34991
[20976] 2025/12/07 23:37:12.440 Divide StockNo {8299}
[20976] 2025/12/07 23:37:12.440 Add Basket MarketNo：1 StockIdx：12535
[20976] 2025/12/07 23:37:12.440 Divide StockNo {8358}
[20976] 2025/12/07 23:37:12.440 Add Basket MarketNo：1 StockIdx：12541
[20976] 2025/12/07 23:37:12.440 Divide StockNo {8436}
[20976] 2025/12/07 23:37:12.440 Add Basket MarketNo：1 StockIdx：12566
[20976] 2025/12/07 23:37:12.440 Divide StockNo {8454}
[20976] 2025/12/07 23:37:12.440 Add Basket MarketNo：0 StockIdx：35010
[20976] 2025/12/07 23:37:12.440 Divide StockNo {9904}
[20976] 2025/12/07 23:37:12.440 Add Basket MarketNo：0 StockIdx：35039
[20976] 2025/12/07 23:37:12.440 Divide StockNo {9914}
[20976] 2025/12/07 23:37:12.440 Add Basket MarketNo：0 StockIdx：35047
[20976] 2025/12/07 23:37:12.440 Divide StockNo {9938}
[20976] 2025/12/07 23:37:12.440 Add Basket MarketNo：0 StockIdx：35064
[20976] 2025/12/07 23:37:12.440 Divide StockNo {9939}
[20976] 2025/12/07 23:37:12.440 Add Basket MarketNo：0 StockIdx：35065
[20976] 2025/12/07 23:37:12.440 Divide StockNo {9945}
[20976] 2025/12/07 23:37:12.440 Add Basket MarketNo：0 StockIdx：35072
[20976] 2025/12/07 23:37:12.440 Divide StockNo {9958}
[20976] 2025/12/07 23:37:12.440 Add Basket MarketNo：0 StockIdx：35075
[20976] 2025/12/07 23:37:12.440 Divide StockNo {TSE}
[20976] 2025/12/07 23:37:12.440 Stock Is Not Exist 
[20976] 2025/12/07 23:37:12.440 Divide StockNo {TSE23}
[20976] 2025/12/07 23:37:12.440 Add Basket MarketNo：0 StockIdx：35390
[20976] 2025/12/07 23:37:12.440 Divide StockNo {TSE28}
[20976] 2025/12/07 23:37:12.440 Add Basket MarketNo：0 StockIdx：35395
[20976] 2025/12/07 23:37:12.440 Divide StockNo {TWMC}
[20976] 2025/12/07 23:37:12.440 Stock Is Not Exist 
[20976] 2025/12/07 23:37:12.440 Return PageNo： 1 
