-----------------------------------------------------------------
[10660] 2025/11/16 02:41:05.249 Precheck/DistributedServer Query result is 000,分配成功
[10660] 2025/11/16 02:41:05.249 >> Host srvsolace-tp2.capital.com.tw
[10660] 2025/11/16 02:41:05.265 SKQuoteLib_EnterMonitor IP：srvsolace-tp2.capital.com.tw
[10660] 2025/11/16 02:41:05.320 OnSessionConnect，Code: 3001, Error Code:0.
[10660] 2025/11/16 02:41:05.349 SKQuoteLib_EnterMonitorLONG starting
[10660] 2025/11/16 02:41:05.350 OnConnection ( 3001 , 0 ) 
[10660] 2025/11/16 02:41:05.598 Market Info is OK!
[10660] 2025/11/16 02:41:05.638 Catalog info is OK!
[10660] 2025/11/16 02:41:08.405 Solace RequestInitializeData (TO_S_19,S_1F)
[10660] 2025/11/16 02:41:08.405 Solace RequestInitializeData (TO_S_19,S_1F)
[10660] 2025/11/16 02:41:08.409 OnConnection ( 3003 , 0 ) 
[10660] 2025/11/16 02:41:09.866 SKQuoteLib_RequestStocks (1 , CAF00, CBF00, CCF00, CDF00, CEF00, CFF00, CGF00, CHF00, CJF00, CKF00, CLF00, CMF00, CNF00, CQF00, CRF00, CSF00, CUF00, CWF00, CXF00, CYF00, CZF00, DAF00, DBF00, DCF00, DEF00, DFF00, DGF00, DHF00, DIF00, DJF00, DKF00, DLF00, DNF00, DOF00, DPF00, DQF00, DSF00, DVF00, DWF00, DXF00, DYF00, DZF00, EEF00, EGF00, EHF00, EKF00, EMF00, EPF00, EYF00, EZF00, FBF00, FCF00, FEF00, FFF00, FGF00, FKF00, FNF00, FQF00, FRF00, FSF00, FTF00, FVF00, FWF00, FYF00, FZF00, GAF00, GCF00, GHF00, GIF00, GJF00, GKF00, GLF00, GMF00, GNF00, GOF00, GRF00, GUF00, GVF00, GWF00, GXF00, GYF00, GZF00, HAF00, HBF00, HCF00, HHF00, HIF00, HLF00, HOF00, HQF00, HSF00, IAF00, IHF00, IIF00, IJF00, IMF00, IOF00, IPF00, IQF00, IRF00, ITF00, IXF00, IYF00, IZF00, JBF00, JFF00, JMF00, JNF00, JPF00, JSF00, JWF00, JXF00, JZF00, KAF00, KBF00, KCF00, KDF00, KEF00, KFF00, KGF00, KIF00, KKF00, KLF00, KOF00, KPF00, KSF00, KUF00, KWF00, LBF00, LCF00, LEF00, LIF00, LMF00, LOF00, LQF00, LRF00, LTF00, LUF00, LVF00, LWF00, LXF00, LYF00, MAF00, MBF00, MJF00, MKF00, MQF00, MVF00, MYF00, NAF00, NBF00, NDF00, NEF00, NGF00, NIF00, NJF00, NLF00, NMF00, NOF00, NQF00, NSF00, NUF00, NVF00, NWF00, NYF00, OAF00, OBF00, ODF00, OEF00, OHF00, OJF00, OKF00, OLF00, OMF00, OOF00, OPF00, OQF00, ORF00, OSF00, OTF00, OUF00, OVF00, OWF00, OXF00, OYF00, OZF00, PAF00, PBF00, PCF00, PDF00, PEF00, PFF00, PGF00, PHF00, PIF00, PJF00, PKF00, PLF00, PMF00, PNF00, PPF00, PQF00, PRF00, PSF00, PTF00, PUF00, PVF00, PWF00, PXF00, PYF00, PZF00, QAF00, QBF00, QCF00, QDF00, QEF00, QFF00, QGF00, QHF00, QIF00, QJF00, QKF00, QLF00, QMF00, QNF00, QOF00, QPF00, QQF00, QRF00, QSF00, QTF00, QUF00, QVF00, QWF00, QXF00, QYF00, QZF00, RAF00, RBF00, RCF00, RDF00, REF00, RFF00, RGF00, RIF00, RJF00, RKF00, RLF00, RMF00, RNF00, ROF00, RPF00, RQF00, RRF00, RSF00, RUF00, RVF00, RWF00, RXF00, RYF00, RZF00, SAF00, SBF00, SCF00, SDF00, SEF00, SFF00, SGF00, SIF00, SJF00, SKF00, SLF00, SMF00, SNF00, SQF00, SRF00, SSF00, SUF00, SVF00, SWF00, SYF00, SZF00, UAF00, UBF00, UCF00, UEF00, UFF00, UGF00, UHF00, UIF00, UJF00, UKF00, ULF00, UMF00, UOF00, UPF00, UQF00, URF00, USF00, UTF00, UUF00, UVF00, UWF00, 0050, 0056, 006205, 006206, 00636, 00639, 00643, 00679B, 00687B, 00719B, 00757, 00772B, 00878, 00885, 00893, 00919, 00923, 00929, 00937B, 00940, 1101, 1102, 1210, 1216, 1301, 1303, 1312, 1314, 1319, 1326, 1402, 1440, 1476, 1477, 1503, 1504, 1513, 1536, 1565, 1590, 1605, 1609, 1707, 1717, 1718, 1722, 1795, 1802, 1904, 1905, 1907, 1909, 2002, 2006, 2014, 2027, 2049, 2059, 2105, 2201, 2231, 2301, 2303, 2308, 2312, 2313, 2317, 2323, 2324, 2327, 2328, 2330, 2331, 2332, 2337, 2338, 2340, 2344, 2345, 2347, 2352, 2353, 2354, 2355, 2356, 2357, 2360, 2368, 2371, 2376, 2377, 2379, 2382, 2383, 2385, 2388, 2392, 2393, 2401, 2404, 2408, 2409, 2412, 2439, 2441, 2449, 2454, 2455, 2457, 2458, 2474, 2481, 2485, 2486, 2489, 2492, 2498, 2515, 2520, 2542, 2548, 2603, 2605, 2606, 2609, 2610, 2615, 2618, 2633, 2634, 2801, 2834, 2880, 2881, 2882, 2883, 2884, 2885, 2886, 2887, 2888, 2890, 2891, 2892, 2913, 2915, 3005, 3006, 3008, 3017, 3019, 3034, 3035, 3036, 3037, 3042, 3044, 3045, 3078, 3081, 3105, 3152, 3189, 3227, 3231, 3260, 3264, 3293, 3324, 3374, 3376, 3380, 3406, 3443, 3481, 3529, 3532, 3533, 3552, 3653, 3661, 3673, 3680, 3691, 3702, 3706, 3711, 3714, 4123, 4128, 4162, 4736, 4743, 4904, 4919, 4938, 4958, 5009, 5269, 5274, 5347, 5371, 5388, 5425, 5457, 5483, 5534, 5871, 5876, 5880, 5904, 6005, 6116, 6121, 6139, 6147, 6153, 6173, 6176, 6182, 6188, 6213, 6223, 6239, 6245, 6257, 6269, 6271, 6274, 6278, 6279, 6282, 6285, 6414, 6443, 6472, 6488, 6505, 6510, 6526, 6547, 6669, 6757, 6770, 8039, 8044, 8046, 8069, 8086, 8112, 8150, 8163, 8299, 8358, 8436, 8454, 9904, 9914, 9938, 9939, 9945, 9958, TSE, TSE23, TSE28, TWMC)
[10660] 2025/11/16 02:41:09.869 Divide StockNo {CAF00}
[10660] 2025/11/16 02:41:09.869 Add Basket MarketNo：2 StockIdx：694
[10660] 2025/11/16 02:41:09.869 Divide StockNo {CBF00}
[10660] 2025/11/16 02:41:09.869 Add Basket MarketNo：2 StockIdx：700
[10660] 2025/11/16 02:41:09.869 Divide StockNo {CCF00}
[10660] 2025/11/16 02:41:09.870 Add Basket MarketNo：2 StockIdx：118
[10660] 2025/11/16 02:41:09.870 Divide StockNo {CDF00}
[10660] 2025/11/16 02:41:09.870 Add Basket MarketNo：2 StockIdx：124
[10660] 2025/11/16 02:41:09.870 Divide StockNo {CEF00}
[10660] 2025/11/16 02:41:09.870 Add Basket MarketNo：2 StockIdx：718
[10660] 2025/11/16 02:41:09.870 Divide StockNo {CFF00}
[10660] 2025/11/16 02:41:09.870 Add Basket MarketNo：2 StockIdx：727
[10660] 2025/11/16 02:41:09.870 Divide StockNo {CGF00}
[10660] 2025/11/16 02:41:09.870 Add Basket MarketNo：2 StockIdx：733
[10660] 2025/11/16 02:41:09.870 Divide StockNo {CHF00}
[10660] 2025/11/16 02:41:09.870 Add Basket MarketNo：2 StockIdx：739
[10660] 2025/11/16 02:41:09.870 Divide StockNo {CJF00}
[10660] 2025/11/16 02:41:09.870 Add Basket MarketNo：2 StockIdx：745
[10660] 2025/11/16 02:41:09.870 Divide StockNo {CKF00}
[10660] 2025/11/16 02:41:09.870 Add Basket MarketNo：2 StockIdx：751
[10660] 2025/11/16 02:41:09.870 Divide StockNo {CLF00}
[10660] 2025/11/16 02:41:09.870 Add Basket MarketNo：2 StockIdx：757
[10660] 2025/11/16 02:41:09.870 Divide StockNo {CMF00}
[10660] 2025/11/16 02:41:09.870 Add Basket MarketNo：2 StockIdx：763
[10660] 2025/11/16 02:41:09.870 Divide StockNo {CNF00}
[10660] 2025/11/16 02:41:09.870 Add Basket MarketNo：2 StockIdx：769
[10660] 2025/11/16 02:41:09.870 Divide StockNo {CQF00}
[10660] 2025/11/16 02:41:09.870 Add Basket MarketNo：2 StockIdx：775
[10660] 2025/11/16 02:41:09.870 Divide StockNo {CRF00}
[10660] 2025/11/16 02:41:09.870 Add Basket MarketNo：2 StockIdx：781
[10660] 2025/11/16 02:41:09.870 Divide StockNo {CSF00}
[10660] 2025/11/16 02:41:09.870 Add Basket MarketNo：2 StockIdx：787
[10660] 2025/11/16 02:41:09.870 Divide StockNo {CUF00}
[10660] 2025/11/16 02:41:09.870 Add Basket MarketNo：2 StockIdx：793
[10660] 2025/11/16 02:41:09.870 Divide StockNo {CWF00}
[10660] 2025/11/16 02:41:09.870 Add Basket MarketNo：2 StockIdx：799
[10660] 2025/11/16 02:41:09.870 Divide StockNo {CXF00}
[10660] 2025/11/16 02:41:09.870 Add Basket MarketNo：2 StockIdx：808
[10660] 2025/11/16 02:41:09.870 Divide StockNo {CYF00}
[10660] 2025/11/16 02:41:09.870 Add Basket MarketNo：2 StockIdx：814
[10660] 2025/11/16 02:41:09.870 Divide StockNo {CZF00}
[10660] 2025/11/16 02:41:09.870 Add Basket MarketNo：2 StockIdx：820
[10660] 2025/11/16 02:41:09.870 Divide StockNo {DAF00}
[10660] 2025/11/16 02:41:09.870 Add Basket MarketNo：2 StockIdx：826
[10660] 2025/11/16 02:41:09.870 Divide StockNo {DBF00}
[10660] 2025/11/16 02:41:09.870 Add Basket MarketNo：2 StockIdx：832
[10660] 2025/11/16 02:41:09.870 Divide StockNo {DCF00}
[10660] 2025/11/16 02:41:09.870 Add Basket MarketNo：2 StockIdx：838
[10660] 2025/11/16 02:41:09.870 Divide StockNo {DEF00}
[10660] 2025/11/16 02:41:09.870 Add Basket MarketNo：2 StockIdx：845
[10660] 2025/11/16 02:41:09.870 Divide StockNo {DFF00}
[10660] 2025/11/16 02:41:09.870 Add Basket MarketNo：2 StockIdx：853
[10660] 2025/11/16 02:41:09.870 Divide StockNo {DGF00}
[10660] 2025/11/16 02:41:09.870 Add Basket MarketNo：2 StockIdx：859
[10660] 2025/11/16 02:41:09.870 Divide StockNo {DHF00}
[10660] 2025/11/16 02:41:09.870 Add Basket MarketNo：2 StockIdx：865
[10660] 2025/11/16 02:41:09.870 Divide StockNo {DIF00}
[10660] 2025/11/16 02:41:09.870 Add Basket MarketNo：2 StockIdx：871
[10660] 2025/11/16 02:41:09.870 Divide StockNo {DJF00}
[10660] 2025/11/16 02:41:09.870 Add Basket MarketNo：2 StockIdx：877
[10660] 2025/11/16 02:41:09.870 Divide StockNo {DKF00}
[10660] 2025/11/16 02:41:09.870 Add Basket MarketNo：2 StockIdx：883
[10660] 2025/11/16 02:41:09.870 Divide StockNo {DLF00}
[10660] 2025/11/16 02:41:09.870 Add Basket MarketNo：2 StockIdx：889
[10660] 2025/11/16 02:41:09.870 Divide StockNo {DNF00}
[10660] 2025/11/16 02:41:09.870 Add Basket MarketNo：2 StockIdx：895
[10660] 2025/11/16 02:41:09.870 Divide StockNo {DOF00}
[10660] 2025/11/16 02:41:09.870 Add Basket MarketNo：2 StockIdx：902
[10660] 2025/11/16 02:41:09.870 Divide StockNo {DPF00}
[10660] 2025/11/16 02:41:09.870 Add Basket MarketNo：2 StockIdx：909
[10660] 2025/11/16 02:41:09.870 Divide StockNo {DQF00}
[10660] 2025/11/16 02:41:09.870 Add Basket MarketNo：2 StockIdx：915
[10660] 2025/11/16 02:41:09.870 Divide StockNo {DSF00}
[10660] 2025/11/16 02:41:09.871 Add Basket MarketNo：2 StockIdx：921
[10660] 2025/11/16 02:41:09.871 Divide StockNo {DVF00}
[10660] 2025/11/16 02:41:09.871 Add Basket MarketNo：2 StockIdx：927
[10660] 2025/11/16 02:41:09.871 Divide StockNo {DWF00}
[10660] 2025/11/16 02:41:09.871 Add Basket MarketNo：2 StockIdx：933
[10660] 2025/11/16 02:41:09.871 Divide StockNo {DXF00}
[10660] 2025/11/16 02:41:09.871 Add Basket MarketNo：2 StockIdx：939
[10660] 2025/11/16 02:41:09.871 Divide StockNo {DYF00}
[10660] 2025/11/16 02:41:09.871 Add Basket MarketNo：2 StockIdx：945
[10660] 2025/11/16 02:41:09.871 Divide StockNo {DZF00}
[10660] 2025/11/16 02:41:09.871 Add Basket MarketNo：2 StockIdx：951
[10660] 2025/11/16 02:41:09.871 Divide StockNo {EEF00}
[10660] 2025/11/16 02:41:09.871 Add Basket MarketNo：2 StockIdx：957
[10660] 2025/11/16 02:41:09.871 Divide StockNo {EGF00}
[10660] 2025/11/16 02:41:09.871 Add Basket MarketNo：2 StockIdx：963
[10660] 2025/11/16 02:41:09.871 Divide StockNo {EHF00}
[10660] 2025/11/16 02:41:09.871 Add Basket MarketNo：2 StockIdx：969
[10660] 2025/11/16 02:41:09.871 Divide StockNo {EKF00}
[10660] 2025/11/16 02:41:09.871 Add Basket MarketNo：2 StockIdx：975
[10660] 2025/11/16 02:41:09.871 Divide StockNo {EMF00}
[10660] 2025/11/16 02:41:09.871 Add Basket MarketNo：2 StockIdx：981
[10660] 2025/11/16 02:41:09.871 Divide StockNo {EPF00}
[10660] 2025/11/16 02:41:09.871 Add Basket MarketNo：2 StockIdx：987
[10660] 2025/11/16 02:41:09.871 Divide StockNo {EYF00}
[10660] 2025/11/16 02:41:09.871 Add Basket MarketNo：2 StockIdx：993
[10660] 2025/11/16 02:41:09.871 Divide StockNo {EZF00}
[10660] 2025/11/16 02:41:09.871 Add Basket MarketNo：2 StockIdx：999
[10660] 2025/11/16 02:41:09.871 Divide StockNo {FBF00}
[10660] 2025/11/16 02:41:09.871 Add Basket MarketNo：2 StockIdx：1005
[10660] 2025/11/16 02:41:09.871 Divide StockNo {FCF00}
[10660] 2025/11/16 02:41:09.871 Add Basket MarketNo：2 StockIdx：1011
[10660] 2025/11/16 02:41:09.871 Divide StockNo {FEF00}
[10660] 2025/11/16 02:41:09.871 Add Basket MarketNo：2 StockIdx：1015
[10660] 2025/11/16 02:41:09.871 Divide StockNo {FFF00}
[10660] 2025/11/16 02:41:09.871 Add Basket MarketNo：2 StockIdx：1022
[10660] 2025/11/16 02:41:09.871 Divide StockNo {FGF00}
[10660] 2025/11/16 02:41:09.871 Add Basket MarketNo：2 StockIdx：1028
[10660] 2025/11/16 02:41:09.871 Divide StockNo {FKF00}
[10660] 2025/11/16 02:41:09.871 Add Basket MarketNo：2 StockIdx：1034
[10660] 2025/11/16 02:41:09.871 Divide StockNo {FNF00}
[10660] 2025/11/16 02:41:09.871 Add Basket MarketNo：2 StockIdx：1040
[10660] 2025/11/16 02:41:09.871 Divide StockNo {FQF00}
[10660] 2025/11/16 02:41:09.871 Add Basket MarketNo：2 StockIdx：1046
[10660] 2025/11/16 02:41:09.871 Divide StockNo {FRF00}
[10660] 2025/11/16 02:41:09.871 Add Basket MarketNo：2 StockIdx：1052
[10660] 2025/11/16 02:41:09.871 Divide StockNo {FSF00}
[10660] 2025/11/16 02:41:09.871 Add Basket MarketNo：2 StockIdx：1058
[10660] 2025/11/16 02:41:09.871 Divide StockNo {FTF00}
[10660] 2025/11/16 02:41:09.871 Add Basket MarketNo：2 StockIdx：1064
[10660] 2025/11/16 02:41:09.871 Divide StockNo {FVF00}
[10660] 2025/11/16 02:41:09.871 Add Basket MarketNo：2 StockIdx：1070
[10660] 2025/11/16 02:41:09.871 Divide StockNo {FWF00}
[10660] 2025/11/16 02:41:09.871 Add Basket MarketNo：2 StockIdx：1076
[10660] 2025/11/16 02:41:09.871 Divide StockNo {FYF00}
[10660] 2025/11/16 02:41:09.871 Add Basket MarketNo：2 StockIdx：1082
[10660] 2025/11/16 02:41:09.871 Divide StockNo {FZF00}
[10660] 2025/11/16 02:41:09.871 Add Basket MarketNo：2 StockIdx：1088
[10660] 2025/11/16 02:41:09.871 Divide StockNo {GAF00}
[10660] 2025/11/16 02:41:09.871 Add Basket MarketNo：2 StockIdx：1094
[10660] 2025/11/16 02:41:09.871 Divide StockNo {GCF00}
[10660] 2025/11/16 02:41:09.871 Add Basket MarketNo：2 StockIdx：1100
[10660] 2025/11/16 02:41:09.871 Divide StockNo {GHF00}
[10660] 2025/11/16 02:41:09.871 Add Basket MarketNo：2 StockIdx：1106
[10660] 2025/11/16 02:41:09.871 Divide StockNo {GIF00}
[10660] 2025/11/16 02:41:09.871 Add Basket MarketNo：2 StockIdx：1112
[10660] 2025/11/16 02:41:09.871 Divide StockNo {GJF00}
[10660] 2025/11/16 02:41:09.871 Add Basket MarketNo：2 StockIdx：1118
[10660] 2025/11/16 02:41:09.871 Divide StockNo {GKF00}
[10660] 2025/11/16 02:41:09.871 Add Basket MarketNo：2 StockIdx：1124
[10660] 2025/11/16 02:41:09.871 Divide StockNo {GLF00}
[10660] 2025/11/16 02:41:09.871 Add Basket MarketNo：2 StockIdx：1130
[10660] 2025/11/16 02:41:09.871 Divide StockNo {GMF00}
[10660] 2025/11/16 02:41:09.871 Add Basket MarketNo：2 StockIdx：1136
[10660] 2025/11/16 02:41:09.872 Divide StockNo {GNF00}
[10660] 2025/11/16 02:41:09.872 Add Basket MarketNo：2 StockIdx：1142
[10660] 2025/11/16 02:41:09.872 Divide StockNo {GOF00}
[10660] 2025/11/16 02:41:09.872 Add Basket MarketNo：2 StockIdx：1148
[10660] 2025/11/16 02:41:09.872 Divide StockNo {GRF00}
[10660] 2025/11/16 02:41:09.872 Add Basket MarketNo：2 StockIdx：1154
[10660] 2025/11/16 02:41:09.872 Divide StockNo {GUF00}
[10660] 2025/11/16 02:41:09.872 Add Basket MarketNo：2 StockIdx：1160
[10660] 2025/11/16 02:41:09.872 Divide StockNo {GVF00}
[10660] 2025/11/16 02:41:09.872 Add Basket MarketNo：2 StockIdx：1166
[10660] 2025/11/16 02:41:09.872 Divide StockNo {GWF00}
[10660] 2025/11/16 02:41:09.872 Add Basket MarketNo：2 StockIdx：1172
[10660] 2025/11/16 02:41:09.872 Divide StockNo {GXF00}
[10660] 2025/11/16 02:41:09.872 Add Basket MarketNo：2 StockIdx：1178
[10660] 2025/11/16 02:41:09.872 Divide StockNo {GYF00}
[10660] 2025/11/16 02:41:09.872 Add Basket MarketNo：2 StockIdx：1184
[10660] 2025/11/16 02:41:09.872 Divide StockNo {GZF00}
[10660] 2025/11/16 02:41:09.872 Add Basket MarketNo：2 StockIdx：1190
[10660] 2025/11/16 02:41:09.872 Divide StockNo {HAF00}
[10660] 2025/11/16 02:41:09.872 Add Basket MarketNo：2 StockIdx：1196
[10660] 2025/11/16 02:41:09.872 Divide StockNo {HBF00}
[10660] 2025/11/16 02:41:09.872 Add Basket MarketNo：2 StockIdx：1205
[10660] 2025/11/16 02:41:09.872 Divide StockNo {HCF00}
[10660] 2025/11/16 02:41:09.872 Add Basket MarketNo：2 StockIdx：1211
[10660] 2025/11/16 02:41:09.872 Divide StockNo {HHF00}
[10660] 2025/11/16 02:41:09.872 Add Basket MarketNo：2 StockIdx：1217
[10660] 2025/11/16 02:41:09.872 Divide StockNo {HIF00}
[10660] 2025/11/16 02:41:09.872 Add Basket MarketNo：2 StockIdx：1228
[10660] 2025/11/16 02:41:09.872 Divide StockNo {HLF00}
[10660] 2025/11/16 02:41:09.872 Add Basket MarketNo：2 StockIdx：1234
[10660] 2025/11/16 02:41:09.872 Divide StockNo {HOF00}
[10660] 2025/11/16 02:41:09.872 Add Basket MarketNo：2 StockIdx：1245
[10660] 2025/11/16 02:41:09.872 Divide StockNo {HQF00}
[10660] 2025/11/16 02:41:09.872 Add Basket MarketNo：2 StockIdx：1251
[10660] 2025/11/16 02:41:09.872 Divide StockNo {HSF00}
[10660] 2025/11/16 02:41:09.872 Add Basket MarketNo：2 StockIdx：1257
[10660] 2025/11/16 02:41:09.872 Divide StockNo {IAF00}
[10660] 2025/11/16 02:41:09.872 Add Basket MarketNo：2 StockIdx：1263
[10660] 2025/11/16 02:41:09.872 Divide StockNo {IHF00}
[10660] 2025/11/16 02:41:09.872 Add Basket MarketNo：2 StockIdx：1271
[10660] 2025/11/16 02:41:09.872 Divide StockNo {IIF00}
[10660] 2025/11/16 02:41:09.872 Add Basket MarketNo：2 StockIdx：1277
[10660] 2025/11/16 02:41:09.872 Divide StockNo {IJF00}
[10660] 2025/11/16 02:41:09.872 Add Basket MarketNo：2 StockIdx：1283
[10660] 2025/11/16 02:41:09.872 Divide StockNo {IMF00}
[10660] 2025/11/16 02:41:09.872 Add Basket MarketNo：2 StockIdx：1289
[10660] 2025/11/16 02:41:09.872 Divide StockNo {IOF00}
[10660] 2025/11/16 02:41:09.872 Add Basket MarketNo：2 StockIdx：1295
[10660] 2025/11/16 02:41:09.872 Divide StockNo {IPF00}
[10660] 2025/11/16 02:41:09.872 Add Basket MarketNo：2 StockIdx：1301
[10660] 2025/11/16 02:41:09.872 Divide StockNo {IQF00}
[10660] 2025/11/16 02:41:09.872 Add Basket MarketNo：2 StockIdx：1307
[10660] 2025/11/16 02:41:09.872 Divide StockNo {IRF00}
[10660] 2025/11/16 02:41:09.872 Add Basket MarketNo：2 StockIdx：1313
[10660] 2025/11/16 02:41:09.872 Divide StockNo {ITF00}
[10660] 2025/11/16 02:41:09.872 Add Basket MarketNo：2 StockIdx：1324
[10660] 2025/11/16 02:41:09.872 Divide StockNo {IXF00}
[10660] 2025/11/16 02:41:09.872 Add Basket MarketNo：2 StockIdx：1330
[10660] 2025/11/16 02:41:09.872 Divide StockNo {IYF00}
[10660] 2025/11/16 02:41:09.872 Add Basket MarketNo：2 StockIdx：1336
[10660] 2025/11/16 02:41:09.872 Divide StockNo {IZF00}
[10660] 2025/11/16 02:41:09.872 Add Basket MarketNo：2 StockIdx：1342
[10660] 2025/11/16 02:41:09.872 Divide StockNo {JBF00}
[10660] 2025/11/16 02:41:09.872 Add Basket MarketNo：2 StockIdx：1348
[10660] 2025/11/16 02:41:09.872 Divide StockNo {JFF00}
[10660] 2025/11/16 02:41:09.872 Add Basket MarketNo：2 StockIdx：1354
[10660] 2025/11/16 02:41:09.872 Divide StockNo {JMF00}
[10660] 2025/11/16 02:41:09.872 Add Basket MarketNo：2 StockIdx：1360
[10660] 2025/11/16 02:41:09.872 Divide StockNo {JNF00}
[10660] 2025/11/16 02:41:09.872 Add Basket MarketNo：2 StockIdx：1366
[10660] 2025/11/16 02:41:09.872 Divide StockNo {JPF00}
[10660] 2025/11/16 02:41:09.872 Add Basket MarketNo：2 StockIdx：1372
[10660] 2025/11/16 02:41:09.873 Divide StockNo {JSF00}
[10660] 2025/11/16 02:41:09.873 Add Basket MarketNo：2 StockIdx：1378
[10660] 2025/11/16 02:41:09.873 Divide StockNo {JWF00}
[10660] 2025/11/16 02:41:09.873 Add Basket MarketNo：2 StockIdx：1384
[10660] 2025/11/16 02:41:09.873 Divide StockNo {JXF00}
[10660] 2025/11/16 02:41:09.873 Add Basket MarketNo：2 StockIdx：1390
[10660] 2025/11/16 02:41:09.873 Divide StockNo {JZF00}
[10660] 2025/11/16 02:41:09.873 Add Basket MarketNo：2 StockIdx：1396
[10660] 2025/11/16 02:41:09.873 Divide StockNo {KAF00}
[10660] 2025/11/16 02:41:09.873 Add Basket MarketNo：2 StockIdx：1402
[10660] 2025/11/16 02:41:09.873 Divide StockNo {KBF00}
[10660] 2025/11/16 02:41:09.873 Add Basket MarketNo：2 StockIdx：1408
[10660] 2025/11/16 02:41:09.873 Divide StockNo {KCF00}
[10660] 2025/11/16 02:41:09.873 Add Basket MarketNo：2 StockIdx：1414
[10660] 2025/11/16 02:41:09.873 Divide StockNo {KDF00}
[10660] 2025/11/16 02:41:09.873 Add Basket MarketNo：2 StockIdx：1420
[10660] 2025/11/16 02:41:09.873 Divide StockNo {KEF00}
[10660] 2025/11/16 02:41:09.873 Add Basket MarketNo：2 StockIdx：1426
[10660] 2025/11/16 02:41:09.873 Divide StockNo {KFF00}
[10660] 2025/11/16 02:41:09.873 Add Basket MarketNo：2 StockIdx：1432
[10660] 2025/11/16 02:41:09.873 Divide StockNo {KGF00}
[10660] 2025/11/16 02:41:09.873 Add Basket MarketNo：2 StockIdx：1438
[10660] 2025/11/16 02:41:09.873 Divide StockNo {KIF00}
[10660] 2025/11/16 02:41:09.873 Add Basket MarketNo：2 StockIdx：1444
[10660] 2025/11/16 02:41:09.873 Divide StockNo {KKF00}
[10660] 2025/11/16 02:41:09.873 Add Basket MarketNo：2 StockIdx：1450
[10660] 2025/11/16 02:41:09.873 Divide StockNo {KLF00}
[10660] 2025/11/16 02:41:09.873 Add Basket MarketNo：2 StockIdx：1456
[10660] 2025/11/16 02:41:09.873 Divide StockNo {KOF00}
[10660] 2025/11/16 02:41:09.873 Add Basket MarketNo：2 StockIdx：1462
[10660] 2025/11/16 02:41:09.873 Divide StockNo {KPF00}
[10660] 2025/11/16 02:41:09.873 Add Basket MarketNo：2 StockIdx：1468
[10660] 2025/11/16 02:41:09.873 Divide StockNo {KSF00}
[10660] 2025/11/16 02:41:09.873 Add Basket MarketNo：2 StockIdx：1474
[10660] 2025/11/16 02:41:09.873 Divide StockNo {KUF00}
[10660] 2025/11/16 02:41:09.873 Add Basket MarketNo：2 StockIdx：1480
[10660] 2025/11/16 02:41:09.873 Divide StockNo {KWF00}
[10660] 2025/11/16 02:41:09.873 Add Basket MarketNo：2 StockIdx：1486
[10660] 2025/11/16 02:41:09.873 Divide StockNo {LBF00}
[10660] 2025/11/16 02:41:09.873 Add Basket MarketNo：2 StockIdx：1492
[10660] 2025/11/16 02:41:09.873 Divide StockNo {LCF00}
[10660] 2025/11/16 02:41:09.873 Add Basket MarketNo：2 StockIdx：1498
[10660] 2025/11/16 02:41:09.873 Divide StockNo {LEF00}
[10660] 2025/11/16 02:41:09.873 Add Basket MarketNo：2 StockIdx：1504
[10660] 2025/11/16 02:41:09.873 Divide StockNo {LIF00}
[10660] 2025/11/16 02:41:09.873 Add Basket MarketNo：2 StockIdx：1510
[10660] 2025/11/16 02:41:09.873 Divide StockNo {LMF00}
[10660] 2025/11/16 02:41:09.873 Add Basket MarketNo：2 StockIdx：1516
[10660] 2025/11/16 02:41:09.873 Divide StockNo {LOF00}
[10660] 2025/11/16 02:41:09.873 Add Basket MarketNo：2 StockIdx：1522
[10660] 2025/11/16 02:41:09.873 Divide StockNo {LQF00}
[10660] 2025/11/16 02:41:09.873 Add Basket MarketNo：2 StockIdx：1528
[10660] 2025/11/16 02:41:09.873 Divide StockNo {LRF00}
[10660] 2025/11/16 02:41:09.873 Add Basket MarketNo：2 StockIdx：1534
[10660] 2025/11/16 02:41:09.873 Divide StockNo {LTF00}
[10660] 2025/11/16 02:41:09.873 Add Basket MarketNo：2 StockIdx：1542
[10660] 2025/11/16 02:41:09.873 Divide StockNo {LUF00}
[10660] 2025/11/16 02:41:09.873 Add Basket MarketNo：2 StockIdx：1548
[10660] 2025/11/16 02:41:09.873 Divide StockNo {LVF00}
[10660] 2025/11/16 02:41:09.873 Add Basket MarketNo：2 StockIdx：1554
[10660] 2025/11/16 02:41:09.873 Divide StockNo {LWF00}
[10660] 2025/11/16 02:41:09.873 Add Basket MarketNo：2 StockIdx：1562
[10660] 2025/11/16 02:41:09.873 Divide StockNo {LXF00}
[10660] 2025/11/16 02:41:09.873 Add Basket MarketNo：2 StockIdx：1568
[10660] 2025/11/16 02:41:09.873 Divide StockNo {LYF00}
[10660] 2025/11/16 02:41:09.873 Add Basket MarketNo：2 StockIdx：1575
[10660] 2025/11/16 02:41:09.873 Divide StockNo {MAF00}
[10660] 2025/11/16 02:41:09.873 Add Basket MarketNo：2 StockIdx：1581
[10660] 2025/11/16 02:41:09.873 Divide StockNo {MBF00}
[10660] 2025/11/16 02:41:09.873 Add Basket MarketNo：2 StockIdx：1584
[10660] 2025/11/16 02:41:09.873 Divide StockNo {MJF00}
[10660] 2025/11/16 02:41:09.873 Add Basket MarketNo：2 StockIdx：1590
[10660] 2025/11/16 02:41:09.873 Divide StockNo {MKF00}
[10660] 2025/11/16 02:41:09.873 Add Basket MarketNo：2 StockIdx：1596
[10660] 2025/11/16 02:41:09.874 Divide StockNo {MQF00}
[10660] 2025/11/16 02:41:09.874 Add Basket MarketNo：2 StockIdx：1602
[10660] 2025/11/16 02:41:09.874 Divide StockNo {MVF00}
[10660] 2025/11/16 02:41:09.874 Add Basket MarketNo：2 StockIdx：1608
[10660] 2025/11/16 02:41:09.874 Divide StockNo {MYF00}
[10660] 2025/11/16 02:41:09.874 Add Basket MarketNo：2 StockIdx：1614
[10660] 2025/11/16 02:41:09.874 Divide StockNo {NAF00}
[10660] 2025/11/16 02:41:09.874 Add Basket MarketNo：2 StockIdx：1620
[10660] 2025/11/16 02:41:09.874 Divide StockNo {NBF00}
[10660] 2025/11/16 02:41:09.874 Add Basket MarketNo：2 StockIdx：1626
[10660] 2025/11/16 02:41:09.874 Divide StockNo {NDF00}
[10660] 2025/11/16 02:41:09.874 Add Basket MarketNo：2 StockIdx：1632
[10660] 2025/11/16 02:41:09.874 Divide StockNo {NEF00}
[10660] 2025/11/16 02:41:09.874 Add Basket MarketNo：2 StockIdx：1638
[10660] 2025/11/16 02:41:09.874 Divide StockNo {NGF00}
[10660] 2025/11/16 02:41:09.874 Add Basket MarketNo：2 StockIdx：1644
[10660] 2025/11/16 02:41:09.874 Divide StockNo {NIF00}
[10660] 2025/11/16 02:41:09.874 Add Basket MarketNo：2 StockIdx：1650
[10660] 2025/11/16 02:41:09.874 Divide StockNo {NJF00}
[10660] 2025/11/16 02:41:09.874 Add Basket MarketNo：2 StockIdx：1658
[10660] 2025/11/16 02:41:09.874 Divide StockNo {NLF00}
[10660] 2025/11/16 02:41:09.874 Add Basket MarketNo：2 StockIdx：1664
[10660] 2025/11/16 02:41:09.874 Divide StockNo {NMF00}
[10660] 2025/11/16 02:41:09.874 Add Basket MarketNo：2 StockIdx：1670
[10660] 2025/11/16 02:41:09.874 Divide StockNo {NOF00}
[10660] 2025/11/16 02:41:09.874 Add Basket MarketNo：2 StockIdx：1676
[10660] 2025/11/16 02:41:09.874 Divide StockNo {NQF00}
[10660] 2025/11/16 02:41:09.874 Add Basket MarketNo：2 StockIdx：1682
[10660] 2025/11/16 02:41:09.874 Divide StockNo {NSF00}
[10660] 2025/11/16 02:41:09.874 Add Basket MarketNo：2 StockIdx：1688
[10660] 2025/11/16 02:41:09.874 Divide StockNo {NUF00}
[10660] 2025/11/16 02:41:09.874 Add Basket MarketNo：2 StockIdx：1694
[10660] 2025/11/16 02:41:09.874 Divide StockNo {NVF00}
[10660] 2025/11/16 02:41:09.874 Add Basket MarketNo：2 StockIdx：1700
[10660] 2025/11/16 02:41:09.874 Divide StockNo {NWF00}
[10660] 2025/11/16 02:41:09.874 Add Basket MarketNo：2 StockIdx：1706
[10660] 2025/11/16 02:41:09.874 Divide StockNo {NYF00}
[10660] 2025/11/16 02:41:09.874 Add Basket MarketNo：2 StockIdx：130
[10660] 2025/11/16 02:41:09.874 Divide StockNo {OAF00}
[10660] 2025/11/16 02:41:09.874 Add Basket MarketNo：2 StockIdx：1718
[10660] 2025/11/16 02:41:09.874 Divide StockNo {OBF00}
[10660] 2025/11/16 02:41:09.874 Add Basket MarketNo：2 StockIdx：1724
[10660] 2025/11/16 02:41:09.874 Divide StockNo {ODF00}
[10660] 2025/11/16 02:41:09.874 Add Basket MarketNo：2 StockIdx：1730
[10660] 2025/11/16 02:41:09.874 Divide StockNo {OEF00}
[10660] 2025/11/16 02:41:09.874 Add Basket MarketNo：2 StockIdx：1736
[10660] 2025/11/16 02:41:09.874 Divide StockNo {OHF00}
[10660] 2025/11/16 02:41:09.874 Add Basket MarketNo：2 StockIdx：1742
[10660] 2025/11/16 02:41:09.874 Divide StockNo {OJF00}
[10660] 2025/11/16 02:41:09.874 Add Basket MarketNo：2 StockIdx：1748
[10660] 2025/11/16 02:41:09.874 Divide StockNo {OKF00}
[10660] 2025/11/16 02:41:09.874 Add Basket MarketNo：2 StockIdx：1754
[10660] 2025/11/16 02:41:09.874 Divide StockNo {OLF00}
[10660] 2025/11/16 02:41:09.874 Add Basket MarketNo：2 StockIdx：1760
[10660] 2025/11/16 02:41:09.874 Divide StockNo {OMF00}
[10660] 2025/11/16 02:41:09.874 Add Basket MarketNo：2 StockIdx：1766
[10660] 2025/11/16 02:41:09.874 Divide StockNo {OOF00}
[10660] 2025/11/16 02:41:09.874 Add Basket MarketNo：2 StockIdx：1772
[10660] 2025/11/16 02:41:09.874 Divide StockNo {OPF00}
[10660] 2025/11/16 02:41:09.874 Add Basket MarketNo：2 StockIdx：1778
[10660] 2025/11/16 02:41:09.874 Divide StockNo {OQF00}
[10660] 2025/11/16 02:41:09.874 Add Basket MarketNo：2 StockIdx：1784
[10660] 2025/11/16 02:41:09.874 Divide StockNo {ORF00}
[10660] 2025/11/16 02:41:09.874 Add Basket MarketNo：2 StockIdx：1790
[10660] 2025/11/16 02:41:09.874 Divide StockNo {OSF00}
[10660] 2025/11/16 02:41:09.874 Add Basket MarketNo：2 StockIdx：1796
[10660] 2025/11/16 02:41:09.874 Divide StockNo {OTF00}
[10660] 2025/11/16 02:41:09.874 Add Basket MarketNo：2 StockIdx：1802
[10660] 2025/11/16 02:41:09.874 Divide StockNo {OUF00}
[10660] 2025/11/16 02:41:09.874 Add Basket MarketNo：2 StockIdx：1808
[10660] 2025/11/16 02:41:09.874 Divide StockNo {OVF00}
[10660] 2025/11/16 02:41:09.874 Add Basket MarketNo：2 StockIdx：1814
[10660] 2025/11/16 02:41:09.874 Divide StockNo {OWF00}
[10660] 2025/11/16 02:41:09.874 Add Basket MarketNo：2 StockIdx：1820
[10660] 2025/11/16 02:41:09.874 Divide StockNo {OXF00}
[10660] 2025/11/16 02:41:09.875 Add Basket MarketNo：2 StockIdx：1826
[10660] 2025/11/16 02:41:09.875 Divide StockNo {OYF00}
[10660] 2025/11/16 02:41:09.875 Add Basket MarketNo：2 StockIdx：1832
[10660] 2025/11/16 02:41:09.875 Divide StockNo {OZF00}
[10660] 2025/11/16 02:41:09.875 Add Basket MarketNo：2 StockIdx：1838
[10660] 2025/11/16 02:41:09.875 Divide StockNo {PAF00}
[10660] 2025/11/16 02:41:09.875 Add Basket MarketNo：2 StockIdx：1844
[10660] 2025/11/16 02:41:09.875 Divide StockNo {PBF00}
[10660] 2025/11/16 02:41:09.875 Add Basket MarketNo：2 StockIdx：1850
[10660] 2025/11/16 02:41:09.875 Divide StockNo {PCF00}
[10660] 2025/11/16 02:41:09.875 Add Basket MarketNo：2 StockIdx：1856
[10660] 2025/11/16 02:41:09.875 Divide StockNo {PDF00}
[10660] 2025/11/16 02:41:09.875 Add Basket MarketNo：2 StockIdx：1862
[10660] 2025/11/16 02:41:09.875 Divide StockNo {PEF00}
[10660] 2025/11/16 02:41:09.875 Add Basket MarketNo：2 StockIdx：1868
[10660] 2025/11/16 02:41:09.875 Divide StockNo {PFF00}
[10660] 2025/11/16 02:41:09.875 Add Basket MarketNo：2 StockIdx：1874
[10660] 2025/11/16 02:41:09.875 Divide StockNo {PGF00}
[10660] 2025/11/16 02:41:09.875 Add Basket MarketNo：2 StockIdx：1880
[10660] 2025/11/16 02:41:09.875 Divide StockNo {PHF00}
[10660] 2025/11/16 02:41:09.875 Add Basket MarketNo：2 StockIdx：1886
[10660] 2025/11/16 02:41:09.875 Divide StockNo {PIF00}
[10660] 2025/11/16 02:41:09.875 Add Basket MarketNo：2 StockIdx：1892
[10660] 2025/11/16 02:41:09.875 Divide StockNo {PJF00}
[10660] 2025/11/16 02:41:09.875 Add Basket MarketNo：2 StockIdx：1898
[10660] 2025/11/16 02:41:09.875 Divide StockNo {PKF00}
[10660] 2025/11/16 02:41:09.875 Add Basket MarketNo：2 StockIdx：1904
[10660] 2025/11/16 02:41:09.875 Divide StockNo {PLF00}
[10660] 2025/11/16 02:41:09.875 Add Basket MarketNo：2 StockIdx：1910
[10660] 2025/11/16 02:41:09.875 Divide StockNo {PMF00}
[10660] 2025/11/16 02:41:09.875 Add Basket MarketNo：2 StockIdx：1916
[10660] 2025/11/16 02:41:09.875 Divide StockNo {PNF00}
[10660] 2025/11/16 02:41:09.875 Add Basket MarketNo：2 StockIdx：1922
[10660] 2025/11/16 02:41:09.875 Divide StockNo {PPF00}
[10660] 2025/11/16 02:41:09.875 Add Basket MarketNo：2 StockIdx：1928
[10660] 2025/11/16 02:41:09.875 Divide StockNo {PQF00}
[10660] 2025/11/16 02:41:09.875 Add Basket MarketNo：2 StockIdx：1934
[10660] 2025/11/16 02:41:09.875 Divide StockNo {PRF00}
[10660] 2025/11/16 02:41:09.875 Add Basket MarketNo：2 StockIdx：1940
[10660] 2025/11/16 02:41:09.875 Divide StockNo {PSF00}
[10660] 2025/11/16 02:41:09.875 Add Basket MarketNo：2 StockIdx：1946
[10660] 2025/11/16 02:41:09.875 Divide StockNo {PTF00}
[10660] 2025/11/16 02:41:09.875 Add Basket MarketNo：2 StockIdx：1953
[10660] 2025/11/16 02:41:09.875 Divide StockNo {PUF00}
[10660] 2025/11/16 02:41:09.875 Add Basket MarketNo：2 StockIdx：1959
[10660] 2025/11/16 02:41:09.875 Divide StockNo {PVF00}
[10660] 2025/11/16 02:41:09.875 Add Basket MarketNo：2 StockIdx：1965
[10660] 2025/11/16 02:41:09.875 Divide StockNo {PWF00}
[10660] 2025/11/16 02:41:09.875 Add Basket MarketNo：2 StockIdx：1971
[10660] 2025/11/16 02:41:09.875 Divide StockNo {PXF00}
[10660] 2025/11/16 02:41:09.875 Add Basket MarketNo：2 StockIdx：1977
[10660] 2025/11/16 02:41:09.875 Divide StockNo {PYF00}
[10660] 2025/11/16 02:41:09.875 Add Basket MarketNo：2 StockIdx：1983
[10660] 2025/11/16 02:41:09.875 Divide StockNo {PZF00}
[10660] 2025/11/16 02:41:09.875 Add Basket MarketNo：2 StockIdx：1989
[10660] 2025/11/16 02:41:09.875 Divide StockNo {QAF00}
[10660] 2025/11/16 02:41:09.875 Add Basket MarketNo：2 StockIdx：1995
[10660] 2025/11/16 02:41:09.875 Divide StockNo {QBF00}
[10660] 2025/11/16 02:41:09.875 Add Basket MarketNo：2 StockIdx：2001
[10660] 2025/11/16 02:41:09.875 Divide StockNo {QCF00}
[10660] 2025/11/16 02:41:09.875 Add Basket MarketNo：2 StockIdx：2007
[10660] 2025/11/16 02:41:09.875 Divide StockNo {QDF00}
[10660] 2025/11/16 02:41:09.875 Add Basket MarketNo：2 StockIdx：2013
[10660] 2025/11/16 02:41:09.875 Divide StockNo {QEF00}
[10660] 2025/11/16 02:41:09.875 Add Basket MarketNo：2 StockIdx：2019
[10660] 2025/11/16 02:41:09.875 Divide StockNo {QFF00}
[10660] 2025/11/16 02:41:09.875 Add Basket MarketNo：2 StockIdx：136
[10660] 2025/11/16 02:41:09.875 Divide StockNo {QGF00}
[10660] 2025/11/16 02:41:09.875 Add Basket MarketNo：2 StockIdx：2032
[10660] 2025/11/16 02:41:09.875 Divide StockNo {QHF00}
[10660] 2025/11/16 02:41:09.875 Add Basket MarketNo：2 StockIdx：2038
[10660] 2025/11/16 02:41:09.875 Divide StockNo {QIF00}
[10660] 2025/11/16 02:41:09.875 Add Basket MarketNo：2 StockIdx：2044
[10660] 2025/11/16 02:41:09.875 Divide StockNo {QJF00}
[10660] 2025/11/16 02:41:09.875 Add Basket MarketNo：2 StockIdx：2048
[10660] 2025/11/16 02:41:09.876 Divide StockNo {QKF00}
[10660] 2025/11/16 02:41:09.876 Add Basket MarketNo：2 StockIdx：2054
[10660] 2025/11/16 02:41:09.876 Divide StockNo {QLF00}
[10660] 2025/11/16 02:41:09.876 Add Basket MarketNo：2 StockIdx：2060
[10660] 2025/11/16 02:41:09.876 Divide StockNo {QMF00}
[10660] 2025/11/16 02:41:09.876 Add Basket MarketNo：2 StockIdx：2066
[10660] 2025/11/16 02:41:09.876 Divide StockNo {QNF00}
[10660] 2025/11/16 02:41:09.876 Add Basket MarketNo：2 StockIdx：2072
[10660] 2025/11/16 02:41:09.876 Divide StockNo {QOF00}
[10660] 2025/11/16 02:41:09.876 Add Basket MarketNo：2 StockIdx：2078
[10660] 2025/11/16 02:41:09.876 Divide StockNo {QPF00}
[10660] 2025/11/16 02:41:09.876 Add Basket MarketNo：2 StockIdx：2084
[10660] 2025/11/16 02:41:09.876 Divide StockNo {QQF00}
[10660] 2025/11/16 02:41:09.876 Add Basket MarketNo：2 StockIdx：2090
[10660] 2025/11/16 02:41:09.876 Divide StockNo {QRF00}
[10660] 2025/11/16 02:41:09.876 Add Basket MarketNo：2 StockIdx：2096
[10660] 2025/11/16 02:41:09.876 Divide StockNo {QSF00}
[10660] 2025/11/16 02:41:09.876 Add Basket MarketNo：2 StockIdx：2102
[10660] 2025/11/16 02:41:09.876 Divide StockNo {QTF00}
[10660] 2025/11/16 02:41:09.876 Add Basket MarketNo：2 StockIdx：2108
[10660] 2025/11/16 02:41:09.876 Divide StockNo {QUF00}
[10660] 2025/11/16 02:41:09.876 Add Basket MarketNo：2 StockIdx：2114
[10660] 2025/11/16 02:41:09.876 Divide StockNo {QVF00}
[10660] 2025/11/16 02:41:09.876 Add Basket MarketNo：2 StockIdx：2120
[10660] 2025/11/16 02:41:09.876 Divide StockNo {QWF00}
[10660] 2025/11/16 02:41:09.876 Add Basket MarketNo：2 StockIdx：2126
[10660] 2025/11/16 02:41:09.876 Divide StockNo {QXF00}
[10660] 2025/11/16 02:41:09.876 Add Basket MarketNo：2 StockIdx：2132
[10660] 2025/11/16 02:41:09.876 Divide StockNo {QYF00}
[10660] 2025/11/16 02:41:09.876 Add Basket MarketNo：2 StockIdx：2138
[10660] 2025/11/16 02:41:09.876 Divide StockNo {QZF00}
[10660] 2025/11/16 02:41:09.876 Add Basket MarketNo：2 StockIdx：2144
[10660] 2025/11/16 02:41:09.876 Divide StockNo {RAF00}
[10660] 2025/11/16 02:41:09.876 Add Basket MarketNo：2 StockIdx：2150
[10660] 2025/11/16 02:41:09.876 Divide StockNo {RBF00}
[10660] 2025/11/16 02:41:09.876 Add Basket MarketNo：2 StockIdx：2156
[10660] 2025/11/16 02:41:09.876 Divide StockNo {RCF00}
[10660] 2025/11/16 02:41:09.876 Add Basket MarketNo：2 StockIdx：2162
[10660] 2025/11/16 02:41:09.876 Divide StockNo {RDF00}
[10660] 2025/11/16 02:41:09.876 Add Basket MarketNo：2 StockIdx：2168
[10660] 2025/11/16 02:41:09.876 Divide StockNo {REF00}
[10660] 2025/11/16 02:41:09.876 Add Basket MarketNo：2 StockIdx：2174
[10660] 2025/11/16 02:41:09.876 Divide StockNo {RFF00}
[10660] 2025/11/16 02:41:09.876 Add Basket MarketNo：2 StockIdx：2180
[10660] 2025/11/16 02:41:09.876 Divide StockNo {RGF00}
[10660] 2025/11/16 02:41:09.876 Add Basket MarketNo：2 StockIdx：2186
[10660] 2025/11/16 02:41:09.876 Divide StockNo {RIF00}
[10660] 2025/11/16 02:41:09.876 Add Basket MarketNo：2 StockIdx：2192
[10660] 2025/11/16 02:41:09.876 Divide StockNo {RJF00}
[10660] 2025/11/16 02:41:09.876 Add Basket MarketNo：2 StockIdx：2198
[10660] 2025/11/16 02:41:09.876 Divide StockNo {RKF00}
[10660] 2025/11/16 02:41:09.876 Add Basket MarketNo：2 StockIdx：2204
[10660] 2025/11/16 02:41:09.876 Divide StockNo {RLF00}
[10660] 2025/11/16 02:41:09.876 Add Basket MarketNo：2 StockIdx：2210
[10660] 2025/11/16 02:41:09.876 Divide StockNo {RMF00}
[10660] 2025/11/16 02:41:09.876 Stock Is Not Exist 
[10660] 2025/11/16 02:41:09.876 Divide StockNo {RNF00}
[10660] 2025/11/16 02:41:09.876 Add Basket MarketNo：2 StockIdx：2216
[10660] 2025/11/16 02:41:09.876 Divide StockNo {ROF00}
[10660] 2025/11/16 02:41:09.876 Add Basket MarketNo：2 StockIdx：2222
[10660] 2025/11/16 02:41:09.876 Divide StockNo {RPF00}
[10660] 2025/11/16 02:41:09.876 Add Basket MarketNo：2 StockIdx：2228
[10660] 2025/11/16 02:41:09.876 Divide StockNo {RQF00}
[10660] 2025/11/16 02:41:09.877 Stock Is Not Exist 
[10660] 2025/11/16 02:41:09.877 Divide StockNo {RRF00}
[10660] 2025/11/16 02:41:09.877 Add Basket MarketNo：2 StockIdx：2235
[10660] 2025/11/16 02:41:09.877 Divide StockNo {RSF00}
[10660] 2025/11/16 02:41:09.877 Add Basket MarketNo：2 StockIdx：2241
[10660] 2025/11/16 02:41:09.877 Divide StockNo {RUF00}
[10660] 2025/11/16 02:41:09.877 Add Basket MarketNo：2 StockIdx：2247
[10660] 2025/11/16 02:41:09.877 Divide StockNo {RVF00}
[10660] 2025/11/16 02:41:09.877 Add Basket MarketNo：2 StockIdx：2253
[10660] 2025/11/16 02:41:09.877 Divide StockNo {RWF00}
[10660] 2025/11/16 02:41:09.877 Add Basket MarketNo：2 StockIdx：2259
[10660] 2025/11/16 02:41:09.877 Divide StockNo {RXF00}
[10660] 2025/11/16 02:41:09.877 Add Basket MarketNo：2 StockIdx：2265
[10660] 2025/11/16 02:41:09.877 Divide StockNo {RYF00}
[10660] 2025/11/16 02:41:09.877 Add Basket MarketNo：2 StockIdx：2271
[10660] 2025/11/16 02:41:09.877 Divide StockNo {RZF00}
[10660] 2025/11/16 02:41:09.877 Add Basket MarketNo：2 StockIdx：142
[10660] 2025/11/16 02:41:09.877 Divide StockNo {SAF00}
[10660] 2025/11/16 02:41:09.877 Add Basket MarketNo：2 StockIdx：2283
[10660] 2025/11/16 02:41:09.877 Divide StockNo {SBF00}
[10660] 2025/11/16 02:41:09.877 Add Basket MarketNo：2 StockIdx：2289
[10660] 2025/11/16 02:41:09.877 Divide StockNo {SCF00}
[10660] 2025/11/16 02:41:09.877 Add Basket MarketNo：2 StockIdx：2295
[10660] 2025/11/16 02:41:09.877 Divide StockNo {SDF00}
[10660] 2025/11/16 02:41:09.877 Add Basket MarketNo：2 StockIdx：2301
[10660] 2025/11/16 02:41:09.877 Divide StockNo {SEF00}
[10660] 2025/11/16 02:41:09.877 Add Basket MarketNo：2 StockIdx：2307
[10660] 2025/11/16 02:41:09.877 Divide StockNo {SFF00}
[10660] 2025/11/16 02:41:09.877 Add Basket MarketNo：2 StockIdx：2313
[10660] 2025/11/16 02:41:09.877 Divide StockNo {SGF00}
[10660] 2025/11/16 02:41:09.877 Add Basket MarketNo：2 StockIdx：2319
[10660] 2025/11/16 02:41:09.877 Divide StockNo {SIF00}
[10660] 2025/11/16 02:41:09.877 Add Basket MarketNo：2 StockIdx：2325
[10660] 2025/11/16 02:41:09.877 Divide StockNo {SJF00}
[10660] 2025/11/16 02:41:09.877 Add Basket MarketNo：2 StockIdx：2331
[10660] 2025/11/16 02:41:09.877 Divide StockNo {SKF00}
[10660] 2025/11/16 02:41:09.877 Add Basket MarketNo：2 StockIdx：2337
[10660] 2025/11/16 02:41:09.877 Divide StockNo {SLF00}
[10660] 2025/11/16 02:41:09.877 Add Basket MarketNo：2 StockIdx：2343
[10660] 2025/11/16 02:41:09.877 Divide StockNo {SMF00}
[10660] 2025/11/16 02:41:09.877 Add Basket MarketNo：2 StockIdx：2349
[10660] 2025/11/16 02:41:09.877 Divide StockNo {SNF00}
[10660] 2025/11/16 02:41:09.877 Add Basket MarketNo：2 StockIdx：2355
[10660] 2025/11/16 02:41:09.877 Divide StockNo {SQF00}
[10660] 2025/11/16 02:41:09.877 Add Basket MarketNo：2 StockIdx：2361
[10660] 2025/11/16 02:41:09.877 Divide StockNo {SRF00}
[10660] 2025/11/16 02:41:09.877 Add Basket MarketNo：2 StockIdx：148
[10660] 2025/11/16 02:41:09.877 Divide StockNo {SSF00}
[10660] 2025/11/16 02:41:09.877 Add Basket MarketNo：2 StockIdx：2374
[10660] 2025/11/16 02:41:09.877 Divide StockNo {SUF00}
[10660] 2025/11/16 02:41:09.877 Add Basket MarketNo：2 StockIdx：2380
[10660] 2025/11/16 02:41:09.877 Divide StockNo {SVF00}
[10660] 2025/11/16 02:41:09.877 Add Basket MarketNo：2 StockIdx：2386
[10660] 2025/11/16 02:41:09.877 Divide StockNo {SWF00}
[10660] 2025/11/16 02:41:09.877 Add Basket MarketNo：2 StockIdx：2392
[10660] 2025/11/16 02:41:09.877 Divide StockNo {SYF00}
[10660] 2025/11/16 02:41:09.877 Add Basket MarketNo：2 StockIdx：2398
[10660] 2025/11/16 02:41:09.877 Divide StockNo {SZF00}
[10660] 2025/11/16 02:41:09.877 Add Basket MarketNo：2 StockIdx：2404
[10660] 2025/11/16 02:41:09.877 Divide StockNo {UAF00}
[10660] 2025/11/16 02:41:09.877 Add Basket MarketNo：2 StockIdx：2410
[10660] 2025/11/16 02:41:09.877 Divide StockNo {UBF00}
[10660] 2025/11/16 02:41:09.877 Add Basket MarketNo：2 StockIdx：2416
[10660] 2025/11/16 02:41:09.877 Divide StockNo {UCF00}
[10660] 2025/11/16 02:41:09.877 Add Basket MarketNo：2 StockIdx：2422
[10660] 2025/11/16 02:41:09.877 Divide StockNo {UEF00}
[10660] 2025/11/16 02:41:09.877 Add Basket MarketNo：2 StockIdx：2428
[10660] 2025/11/16 02:41:09.877 Divide StockNo {UFF00}
[10660] 2025/11/16 02:41:09.877 Add Basket MarketNo：2 StockIdx：2434
[10660] 2025/11/16 02:41:09.878 Divide StockNo {UGF00}
[10660] 2025/11/16 02:41:09.878 Add Basket MarketNo：2 StockIdx：2440
[10660] 2025/11/16 02:41:09.878 Divide StockNo {UHF00}
[10660] 2025/11/16 02:41:09.878 Add Basket MarketNo：2 StockIdx：2446
[10660] 2025/11/16 02:41:09.878 Divide StockNo {UIF00}
[10660] 2025/11/16 02:41:09.878 Add Basket MarketNo：2 StockIdx：2452
[10660] 2025/11/16 02:41:09.878 Divide StockNo {UJF00}
[10660] 2025/11/16 02:41:09.878 Add Basket MarketNo：2 StockIdx：2458
[10660] 2025/11/16 02:41:09.878 Divide StockNo {UKF00}
[10660] 2025/11/16 02:41:09.878 Add Basket MarketNo：2 StockIdx：2464
[10660] 2025/11/16 02:41:09.878 Divide StockNo {ULF00}
[10660] 2025/11/16 02:41:09.878 Add Basket MarketNo：2 StockIdx：2470
[10660] 2025/11/16 02:41:09.878 Divide StockNo {UMF00}
[10660] 2025/11/16 02:41:09.878 Add Basket MarketNo：2 StockIdx：2476
[10660] 2025/11/16 02:41:09.878 Divide StockNo {UOF00}
[10660] 2025/11/16 02:41:09.878 Add Basket MarketNo：2 StockIdx：2482
[10660] 2025/11/16 02:41:09.878 Divide StockNo {UPF00}
[10660] 2025/11/16 02:41:09.878 Add Basket MarketNo：2 StockIdx：2488
[10660] 2025/11/16 02:41:09.878 Divide StockNo {UQF00}
[10660] 2025/11/16 02:41:09.878 Add Basket MarketNo：2 StockIdx：2494
[10660] 2025/11/16 02:41:09.878 Divide StockNo {URF00}
[10660] 2025/11/16 02:41:09.878 Add Basket MarketNo：2 StockIdx：2501
[10660] 2025/11/16 02:41:09.878 Divide StockNo {USF00}
[10660] 2025/11/16 02:41:09.878 Add Basket MarketNo：2 StockIdx：2507
[10660] 2025/11/16 02:41:09.878 Divide StockNo {UTF00}
[10660] 2025/11/16 02:41:09.878 Add Basket MarketNo：2 StockIdx：2513
[10660] 2025/11/16 02:41:09.878 Divide StockNo {UUF00}
[10660] 2025/11/16 02:41:09.878 Add Basket MarketNo：2 StockIdx：2519
[10660] 2025/11/16 02:41:09.878 Divide StockNo {UVF00}
[10660] 2025/11/16 02:41:09.878 Add Basket MarketNo：2 StockIdx：2525
[10660] 2025/11/16 02:41:09.878 Divide StockNo {UWF00}
[10660] 2025/11/16 02:41:09.878 Add Basket MarketNo：2 StockIdx：2531
[10660] 2025/11/16 02:41:09.878 Divide StockNo {0050}
[10660] 2025/11/16 02:41:09.878 Add Basket MarketNo：0 StockIdx：0
[10660] 2025/11/16 02:41:09.878 Divide StockNo {0056}
[10660] 2025/11/16 02:41:09.878 Add Basket MarketNo：0 StockIdx：5
[10660] 2025/11/16 02:41:09.878 Divide StockNo {006205}
[10660] 2025/11/16 02:41:09.878 Add Basket MarketNo：0 StockIdx：10
[10660] 2025/11/16 02:41:09.878 Divide StockNo {006206}
[10660] 2025/11/16 02:41:09.878 Add Basket MarketNo：0 StockIdx：11
[10660] 2025/11/16 02:41:09.878 Divide StockNo {00636}
[10660] 2025/11/16 02:41:09.878 Add Basket MarketNo：0 StockIdx：20
[10660] 2025/11/16 02:41:09.878 Divide StockNo {00639}
[10660] 2025/11/16 02:41:09.878 Add Basket MarketNo：0 StockIdx：24
[10660] 2025/11/16 02:41:09.878 Divide StockNo {00643}
[10660] 2025/11/16 02:41:09.878 Add Basket MarketNo：0 StockIdx：28
[10660] 2025/11/16 02:41:09.878 Divide StockNo {00679B}
[10660] 2025/11/16 02:41:09.878 Add Basket MarketNo：1 StockIdx：1
[10660] 2025/11/16 02:41:09.878 Divide StockNo {00687B}
[10660] 2025/11/16 02:41:09.878 Add Basket MarketNo：1 StockIdx：2
[10660] 2025/11/16 02:41:09.878 Divide StockNo {00719B}
[10660] 2025/11/16 02:41:09.878 Add Basket MarketNo：1 StockIdx：8
[10660] 2025/11/16 02:41:09.878 Divide StockNo {00757}
[10660] 2025/11/16 02:41:09.878 Add Basket MarketNo：0 StockIdx：98
[10660] 2025/11/16 02:41:09.878 Divide StockNo {00772B}
[10660] 2025/11/16 02:41:09.878 Add Basket MarketNo：1 StockIdx：32
[10660] 2025/11/16 02:41:09.878 Divide StockNo {00878}
[10660] 2025/11/16 02:41:09.878 Add Basket MarketNo：0 StockIdx：113
[10660] 2025/11/16 02:41:09.878 Divide StockNo {00885}
[10660] 2025/11/16 02:41:09.878 Add Basket MarketNo：0 StockIdx：116
[10660] 2025/11/16 02:41:09.878 Divide StockNo {00893}
[10660] 2025/11/16 02:41:09.878 Add Basket MarketNo：0 StockIdx：119
[10660] 2025/11/16 02:41:09.878 Divide StockNo {00919}
[10660] 2025/11/16 02:41:09.878 Add Basket MarketNo：0 StockIdx：143
[10660] 2025/11/16 02:41:09.878 Divide StockNo {00923}
[10660] 2025/11/16 02:41:09.878 Add Basket MarketNo：0 StockIdx：147
[10660] 2025/11/16 02:41:09.878 Divide StockNo {00929}
[10660] 2025/11/16 02:41:09.878 Add Basket MarketNo：0 StockIdx：151
[10660] 2025/11/16 02:41:09.878 Divide StockNo {00937B}
[10660] 2025/11/16 02:41:09.878 Add Basket MarketNo：1 StockIdx：82
[10660] 2025/11/16 02:41:09.878 Divide StockNo {00940}
[10660] 2025/11/16 02:41:09.878 Add Basket MarketNo：0 StockIdx：159
[10660] 2025/11/16 02:41:09.878 Divide StockNo {1101}
[10660] 2025/11/16 02:41:09.878 Add Basket MarketNo：0 StockIdx：33419
[10660] 2025/11/16 02:41:09.879 Divide StockNo {1102}
[10660] 2025/11/16 02:41:09.879 Add Basket MarketNo：0 StockIdx：33421
[10660] 2025/11/16 02:41:09.879 Divide StockNo {1210}
[10660] 2025/11/16 02:41:09.879 Add Basket MarketNo：0 StockIdx：33429
[10660] 2025/11/16 02:41:09.879 Divide StockNo {1216}
[10660] 2025/11/16 02:41:09.879 Add Basket MarketNo：0 StockIdx：33432
[10660] 2025/11/16 02:41:09.879 Divide StockNo {1301}
[10660] 2025/11/16 02:41:09.879 Add Basket MarketNo：0 StockIdx：33447
[10660] 2025/11/16 02:41:09.879 Divide StockNo {1303}
[10660] 2025/11/16 02:41:09.879 Add Basket MarketNo：0 StockIdx：33448
[10660] 2025/11/16 02:41:09.879 Divide StockNo {1312}
[10660] 2025/11/16 02:41:09.879 Add Basket MarketNo：0 StockIdx：33455
[10660] 2025/11/16 02:41:09.879 Divide StockNo {1314}
[10660] 2025/11/16 02:41:09.879 Add Basket MarketNo：0 StockIdx：33458
[10660] 2025/11/16 02:41:09.879 Divide StockNo {1319}
[10660] 2025/11/16 02:41:09.879 Add Basket MarketNo：0 StockIdx：33461
[10660] 2025/11/16 02:41:09.879 Divide StockNo {1326}
[10660] 2025/11/16 02:41:09.879 Add Basket MarketNo：0 StockIdx：33466
[10660] 2025/11/16 02:41:09.879 Divide StockNo {1402}
[10660] 2025/11/16 02:41:09.879 Add Basket MarketNo：0 StockIdx：33473
[10660] 2025/11/16 02:41:09.879 Divide StockNo {1440}
[10660] 2025/11/16 02:41:09.879 Add Basket MarketNo：0 StockIdx：33490
[10660] 2025/11/16 02:41:09.879 Divide StockNo {1476}
[10660] 2025/11/16 02:41:09.879 Add Basket MarketNo：0 StockIdx：33520
[10660] 2025/11/16 02:41:09.879 Divide StockNo {1477}
[10660] 2025/11/16 02:41:09.879 Add Basket MarketNo：0 StockIdx：33521
[10660] 2025/11/16 02:41:09.879 Divide StockNo {1503}
[10660] 2025/11/16 02:41:09.879 Add Basket MarketNo：0 StockIdx：33522
[10660] 2025/11/16 02:41:09.879 Divide StockNo {1504}
[10660] 2025/11/16 02:41:09.879 Add Basket MarketNo：0 StockIdx：33523
[10660] 2025/11/16 02:41:09.879 Divide StockNo {1513}
[10660] 2025/11/16 02:41:09.879 Add Basket MarketNo：0 StockIdx：33526
[10660] 2025/11/16 02:41:09.879 Divide StockNo {1536}
[10660] 2025/11/16 02:41:09.879 Add Basket MarketNo：0 StockIdx：33546
[10660] 2025/11/16 02:41:09.879 Divide StockNo {1565}
[10660] 2025/11/16 02:41:09.879 Add Basket MarketNo：1 StockIdx：140
[10660] 2025/11/16 02:41:09.879 Divide StockNo {1590}
[10660] 2025/11/16 02:41:09.879 Add Basket MarketNo：0 StockIdx：33560
[10660] 2025/11/16 02:41:09.879 Divide StockNo {1605}
[10660] 2025/11/16 02:41:09.879 Add Basket MarketNo：0 StockIdx：33565
[10660] 2025/11/16 02:41:09.879 Divide StockNo {1609}
[10660] 2025/11/16 02:41:09.879 Add Basket MarketNo：0 StockIdx：33567
[10660] 2025/11/16 02:41:09.879 Divide StockNo {1707}
[10660] 2025/11/16 02:41:09.879 Add Basket MarketNo：0 StockIdx：33577
[10660] 2025/11/16 02:41:09.879 Divide StockNo {1717}
[10660] 2025/11/16 02:41:09.879 Add Basket MarketNo：0 StockIdx：33585
[10660] 2025/11/16 02:41:09.879 Divide StockNo {1718}
[10660] 2025/11/16 02:41:09.879 Add Basket MarketNo：0 StockIdx：33586
[10660] 2025/11/16 02:41:09.879 Divide StockNo {1722}
[10660] 2025/11/16 02:41:09.879 Add Basket MarketNo：0 StockIdx：33589
[10660] 2025/11/16 02:41:09.879 Divide StockNo {1795}
[10660] 2025/11/16 02:41:09.879 Add Basket MarketNo：0 StockIdx：33610
[10660] 2025/11/16 02:41:09.879 Divide StockNo {1802}
[10660] 2025/11/16 02:41:09.879 Add Basket MarketNo：0 StockIdx：33611
[10660] 2025/11/16 02:41:09.879 Divide StockNo {1904}
[10660] 2025/11/16 02:41:09.879 Add Basket MarketNo：0 StockIdx：33618
[10660] 2025/11/16 02:41:09.879 Divide StockNo {1905}
[10660] 2025/11/16 02:41:09.879 Add Basket MarketNo：0 StockIdx：33619
[10660] 2025/11/16 02:41:09.879 Divide StockNo {1907}
[10660] 2025/11/16 02:41:09.879 Add Basket MarketNo：0 StockIdx：33621
[10660] 2025/11/16 02:41:09.879 Divide StockNo {1909}
[10660] 2025/11/16 02:41:09.879 Add Basket MarketNo：0 StockIdx：33622
[10660] 2025/11/16 02:41:09.879 Divide StockNo {2002}
[10660] 2025/11/16 02:41:09.879 Add Basket MarketNo：0 StockIdx：33623
[10660] 2025/11/16 02:41:09.879 Divide StockNo {2006}
[10660] 2025/11/16 02:41:09.879 Add Basket MarketNo：0 StockIdx：33625
[10660] 2025/11/16 02:41:09.879 Divide StockNo {2014}
[10660] 2025/11/16 02:41:09.879 Add Basket MarketNo：0 StockIdx：33632
[10660] 2025/11/16 02:41:09.879 Divide StockNo {2027}
[10660] 2025/11/16 02:41:09.879 Add Basket MarketNo：0 StockIdx：33640
[10660] 2025/11/16 02:41:09.879 Divide StockNo {2049}
[10660] 2025/11/16 02:41:09.879 Add Basket MarketNo：0 StockIdx：33649
[10660] 2025/11/16 02:41:09.879 Divide StockNo {2059}
[10660] 2025/11/16 02:41:09.879 Add Basket MarketNo：0 StockIdx：33650
[10660] 2025/11/16 02:41:09.879 Divide StockNo {2105}
[10660] 2025/11/16 02:41:09.880 Add Basket MarketNo：0 StockIdx：33657
[10660] 2025/11/16 02:41:09.880 Divide StockNo {2201}
[10660] 2025/11/16 02:41:09.880 Add Basket MarketNo：0 StockIdx：33664
[10660] 2025/11/16 02:41:09.880 Divide StockNo {2231}
[10660] 2025/11/16 02:41:09.880 Add Basket MarketNo：0 StockIdx：33672
[10660] 2025/11/16 02:41:09.880 Divide StockNo {2301}
[10660] 2025/11/16 02:41:09.880 Add Basket MarketNo：0 StockIdx：33683
[10660] 2025/11/16 02:41:09.880 Divide StockNo {2303}
[10660] 2025/11/16 02:41:09.880 Add Basket MarketNo：0 StockIdx：33685
[10660] 2025/11/16 02:41:09.880 Divide StockNo {2308}
[10660] 2025/11/16 02:41:09.880 Add Basket MarketNo：0 StockIdx：33687
[10660] 2025/11/16 02:41:09.880 Divide StockNo {2312}
[10660] 2025/11/16 02:41:09.880 Add Basket MarketNo：0 StockIdx：33688
[10660] 2025/11/16 02:41:09.880 Divide StockNo {2313}
[10660] 2025/11/16 02:41:09.880 Add Basket MarketNo：0 StockIdx：33689
[10660] 2025/11/16 02:41:09.880 Divide StockNo {2317}
[10660] 2025/11/16 02:41:09.880 Add Basket MarketNo：0 StockIdx：33692
[10660] 2025/11/16 02:41:09.880 Divide StockNo {2323}
[10660] 2025/11/16 02:41:09.880 Add Basket MarketNo：0 StockIdx：33694
[10660] 2025/11/16 02:41:09.880 Divide StockNo {2324}
[10660] 2025/11/16 02:41:09.880 Add Basket MarketNo：0 StockIdx：33695
[10660] 2025/11/16 02:41:09.880 Divide StockNo {2327}
[10660] 2025/11/16 02:41:09.880 Add Basket MarketNo：0 StockIdx：33696
[10660] 2025/11/16 02:41:09.880 Divide StockNo {2328}
[10660] 2025/11/16 02:41:09.880 Add Basket MarketNo：0 StockIdx：33697
[10660] 2025/11/16 02:41:09.880 Divide StockNo {2330}
[10660] 2025/11/16 02:41:09.880 Add Basket MarketNo：0 StockIdx：33699
[10660] 2025/11/16 02:41:09.880 Divide StockNo {2331}
[10660] 2025/11/16 02:41:09.880 Add Basket MarketNo：0 StockIdx：33700
[10660] 2025/11/16 02:41:09.880 Divide StockNo {2332}
[10660] 2025/11/16 02:41:09.880 Add Basket MarketNo：0 StockIdx：33701
[10660] 2025/11/16 02:41:09.880 Divide StockNo {2337}
[10660] 2025/11/16 02:41:09.880 Add Basket MarketNo：0 StockIdx：33702
[10660] 2025/11/16 02:41:09.880 Divide StockNo {2338}
[10660] 2025/11/16 02:41:09.880 Add Basket MarketNo：0 StockIdx：33703
[10660] 2025/11/16 02:41:09.880 Divide StockNo {2340}
[10660] 2025/11/16 02:41:09.880 Add Basket MarketNo：0 StockIdx：33704
[10660] 2025/11/16 02:41:09.880 Divide StockNo {2344}
[10660] 2025/11/16 02:41:09.880 Add Basket MarketNo：0 StockIdx：33706
[10660] 2025/11/16 02:41:09.880 Divide StockNo {2345}
[10660] 2025/11/16 02:41:09.880 Add Basket MarketNo：0 StockIdx：33707
[10660] 2025/11/16 02:41:09.880 Divide StockNo {2347}
[10660] 2025/11/16 02:41:09.880 Add Basket MarketNo：0 StockIdx：33708
[10660] 2025/11/16 02:41:09.880 Divide StockNo {2352}
[10660] 2025/11/16 02:41:09.880 Add Basket MarketNo：0 StockIdx：33713
[10660] 2025/11/16 02:41:09.880 Divide StockNo {2353}
[10660] 2025/11/16 02:41:09.880 Add Basket MarketNo：0 StockIdx：33714
[10660] 2025/11/16 02:41:09.880 Divide StockNo {2354}
[10660] 2025/11/16 02:41:09.880 Add Basket MarketNo：0 StockIdx：33715
[10660] 2025/11/16 02:41:09.880 Divide StockNo {2355}
[10660] 2025/11/16 02:41:09.880 Add Basket MarketNo：0 StockIdx：33716
[10660] 2025/11/16 02:41:09.880 Divide StockNo {2356}
[10660] 2025/11/16 02:41:09.880 Add Basket MarketNo：0 StockIdx：33717
[10660] 2025/11/16 02:41:09.880 Divide StockNo {2357}
[10660] 2025/11/16 02:41:09.880 Add Basket MarketNo：0 StockIdx：33718
[10660] 2025/11/16 02:41:09.880 Divide StockNo {2360}
[10660] 2025/11/16 02:41:09.880 Add Basket MarketNo：0 StockIdx：33720
[10660] 2025/11/16 02:41:09.880 Divide StockNo {2368}
[10660] 2025/11/16 02:41:09.880 Add Basket MarketNo：0 StockIdx：33726
[10660] 2025/11/16 02:41:09.880 Divide StockNo {2371}
[10660] 2025/11/16 02:41:09.880 Add Basket MarketNo：0 StockIdx：33728
[10660] 2025/11/16 02:41:09.880 Divide StockNo {2376}
[10660] 2025/11/16 02:41:09.880 Add Basket MarketNo：0 StockIdx：33732
[10660] 2025/11/16 02:41:09.880 Divide StockNo {2377}
[10660] 2025/11/16 02:41:09.880 Add Basket MarketNo：0 StockIdx：33733
[10660] 2025/11/16 02:41:09.880 Divide StockNo {2379}
[10660] 2025/11/16 02:41:09.880 Add Basket MarketNo：0 StockIdx：33734
[10660] 2025/11/16 02:41:09.880 Divide StockNo {2382}
[10660] 2025/11/16 02:41:09.880 Add Basket MarketNo：0 StockIdx：33736
[10660] 2025/11/16 02:41:09.880 Divide StockNo {2383}
[10660] 2025/11/16 02:41:09.880 Add Basket MarketNo：0 StockIdx：33737
[10660] 2025/11/16 02:41:09.880 Divide StockNo {2385}
[10660] 2025/11/16 02:41:09.880 Add Basket MarketNo：0 StockIdx：33738
[10660] 2025/11/16 02:41:09.881 Divide StockNo {2388}
[10660] 2025/11/16 02:41:09.881 Add Basket MarketNo：0 StockIdx：33740
[10660] 2025/11/16 02:41:09.881 Divide StockNo {2392}
[10660] 2025/11/16 02:41:09.881 Add Basket MarketNo：0 StockIdx：33742
[10660] 2025/11/16 02:41:09.881 Divide StockNo {2393}
[10660] 2025/11/16 02:41:09.881 Add Basket MarketNo：0 StockIdx：33743
[10660] 2025/11/16 02:41:09.881 Divide StockNo {2401}
[10660] 2025/11/16 02:41:09.881 Add Basket MarketNo：0 StockIdx：33747
[10660] 2025/11/16 02:41:09.881 Divide StockNo {2404}
[10660] 2025/11/16 02:41:09.881 Add Basket MarketNo：0 StockIdx：33749
[10660] 2025/11/16 02:41:09.881 Divide StockNo {2408}
[10660] 2025/11/16 02:41:09.881 Add Basket MarketNo：0 StockIdx：33752
[10660] 2025/11/16 02:41:09.881 Divide StockNo {2409}
[10660] 2025/11/16 02:41:09.881 Add Basket MarketNo：0 StockIdx：33753
[10660] 2025/11/16 02:41:09.881 Divide StockNo {2412}
[10660] 2025/11/16 02:41:09.881 Add Basket MarketNo：0 StockIdx：33754
[10660] 2025/11/16 02:41:09.881 Divide StockNo {2439}
[10660] 2025/11/16 02:41:09.881 Add Basket MarketNo：0 StockIdx：33776
[10660] 2025/11/16 02:41:09.881 Divide StockNo {2441}
[10660] 2025/11/16 02:41:09.881 Add Basket MarketNo：0 StockIdx：33778
[10660] 2025/11/16 02:41:09.881 Divide StockNo {2449}
[10660] 2025/11/16 02:41:09.881 Add Basket MarketNo：0 StockIdx：33781
[10660] 2025/11/16 02:41:09.881 Divide StockNo {2454}
[10660] 2025/11/16 02:41:09.881 Add Basket MarketNo：0 StockIdx：33785
[10660] 2025/11/16 02:41:09.881 Divide StockNo {2455}
[10660] 2025/11/16 02:41:09.881 Add Basket MarketNo：0 StockIdx：33786
[10660] 2025/11/16 02:41:09.881 Divide StockNo {2457}
[10660] 2025/11/16 02:41:09.881 Add Basket MarketNo：0 StockIdx：33787
[10660] 2025/11/16 02:41:09.881 Divide StockNo {2458}
[10660] 2025/11/16 02:41:09.881 Add Basket MarketNo：0 StockIdx：33788
[10660] 2025/11/16 02:41:09.881 Divide StockNo {2474}
[10660] 2025/11/16 02:41:09.881 Add Basket MarketNo：0 StockIdx：33800
[10660] 2025/11/16 02:41:09.881 Divide StockNo {2481}
[10660] 2025/11/16 02:41:09.881 Add Basket MarketNo：0 StockIdx：33805
[10660] 2025/11/16 02:41:09.881 Divide StockNo {2485}
[10660] 2025/11/16 02:41:09.881 Add Basket MarketNo：0 StockIdx：33809
[10660] 2025/11/16 02:41:09.881 Divide StockNo {2486}
[10660] 2025/11/16 02:41:09.881 Add Basket MarketNo：0 StockIdx：33810
[10660] 2025/11/16 02:41:09.881 Divide StockNo {2489}
[10660] 2025/11/16 02:41:09.881 Add Basket MarketNo：0 StockIdx：33812
[10660] 2025/11/16 02:41:09.881 Divide StockNo {2492}
[10660] 2025/11/16 02:41:09.881 Add Basket MarketNo：0 StockIdx：33814
[10660] 2025/11/16 02:41:09.881 Divide StockNo {2498}
[10660] 2025/11/16 02:41:09.881 Add Basket MarketNo：0 StockIdx：33819
[10660] 2025/11/16 02:41:09.881 Divide StockNo {2515}
[10660] 2025/11/16 02:41:09.881 Add Basket MarketNo：0 StockIdx：33827
[10660] 2025/11/16 02:41:09.881 Divide StockNo {2520}
[10660] 2025/11/16 02:41:09.881 Add Basket MarketNo：0 StockIdx：33829
[10660] 2025/11/16 02:41:09.881 Divide StockNo {2542}
[10660] 2025/11/16 02:41:09.881 Add Basket MarketNo：0 StockIdx：33841
[10660] 2025/11/16 02:41:09.881 Divide StockNo {2548}
[10660] 2025/11/16 02:41:09.881 Add Basket MarketNo：0 StockIdx：33846
[10660] 2025/11/16 02:41:09.881 Divide StockNo {2603}
[10660] 2025/11/16 02:41:09.881 Add Basket MarketNo：0 StockIdx：33849
[10660] 2025/11/16 02:41:09.881 Divide StockNo {2605}
[10660] 2025/11/16 02:41:09.881 Add Basket MarketNo：0 StockIdx：33850
[10660] 2025/11/16 02:41:09.881 Divide StockNo {2606}
[10660] 2025/11/16 02:41:09.881 Add Basket MarketNo：0 StockIdx：33851
[10660] 2025/11/16 02:41:09.881 Divide StockNo {2609}
[10660] 2025/11/16 02:41:09.881 Add Basket MarketNo：0 StockIdx：33854
[10660] 2025/11/16 02:41:09.881 Divide StockNo {2610}
[10660] 2025/11/16 02:41:09.881 Add Basket MarketNo：0 StockIdx：33855
[10660] 2025/11/16 02:41:09.881 Divide StockNo {2615}
[10660] 2025/11/16 02:41:09.881 Add Basket MarketNo：0 StockIdx：33860
[10660] 2025/11/16 02:41:09.881 Divide StockNo {2618}
[10660] 2025/11/16 02:41:09.881 Add Basket MarketNo：0 StockIdx：33863
[10660] 2025/11/16 02:41:09.881 Divide StockNo {2633}
[10660] 2025/11/16 02:41:09.881 Add Basket MarketNo：0 StockIdx：33865
[10660] 2025/11/16 02:41:09.881 Divide StockNo {2634}
[10660] 2025/11/16 02:41:09.881 Add Basket MarketNo：0 StockIdx：33866
[10660] 2025/11/16 02:41:09.881 Divide StockNo {2801}
[10660] 2025/11/16 02:41:09.881 Add Basket MarketNo：0 StockIdx：33887
[10660] 2025/11/16 02:41:09.881 Divide StockNo {2834}
[10660] 2025/11/16 02:41:09.881 Add Basket MarketNo：0 StockIdx：33892
[10660] 2025/11/16 02:41:09.881 Divide StockNo {2880}
[10660] 2025/11/16 02:41:09.881 Add Basket MarketNo：0 StockIdx：33904
[10660] 2025/11/16 02:41:09.882 Divide StockNo {2881}
[10660] 2025/11/16 02:41:09.882 Add Basket MarketNo：0 StockIdx：33905
[10660] 2025/11/16 02:41:09.882 Divide StockNo {2882}
[10660] 2025/11/16 02:41:09.882 Add Basket MarketNo：0 StockIdx：33909
[10660] 2025/11/16 02:41:09.882 Divide StockNo {2883}
[10660] 2025/11/16 02:41:09.882 Add Basket MarketNo：0 StockIdx：33912
[10660] 2025/11/16 02:41:09.882 Divide StockNo {2884}
[10660] 2025/11/16 02:41:09.882 Add Basket MarketNo：0 StockIdx：33914
[10660] 2025/11/16 02:41:09.882 Divide StockNo {2885}
[10660] 2025/11/16 02:41:09.882 Add Basket MarketNo：0 StockIdx：33915
[10660] 2025/11/16 02:41:09.882 Divide StockNo {2886}
[10660] 2025/11/16 02:41:09.882 Add Basket MarketNo：0 StockIdx：33916
[10660] 2025/11/16 02:41:09.882 Divide StockNo {2887}
[10660] 2025/11/16 02:41:09.882 Add Basket MarketNo：0 StockIdx：33917
[10660] 2025/11/16 02:41:09.882 Divide StockNo {2888}
[10660] 2025/11/16 02:41:09.882 Stock Is Not Exist 
[10660] 2025/11/16 02:41:09.882 Divide StockNo {2890}
[10660] 2025/11/16 02:41:09.882 Add Basket MarketNo：0 StockIdx：33925
[10660] 2025/11/16 02:41:09.882 Divide StockNo {2891}
[10660] 2025/11/16 02:41:09.882 Add Basket MarketNo：0 StockIdx：33926
[10660] 2025/11/16 02:41:09.882 Divide StockNo {2892}
[10660] 2025/11/16 02:41:09.882 Add Basket MarketNo：0 StockIdx：33929
[10660] 2025/11/16 02:41:09.882 Divide StockNo {2913}
[10660] 2025/11/16 02:41:09.882 Add Basket MarketNo：0 StockIdx：33941
[10660] 2025/11/16 02:41:09.882 Divide StockNo {2915}
[10660] 2025/11/16 02:41:09.882 Add Basket MarketNo：0 StockIdx：33942
[10660] 2025/11/16 02:41:09.882 Divide StockNo {3005}
[10660] 2025/11/16 02:41:09.882 Add Basket MarketNo：0 StockIdx：33950
[10660] 2025/11/16 02:41:09.882 Divide StockNo {3006}
[10660] 2025/11/16 02:41:09.882 Add Basket MarketNo：0 StockIdx：33951
[10660] 2025/11/16 02:41:09.882 Divide StockNo {3008}
[10660] 2025/11/16 02:41:09.882 Add Basket MarketNo：0 StockIdx：33952
[10660] 2025/11/16 02:41:09.882 Divide StockNo {3017}
[10660] 2025/11/16 02:41:09.882 Add Basket MarketNo：0 StockIdx：33959
[10660] 2025/11/16 02:41:09.882 Divide StockNo {3019}
[10660] 2025/11/16 02:41:09.882 Add Basket MarketNo：0 StockIdx：33961
[10660] 2025/11/16 02:41:09.882 Divide StockNo {3034}
[10660] 2025/11/16 02:41:09.882 Add Basket MarketNo：0 StockIdx：33975
[10660] 2025/11/16 02:41:09.882 Divide StockNo {3035}
[10660] 2025/11/16 02:41:09.882 Add Basket MarketNo：0 StockIdx：33976
[10660] 2025/11/16 02:41:09.882 Divide StockNo {3036}
[10660] 2025/11/16 02:41:09.882 Add Basket MarketNo：0 StockIdx：33977
[10660] 2025/11/16 02:41:09.882 Divide StockNo {3037}
[10660] 2025/11/16 02:41:09.882 Add Basket MarketNo：0 StockIdx：33979
[10660] 2025/11/16 02:41:09.882 Divide StockNo {3042}
[10660] 2025/11/16 02:41:09.882 Add Basket MarketNo：0 StockIdx：33983
[10660] 2025/11/16 02:41:09.882 Divide StockNo {3044}
[10660] 2025/11/16 02:41:09.882 Add Basket MarketNo：0 StockIdx：33985
[10660] 2025/11/16 02:41:09.882 Divide StockNo {3045}
[10660] 2025/11/16 02:41:09.882 Add Basket MarketNo：0 StockIdx：33986
[10660] 2025/11/16 02:41:09.882 Divide StockNo {3078}
[10660] 2025/11/16 02:41:09.882 Add Basket MarketNo：1 StockIdx：270
[10660] 2025/11/16 02:41:09.882 Divide StockNo {3081}
[10660] 2025/11/16 02:41:09.882 Add Basket MarketNo：1 StockIdx：271
[10660] 2025/11/16 02:41:09.882 Divide StockNo {3105}
[10660] 2025/11/16 02:41:09.882 Add Basket MarketNo：1 StockIdx：281
[10660] 2025/11/16 02:41:09.882 Divide StockNo {3152}
[10660] 2025/11/16 02:41:09.882 Add Basket MarketNo：1 StockIdx：296
[10660] 2025/11/16 02:41:09.882 Divide StockNo {3189}
[10660] 2025/11/16 02:41:09.882 Add Basket MarketNo：0 StockIdx：34013
[10660] 2025/11/16 02:41:09.882 Divide StockNo {3227}
[10660] 2025/11/16 02:41:09.882 Add Basket MarketNo：1 StockIdx：319
[10660] 2025/11/16 02:41:09.882 Divide StockNo {3231}
[10660] 2025/11/16 02:41:09.882 Add Basket MarketNo：0 StockIdx：34016
[10660] 2025/11/16 02:41:09.882 Divide StockNo {3260}
[10660] 2025/11/16 02:41:09.882 Add Basket MarketNo：1 StockIdx：328
[10660] 2025/11/16 02:41:09.882 Divide StockNo {3264}
[10660] 2025/11/16 02:41:09.882 Add Basket MarketNo：1 StockIdx：329
[10660] 2025/11/16 02:41:09.882 Divide StockNo {3293}
[10660] 2025/11/16 02:41:09.882 Add Basket MarketNo：1 StockIdx：342
[10660] 2025/11/16 02:41:09.882 Divide StockNo {3324}
[10660] 2025/11/16 02:41:09.882 Add Basket MarketNo：1 StockIdx：358
[10660] 2025/11/16 02:41:09.882 Divide StockNo {3374}
[10660] 2025/11/16 02:41:09.882 Add Basket MarketNo：1 StockIdx：375
[10660] 2025/11/16 02:41:09.882 Divide StockNo {3376}
[10660] 2025/11/16 02:41:09.883 Add Basket MarketNo：0 StockIdx：34028
[10660] 2025/11/16 02:41:09.883 Divide StockNo {3380}
[10660] 2025/11/16 02:41:09.883 Add Basket MarketNo：0 StockIdx：34029
[10660] 2025/11/16 02:41:09.883 Divide StockNo {3406}
[10660] 2025/11/16 02:41:09.883 Add Basket MarketNo：0 StockIdx：34030
[10660] 2025/11/16 02:41:09.883 Divide StockNo {3443}
[10660] 2025/11/16 02:41:09.883 Add Basket MarketNo：0 StockIdx：34036
[10660] 2025/11/16 02:41:09.883 Divide StockNo {3481}
[10660] 2025/11/16 02:41:09.883 Add Basket MarketNo：0 StockIdx：34040
[10660] 2025/11/16 02:41:09.883 Divide StockNo {3529}
[10660] 2025/11/16 02:41:09.883 Add Basket MarketNo：1 StockIdx：424
[10660] 2025/11/16 02:41:09.883 Divide StockNo {3532}
[10660] 2025/11/16 02:41:09.883 Add Basket MarketNo：0 StockIdx：34048
[10660] 2025/11/16 02:41:09.883 Divide StockNo {3533}
[10660] 2025/11/16 02:41:09.883 Add Basket MarketNo：0 StockIdx：34049
[10660] 2025/11/16 02:41:09.883 Divide StockNo {3552}
[10660] 2025/11/16 02:41:09.883 Add Basket MarketNo：1 StockIdx：435
[10660] 2025/11/16 02:41:09.883 Divide StockNo {3653}
[10660] 2025/11/16 02:41:09.883 Add Basket MarketNo：0 StockIdx：34069
[10660] 2025/11/16 02:41:09.883 Divide StockNo {3661}
[10660] 2025/11/16 02:41:09.883 Add Basket MarketNo：0 StockIdx：34070
[10660] 2025/11/16 02:41:09.883 Divide StockNo {3673}
[10660] 2025/11/16 02:41:09.883 Add Basket MarketNo：0 StockIdx：34073
[10660] 2025/11/16 02:41:09.883 Divide StockNo {3680}
[10660] 2025/11/16 02:41:09.883 Add Basket MarketNo：1 StockIdx：474
[10660] 2025/11/16 02:41:09.883 Divide StockNo {3691}
[10660] 2025/11/16 02:41:09.883 Add Basket MarketNo：1 StockIdx：484
[10660] 2025/11/16 02:41:09.883 Divide StockNo {3702}
[10660] 2025/11/16 02:41:09.883 Add Basket MarketNo：0 StockIdx：34078
[10660] 2025/11/16 02:41:09.883 Divide StockNo {3706}
[10660] 2025/11/16 02:41:09.883 Add Basket MarketNo：0 StockIdx：34082
[10660] 2025/11/16 02:41:09.883 Divide StockNo {3711}
[10660] 2025/11/16 02:41:09.883 Add Basket MarketNo：0 StockIdx：34084
[10660] 2025/11/16 02:41:09.883 Divide StockNo {3714}
[10660] 2025/11/16 02:41:09.883 Add Basket MarketNo：0 StockIdx：34086
[10660] 2025/11/16 02:41:09.883 Divide StockNo {4123}
[10660] 2025/11/16 02:41:09.883 Add Basket MarketNo：1 StockIdx：509
[10660] 2025/11/16 02:41:09.883 Divide StockNo {4128}
[10660] 2025/11/16 02:41:09.883 Add Basket MarketNo：1 StockIdx：514
[10660] 2025/11/16 02:41:09.883 Divide StockNo {4162}
[10660] 2025/11/16 02:41:09.883 Add Basket MarketNo：1 StockIdx：528
[10660] 2025/11/16 02:41:09.883 Divide StockNo {4736}
[10660] 2025/11/16 02:41:09.883 Add Basket MarketNo：0 StockIdx：34131
[10660] 2025/11/16 02:41:09.883 Divide StockNo {4743}
[10660] 2025/11/16 02:41:09.883 Add Basket MarketNo：1 StockIdx：619
[10660] 2025/11/16 02:41:09.883 Divide StockNo {4904}
[10660] 2025/11/16 02:41:09.883 Add Basket MarketNo：0 StockIdx：34142
[10660] 2025/11/16 02:41:09.883 Divide StockNo {4919}
[10660] 2025/11/16 02:41:09.883 Add Basket MarketNo：0 StockIdx：34147
[10660] 2025/11/16 02:41:09.883 Divide StockNo {4938}
[10660] 2025/11/16 02:41:09.883 Add Basket MarketNo：0 StockIdx：34152
[10660] 2025/11/16 02:41:09.883 Divide StockNo {4958}
[10660] 2025/11/16 02:41:09.883 Add Basket MarketNo：0 StockIdx：34158
[10660] 2025/11/16 02:41:09.883 Divide StockNo {5009}
[10660] 2025/11/16 02:41:09.883 Add Basket MarketNo：1 StockIdx：661
[10660] 2025/11/16 02:41:09.883 Divide StockNo {5269}
[10660] 2025/11/16 02:41:09.883 Add Basket MarketNo：0 StockIdx：34177
[10660] 2025/11/16 02:41:09.883 Divide StockNo {5274}
[10660] 2025/11/16 02:41:09.883 Add Basket MarketNo：1 StockIdx：695
[10660] 2025/11/16 02:41:09.883 Divide StockNo {5347}
[10660] 2025/11/16 02:41:09.883 Add Basket MarketNo：1 StockIdx：719
[10660] 2025/11/16 02:41:09.883 Divide StockNo {5371}
[10660] 2025/11/16 02:41:09.883 Add Basket MarketNo：1 StockIdx：726
[10660] 2025/11/16 02:41:09.883 Divide StockNo {5388}
[10660] 2025/11/16 02:41:09.883 Add Basket MarketNo：0 StockIdx：34184
[10660] 2025/11/16 02:41:09.883 Divide StockNo {5425}
[10660] 2025/11/16 02:41:09.883 Add Basket MarketNo：1 StockIdx：734
[10660] 2025/11/16 02:41:09.883 Divide StockNo {5457}
[10660] 2025/11/16 02:41:09.883 Add Basket MarketNo：1 StockIdx：746
[10660] 2025/11/16 02:41:09.883 Divide StockNo {5483}
[10660] 2025/11/16 02:41:09.883 Add Basket MarketNo：1 StockIdx：756
[10660] 2025/11/16 02:41:09.883 Divide StockNo {5534}
[10660] 2025/11/16 02:41:09.883 Add Basket MarketNo：0 StockIdx：34196
[10660] 2025/11/16 02:41:09.883 Divide StockNo {5871}
[10660] 2025/11/16 02:41:09.884 Add Basket MarketNo：0 StockIdx：34202
[10660] 2025/11/16 02:41:09.884 Divide StockNo {5876}
[10660] 2025/11/16 02:41:09.884 Add Basket MarketNo：0 StockIdx：34204
[10660] 2025/11/16 02:41:09.884 Divide StockNo {5880}
[10660] 2025/11/16 02:41:09.884 Add Basket MarketNo：0 StockIdx：34205
[10660] 2025/11/16 02:41:09.884 Divide StockNo {5904}
[10660] 2025/11/16 02:41:09.884 Add Basket MarketNo：1 StockIdx：790
[10660] 2025/11/16 02:41:09.884 Divide StockNo {6005}
[10660] 2025/11/16 02:41:09.884 Add Basket MarketNo：0 StockIdx：34208
[10660] 2025/11/16 02:41:09.884 Divide StockNo {6116}
[10660] 2025/11/16 02:41:09.884 Add Basket MarketNo：0 StockIdx：34213
[10660] 2025/11/16 02:41:09.884 Divide StockNo {6121}
[10660] 2025/11/16 02:41:09.884 Add Basket MarketNo：1 StockIdx：813
[10660] 2025/11/16 02:41:09.884 Divide StockNo {6139}
[10660] 2025/11/16 02:41:09.884 Add Basket MarketNo：0 StockIdx：34219
[10660] 2025/11/16 02:41:09.884 Divide StockNo {6147}
[10660] 2025/11/16 02:41:09.884 Add Basket MarketNo：1 StockIdx：831
[10660] 2025/11/16 02:41:09.884 Divide StockNo {6153}
[10660] 2025/11/16 02:41:09.884 Add Basket MarketNo：0 StockIdx：34223
[10660] 2025/11/16 02:41:09.884 Divide StockNo {6173}
[10660] 2025/11/16 02:41:09.884 Add Basket MarketNo：1 StockIdx：848
[10660] 2025/11/16 02:41:09.884 Divide StockNo {6176}
[10660] 2025/11/16 02:41:09.884 Add Basket MarketNo：0 StockIdx：34229
[10660] 2025/11/16 02:41:09.884 Divide StockNo {6182}
[10660] 2025/11/16 02:41:09.884 Add Basket MarketNo：1 StockIdx：856
[10660] 2025/11/16 02:41:09.884 Divide StockNo {6188}
[10660] 2025/11/16 02:41:09.884 Add Basket MarketNo：1 StockIdx：864
[10660] 2025/11/16 02:41:09.884 Divide StockNo {6213}
[10660] 2025/11/16 02:41:09.884 Add Basket MarketNo：0 StockIdx：34243
[10660] 2025/11/16 02:41:09.884 Divide StockNo {6223}
[10660] 2025/11/16 02:41:09.884 Add Basket MarketNo：1 StockIdx：890
[10660] 2025/11/16 02:41:09.884 Divide StockNo {6239}
[10660] 2025/11/16 02:41:09.884 Add Basket MarketNo：0 StockIdx：34252
[10660] 2025/11/16 02:41:09.884 Divide StockNo {6245}
[10660] 2025/11/16 02:41:09.884 Add Basket MarketNo：1 StockIdx：905
[10660] 2025/11/16 02:41:09.884 Divide StockNo {6257}
[10660] 2025/11/16 02:41:09.884 Add Basket MarketNo：0 StockIdx：34254
[10660] 2025/11/16 02:41:09.884 Divide StockNo {6269}
[10660] 2025/11/16 02:41:09.884 Add Basket MarketNo：0 StockIdx：34255
[10660] 2025/11/16 02:41:09.884 Divide StockNo {6271}
[10660] 2025/11/16 02:41:09.884 Add Basket MarketNo：0 StockIdx：34256
[10660] 2025/11/16 02:41:09.884 Divide StockNo {6274}
[10660] 2025/11/16 02:41:09.884 Add Basket MarketNo：1 StockIdx：917
[10660] 2025/11/16 02:41:09.884 Divide StockNo {6278}
[10660] 2025/11/16 02:41:09.884 Add Basket MarketNo：0 StockIdx：34258
[10660] 2025/11/16 02:41:09.884 Divide StockNo {6279}
[10660] 2025/11/16 02:41:09.884 Add Basket MarketNo：1 StockIdx：922
[10660] 2025/11/16 02:41:09.884 Divide StockNo {6282}
[10660] 2025/11/16 02:41:09.884 Add Basket MarketNo：0 StockIdx：34260
[10660] 2025/11/16 02:41:09.884 Divide StockNo {6285}
[10660] 2025/11/16 02:41:09.884 Add Basket MarketNo：0 StockIdx：34262
[10660] 2025/11/16 02:41:09.884 Divide StockNo {6414}
[10660] 2025/11/16 02:41:09.884 Add Basket MarketNo：0 StockIdx：34266
[10660] 2025/11/16 02:41:09.884 Divide StockNo {6443}
[10660] 2025/11/16 02:41:09.884 Add Basket MarketNo：0 StockIdx：34274
[10660] 2025/11/16 02:41:09.884 Divide StockNo {6472}
[10660] 2025/11/16 02:41:09.884 Add Basket MarketNo：0 StockIdx：34280
[10660] 2025/11/16 02:41:09.884 Divide StockNo {6488}
[10660] 2025/11/16 02:41:09.884 Add Basket MarketNo：1 StockIdx：958
[10660] 2025/11/16 02:41:09.884 Divide StockNo {6505}
[10660] 2025/11/16 02:41:09.884 Add Basket MarketNo：0 StockIdx：34284
[10660] 2025/11/16 02:41:09.884 Divide StockNo {6510}
[10660] 2025/11/16 02:41:09.884 Add Basket MarketNo：1 StockIdx：968
[10660] 2025/11/16 02:41:09.884 Divide StockNo {6526}
[10660] 2025/11/16 02:41:09.884 Add Basket MarketNo：0 StockIdx：34287
[10660] 2025/11/16 02:41:09.884 Divide StockNo {6547}
[10660] 2025/11/16 02:41:09.884 Add Basket MarketNo：1 StockIdx：983
[10660] 2025/11/16 02:41:09.884 Divide StockNo {6669}
[10660] 2025/11/16 02:41:09.884 Add Basket MarketNo：0 StockIdx：34316
[10660] 2025/11/16 02:41:09.884 Divide StockNo {6757}
[10660] 2025/11/16 02:41:09.884 Add Basket MarketNo：0 StockIdx：34333
[10660] 2025/11/16 02:41:09.884 Divide StockNo {6770}
[10660] 2025/11/16 02:41:09.884 Add Basket MarketNo：0 StockIdx：34335
[10660] 2025/11/16 02:41:09.884 Divide StockNo {8039}
[10660] 2025/11/16 02:41:09.884 Add Basket MarketNo：0 StockIdx：34410
[10660] 2025/11/16 02:41:09.885 Divide StockNo {8044}
[10660] 2025/11/16 02:41:09.885 Add Basket MarketNo：1 StockIdx：12412
[10660] 2025/11/16 02:41:09.885 Divide StockNo {8046}
[10660] 2025/11/16 02:41:09.885 Add Basket MarketNo：0 StockIdx：34412
[10660] 2025/11/16 02:41:09.885 Divide StockNo {8069}
[10660] 2025/11/16 02:41:09.885 Add Basket MarketNo：1 StockIdx：12424
[10660] 2025/11/16 02:41:09.885 Divide StockNo {8086}
[10660] 2025/11/16 02:41:09.885 Add Basket MarketNo：1 StockIdx：12433
[10660] 2025/11/16 02:41:09.885 Divide StockNo {8112}
[10660] 2025/11/16 02:41:09.885 Add Basket MarketNo：0 StockIdx：34421
[10660] 2025/11/16 02:41:09.885 Divide StockNo {8150}
[10660] 2025/11/16 02:41:09.885 Add Basket MarketNo：0 StockIdx：34425
[10660] 2025/11/16 02:41:09.885 Divide StockNo {8163}
[10660] 2025/11/16 02:41:09.885 Add Basket MarketNo：0 StockIdx：34427
[10660] 2025/11/16 02:41:09.885 Divide StockNo {8299}
[10660] 2025/11/16 02:41:09.885 Add Basket MarketNo：1 StockIdx：12472
[10660] 2025/11/16 02:41:09.885 Divide StockNo {8358}
[10660] 2025/11/16 02:41:09.885 Add Basket MarketNo：1 StockIdx：12478
[10660] 2025/11/16 02:41:09.885 Divide StockNo {8436}
[10660] 2025/11/16 02:41:09.885 Add Basket MarketNo：1 StockIdx：12501
[10660] 2025/11/16 02:41:09.885 Divide StockNo {8454}
[10660] 2025/11/16 02:41:09.885 Add Basket MarketNo：0 StockIdx：34445
[10660] 2025/11/16 02:41:09.885 Divide StockNo {9904}
[10660] 2025/11/16 02:41:09.885 Add Basket MarketNo：0 StockIdx：34474
[10660] 2025/11/16 02:41:09.885 Divide StockNo {9914}
[10660] 2025/11/16 02:41:09.885 Add Basket MarketNo：0 StockIdx：34482
[10660] 2025/11/16 02:41:09.885 Divide StockNo {9938}
[10660] 2025/11/16 02:41:09.885 Add Basket MarketNo：0 StockIdx：34498
[10660] 2025/11/16 02:41:09.885 Divide StockNo {9939}
[10660] 2025/11/16 02:41:09.885 Add Basket MarketNo：0 StockIdx：34499
[10660] 2025/11/16 02:41:09.885 Divide StockNo {9945}
[10660] 2025/11/16 02:41:09.885 Add Basket MarketNo：0 StockIdx：34506
[10660] 2025/11/16 02:41:09.885 Divide StockNo {9958}
[10660] 2025/11/16 02:41:09.885 Add Basket MarketNo：0 StockIdx：34509
[10660] 2025/11/16 02:41:09.885 Divide StockNo {TSE}
[10660] 2025/11/16 02:41:09.885 Stock Is Not Exist 
[10660] 2025/11/16 02:41:09.885 Divide StockNo {TSE23}
[10660] 2025/11/16 02:41:09.885 Add Basket MarketNo：0 StockIdx：34826
[10660] 2025/11/16 02:41:09.885 Divide StockNo {TSE28}
[10660] 2025/11/16 02:41:09.885 Add Basket MarketNo：0 StockIdx：34831
[10660] 2025/11/16 02:41:09.885 Divide StockNo {TWMC}
[10660] 2025/11/16 02:41:09.885 Stock Is Not Exist 
[10660] 2025/11/16 02:41:09.885 Return PageNo： 1 
[7756] 2025/11/16 02:45:45.608 Precheck/DistributedServer Query result is 000,分配成功
[7756] 2025/11/16 02:45:45.608 >> Host srvsolace-tp2.capital.com.tw
[7756] 2025/11/16 02:45:45.611 SKQuoteLib_EnterMonitor IP：srvsolace-tp2.capital.com.tw
[7756] 2025/11/16 02:45:45.664 OnSessionConnect，Code: 3001, Error Code:0.
[7756] 2025/11/16 02:45:45.688 SKQuoteLib_EnterMonitorLONG starting
[7756] 2025/11/16 02:45:45.689 OnConnection ( 3001 , 0 ) 
[7756] 2025/11/16 02:45:45.959 Market Info is OK!
[7756] 2025/11/16 02:45:45.994 Catalog info is OK!
[7756] 2025/11/16 02:45:48.745 Solace RequestInitializeData (TO_S_19,S_1F)
[7756] 2025/11/16 02:45:48.745 Solace RequestInitializeData (TO_S_19,S_1F)
[7756] 2025/11/16 02:45:48.746 OnConnection ( 3003 , 0 ) 
[7756] 2025/11/16 02:45:50.821 SKQuoteLib_RequestStocks (1 , CAF00, CBF00, CCF00, CDF00, CEF00, CFF00, CGF00, CHF00, CJF00, CKF00, CLF00, CMF00, CNF00, CQF00, CRF00, CSF00, CUF00, CWF00, CXF00, CYF00, CZF00, DAF00, DBF00, DCF00, DEF00, DFF00, DGF00, DHF00, DIF00, DJF00, DKF00, DLF00, DNF00, DOF00, DPF00, DQF00, DSF00, DVF00, DWF00, DXF00, DYF00, DZF00, EEF00, EGF00, EHF00, EKF00, EMF00, EPF00, EYF00, EZF00, FBF00, FCF00, FEF00, FFF00, FGF00, FKF00, FNF00, FQF00, FRF00, FSF00, FTF00, FVF00, FWF00, FYF00, FZF00, GAF00, GCF00, GHF00, GIF00, GJF00, GKF00, GLF00, GMF00, GNF00, GOF00, GRF00, GUF00, GVF00, GWF00, GXF00, GYF00, GZF00, HAF00, HBF00, HCF00, HHF00, HIF00, HLF00, HOF00, HQF00, HSF00, IAF00, IHF00, IIF00, IJF00, IMF00, IOF00, IPF00, IQF00, IRF00, ITF00, IXF00, IYF00, IZF00, JBF00, JFF00, JMF00, JNF00, JPF00, JSF00, JWF00, JXF00, JZF00, KAF00, KBF00, KCF00, KDF00, KEF00, KFF00, KGF00, KIF00, KKF00, KLF00, KOF00, KPF00, KSF00, KUF00, KWF00, LBF00, LCF00, LEF00, LIF00, LMF00, LOF00, LQF00, LRF00, LTF00, LUF00, LVF00, LWF00, LXF00, LYF00, MAF00, MBF00, MJF00, MKF00, MQF00, MVF00, MYF00, NAF00, NBF00, NDF00, NEF00, NGF00, NIF00, NJF00, NLF00, NMF00, NOF00, NQF00, NSF00, NUF00, NVF00, NWF00, NYF00, OAF00, OBF00, ODF00, OEF00, OHF00, OJF00, OKF00, OLF00, OMF00, OOF00, OPF00, OQF00, ORF00, OSF00, OTF00, OUF00, OVF00, OWF00, OXF00, OYF00, OZF00, PAF00, PBF00, PCF00, PDF00, PEF00, PFF00, PGF00, PHF00, PIF00, PJF00, PKF00, PLF00, PMF00, PNF00, PPF00, PQF00, PRF00, PSF00, PTF00, PUF00, PVF00, PWF00, PXF00, PYF00, PZF00, QAF00, QBF00, QCF00, QDF00, QEF00, QFF00, QGF00, QHF00, QIF00, QJF00, QKF00, QLF00, QMF00, QNF00, QOF00, QPF00, QQF00, QRF00, QSF00, QTF00, QUF00, QVF00, QWF00, QXF00, QYF00, QZF00, RAF00, RBF00, RCF00, RDF00, REF00, RFF00, RGF00, RIF00, RJF00, RKF00, RLF00, RMF00, RNF00, ROF00, RPF00, RQF00, RRF00, RSF00, RUF00, RVF00, RWF00, RXF00, RYF00, RZF00, SAF00, SBF00, SCF00, SDF00, SEF00, SFF00, SGF00, SIF00, SJF00, SKF00, SLF00, SMF00, SNF00, SQF00, SRF00, SSF00, SUF00, SVF00, SWF00, SYF00, SZF00, UAF00, UBF00, UCF00, UEF00, UFF00, UGF00, UHF00, UIF00, UJF00, UKF00, ULF00, UMF00, UOF00, UPF00, UQF00, URF00, USF00, UTF00, UUF00, UVF00, UWF00, 0050, 0056, 006205, 006206, 00636, 00639, 00643, 00679B, 00687B, 00719B, 00757, 00772B, 00878, 00885, 00893, 00919, 00923, 00929, 00937B, 00940, 1101, 1102, 1210, 1216, 1301, 1303, 1312, 1314, 1319, 1326, 1402, 1440, 1476, 1477, 1503, 1504, 1513, 1536, 1565, 1590, 1605, 1609, 1707, 1717, 1718, 1722, 1795, 1802, 1904, 1905, 1907, 1909, 2002, 2006, 2014, 2027, 2049, 2059, 2105, 2201, 2231, 2301, 2303, 2308, 2312, 2313, 2317, 2323, 2324, 2327, 2328, 2330, 2331, 2332, 2337, 2338, 2340, 2344, 2345, 2347, 2352, 2353, 2354, 2355, 2356, 2357, 2360, 2368, 2371, 2376, 2377, 2379, 2382, 2383, 2385, 2388, 2392, 2393, 2401, 2404, 2408, 2409, 2412, 2439, 2441, 2449, 2454, 2455, 2457, 2458, 2474, 2481, 2485, 2486, 2489, 2492, 2498, 2515, 2520, 2542, 2548, 2603, 2605, 2606, 2609, 2610, 2615, 2618, 2633, 2634, 2801, 2834, 2880, 2881, 2882, 2883, 2884, 2885, 2886, 2887, 2888, 2890, 2891, 2892, 2913, 2915, 3005, 3006, 3008, 3017, 3019, 3034, 3035, 3036, 3037, 3042, 3044, 3045, 3078, 3081, 3105, 3152, 3189, 3227, 3231, 3260, 3264, 3293, 3324, 3374, 3376, 3380, 3406, 3443, 3481, 3529, 3532, 3533, 3552, 3653, 3661, 3673, 3680, 3691, 3702, 3706, 3711, 3714, 4123, 4128, 4162, 4736, 4743, 4904, 4919, 4938, 4958, 5009, 5269, 5274, 5347, 5371, 5388, 5425, 5457, 5483, 5534, 5871, 5876, 5880, 5904, 6005, 6116, 6121, 6139, 6147, 6153, 6173, 6176, 6182, 6188, 6213, 6223, 6239, 6245, 6257, 6269, 6271, 6274, 6278, 6279, 6282, 6285, 6414, 6443, 6472, 6488, 6505, 6510, 6526, 6547, 6669, 6757, 6770, 8039, 8044, 8046, 8069, 8086, 8112, 8150, 8163, 8299, 8358, 8436, 8454, 9904, 9914, 9938, 9939, 9945, 9958, TSE, TSE23, TSE28, TWMC)
[7756] 2025/11/16 02:45:50.824 Divide StockNo {CAF00}
[7756] 2025/11/16 02:45:50.824 Add Basket MarketNo：2 StockIdx：160
[7756] 2025/11/16 02:45:50.824 Divide StockNo {CBF00}
[7756] 2025/11/16 02:45:50.824 Add Basket MarketNo：2 StockIdx：166
[7756] 2025/11/16 02:45:50.824 Divide StockNo {CCF00}
[7756] 2025/11/16 02:45:50.824 Add Basket MarketNo：2 StockIdx：5656
[7756] 2025/11/16 02:45:50.824 Divide StockNo {CDF00}
[7756] 2025/11/16 02:45:50.824 Add Basket MarketNo：2 StockIdx：5662
[7756] 2025/11/16 02:45:50.824 Divide StockNo {CEF00}
[7756] 2025/11/16 02:45:50.824 Add Basket MarketNo：2 StockIdx：184
[7756] 2025/11/16 02:45:50.825 Divide StockNo {CFF00}
[7756] 2025/11/16 02:45:50.825 Add Basket MarketNo：2 StockIdx：193
[7756] 2025/11/16 02:45:50.825 Divide StockNo {CGF00}
[7756] 2025/11/16 02:45:50.825 Add Basket MarketNo：2 StockIdx：199
[7756] 2025/11/16 02:45:50.825 Divide StockNo {CHF00}
[7756] 2025/11/16 02:45:50.825 Add Basket MarketNo：2 StockIdx：205
[7756] 2025/11/16 02:45:50.825 Divide StockNo {CJF00}
[7756] 2025/11/16 02:45:50.825 Add Basket MarketNo：2 StockIdx：211
[7756] 2025/11/16 02:45:50.825 Divide StockNo {CKF00}
[7756] 2025/11/16 02:45:50.825 Add Basket MarketNo：2 StockIdx：217
[7756] 2025/11/16 02:45:50.825 Divide StockNo {CLF00}
[7756] 2025/11/16 02:45:50.825 Add Basket MarketNo：2 StockIdx：223
[7756] 2025/11/16 02:45:50.825 Divide StockNo {CMF00}
[7756] 2025/11/16 02:45:50.825 Add Basket MarketNo：2 StockIdx：229
[7756] 2025/11/16 02:45:50.825 Divide StockNo {CNF00}
[7756] 2025/11/16 02:45:50.825 Add Basket MarketNo：2 StockIdx：235
[7756] 2025/11/16 02:45:50.825 Divide StockNo {CQF00}
[7756] 2025/11/16 02:45:50.825 Add Basket MarketNo：2 StockIdx：241
[7756] 2025/11/16 02:45:50.825 Divide StockNo {CRF00}
[7756] 2025/11/16 02:45:50.825 Add Basket MarketNo：2 StockIdx：247
[7756] 2025/11/16 02:45:50.825 Divide StockNo {CSF00}
[7756] 2025/11/16 02:45:50.825 Add Basket MarketNo：2 StockIdx：253
[7756] 2025/11/16 02:45:50.825 Divide StockNo {CUF00}
[7756] 2025/11/16 02:45:50.825 Add Basket MarketNo：2 StockIdx：259
[7756] 2025/11/16 02:45:50.825 Divide StockNo {CWF00}
[7756] 2025/11/16 02:45:50.825 Add Basket MarketNo：2 StockIdx：265
[7756] 2025/11/16 02:45:50.825 Divide StockNo {CXF00}
[7756] 2025/11/16 02:45:50.825 Add Basket MarketNo：2 StockIdx：274
[7756] 2025/11/16 02:45:50.825 Divide StockNo {CYF00}
[7756] 2025/11/16 02:45:50.825 Add Basket MarketNo：2 StockIdx：280
[7756] 2025/11/16 02:45:50.825 Divide StockNo {CZF00}
[7756] 2025/11/16 02:45:50.825 Add Basket MarketNo：2 StockIdx：286
[7756] 2025/11/16 02:45:50.825 Divide StockNo {DAF00}
[7756] 2025/11/16 02:45:50.825 Add Basket MarketNo：2 StockIdx：292
[7756] 2025/11/16 02:45:50.825 Divide StockNo {DBF00}
[7756] 2025/11/16 02:45:50.825 Add Basket MarketNo：2 StockIdx：298
[7756] 2025/11/16 02:45:50.825 Divide StockNo {DCF00}
[7756] 2025/11/16 02:45:50.825 Add Basket MarketNo：2 StockIdx：304
[7756] 2025/11/16 02:45:50.825 Divide StockNo {DEF00}
[7756] 2025/11/16 02:45:50.825 Add Basket MarketNo：2 StockIdx：311
[7756] 2025/11/16 02:45:50.825 Divide StockNo {DFF00}
[7756] 2025/11/16 02:45:50.825 Add Basket MarketNo：2 StockIdx：319
[7756] 2025/11/16 02:45:50.825 Divide StockNo {DGF00}
[7756] 2025/11/16 02:45:50.825 Add Basket MarketNo：2 StockIdx：325
[7756] 2025/11/16 02:45:50.825 Divide StockNo {DHF00}
[7756] 2025/11/16 02:45:50.825 Add Basket MarketNo：2 StockIdx：331
[7756] 2025/11/16 02:45:50.825 Divide StockNo {DIF00}
[7756] 2025/11/16 02:45:50.825 Add Basket MarketNo：2 StockIdx：337
[7756] 2025/11/16 02:45:50.825 Divide StockNo {DJF00}
[7756] 2025/11/16 02:45:50.825 Add Basket MarketNo：2 StockIdx：343
[7756] 2025/11/16 02:45:50.825 Divide StockNo {DKF00}
[7756] 2025/11/16 02:45:50.825 Add Basket MarketNo：2 StockIdx：349
[7756] 2025/11/16 02:45:50.825 Divide StockNo {DLF00}
[7756] 2025/11/16 02:45:50.825 Add Basket MarketNo：2 StockIdx：355
[7756] 2025/11/16 02:45:50.825 Divide StockNo {DNF00}
[7756] 2025/11/16 02:45:50.825 Add Basket MarketNo：2 StockIdx：361
[7756] 2025/11/16 02:45:50.825 Divide StockNo {DOF00}
[7756] 2025/11/16 02:45:50.825 Add Basket MarketNo：2 StockIdx：368
[7756] 2025/11/16 02:45:50.825 Divide StockNo {DPF00}
[7756] 2025/11/16 02:45:50.825 Add Basket MarketNo：2 StockIdx：375
[7756] 2025/11/16 02:45:50.825 Divide StockNo {DQF00}
[7756] 2025/11/16 02:45:50.825 Add Basket MarketNo：2 StockIdx：381
[7756] 2025/11/16 02:45:50.825 Divide StockNo {DSF00}
[7756] 2025/11/16 02:45:50.825 Add Basket MarketNo：2 StockIdx：387
[7756] 2025/11/16 02:45:50.825 Divide StockNo {DVF00}
[7756] 2025/11/16 02:45:50.825 Add Basket MarketNo：2 StockIdx：393
[7756] 2025/11/16 02:45:50.825 Divide StockNo {DWF00}
[7756] 2025/11/16 02:45:50.825 Add Basket MarketNo：2 StockIdx：399
[7756] 2025/11/16 02:45:50.826 Divide StockNo {DXF00}
[7756] 2025/11/16 02:45:50.826 Add Basket MarketNo：2 StockIdx：405
[7756] 2025/11/16 02:45:50.826 Divide StockNo {DYF00}
[7756] 2025/11/16 02:45:50.826 Add Basket MarketNo：2 StockIdx：411
[7756] 2025/11/16 02:45:50.826 Divide StockNo {DZF00}
[7756] 2025/11/16 02:45:50.826 Add Basket MarketNo：2 StockIdx：417
[7756] 2025/11/16 02:45:50.826 Divide StockNo {EEF00}
[7756] 2025/11/16 02:45:50.826 Add Basket MarketNo：2 StockIdx：423
[7756] 2025/11/16 02:45:50.826 Divide StockNo {EGF00}
[7756] 2025/11/16 02:45:50.826 Add Basket MarketNo：2 StockIdx：429
[7756] 2025/11/16 02:45:50.826 Divide StockNo {EHF00}
[7756] 2025/11/16 02:45:50.826 Add Basket MarketNo：2 StockIdx：435
[7756] 2025/11/16 02:45:50.826 Divide StockNo {EKF00}
[7756] 2025/11/16 02:45:50.826 Add Basket MarketNo：2 StockIdx：441
[7756] 2025/11/16 02:45:50.826 Divide StockNo {EMF00}
[7756] 2025/11/16 02:45:50.826 Add Basket MarketNo：2 StockIdx：447
[7756] 2025/11/16 02:45:50.826 Divide StockNo {EPF00}
[7756] 2025/11/16 02:45:50.826 Add Basket MarketNo：2 StockIdx：453
[7756] 2025/11/16 02:45:50.826 Divide StockNo {EYF00}
[7756] 2025/11/16 02:45:50.826 Add Basket MarketNo：2 StockIdx：459
[7756] 2025/11/16 02:45:50.826 Divide StockNo {EZF00}
[7756] 2025/11/16 02:45:50.826 Add Basket MarketNo：2 StockIdx：465
[7756] 2025/11/16 02:45:50.826 Divide StockNo {FBF00}
[7756] 2025/11/16 02:45:50.826 Add Basket MarketNo：2 StockIdx：471
[7756] 2025/11/16 02:45:50.826 Divide StockNo {FCF00}
[7756] 2025/11/16 02:45:50.826 Add Basket MarketNo：2 StockIdx：477
[7756] 2025/11/16 02:45:50.826 Divide StockNo {FEF00}
[7756] 2025/11/16 02:45:50.826 Add Basket MarketNo：2 StockIdx：481
[7756] 2025/11/16 02:45:50.826 Divide StockNo {FFF00}
[7756] 2025/11/16 02:45:50.826 Add Basket MarketNo：2 StockIdx：488
[7756] 2025/11/16 02:45:50.826 Divide StockNo {FGF00}
[7756] 2025/11/16 02:45:50.826 Add Basket MarketNo：2 StockIdx：494
[7756] 2025/11/16 02:45:50.826 Divide StockNo {FKF00}
[7756] 2025/11/16 02:45:50.826 Add Basket MarketNo：2 StockIdx：500
[7756] 2025/11/16 02:45:50.826 Divide StockNo {FNF00}
[7756] 2025/11/16 02:45:50.826 Add Basket MarketNo：2 StockIdx：506
[7756] 2025/11/16 02:45:50.826 Divide StockNo {FQF00}
[7756] 2025/11/16 02:45:50.826 Add Basket MarketNo：2 StockIdx：512
[7756] 2025/11/16 02:45:50.826 Divide StockNo {FRF00}
[7756] 2025/11/16 02:45:50.826 Add Basket MarketNo：2 StockIdx：518
[7756] 2025/11/16 02:45:50.826 Divide StockNo {FSF00}
[7756] 2025/11/16 02:45:50.826 Add Basket MarketNo：2 StockIdx：524
[7756] 2025/11/16 02:45:50.826 Divide StockNo {FTF00}
[7756] 2025/11/16 02:45:50.826 Add Basket MarketNo：2 StockIdx：530
[7756] 2025/11/16 02:45:50.826 Divide StockNo {FVF00}
[7756] 2025/11/16 02:45:50.826 Add Basket MarketNo：2 StockIdx：536
[7756] 2025/11/16 02:45:50.826 Divide StockNo {FWF00}
[7756] 2025/11/16 02:45:50.826 Add Basket MarketNo：2 StockIdx：542
[7756] 2025/11/16 02:45:50.826 Divide StockNo {FYF00}
[7756] 2025/11/16 02:45:50.826 Add Basket MarketNo：2 StockIdx：548
[7756] 2025/11/16 02:45:50.826 Divide StockNo {FZF00}
[7756] 2025/11/16 02:45:50.826 Add Basket MarketNo：2 StockIdx：554
[7756] 2025/11/16 02:45:50.826 Divide StockNo {GAF00}
[7756] 2025/11/16 02:45:50.826 Add Basket MarketNo：2 StockIdx：560
[7756] 2025/11/16 02:45:50.826 Divide StockNo {GCF00}
[7756] 2025/11/16 02:45:50.826 Add Basket MarketNo：2 StockIdx：566
[7756] 2025/11/16 02:45:50.826 Divide StockNo {GHF00}
[7756] 2025/11/16 02:45:50.826 Add Basket MarketNo：2 StockIdx：572
[7756] 2025/11/16 02:45:50.826 Divide StockNo {GIF00}
[7756] 2025/11/16 02:45:50.826 Add Basket MarketNo：2 StockIdx：578
[7756] 2025/11/16 02:45:50.826 Divide StockNo {GJF00}
[7756] 2025/11/16 02:45:50.826 Add Basket MarketNo：2 StockIdx：584
[7756] 2025/11/16 02:45:50.826 Divide StockNo {GKF00}
[7756] 2025/11/16 02:45:50.826 Add Basket MarketNo：2 StockIdx：590
[7756] 2025/11/16 02:45:50.826 Divide StockNo {GLF00}
[7756] 2025/11/16 02:45:50.826 Add Basket MarketNo：2 StockIdx：596
[7756] 2025/11/16 02:45:50.826 Divide StockNo {GMF00}
[7756] 2025/11/16 02:45:50.826 Add Basket MarketNo：2 StockIdx：602
[7756] 2025/11/16 02:45:50.826 Divide StockNo {GNF00}
[7756] 2025/11/16 02:45:50.826 Add Basket MarketNo：2 StockIdx：608
[7756] 2025/11/16 02:45:50.826 Divide StockNo {GOF00}
[7756] 2025/11/16 02:45:50.827 Add Basket MarketNo：2 StockIdx：614
[7756] 2025/11/16 02:45:50.827 Divide StockNo {GRF00}
[7756] 2025/11/16 02:45:50.827 Add Basket MarketNo：2 StockIdx：620
[7756] 2025/11/16 02:45:50.827 Divide StockNo {GUF00}
[7756] 2025/11/16 02:45:50.827 Add Basket MarketNo：2 StockIdx：626
[7756] 2025/11/16 02:45:50.827 Divide StockNo {GVF00}
[7756] 2025/11/16 02:45:50.827 Add Basket MarketNo：2 StockIdx：632
[7756] 2025/11/16 02:45:50.827 Divide StockNo {GWF00}
[7756] 2025/11/16 02:45:50.827 Add Basket MarketNo：2 StockIdx：638
[7756] 2025/11/16 02:45:50.827 Divide StockNo {GXF00}
[7756] 2025/11/16 02:45:50.827 Add Basket MarketNo：2 StockIdx：644
[7756] 2025/11/16 02:45:50.827 Divide StockNo {GYF00}
[7756] 2025/11/16 02:45:50.827 Add Basket MarketNo：2 StockIdx：650
[7756] 2025/11/16 02:45:50.827 Divide StockNo {GZF00}
[7756] 2025/11/16 02:45:50.827 Add Basket MarketNo：2 StockIdx：656
[7756] 2025/11/16 02:45:50.827 Divide StockNo {HAF00}
[7756] 2025/11/16 02:45:50.827 Add Basket MarketNo：2 StockIdx：662
[7756] 2025/11/16 02:45:50.827 Divide StockNo {HBF00}
[7756] 2025/11/16 02:45:50.827 Add Basket MarketNo：2 StockIdx：671
[7756] 2025/11/16 02:45:50.827 Divide StockNo {HCF00}
[7756] 2025/11/16 02:45:50.827 Add Basket MarketNo：2 StockIdx：677
[7756] 2025/11/16 02:45:50.827 Divide StockNo {HHF00}
[7756] 2025/11/16 02:45:50.827 Add Basket MarketNo：2 StockIdx：683
[7756] 2025/11/16 02:45:50.827 Divide StockNo {HIF00}
[7756] 2025/11/16 02:45:50.827 Add Basket MarketNo：2 StockIdx：694
[7756] 2025/11/16 02:45:50.827 Divide StockNo {HLF00}
[7756] 2025/11/16 02:45:50.827 Add Basket MarketNo：2 StockIdx：700
[7756] 2025/11/16 02:45:50.827 Divide StockNo {HOF00}
[7756] 2025/11/16 02:45:50.827 Add Basket MarketNo：2 StockIdx：711
[7756] 2025/11/16 02:45:50.827 Divide StockNo {HQF00}
[7756] 2025/11/16 02:45:50.827 Add Basket MarketNo：2 StockIdx：717
[7756] 2025/11/16 02:45:50.827 Divide StockNo {HSF00}
[7756] 2025/11/16 02:45:50.827 Add Basket MarketNo：2 StockIdx：723
[7756] 2025/11/16 02:45:50.827 Divide StockNo {IAF00}
[7756] 2025/11/16 02:45:50.827 Add Basket MarketNo：2 StockIdx：729
[7756] 2025/11/16 02:45:50.827 Divide StockNo {IHF00}
[7756] 2025/11/16 02:45:50.827 Add Basket MarketNo：2 StockIdx：737
[7756] 2025/11/16 02:45:50.827 Divide StockNo {IIF00}
[7756] 2025/11/16 02:45:50.827 Add Basket MarketNo：2 StockIdx：743
[7756] 2025/11/16 02:45:50.827 Divide StockNo {IJF00}
[7756] 2025/11/16 02:45:50.827 Add Basket MarketNo：2 StockIdx：749
[7756] 2025/11/16 02:45:50.827 Divide StockNo {IMF00}
[7756] 2025/11/16 02:45:50.827 Add Basket MarketNo：2 StockIdx：755
[7756] 2025/11/16 02:45:50.827 Divide StockNo {IOF00}
[7756] 2025/11/16 02:45:50.827 Add Basket MarketNo：2 StockIdx：761
[7756] 2025/11/16 02:45:50.827 Divide StockNo {IPF00}
[7756] 2025/11/16 02:45:50.827 Add Basket MarketNo：2 StockIdx：767
[7756] 2025/11/16 02:45:50.827 Divide StockNo {IQF00}
[7756] 2025/11/16 02:45:50.827 Add Basket MarketNo：2 StockIdx：773
[7756] 2025/11/16 02:45:50.827 Divide StockNo {IRF00}
[7756] 2025/11/16 02:45:50.827 Add Basket MarketNo：2 StockIdx：779
[7756] 2025/11/16 02:45:50.827 Divide StockNo {ITF00}
[7756] 2025/11/16 02:45:50.827 Add Basket MarketNo：2 StockIdx：790
[7756] 2025/11/16 02:45:50.827 Divide StockNo {IXF00}
[7756] 2025/11/16 02:45:50.827 Add Basket MarketNo：2 StockIdx：796
[7756] 2025/11/16 02:45:50.827 Divide StockNo {IYF00}
[7756] 2025/11/16 02:45:50.827 Add Basket MarketNo：2 StockIdx：802
[7756] 2025/11/16 02:45:50.827 Divide StockNo {IZF00}
[7756] 2025/11/16 02:45:50.827 Add Basket MarketNo：2 StockIdx：808
[7756] 2025/11/16 02:45:50.827 Divide StockNo {JBF00}
[7756] 2025/11/16 02:45:50.827 Add Basket MarketNo：2 StockIdx：814
[7756] 2025/11/16 02:45:50.827 Divide StockNo {JFF00}
[7756] 2025/11/16 02:45:50.827 Add Basket MarketNo：2 StockIdx：820
[7756] 2025/11/16 02:45:50.827 Divide StockNo {JMF00}
[7756] 2025/11/16 02:45:50.827 Add Basket MarketNo：2 StockIdx：826
[7756] 2025/11/16 02:45:50.827 Divide StockNo {JNF00}
[7756] 2025/11/16 02:45:50.827 Add Basket MarketNo：2 StockIdx：832
[7756] 2025/11/16 02:45:50.827 Divide StockNo {JPF00}
[7756] 2025/11/16 02:45:50.827 Add Basket MarketNo：2 StockIdx：838
[7756] 2025/11/16 02:45:50.827 Divide StockNo {JSF00}
[7756] 2025/11/16 02:45:50.827 Add Basket MarketNo：2 StockIdx：844
[7756] 2025/11/16 02:45:50.827 Divide StockNo {JWF00}
[7756] 2025/11/16 02:45:50.828 Add Basket MarketNo：2 StockIdx：850
[7756] 2025/11/16 02:45:50.828 Divide StockNo {JXF00}
[7756] 2025/11/16 02:45:50.828 Add Basket MarketNo：2 StockIdx：856
[7756] 2025/11/16 02:45:50.828 Divide StockNo {JZF00}
[7756] 2025/11/16 02:45:50.828 Add Basket MarketNo：2 StockIdx：862
[7756] 2025/11/16 02:45:50.828 Divide StockNo {KAF00}
[7756] 2025/11/16 02:45:50.828 Add Basket MarketNo：2 StockIdx：868
[7756] 2025/11/16 02:45:50.828 Divide StockNo {KBF00}
[7756] 2025/11/16 02:45:50.828 Add Basket MarketNo：2 StockIdx：874
[7756] 2025/11/16 02:45:50.828 Divide StockNo {KCF00}
[7756] 2025/11/16 02:45:50.828 Add Basket MarketNo：2 StockIdx：880
[7756] 2025/11/16 02:45:50.828 Divide StockNo {KDF00}
[7756] 2025/11/16 02:45:50.828 Add Basket MarketNo：2 StockIdx：886
[7756] 2025/11/16 02:45:50.828 Divide StockNo {KEF00}
[7756] 2025/11/16 02:45:50.828 Add Basket MarketNo：2 StockIdx：892
[7756] 2025/11/16 02:45:50.828 Divide StockNo {KFF00}
[7756] 2025/11/16 02:45:50.828 Add Basket MarketNo：2 StockIdx：898
[7756] 2025/11/16 02:45:50.828 Divide StockNo {KGF00}
[7756] 2025/11/16 02:45:50.828 Add Basket MarketNo：2 StockIdx：904
[7756] 2025/11/16 02:45:50.828 Divide StockNo {KIF00}
[7756] 2025/11/16 02:45:50.828 Add Basket MarketNo：2 StockIdx：910
[7756] 2025/11/16 02:45:50.828 Divide StockNo {KKF00}
[7756] 2025/11/16 02:45:50.828 Add Basket MarketNo：2 StockIdx：916
[7756] 2025/11/16 02:45:50.828 Divide StockNo {KLF00}
[7756] 2025/11/16 02:45:50.828 Add Basket MarketNo：2 StockIdx：922
[7756] 2025/11/16 02:45:50.828 Divide StockNo {KOF00}
[7756] 2025/11/16 02:45:50.828 Add Basket MarketNo：2 StockIdx：928
[7756] 2025/11/16 02:45:50.828 Divide StockNo {KPF00}
[7756] 2025/11/16 02:45:50.828 Add Basket MarketNo：2 StockIdx：934
[7756] 2025/11/16 02:45:50.828 Divide StockNo {KSF00}
[7756] 2025/11/16 02:45:50.828 Add Basket MarketNo：2 StockIdx：940
[7756] 2025/11/16 02:45:50.828 Divide StockNo {KUF00}
[7756] 2025/11/16 02:45:50.828 Add Basket MarketNo：2 StockIdx：946
[7756] 2025/11/16 02:45:50.828 Divide StockNo {KWF00}
[7756] 2025/11/16 02:45:50.828 Add Basket MarketNo：2 StockIdx：952
[7756] 2025/11/16 02:45:50.828 Divide StockNo {LBF00}
[7756] 2025/11/16 02:45:50.828 Add Basket MarketNo：2 StockIdx：958
[7756] 2025/11/16 02:45:50.828 Divide StockNo {LCF00}
[7756] 2025/11/16 02:45:50.828 Add Basket MarketNo：2 StockIdx：964
[7756] 2025/11/16 02:45:50.828 Divide StockNo {LEF00}
[7756] 2025/11/16 02:45:50.828 Add Basket MarketNo：2 StockIdx：970
[7756] 2025/11/16 02:45:50.828 Divide StockNo {LIF00}
[7756] 2025/11/16 02:45:50.828 Add Basket MarketNo：2 StockIdx：976
[7756] 2025/11/16 02:45:50.828 Divide StockNo {LMF00}
[7756] 2025/11/16 02:45:50.828 Add Basket MarketNo：2 StockIdx：982
[7756] 2025/11/16 02:45:50.828 Divide StockNo {LOF00}
[7756] 2025/11/16 02:45:50.828 Add Basket MarketNo：2 StockIdx：988
[7756] 2025/11/16 02:45:50.828 Divide StockNo {LQF00}
[7756] 2025/11/16 02:45:50.828 Add Basket MarketNo：2 StockIdx：994
[7756] 2025/11/16 02:45:50.828 Divide StockNo {LRF00}
[7756] 2025/11/16 02:45:50.828 Add Basket MarketNo：2 StockIdx：1000
[7756] 2025/11/16 02:45:50.828 Divide StockNo {LTF00}
[7756] 2025/11/16 02:45:50.828 Add Basket MarketNo：2 StockIdx：1008
[7756] 2025/11/16 02:45:50.828 Divide StockNo {LUF00}
[7756] 2025/11/16 02:45:50.828 Add Basket MarketNo：2 StockIdx：1014
[7756] 2025/11/16 02:45:50.828 Divide StockNo {LVF00}
[7756] 2025/11/16 02:45:50.828 Add Basket MarketNo：2 StockIdx：1020
[7756] 2025/11/16 02:45:50.828 Divide StockNo {LWF00}
[7756] 2025/11/16 02:45:50.828 Add Basket MarketNo：2 StockIdx：1028
[7756] 2025/11/16 02:45:50.828 Divide StockNo {LXF00}
[7756] 2025/11/16 02:45:50.828 Add Basket MarketNo：2 StockIdx：1034
[7756] 2025/11/16 02:45:50.828 Divide StockNo {LYF00}
[7756] 2025/11/16 02:45:50.828 Add Basket MarketNo：2 StockIdx：1041
[7756] 2025/11/16 02:45:50.828 Divide StockNo {MAF00}
[7756] 2025/11/16 02:45:50.828 Add Basket MarketNo：2 StockIdx：1047
[7756] 2025/11/16 02:45:50.828 Divide StockNo {MBF00}
[7756] 2025/11/16 02:45:50.828 Add Basket MarketNo：2 StockIdx：1050
[7756] 2025/11/16 02:45:50.828 Divide StockNo {MJF00}
[7756] 2025/11/16 02:45:50.828 Add Basket MarketNo：2 StockIdx：1056
[7756] 2025/11/16 02:45:50.828 Divide StockNo {MKF00}
[7756] 2025/11/16 02:45:50.828 Add Basket MarketNo：2 StockIdx：1062
[7756] 2025/11/16 02:45:50.828 Divide StockNo {MQF00}
[7756] 2025/11/16 02:45:50.828 Add Basket MarketNo：2 StockIdx：1068
[7756] 2025/11/16 02:45:50.829 Divide StockNo {MVF00}
[7756] 2025/11/16 02:45:50.829 Add Basket MarketNo：2 StockIdx：1074
[7756] 2025/11/16 02:45:50.829 Divide StockNo {MYF00}
[7756] 2025/11/16 02:45:50.829 Add Basket MarketNo：2 StockIdx：1080
[7756] 2025/11/16 02:45:50.829 Divide StockNo {NAF00}
[7756] 2025/11/16 02:45:50.829 Add Basket MarketNo：2 StockIdx：1086
[7756] 2025/11/16 02:45:50.829 Divide StockNo {NBF00}
[7756] 2025/11/16 02:45:50.829 Add Basket MarketNo：2 StockIdx：1092
[7756] 2025/11/16 02:45:50.829 Divide StockNo {NDF00}
[7756] 2025/11/16 02:45:50.829 Add Basket MarketNo：2 StockIdx：1098
[7756] 2025/11/16 02:45:50.829 Divide StockNo {NEF00}
[7756] 2025/11/16 02:45:50.829 Add Basket MarketNo：2 StockIdx：1104
[7756] 2025/11/16 02:45:50.829 Divide StockNo {NGF00}
[7756] 2025/11/16 02:45:50.829 Add Basket MarketNo：2 StockIdx：1110
[7756] 2025/11/16 02:45:50.829 Divide StockNo {NIF00}
[7756] 2025/11/16 02:45:50.829 Add Basket MarketNo：2 StockIdx：1116
[7756] 2025/11/16 02:45:50.829 Divide StockNo {NJF00}
[7756] 2025/11/16 02:45:50.829 Add Basket MarketNo：2 StockIdx：1124
[7756] 2025/11/16 02:45:50.829 Divide StockNo {NLF00}
[7756] 2025/11/16 02:45:50.829 Add Basket MarketNo：2 StockIdx：1130
[7756] 2025/11/16 02:45:50.829 Divide StockNo {NMF00}
[7756] 2025/11/16 02:45:50.829 Add Basket MarketNo：2 StockIdx：1136
[7756] 2025/11/16 02:45:50.829 Divide StockNo {NOF00}
[7756] 2025/11/16 02:45:50.829 Add Basket MarketNo：2 StockIdx：1142
[7756] 2025/11/16 02:45:50.829 Divide StockNo {NQF00}
[7756] 2025/11/16 02:45:50.829 Add Basket MarketNo：2 StockIdx：1148
[7756] 2025/11/16 02:45:50.829 Divide StockNo {NSF00}
[7756] 2025/11/16 02:45:50.829 Add Basket MarketNo：2 StockIdx：1154
[7756] 2025/11/16 02:45:50.829 Divide StockNo {NUF00}
[7756] 2025/11/16 02:45:50.829 Add Basket MarketNo：2 StockIdx：1160
[7756] 2025/11/16 02:45:50.829 Divide StockNo {NVF00}
[7756] 2025/11/16 02:45:50.829 Add Basket MarketNo：2 StockIdx：1166
[7756] 2025/11/16 02:45:50.829 Divide StockNo {NWF00}
[7756] 2025/11/16 02:45:50.829 Add Basket MarketNo：2 StockIdx：1172
[7756] 2025/11/16 02:45:50.829 Divide StockNo {NYF00}
[7756] 2025/11/16 02:45:50.829 Add Basket MarketNo：2 StockIdx：5668
[7756] 2025/11/16 02:45:50.829 Divide StockNo {OAF00}
[7756] 2025/11/16 02:45:50.829 Add Basket MarketNo：2 StockIdx：1184
[7756] 2025/11/16 02:45:50.829 Divide StockNo {OBF00}
[7756] 2025/11/16 02:45:50.829 Add Basket MarketNo：2 StockIdx：1190
[7756] 2025/11/16 02:45:50.829 Divide StockNo {ODF00}
[7756] 2025/11/16 02:45:50.829 Add Basket MarketNo：2 StockIdx：1196
[7756] 2025/11/16 02:45:50.829 Divide StockNo {OEF00}
[7756] 2025/11/16 02:45:50.829 Add Basket MarketNo：2 StockIdx：1202
[7756] 2025/11/16 02:45:50.829 Divide StockNo {OHF00}
[7756] 2025/11/16 02:45:50.829 Add Basket MarketNo：2 StockIdx：1208
[7756] 2025/11/16 02:45:50.829 Divide StockNo {OJF00}
[7756] 2025/11/16 02:45:50.829 Add Basket MarketNo：2 StockIdx：1214
[7756] 2025/11/16 02:45:50.829 Divide StockNo {OKF00}
[7756] 2025/11/16 02:45:50.829 Add Basket MarketNo：2 StockIdx：1220
[7756] 2025/11/16 02:45:50.829 Divide StockNo {OLF00}
[7756] 2025/11/16 02:45:50.829 Add Basket MarketNo：2 StockIdx：1226
[7756] 2025/11/16 02:45:50.829 Divide StockNo {OMF00}
[7756] 2025/11/16 02:45:50.829 Add Basket MarketNo：2 StockIdx：1232
[7756] 2025/11/16 02:45:50.829 Divide StockNo {OOF00}
[7756] 2025/11/16 02:45:50.829 Add Basket MarketNo：2 StockIdx：1238
[7756] 2025/11/16 02:45:50.829 Divide StockNo {OPF00}
[7756] 2025/11/16 02:45:50.829 Add Basket MarketNo：2 StockIdx：1244
[7756] 2025/11/16 02:45:50.829 Divide StockNo {OQF00}
[7756] 2025/11/16 02:45:50.829 Add Basket MarketNo：2 StockIdx：1250
[7756] 2025/11/16 02:45:50.829 Divide StockNo {ORF00}
[7756] 2025/11/16 02:45:50.829 Add Basket MarketNo：2 StockIdx：1256
[7756] 2025/11/16 02:45:50.829 Divide StockNo {OSF00}
[7756] 2025/11/16 02:45:50.829 Add Basket MarketNo：2 StockIdx：1262
[7756] 2025/11/16 02:45:50.829 Divide StockNo {OTF00}
[7756] 2025/11/16 02:45:50.829 Add Basket MarketNo：2 StockIdx：1268
[7756] 2025/11/16 02:45:50.829 Divide StockNo {OUF00}
[7756] 2025/11/16 02:45:50.829 Add Basket MarketNo：2 StockIdx：1274
[7756] 2025/11/16 02:45:50.829 Divide StockNo {OVF00}
[7756] 2025/11/16 02:45:50.829 Add Basket MarketNo：2 StockIdx：1280
[7756] 2025/11/16 02:45:50.829 Divide StockNo {OWF00}
[7756] 2025/11/16 02:45:50.829 Add Basket MarketNo：2 StockIdx：1286
[7756] 2025/11/16 02:45:50.829 Divide StockNo {OXF00}
[7756] 2025/11/16 02:45:50.830 Add Basket MarketNo：2 StockIdx：1292
[7756] 2025/11/16 02:45:50.830 Divide StockNo {OYF00}
[7756] 2025/11/16 02:45:50.830 Add Basket MarketNo：2 StockIdx：1298
[7756] 2025/11/16 02:45:50.830 Divide StockNo {OZF00}
[7756] 2025/11/16 02:45:50.830 Add Basket MarketNo：2 StockIdx：1304
[7756] 2025/11/16 02:45:50.830 Divide StockNo {PAF00}
[7756] 2025/11/16 02:45:50.830 Add Basket MarketNo：2 StockIdx：1310
[7756] 2025/11/16 02:45:50.830 Divide StockNo {PBF00}
[7756] 2025/11/16 02:45:50.830 Add Basket MarketNo：2 StockIdx：1316
[7756] 2025/11/16 02:45:50.830 Divide StockNo {PCF00}
[7756] 2025/11/16 02:45:50.830 Add Basket MarketNo：2 StockIdx：1322
[7756] 2025/11/16 02:45:50.830 Divide StockNo {PDF00}
[7756] 2025/11/16 02:45:50.830 Add Basket MarketNo：2 StockIdx：1328
[7756] 2025/11/16 02:45:50.830 Divide StockNo {PEF00}
[7756] 2025/11/16 02:45:50.830 Add Basket MarketNo：2 StockIdx：1334
[7756] 2025/11/16 02:45:50.830 Divide StockNo {PFF00}
[7756] 2025/11/16 02:45:50.830 Add Basket MarketNo：2 StockIdx：1340
[7756] 2025/11/16 02:45:50.830 Divide StockNo {PGF00}
[7756] 2025/11/16 02:45:50.830 Add Basket MarketNo：2 StockIdx：1346
[7756] 2025/11/16 02:45:50.830 Divide StockNo {PHF00}
[7756] 2025/11/16 02:45:50.830 Add Basket MarketNo：2 StockIdx：1352
[7756] 2025/11/16 02:45:50.830 Divide StockNo {PIF00}
[7756] 2025/11/16 02:45:50.830 Add Basket MarketNo：2 StockIdx：1358
[7756] 2025/11/16 02:45:50.830 Divide StockNo {PJF00}
[7756] 2025/11/16 02:45:50.830 Add Basket MarketNo：2 StockIdx：1364
[7756] 2025/11/16 02:45:50.830 Divide StockNo {PKF00}
[7756] 2025/11/16 02:45:50.830 Add Basket MarketNo：2 StockIdx：1370
[7756] 2025/11/16 02:45:50.830 Divide StockNo {PLF00}
[7756] 2025/11/16 02:45:50.830 Add Basket MarketNo：2 StockIdx：1376
[7756] 2025/11/16 02:45:50.830 Divide StockNo {PMF00}
[7756] 2025/11/16 02:45:50.830 Add Basket MarketNo：2 StockIdx：1382
[7756] 2025/11/16 02:45:50.830 Divide StockNo {PNF00}
[7756] 2025/11/16 02:45:50.830 Add Basket MarketNo：2 StockIdx：1388
[7756] 2025/11/16 02:45:50.830 Divide StockNo {PPF00}
[7756] 2025/11/16 02:45:50.830 Add Basket MarketNo：2 StockIdx：1394
[7756] 2025/11/16 02:45:50.830 Divide StockNo {PQF00}
[7756] 2025/11/16 02:45:50.830 Add Basket MarketNo：2 StockIdx：1400
[7756] 2025/11/16 02:45:50.830 Divide StockNo {PRF00}
[7756] 2025/11/16 02:45:50.830 Add Basket MarketNo：2 StockIdx：1406
[7756] 2025/11/16 02:45:50.830 Divide StockNo {PSF00}
[7756] 2025/11/16 02:45:50.830 Add Basket MarketNo：2 StockIdx：1412
[7756] 2025/11/16 02:45:50.830 Divide StockNo {PTF00}
[7756] 2025/11/16 02:45:50.830 Add Basket MarketNo：2 StockIdx：1419
[7756] 2025/11/16 02:45:50.830 Divide StockNo {PUF00}
[7756] 2025/11/16 02:45:50.830 Add Basket MarketNo：2 StockIdx：1425
[7756] 2025/11/16 02:45:50.830 Divide StockNo {PVF00}
[7756] 2025/11/16 02:45:50.830 Add Basket MarketNo：2 StockIdx：1431
[7756] 2025/11/16 02:45:50.830 Divide StockNo {PWF00}
[7756] 2025/11/16 02:45:50.830 Add Basket MarketNo：2 StockIdx：1437
[7756] 2025/11/16 02:45:50.830 Divide StockNo {PXF00}
[7756] 2025/11/16 02:45:50.830 Add Basket MarketNo：2 StockIdx：1443
[7756] 2025/11/16 02:45:50.830 Divide StockNo {PYF00}
[7756] 2025/11/16 02:45:50.830 Add Basket MarketNo：2 StockIdx：1449
[7756] 2025/11/16 02:45:50.830 Divide StockNo {PZF00}
[7756] 2025/11/16 02:45:50.830 Add Basket MarketNo：2 StockIdx：1455
[7756] 2025/11/16 02:45:50.830 Divide StockNo {QAF00}
[7756] 2025/11/16 02:45:50.830 Add Basket MarketNo：2 StockIdx：1461
[7756] 2025/11/16 02:45:50.830 Divide StockNo {QBF00}
[7756] 2025/11/16 02:45:50.830 Add Basket MarketNo：2 StockIdx：1467
[7756] 2025/11/16 02:45:50.830 Divide StockNo {QCF00}
[7756] 2025/11/16 02:45:50.830 Add Basket MarketNo：2 StockIdx：1473
[7756] 2025/11/16 02:45:50.830 Divide StockNo {QDF00}
[7756] 2025/11/16 02:45:50.830 Add Basket MarketNo：2 StockIdx：1479
[7756] 2025/11/16 02:45:50.830 Divide StockNo {QEF00}
[7756] 2025/11/16 02:45:50.830 Add Basket MarketNo：2 StockIdx：1485
[7756] 2025/11/16 02:45:50.830 Divide StockNo {QFF00}
[7756] 2025/11/16 02:45:50.830 Add Basket MarketNo：2 StockIdx：5674
[7756] 2025/11/16 02:45:50.830 Divide StockNo {QGF00}
[7756] 2025/11/16 02:45:50.830 Add Basket MarketNo：2 StockIdx：1498
[7756] 2025/11/16 02:45:50.830 Divide StockNo {QHF00}
[7756] 2025/11/16 02:45:50.830 Add Basket MarketNo：2 StockIdx：1504
[7756] 2025/11/16 02:45:50.830 Divide StockNo {QIF00}
[7756] 2025/11/16 02:45:50.830 Add Basket MarketNo：2 StockIdx：1510
[7756] 2025/11/16 02:45:50.830 Divide StockNo {QJF00}
[7756] 2025/11/16 02:45:50.831 Add Basket MarketNo：2 StockIdx：1514
[7756] 2025/11/16 02:45:50.831 Divide StockNo {QKF00}
[7756] 2025/11/16 02:45:50.831 Add Basket MarketNo：2 StockIdx：1520
[7756] 2025/11/16 02:45:50.831 Divide StockNo {QLF00}
[7756] 2025/11/16 02:45:50.831 Add Basket MarketNo：2 StockIdx：1526
[7756] 2025/11/16 02:45:50.831 Divide StockNo {QMF00}
[7756] 2025/11/16 02:45:50.831 Add Basket MarketNo：2 StockIdx：1532
[7756] 2025/11/16 02:45:50.831 Divide StockNo {QNF00}
[7756] 2025/11/16 02:45:50.831 Add Basket MarketNo：2 StockIdx：1538
[7756] 2025/11/16 02:45:50.831 Divide StockNo {QOF00}
[7756] 2025/11/16 02:45:50.831 Add Basket MarketNo：2 StockIdx：1544
[7756] 2025/11/16 02:45:50.831 Divide StockNo {QPF00}
[7756] 2025/11/16 02:45:50.831 Add Basket MarketNo：2 StockIdx：1550
[7756] 2025/11/16 02:45:50.831 Divide StockNo {QQF00}
[7756] 2025/11/16 02:45:50.831 Add Basket MarketNo：2 StockIdx：1556
[7756] 2025/11/16 02:45:50.831 Divide StockNo {QRF00}
[7756] 2025/11/16 02:45:50.831 Add Basket MarketNo：2 StockIdx：1562
[7756] 2025/11/16 02:45:50.831 Divide StockNo {QSF00}
[7756] 2025/11/16 02:45:50.831 Add Basket MarketNo：2 StockIdx：1568
[7756] 2025/11/16 02:45:50.831 Divide StockNo {QTF00}
[7756] 2025/11/16 02:45:50.831 Add Basket MarketNo：2 StockIdx：1574
[7756] 2025/11/16 02:45:50.831 Divide StockNo {QUF00}
[7756] 2025/11/16 02:45:50.831 Add Basket MarketNo：2 StockIdx：1580
[7756] 2025/11/16 02:45:50.831 Divide StockNo {QVF00}
[7756] 2025/11/16 02:45:50.831 Add Basket MarketNo：2 StockIdx：1586
[7756] 2025/11/16 02:45:50.831 Divide StockNo {QWF00}
[7756] 2025/11/16 02:45:50.831 Add Basket MarketNo：2 StockIdx：1592
[7756] 2025/11/16 02:45:50.831 Divide StockNo {QXF00}
[7756] 2025/11/16 02:45:50.831 Add Basket MarketNo：2 StockIdx：1598
[7756] 2025/11/16 02:45:50.831 Divide StockNo {QYF00}
[7756] 2025/11/16 02:45:50.831 Add Basket MarketNo：2 StockIdx：1604
[7756] 2025/11/16 02:45:50.831 Divide StockNo {QZF00}
[7756] 2025/11/16 02:45:50.831 Add Basket MarketNo：2 StockIdx：1610
[7756] 2025/11/16 02:45:50.831 Divide StockNo {RAF00}
[7756] 2025/11/16 02:45:50.831 Add Basket MarketNo：2 StockIdx：1616
[7756] 2025/11/16 02:45:50.831 Divide StockNo {RBF00}
[7756] 2025/11/16 02:45:50.831 Add Basket MarketNo：2 StockIdx：1622
[7756] 2025/11/16 02:45:50.831 Divide StockNo {RCF00}
[7756] 2025/11/16 02:45:50.831 Add Basket MarketNo：2 StockIdx：1628
[7756] 2025/11/16 02:45:50.831 Divide StockNo {RDF00}
[7756] 2025/11/16 02:45:50.831 Add Basket MarketNo：2 StockIdx：1634
[7756] 2025/11/16 02:45:50.831 Divide StockNo {REF00}
[7756] 2025/11/16 02:45:50.831 Add Basket MarketNo：2 StockIdx：1640
[7756] 2025/11/16 02:45:50.831 Divide StockNo {RFF00}
[7756] 2025/11/16 02:45:50.831 Add Basket MarketNo：2 StockIdx：1646
[7756] 2025/11/16 02:45:50.831 Divide StockNo {RGF00}
[7756] 2025/11/16 02:45:50.831 Add Basket MarketNo：2 StockIdx：1652
[7756] 2025/11/16 02:45:50.831 Divide StockNo {RIF00}
[7756] 2025/11/16 02:45:50.831 Add Basket MarketNo：2 StockIdx：1658
[7756] 2025/11/16 02:45:50.831 Divide StockNo {RJF00}
[7756] 2025/11/16 02:45:50.831 Add Basket MarketNo：2 StockIdx：1664
[7756] 2025/11/16 02:45:50.831 Divide StockNo {RKF00}
[7756] 2025/11/16 02:45:50.831 Add Basket MarketNo：2 StockIdx：1670
[7756] 2025/11/16 02:45:50.831 Divide StockNo {RLF00}
[7756] 2025/11/16 02:45:50.831 Add Basket MarketNo：2 StockIdx：1676
[7756] 2025/11/16 02:45:50.831 Divide StockNo {RMF00}
[7756] 2025/11/16 02:45:50.831 Stock Is Not Exist 
[7756] 2025/11/16 02:45:50.831 Divide StockNo {RNF00}
[7756] 2025/11/16 02:45:50.831 Add Basket MarketNo：2 StockIdx：1682
[7756] 2025/11/16 02:45:50.831 Divide StockNo {ROF00}
[7756] 2025/11/16 02:45:50.831 Add Basket MarketNo：2 StockIdx：1688
[7756] 2025/11/16 02:45:50.831 Divide StockNo {RPF00}
[7756] 2025/11/16 02:45:50.831 Add Basket MarketNo：2 StockIdx：1694
[7756] 2025/11/16 02:45:50.831 Divide StockNo {RQF00}
[7756] 2025/11/16 02:45:50.831 Stock Is Not Exist 
[7756] 2025/11/16 02:45:50.831 Divide StockNo {RRF00}
[7756] 2025/11/16 02:45:50.831 Add Basket MarketNo：2 StockIdx：1701
[7756] 2025/11/16 02:45:50.831 Divide StockNo {RSF00}
[7756] 2025/11/16 02:45:50.832 Add Basket MarketNo：2 StockIdx：1707
[7756] 2025/11/16 02:45:50.832 Divide StockNo {RUF00}
[7756] 2025/11/16 02:45:50.832 Add Basket MarketNo：2 StockIdx：1713
[7756] 2025/11/16 02:45:50.832 Divide StockNo {RVF00}
[7756] 2025/11/16 02:45:50.832 Add Basket MarketNo：2 StockIdx：1719
[7756] 2025/11/16 02:45:50.832 Divide StockNo {RWF00}
[7756] 2025/11/16 02:45:50.832 Add Basket MarketNo：2 StockIdx：1725
[7756] 2025/11/16 02:45:50.832 Divide StockNo {RXF00}
[7756] 2025/11/16 02:45:50.832 Add Basket MarketNo：2 StockIdx：1731
[7756] 2025/11/16 02:45:50.832 Divide StockNo {RYF00}
[7756] 2025/11/16 02:45:50.832 Add Basket MarketNo：2 StockIdx：1737
[7756] 2025/11/16 02:45:50.832 Divide StockNo {RZF00}
[7756] 2025/11/16 02:45:50.832 Add Basket MarketNo：2 StockIdx：5680
[7756] 2025/11/16 02:45:50.832 Divide StockNo {SAF00}
[7756] 2025/11/16 02:45:50.832 Add Basket MarketNo：2 StockIdx：1749
[7756] 2025/11/16 02:45:50.832 Divide StockNo {SBF00}
[7756] 2025/11/16 02:45:50.832 Add Basket MarketNo：2 StockIdx：1755
[7756] 2025/11/16 02:45:50.832 Divide StockNo {SCF00}
[7756] 2025/11/16 02:45:50.832 Add Basket MarketNo：2 StockIdx：1761
[7756] 2025/11/16 02:45:50.832 Divide StockNo {SDF00}
[7756] 2025/11/16 02:45:50.832 Add Basket MarketNo：2 StockIdx：1767
[7756] 2025/11/16 02:45:50.832 Divide StockNo {SEF00}
[7756] 2025/11/16 02:45:50.832 Add Basket MarketNo：2 StockIdx：1773
[7756] 2025/11/16 02:45:50.832 Divide StockNo {SFF00}
[7756] 2025/11/16 02:45:50.832 Add Basket MarketNo：2 StockIdx：1779
[7756] 2025/11/16 02:45:50.832 Divide StockNo {SGF00}
[7756] 2025/11/16 02:45:50.832 Add Basket MarketNo：2 StockIdx：1785
[7756] 2025/11/16 02:45:50.832 Divide StockNo {SIF00}
[7756] 2025/11/16 02:45:50.832 Add Basket MarketNo：2 StockIdx：1791
[7756] 2025/11/16 02:45:50.832 Divide StockNo {SJF00}
[7756] 2025/11/16 02:45:50.832 Add Basket MarketNo：2 StockIdx：1797
[7756] 2025/11/16 02:45:50.832 Divide StockNo {SKF00}
[7756] 2025/11/16 02:45:50.832 Add Basket MarketNo：2 StockIdx：1803
[7756] 2025/11/16 02:45:50.832 Divide StockNo {SLF00}
[7756] 2025/11/16 02:45:50.832 Add Basket MarketNo：2 StockIdx：1809
[7756] 2025/11/16 02:45:50.832 Divide StockNo {SMF00}
[7756] 2025/11/16 02:45:50.832 Add Basket MarketNo：2 StockIdx：1815
[7756] 2025/11/16 02:45:50.832 Divide StockNo {SNF00}
[7756] 2025/11/16 02:45:50.832 Add Basket MarketNo：2 StockIdx：1821
[7756] 2025/11/16 02:45:50.832 Divide StockNo {SQF00}
[7756] 2025/11/16 02:45:50.832 Add Basket MarketNo：2 StockIdx：1827
[7756] 2025/11/16 02:45:50.832 Divide StockNo {SRF00}
[7756] 2025/11/16 02:45:50.832 Add Basket MarketNo：2 StockIdx：5686
[7756] 2025/11/16 02:45:50.832 Divide StockNo {SSF00}
[7756] 2025/11/16 02:45:50.832 Add Basket MarketNo：2 StockIdx：1840
[7756] 2025/11/16 02:45:50.832 Divide StockNo {SUF00}
[7756] 2025/11/16 02:45:50.832 Add Basket MarketNo：2 StockIdx：1846
[7756] 2025/11/16 02:45:50.832 Divide StockNo {SVF00}
[7756] 2025/11/16 02:45:50.832 Add Basket MarketNo：2 StockIdx：1852
[7756] 2025/11/16 02:45:50.832 Divide StockNo {SWF00}
[7756] 2025/11/16 02:45:50.832 Add Basket MarketNo：2 StockIdx：1858
[7756] 2025/11/16 02:45:50.832 Divide StockNo {SYF00}
[7756] 2025/11/16 02:45:50.832 Add Basket MarketNo：2 StockIdx：1864
[7756] 2025/11/16 02:45:50.832 Divide StockNo {SZF00}
[7756] 2025/11/16 02:45:50.832 Add Basket MarketNo：2 StockIdx：1870
[7756] 2025/11/16 02:45:50.832 Divide StockNo {UAF00}
[7756] 2025/11/16 02:45:50.832 Add Basket MarketNo：2 StockIdx：1876
[7756] 2025/11/16 02:45:50.832 Divide StockNo {UBF00}
[7756] 2025/11/16 02:45:50.832 Add Basket MarketNo：2 StockIdx：1882
[7756] 2025/11/16 02:45:50.832 Divide StockNo {UCF00}
[7756] 2025/11/16 02:45:50.832 Add Basket MarketNo：2 StockIdx：1888
[7756] 2025/11/16 02:45:50.832 Divide StockNo {UEF00}
[7756] 2025/11/16 02:45:50.832 Add Basket MarketNo：2 StockIdx：1894
[7756] 2025/11/16 02:45:50.832 Divide StockNo {UFF00}
[7756] 2025/11/16 02:45:50.832 Add Basket MarketNo：2 StockIdx：1900
[7756] 2025/11/16 02:45:50.832 Divide StockNo {UGF00}
[7756] 2025/11/16 02:45:50.832 Add Basket MarketNo：2 StockIdx：1906
[7756] 2025/11/16 02:45:50.832 Divide StockNo {UHF00}
[7756] 2025/11/16 02:45:50.832 Add Basket MarketNo：2 StockIdx：1912
[7756] 2025/11/16 02:45:50.832 Divide StockNo {UIF00}
[7756] 2025/11/16 02:45:50.832 Add Basket MarketNo：2 StockIdx：1918
[7756] 2025/11/16 02:45:50.833 Divide StockNo {UJF00}
[7756] 2025/11/16 02:45:50.833 Add Basket MarketNo：2 StockIdx：1924
[7756] 2025/11/16 02:45:50.833 Divide StockNo {UKF00}
[7756] 2025/11/16 02:45:50.833 Add Basket MarketNo：2 StockIdx：1930
[7756] 2025/11/16 02:45:50.833 Divide StockNo {ULF00}
[7756] 2025/11/16 02:45:50.833 Add Basket MarketNo：2 StockIdx：1936
[7756] 2025/11/16 02:45:50.833 Divide StockNo {UMF00}
[7756] 2025/11/16 02:45:50.833 Add Basket MarketNo：2 StockIdx：1942
[7756] 2025/11/16 02:45:50.833 Divide StockNo {UOF00}
[7756] 2025/11/16 02:45:50.833 Add Basket MarketNo：2 StockIdx：1948
[7756] 2025/11/16 02:45:50.833 Divide StockNo {UPF00}
[7756] 2025/11/16 02:45:50.833 Add Basket MarketNo：2 StockIdx：1954
[7756] 2025/11/16 02:45:50.833 Divide StockNo {UQF00}
[7756] 2025/11/16 02:45:50.833 Add Basket MarketNo：2 StockIdx：1960
[7756] 2025/11/16 02:45:50.833 Divide StockNo {URF00}
[7756] 2025/11/16 02:45:50.833 Add Basket MarketNo：2 StockIdx：1967
[7756] 2025/11/16 02:45:50.833 Divide StockNo {USF00}
[7756] 2025/11/16 02:45:50.833 Add Basket MarketNo：2 StockIdx：1973
[7756] 2025/11/16 02:45:50.833 Divide StockNo {UTF00}
[7756] 2025/11/16 02:45:50.833 Add Basket MarketNo：2 StockIdx：1979
[7756] 2025/11/16 02:45:50.833 Divide StockNo {UUF00}
[7756] 2025/11/16 02:45:50.833 Add Basket MarketNo：2 StockIdx：1985
[7756] 2025/11/16 02:45:50.833 Divide StockNo {UVF00}
[7756] 2025/11/16 02:45:50.833 Add Basket MarketNo：2 StockIdx：1991
[7756] 2025/11/16 02:45:50.833 Divide StockNo {UWF00}
[7756] 2025/11/16 02:45:50.833 Add Basket MarketNo：2 StockIdx：1997
[7756] 2025/11/16 02:45:50.833 Divide StockNo {0050}
[7756] 2025/11/16 02:45:50.833 Add Basket MarketNo：0 StockIdx：0
[7756] 2025/11/16 02:45:50.833 Divide StockNo {0056}
[7756] 2025/11/16 02:45:50.833 Add Basket MarketNo：0 StockIdx：5
[7756] 2025/11/16 02:45:50.833 Divide StockNo {006205}
[7756] 2025/11/16 02:45:50.833 Add Basket MarketNo：0 StockIdx：10
[7756] 2025/11/16 02:45:50.833 Divide StockNo {006206}
[7756] 2025/11/16 02:45:50.833 Add Basket MarketNo：0 StockIdx：11
[7756] 2025/11/16 02:45:50.833 Divide StockNo {00636}
[7756] 2025/11/16 02:45:50.833 Add Basket MarketNo：0 StockIdx：20
[7756] 2025/11/16 02:45:50.833 Divide StockNo {00639}
[7756] 2025/11/16 02:45:50.833 Add Basket MarketNo：0 StockIdx：24
[7756] 2025/11/16 02:45:50.833 Divide StockNo {00643}
[7756] 2025/11/16 02:45:50.833 Add Basket MarketNo：0 StockIdx：28
[7756] 2025/11/16 02:45:50.833 Divide StockNo {00679B}
[7756] 2025/11/16 02:45:50.833 Add Basket MarketNo：1 StockIdx：1
[7756] 2025/11/16 02:45:50.833 Divide StockNo {00687B}
[7756] 2025/11/16 02:45:50.833 Add Basket MarketNo：1 StockIdx：2
[7756] 2025/11/16 02:45:50.833 Divide StockNo {00719B}
[7756] 2025/11/16 02:45:50.833 Add Basket MarketNo：1 StockIdx：8
[7756] 2025/11/16 02:45:50.833 Divide StockNo {00757}
[7756] 2025/11/16 02:45:50.833 Add Basket MarketNo：0 StockIdx：98
[7756] 2025/11/16 02:45:50.833 Divide StockNo {00772B}
[7756] 2025/11/16 02:45:50.833 Add Basket MarketNo：1 StockIdx：32
[7756] 2025/11/16 02:45:50.833 Divide StockNo {00878}
[7756] 2025/11/16 02:45:50.833 Add Basket MarketNo：0 StockIdx：113
[7756] 2025/11/16 02:45:50.833 Divide StockNo {00885}
[7756] 2025/11/16 02:45:50.833 Add Basket MarketNo：0 StockIdx：116
[7756] 2025/11/16 02:45:50.833 Divide StockNo {00893}
[7756] 2025/11/16 02:45:50.833 Add Basket MarketNo：0 StockIdx：119
[7756] 2025/11/16 02:45:50.833 Divide StockNo {00919}
[7756] 2025/11/16 02:45:50.833 Add Basket MarketNo：0 StockIdx：143
[7756] 2025/11/16 02:45:50.833 Divide StockNo {00923}
[7756] 2025/11/16 02:45:50.833 Add Basket MarketNo：0 StockIdx：147
[7756] 2025/11/16 02:45:50.833 Divide StockNo {00929}
[7756] 2025/11/16 02:45:50.833 Add Basket MarketNo：0 StockIdx：151
[7756] 2025/11/16 02:45:50.833 Divide StockNo {00937B}
[7756] 2025/11/16 02:45:50.834 Add Basket MarketNo：1 StockIdx：82
[7756] 2025/11/16 02:45:50.834 Divide StockNo {00940}
[7756] 2025/11/16 02:45:50.834 Add Basket MarketNo：0 StockIdx：159
[7756] 2025/11/16 02:45:50.834 Divide StockNo {1101}
[7756] 2025/11/16 02:45:50.834 Add Basket MarketNo：0 StockIdx：33419
[7756] 2025/11/16 02:45:50.834 Divide StockNo {1102}
[7756] 2025/11/16 02:45:50.834 Add Basket MarketNo：0 StockIdx：33421
[7756] 2025/11/16 02:45:50.834 Divide StockNo {1210}
[7756] 2025/11/16 02:45:50.834 Add Basket MarketNo：0 StockIdx：33429
[7756] 2025/11/16 02:45:50.834 Divide StockNo {1216}
[7756] 2025/11/16 02:45:50.834 Add Basket MarketNo：0 StockIdx：33432
[7756] 2025/11/16 02:45:50.834 Divide StockNo {1301}
[7756] 2025/11/16 02:45:50.834 Add Basket MarketNo：0 StockIdx：33447
[7756] 2025/11/16 02:45:50.834 Divide StockNo {1303}
[7756] 2025/11/16 02:45:50.834 Add Basket MarketNo：0 StockIdx：33448
[7756] 2025/11/16 02:45:50.834 Divide StockNo {1312}
[7756] 2025/11/16 02:45:50.834 Add Basket MarketNo：0 StockIdx：33455
[7756] 2025/11/16 02:45:50.834 Divide StockNo {1314}
[7756] 2025/11/16 02:45:50.834 Add Basket MarketNo：0 StockIdx：33458
[7756] 2025/11/16 02:45:50.834 Divide StockNo {1319}
[7756] 2025/11/16 02:45:50.834 Add Basket MarketNo：0 StockIdx：33461
[7756] 2025/11/16 02:45:50.834 Divide StockNo {1326}
[7756] 2025/11/16 02:45:50.834 Add Basket MarketNo：0 StockIdx：33466
[7756] 2025/11/16 02:45:50.834 Divide StockNo {1402}
[7756] 2025/11/16 02:45:50.834 Add Basket MarketNo：0 StockIdx：33473
[7756] 2025/11/16 02:45:50.834 Divide StockNo {1440}
[7756] 2025/11/16 02:45:50.834 Add Basket MarketNo：0 StockIdx：33490
[7756] 2025/11/16 02:45:50.834 Divide StockNo {1476}
[7756] 2025/11/16 02:45:50.834 Add Basket MarketNo：0 StockIdx：33520
[7756] 2025/11/16 02:45:50.834 Divide StockNo {1477}
[7756] 2025/11/16 02:45:50.834 Add Basket MarketNo：0 StockIdx：33521
[7756] 2025/11/16 02:45:50.834 Divide StockNo {1503}
[7756] 2025/11/16 02:45:50.834 Add Basket MarketNo：0 StockIdx：33522
[7756] 2025/11/16 02:45:50.834 Divide StockNo {1504}
[7756] 2025/11/16 02:45:50.834 Add Basket MarketNo：0 StockIdx：33523
[7756] 2025/11/16 02:45:50.834 Divide StockNo {1513}
[7756] 2025/11/16 02:45:50.834 Add Basket MarketNo：0 StockIdx：33526
[7756] 2025/11/16 02:45:50.834 Divide StockNo {1536}
[7756] 2025/11/16 02:45:50.834 Add Basket MarketNo：0 StockIdx：33546
[7756] 2025/11/16 02:45:50.834 Divide StockNo {1565}
[7756] 2025/11/16 02:45:50.834 Add Basket MarketNo：1 StockIdx：140
[7756] 2025/11/16 02:45:50.834 Divide StockNo {1590}
[7756] 2025/11/16 02:45:50.834 Add Basket MarketNo：0 StockIdx：33560
[7756] 2025/11/16 02:45:50.834 Divide StockNo {1605}
[7756] 2025/11/16 02:45:50.834 Add Basket MarketNo：0 StockIdx：33565
[7756] 2025/11/16 02:45:50.834 Divide StockNo {1609}
[7756] 2025/11/16 02:45:50.834 Add Basket MarketNo：0 StockIdx：33567
[7756] 2025/11/16 02:45:50.834 Divide StockNo {1707}
[7756] 2025/11/16 02:45:50.834 Add Basket MarketNo：0 StockIdx：33577
[7756] 2025/11/16 02:45:50.834 Divide StockNo {1717}
[7756] 2025/11/16 02:45:50.834 Add Basket MarketNo：0 StockIdx：33585
[7756] 2025/11/16 02:45:50.834 Divide StockNo {1718}
[7756] 2025/11/16 02:45:50.834 Add Basket MarketNo：0 StockIdx：33586
[7756] 2025/11/16 02:45:50.834 Divide StockNo {1722}
[7756] 2025/11/16 02:45:50.834 Add Basket MarketNo：0 StockIdx：33589
[7756] 2025/11/16 02:45:50.834 Divide StockNo {1795}
[7756] 2025/11/16 02:45:50.834 Add Basket MarketNo：0 StockIdx：33610
[7756] 2025/11/16 02:45:50.834 Divide StockNo {1802}
[7756] 2025/11/16 02:45:50.834 Add Basket MarketNo：0 StockIdx：33611
[7756] 2025/11/16 02:45:50.834 Divide StockNo {1904}
[7756] 2025/11/16 02:45:50.834 Add Basket MarketNo：0 StockIdx：33618
[7756] 2025/11/16 02:45:50.834 Divide StockNo {1905}
[7756] 2025/11/16 02:45:50.834 Add Basket MarketNo：0 StockIdx：33619
[7756] 2025/11/16 02:45:50.834 Divide StockNo {1907}
[7756] 2025/11/16 02:45:50.834 Add Basket MarketNo：0 StockIdx：33621
[7756] 2025/11/16 02:45:50.834 Divide StockNo {1909}
[7756] 2025/11/16 02:45:50.834 Add Basket MarketNo：0 StockIdx：33622
[7756] 2025/11/16 02:45:50.834 Divide StockNo {2002}
[7756] 2025/11/16 02:45:50.835 Add Basket MarketNo：0 StockIdx：33623
[7756] 2025/11/16 02:45:50.835 Divide StockNo {2006}
[7756] 2025/11/16 02:45:50.835 Add Basket MarketNo：0 StockIdx：33625
[7756] 2025/11/16 02:45:50.835 Divide StockNo {2014}
[7756] 2025/11/16 02:45:50.835 Add Basket MarketNo：0 StockIdx：33632
[7756] 2025/11/16 02:45:50.835 Divide StockNo {2027}
[7756] 2025/11/16 02:45:50.835 Add Basket MarketNo：0 StockIdx：33640
[7756] 2025/11/16 02:45:50.835 Divide StockNo {2049}
[7756] 2025/11/16 02:45:50.835 Add Basket MarketNo：0 StockIdx：33649
[7756] 2025/11/16 02:45:50.835 Divide StockNo {2059}
[7756] 2025/11/16 02:45:50.835 Add Basket MarketNo：0 StockIdx：33650
[7756] 2025/11/16 02:45:50.835 Divide StockNo {2105}
[7756] 2025/11/16 02:45:50.835 Add Basket MarketNo：0 StockIdx：33657
[7756] 2025/11/16 02:45:50.835 Divide StockNo {2201}
[7756] 2025/11/16 02:45:50.835 Add Basket MarketNo：0 StockIdx：33664
[7756] 2025/11/16 02:45:50.835 Divide StockNo {2231}
[7756] 2025/11/16 02:45:50.835 Add Basket MarketNo：0 StockIdx：33672
[7756] 2025/11/16 02:45:50.835 Divide StockNo {2301}
[7756] 2025/11/16 02:45:50.835 Add Basket MarketNo：0 StockIdx：33683
[7756] 2025/11/16 02:45:50.835 Divide StockNo {2303}
[7756] 2025/11/16 02:45:50.835 Add Basket MarketNo：0 StockIdx：33685
[7756] 2025/11/16 02:45:50.835 Divide StockNo {2308}
[7756] 2025/11/16 02:45:50.835 Add Basket MarketNo：0 StockIdx：33687
[7756] 2025/11/16 02:45:50.835 Divide StockNo {2312}
[7756] 2025/11/16 02:45:50.835 Add Basket MarketNo：0 StockIdx：33688
[7756] 2025/11/16 02:45:50.835 Divide StockNo {2313}
[7756] 2025/11/16 02:45:50.835 Add Basket MarketNo：0 StockIdx：33689
[7756] 2025/11/16 02:45:50.835 Divide StockNo {2317}
[7756] 2025/11/16 02:45:50.835 Add Basket MarketNo：0 StockIdx：33692
[7756] 2025/11/16 02:45:50.835 Divide StockNo {2323}
[7756] 2025/11/16 02:45:50.835 Add Basket MarketNo：0 StockIdx：33694
[7756] 2025/11/16 02:45:50.835 Divide StockNo {2324}
[7756] 2025/11/16 02:45:50.835 Add Basket MarketNo：0 StockIdx：33695
[7756] 2025/11/16 02:45:50.835 Divide StockNo {2327}
[7756] 2025/11/16 02:45:50.835 Add Basket MarketNo：0 StockIdx：33696
[7756] 2025/11/16 02:45:50.835 Divide StockNo {2328}
[7756] 2025/11/16 02:45:50.835 Add Basket MarketNo：0 StockIdx：33697
[7756] 2025/11/16 02:45:50.835 Divide StockNo {2330}
[7756] 2025/11/16 02:45:50.835 Add Basket MarketNo：0 StockIdx：33699
[7756] 2025/11/16 02:45:50.835 Divide StockNo {2331}
[7756] 2025/11/16 02:45:50.835 Add Basket MarketNo：0 StockIdx：33700
[7756] 2025/11/16 02:45:50.835 Divide StockNo {2332}
[7756] 2025/11/16 02:45:50.835 Add Basket MarketNo：0 StockIdx：33701
[7756] 2025/11/16 02:45:50.835 Divide StockNo {2337}
[7756] 2025/11/16 02:45:50.835 Add Basket MarketNo：0 StockIdx：33702
[7756] 2025/11/16 02:45:50.835 Divide StockNo {2338}
[7756] 2025/11/16 02:45:50.835 Add Basket MarketNo：0 StockIdx：33703
[7756] 2025/11/16 02:45:50.835 Divide StockNo {2340}
[7756] 2025/11/16 02:45:50.835 Add Basket MarketNo：0 StockIdx：33704
[7756] 2025/11/16 02:45:50.835 Divide StockNo {2344}
[7756] 2025/11/16 02:45:50.835 Add Basket MarketNo：0 StockIdx：33706
[7756] 2025/11/16 02:45:50.835 Divide StockNo {2345}
[7756] 2025/11/16 02:45:50.835 Add Basket MarketNo：0 StockIdx：33707
[7756] 2025/11/16 02:45:50.835 Divide StockNo {2347}
[7756] 2025/11/16 02:45:50.835 Add Basket MarketNo：0 StockIdx：33708
[7756] 2025/11/16 02:45:50.835 Divide StockNo {2352}
[7756] 2025/11/16 02:45:50.835 Add Basket MarketNo：0 StockIdx：33713
[7756] 2025/11/16 02:45:50.835 Divide StockNo {2353}
[7756] 2025/11/16 02:45:50.835 Add Basket MarketNo：0 StockIdx：33714
[7756] 2025/11/16 02:45:50.835 Divide StockNo {2354}
[7756] 2025/11/16 02:45:50.835 Add Basket MarketNo：0 StockIdx：33715
[7756] 2025/11/16 02:45:50.835 Divide StockNo {2355}
[7756] 2025/11/16 02:45:50.835 Add Basket MarketNo：0 StockIdx：33716
[7756] 2025/11/16 02:45:50.835 Divide StockNo {2356}
[7756] 2025/11/16 02:45:50.835 Add Basket MarketNo：0 StockIdx：33717
[7756] 2025/11/16 02:45:50.835 Divide StockNo {2357}
[7756] 2025/11/16 02:45:50.835 Add Basket MarketNo：0 StockIdx：33718
[7756] 2025/11/16 02:45:50.835 Divide StockNo {2360}
[7756] 2025/11/16 02:45:50.835 Add Basket MarketNo：0 StockIdx：33720
[7756] 2025/11/16 02:45:50.835 Divide StockNo {2368}
[7756] 2025/11/16 02:45:50.835 Add Basket MarketNo：0 StockIdx：33726
[7756] 2025/11/16 02:45:50.835 Divide StockNo {2371}
[7756] 2025/11/16 02:45:50.836 Add Basket MarketNo：0 StockIdx：33728
[7756] 2025/11/16 02:45:50.836 Divide StockNo {2376}
[7756] 2025/11/16 02:45:50.836 Add Basket MarketNo：0 StockIdx：33732
[7756] 2025/11/16 02:45:50.836 Divide StockNo {2377}
[7756] 2025/11/16 02:45:50.836 Add Basket MarketNo：0 StockIdx：33733
[7756] 2025/11/16 02:45:50.836 Divide StockNo {2379}
[7756] 2025/11/16 02:45:50.836 Add Basket MarketNo：0 StockIdx：33734
[7756] 2025/11/16 02:45:50.836 Divide StockNo {2382}
[7756] 2025/11/16 02:45:50.836 Add Basket MarketNo：0 StockIdx：33736
[7756] 2025/11/16 02:45:50.836 Divide StockNo {2383}
[7756] 2025/11/16 02:45:50.836 Add Basket MarketNo：0 StockIdx：33737
[7756] 2025/11/16 02:45:50.836 Divide StockNo {2385}
[7756] 2025/11/16 02:45:50.836 Add Basket MarketNo：0 StockIdx：33738
[7756] 2025/11/16 02:45:50.836 Divide StockNo {2388}
[7756] 2025/11/16 02:45:50.836 Add Basket MarketNo：0 StockIdx：33740
[7756] 2025/11/16 02:45:50.836 Divide StockNo {2392}
[7756] 2025/11/16 02:45:50.836 Add Basket MarketNo：0 StockIdx：33742
[7756] 2025/11/16 02:45:50.836 Divide StockNo {2393}
[7756] 2025/11/16 02:45:50.836 Add Basket MarketNo：0 StockIdx：33743
[7756] 2025/11/16 02:45:50.836 Divide StockNo {2401}
[7756] 2025/11/16 02:45:50.836 Add Basket MarketNo：0 StockIdx：33747
[7756] 2025/11/16 02:45:50.836 Divide StockNo {2404}
[7756] 2025/11/16 02:45:50.836 Add Basket MarketNo：0 StockIdx：33749
[7756] 2025/11/16 02:45:50.836 Divide StockNo {2408}
[7756] 2025/11/16 02:45:50.836 Add Basket MarketNo：0 StockIdx：33752
[7756] 2025/11/16 02:45:50.836 Divide StockNo {2409}
[7756] 2025/11/16 02:45:50.836 Add Basket MarketNo：0 StockIdx：33753
[7756] 2025/11/16 02:45:50.836 Divide StockNo {2412}
[7756] 2025/11/16 02:45:50.836 Add Basket MarketNo：0 StockIdx：33754
[7756] 2025/11/16 02:45:50.836 Divide StockNo {2439}
[7756] 2025/11/16 02:45:50.836 Add Basket MarketNo：0 StockIdx：33776
[7756] 2025/11/16 02:45:50.836 Divide StockNo {2441}
[7756] 2025/11/16 02:45:50.836 Add Basket MarketNo：0 StockIdx：33778
[7756] 2025/11/16 02:45:50.836 Divide StockNo {2449}
[7756] 2025/11/16 02:45:50.836 Add Basket MarketNo：0 StockIdx：33781
[7756] 2025/11/16 02:45:50.836 Divide StockNo {2454}
[7756] 2025/11/16 02:45:50.836 Add Basket MarketNo：0 StockIdx：33785
[7756] 2025/11/16 02:45:50.836 Divide StockNo {2455}
[7756] 2025/11/16 02:45:50.836 Add Basket MarketNo：0 StockIdx：33786
[7756] 2025/11/16 02:45:50.836 Divide StockNo {2457}
[7756] 2025/11/16 02:45:50.836 Add Basket MarketNo：0 StockIdx：33787
[7756] 2025/11/16 02:45:50.836 Divide StockNo {2458}
[7756] 2025/11/16 02:45:50.836 Add Basket MarketNo：0 StockIdx：33788
[7756] 2025/11/16 02:45:50.836 Divide StockNo {2474}
[7756] 2025/11/16 02:45:50.836 Add Basket MarketNo：0 StockIdx：33800
[7756] 2025/11/16 02:45:50.836 Divide StockNo {2481}
[7756] 2025/11/16 02:45:50.836 Add Basket MarketNo：0 StockIdx：33805
[7756] 2025/11/16 02:45:50.836 Divide StockNo {2485}
[7756] 2025/11/16 02:45:50.836 Add Basket MarketNo：0 StockIdx：33809
[7756] 2025/11/16 02:45:50.836 Divide StockNo {2486}
[7756] 2025/11/16 02:45:50.836 Add Basket MarketNo：0 StockIdx：33810
[7756] 2025/11/16 02:45:50.836 Divide StockNo {2489}
[7756] 2025/11/16 02:45:50.836 Add Basket MarketNo：0 StockIdx：33812
[7756] 2025/11/16 02:45:50.836 Divide StockNo {2492}
[7756] 2025/11/16 02:45:50.836 Add Basket MarketNo：0 StockIdx：33814
[7756] 2025/11/16 02:45:50.836 Divide StockNo {2498}
[7756] 2025/11/16 02:45:50.836 Add Basket MarketNo：0 StockIdx：33819
[7756] 2025/11/16 02:45:50.836 Divide StockNo {2515}
[7756] 2025/11/16 02:45:50.836 Add Basket MarketNo：0 StockIdx：33827
[7756] 2025/11/16 02:45:50.836 Divide StockNo {2520}
[7756] 2025/11/16 02:45:50.836 Add Basket MarketNo：0 StockIdx：33829
[7756] 2025/11/16 02:45:50.836 Divide StockNo {2542}
[7756] 2025/11/16 02:45:50.836 Add Basket MarketNo：0 StockIdx：33841
[7756] 2025/11/16 02:45:50.836 Divide StockNo {2548}
[7756] 2025/11/16 02:45:50.836 Add Basket MarketNo：0 StockIdx：33846
[7756] 2025/11/16 02:45:50.836 Divide StockNo {2603}
[7756] 2025/11/16 02:45:50.836 Add Basket MarketNo：0 StockIdx：33849
[7756] 2025/11/16 02:45:50.836 Divide StockNo {2605}
[7756] 2025/11/16 02:45:50.836 Add Basket MarketNo：0 StockIdx：33850
[7756] 2025/11/16 02:45:50.836 Divide StockNo {2606}
[7756] 2025/11/16 02:45:50.836 Add Basket MarketNo：0 StockIdx：33851
[7756] 2025/11/16 02:45:50.836 Divide StockNo {2609}
[7756] 2025/11/16 02:45:50.836 Add Basket MarketNo：0 StockIdx：33854
[7756] 2025/11/16 02:45:50.836 Divide StockNo {2610}
[7756] 2025/11/16 02:45:50.837 Add Basket MarketNo：0 StockIdx：33855
[7756] 2025/11/16 02:45:50.837 Divide StockNo {2615}
[7756] 2025/11/16 02:45:50.837 Add Basket MarketNo：0 StockIdx：33860
[7756] 2025/11/16 02:45:50.837 Divide StockNo {2618}
[7756] 2025/11/16 02:45:50.837 Add Basket MarketNo：0 StockIdx：33863
[7756] 2025/11/16 02:45:50.837 Divide StockNo {2633}
[7756] 2025/11/16 02:45:50.837 Add Basket MarketNo：0 StockIdx：33865
[7756] 2025/11/16 02:45:50.837 Divide StockNo {2634}
[7756] 2025/11/16 02:45:50.837 Add Basket MarketNo：0 StockIdx：33866
[7756] 2025/11/16 02:45:50.837 Divide StockNo {2801}
[7756] 2025/11/16 02:45:50.837 Add Basket MarketNo：0 StockIdx：33887
[7756] 2025/11/16 02:45:50.837 Divide StockNo {2834}
[7756] 2025/11/16 02:45:50.837 Add Basket MarketNo：0 StockIdx：33892
[7756] 2025/11/16 02:45:50.837 Divide StockNo {2880}
[7756] 2025/11/16 02:45:50.837 Add Basket MarketNo：0 StockIdx：33904
[7756] 2025/11/16 02:45:50.837 Divide StockNo {2881}
[7756] 2025/11/16 02:45:50.837 Add Basket MarketNo：0 StockIdx：33905
[7756] 2025/11/16 02:45:50.837 Divide StockNo {2882}
[7756] 2025/11/16 02:45:50.837 Add Basket MarketNo：0 StockIdx：33909
[7756] 2025/11/16 02:45:50.837 Divide StockNo {2883}
[7756] 2025/11/16 02:45:50.837 Add Basket MarketNo：0 StockIdx：33912
[7756] 2025/11/16 02:45:50.837 Divide StockNo {2884}
[7756] 2025/11/16 02:45:50.837 Add Basket MarketNo：0 StockIdx：33914
[7756] 2025/11/16 02:45:50.837 Divide StockNo {2885}
[7756] 2025/11/16 02:45:50.837 Add Basket MarketNo：0 StockIdx：33915
[7756] 2025/11/16 02:45:50.837 Divide StockNo {2886}
[7756] 2025/11/16 02:45:50.837 Add Basket MarketNo：0 StockIdx：33916
[7756] 2025/11/16 02:45:50.837 Divide StockNo {2887}
[7756] 2025/11/16 02:45:50.837 Add Basket MarketNo：0 StockIdx：33917
[7756] 2025/11/16 02:45:50.837 Divide StockNo {2888}
[7756] 2025/11/16 02:45:50.837 Stock Is Not Exist 
[7756] 2025/11/16 02:45:50.837 Divide StockNo {2890}
[7756] 2025/11/16 02:45:50.837 Add Basket MarketNo：0 StockIdx：33925
[7756] 2025/11/16 02:45:50.837 Divide StockNo {2891}
[7756] 2025/11/16 02:45:50.837 Add Basket MarketNo：0 StockIdx：33926
[7756] 2025/11/16 02:45:50.837 Divide StockNo {2892}
[7756] 2025/11/16 02:45:50.837 Add Basket MarketNo：0 StockIdx：33929
[7756] 2025/11/16 02:45:50.837 Divide StockNo {2913}
[7756] 2025/11/16 02:45:50.837 Add Basket MarketNo：0 StockIdx：33941
[7756] 2025/11/16 02:45:50.837 Divide StockNo {2915}
[7756] 2025/11/16 02:45:50.837 Add Basket MarketNo：0 StockIdx：33942
[7756] 2025/11/16 02:45:50.837 Divide StockNo {3005}
[7756] 2025/11/16 02:45:50.837 Add Basket MarketNo：0 StockIdx：33950
[7756] 2025/11/16 02:45:50.837 Divide StockNo {3006}
[7756] 2025/11/16 02:45:50.837 Add Basket MarketNo：0 StockIdx：33951
[7756] 2025/11/16 02:45:50.837 Divide StockNo {3008}
[7756] 2025/11/16 02:45:50.837 Add Basket MarketNo：0 StockIdx：33952
[7756] 2025/11/16 02:45:50.837 Divide StockNo {3017}
[7756] 2025/11/16 02:45:50.837 Add Basket MarketNo：0 StockIdx：33959
[7756] 2025/11/16 02:45:50.837 Divide StockNo {3019}
[7756] 2025/11/16 02:45:50.837 Add Basket MarketNo：0 StockIdx：33961
[7756] 2025/11/16 02:45:50.837 Divide StockNo {3034}
[7756] 2025/11/16 02:45:50.837 Add Basket MarketNo：0 StockIdx：33975
[7756] 2025/11/16 02:45:50.837 Divide StockNo {3035}
[7756] 2025/11/16 02:45:50.837 Add Basket MarketNo：0 StockIdx：33976
[7756] 2025/11/16 02:45:50.837 Divide StockNo {3036}
[7756] 2025/11/16 02:45:50.837 Add Basket MarketNo：0 StockIdx：33977
[7756] 2025/11/16 02:45:50.837 Divide StockNo {3037}
[7756] 2025/11/16 02:45:50.837 Add Basket MarketNo：0 StockIdx：33979
[7756] 2025/11/16 02:45:50.837 Divide StockNo {3042}
[7756] 2025/11/16 02:45:50.837 Add Basket MarketNo：0 StockIdx：33983
[7756] 2025/11/16 02:45:50.837 Divide StockNo {3044}
[7756] 2025/11/16 02:45:50.837 Add Basket MarketNo：0 StockIdx：33985
[7756] 2025/11/16 02:45:50.837 Divide StockNo {3045}
[7756] 2025/11/16 02:45:50.837 Add Basket MarketNo：0 StockIdx：33986
[7756] 2025/11/16 02:45:50.837 Divide StockNo {3078}
[7756] 2025/11/16 02:45:50.837 Add Basket MarketNo：1 StockIdx：270
[7756] 2025/11/16 02:45:50.837 Divide StockNo {3081}
[7756] 2025/11/16 02:45:50.837 Add Basket MarketNo：1 StockIdx：271
[7756] 2025/11/16 02:45:50.837 Divide StockNo {3105}
[7756] 2025/11/16 02:45:50.837 Add Basket MarketNo：1 StockIdx：281
[7756] 2025/11/16 02:45:50.837 Divide StockNo {3152}
[7756] 2025/11/16 02:45:50.837 Add Basket MarketNo：1 StockIdx：296
[7756] 2025/11/16 02:45:50.838 Divide StockNo {3189}
[7756] 2025/11/16 02:45:50.838 Add Basket MarketNo：0 StockIdx：34013
[7756] 2025/11/16 02:45:50.838 Divide StockNo {3227}
[7756] 2025/11/16 02:45:50.838 Add Basket MarketNo：1 StockIdx：319
[7756] 2025/11/16 02:45:50.838 Divide StockNo {3231}
[7756] 2025/11/16 02:45:50.838 Add Basket MarketNo：0 StockIdx：34016
[7756] 2025/11/16 02:45:50.838 Divide StockNo {3260}
[7756] 2025/11/16 02:45:50.838 Add Basket MarketNo：1 StockIdx：328
[7756] 2025/11/16 02:45:50.838 Divide StockNo {3264}
[7756] 2025/11/16 02:45:50.838 Add Basket MarketNo：1 StockIdx：329
[7756] 2025/11/16 02:45:50.838 Divide StockNo {3293}
[7756] 2025/11/16 02:45:50.838 Add Basket MarketNo：1 StockIdx：342
[7756] 2025/11/16 02:45:50.838 Divide StockNo {3324}
[7756] 2025/11/16 02:45:50.838 Add Basket MarketNo：1 StockIdx：358
[7756] 2025/11/16 02:45:50.838 Divide StockNo {3374}
[7756] 2025/11/16 02:45:50.838 Add Basket MarketNo：1 StockIdx：375
[7756] 2025/11/16 02:45:50.838 Divide StockNo {3376}
[7756] 2025/11/16 02:45:50.838 Add Basket MarketNo：0 StockIdx：34028
[7756] 2025/11/16 02:45:50.838 Divide StockNo {3380}
[7756] 2025/11/16 02:45:50.838 Add Basket MarketNo：0 StockIdx：34029
[7756] 2025/11/16 02:45:50.838 Divide StockNo {3406}
[7756] 2025/11/16 02:45:50.838 Add Basket MarketNo：0 StockIdx：34030
[7756] 2025/11/16 02:45:50.838 Divide StockNo {3443}
[7756] 2025/11/16 02:45:50.838 Add Basket MarketNo：0 StockIdx：34036
[7756] 2025/11/16 02:45:50.838 Divide StockNo {3481}
[7756] 2025/11/16 02:45:50.838 Add Basket MarketNo：0 StockIdx：34040
[7756] 2025/11/16 02:45:50.838 Divide StockNo {3529}
[7756] 2025/11/16 02:45:50.838 Add Basket MarketNo：1 StockIdx：424
[7756] 2025/11/16 02:45:50.838 Divide StockNo {3532}
[7756] 2025/11/16 02:45:50.838 Add Basket MarketNo：0 StockIdx：34048
[7756] 2025/11/16 02:45:50.838 Divide StockNo {3533}
[7756] 2025/11/16 02:45:50.838 Add Basket MarketNo：0 StockIdx：34049
[7756] 2025/11/16 02:45:50.838 Divide StockNo {3552}
[7756] 2025/11/16 02:45:50.838 Add Basket MarketNo：1 StockIdx：435
[7756] 2025/11/16 02:45:50.838 Divide StockNo {3653}
[7756] 2025/11/16 02:45:50.838 Add Basket MarketNo：0 StockIdx：34069
[7756] 2025/11/16 02:45:50.838 Divide StockNo {3661}
[7756] 2025/11/16 02:45:50.838 Add Basket MarketNo：0 StockIdx：34070
[7756] 2025/11/16 02:45:50.838 Divide StockNo {3673}
[7756] 2025/11/16 02:45:50.838 Add Basket MarketNo：0 StockIdx：34073
[7756] 2025/11/16 02:45:50.838 Divide StockNo {3680}
[7756] 2025/11/16 02:45:50.838 Add Basket MarketNo：1 StockIdx：474
[7756] 2025/11/16 02:45:50.838 Divide StockNo {3691}
[7756] 2025/11/16 02:45:50.838 Add Basket MarketNo：1 StockIdx：484
[7756] 2025/11/16 02:45:50.838 Divide StockNo {3702}
[7756] 2025/11/16 02:45:50.838 Add Basket MarketNo：0 StockIdx：34078
[7756] 2025/11/16 02:45:50.838 Divide StockNo {3706}
[7756] 2025/11/16 02:45:50.838 Add Basket MarketNo：0 StockIdx：34082
[7756] 2025/11/16 02:45:50.838 Divide StockNo {3711}
[7756] 2025/11/16 02:45:50.838 Add Basket MarketNo：0 StockIdx：34084
[7756] 2025/11/16 02:45:50.838 Divide StockNo {3714}
[7756] 2025/11/16 02:45:50.838 Add Basket MarketNo：0 StockIdx：34086
[7756] 2025/11/16 02:45:50.838 Divide StockNo {4123}
[7756] 2025/11/16 02:45:50.838 Add Basket MarketNo：1 StockIdx：509
[7756] 2025/11/16 02:45:50.838 Divide StockNo {4128}
[7756] 2025/11/16 02:45:50.838 Add Basket MarketNo：1 StockIdx：514
[7756] 2025/11/16 02:45:50.838 Divide StockNo {4162}
[7756] 2025/11/16 02:45:50.838 Add Basket MarketNo：1 StockIdx：528
[7756] 2025/11/16 02:45:50.838 Divide StockNo {4736}
[7756] 2025/11/16 02:45:50.838 Add Basket MarketNo：0 StockIdx：34131
[7756] 2025/11/16 02:45:50.838 Divide StockNo {4743}
[7756] 2025/11/16 02:45:50.838 Add Basket MarketNo：1 StockIdx：619
[7756] 2025/11/16 02:45:50.838 Divide StockNo {4904}
[7756] 2025/11/16 02:45:50.838 Add Basket MarketNo：0 StockIdx：34142
[7756] 2025/11/16 02:45:50.838 Divide StockNo {4919}
[7756] 2025/11/16 02:45:50.838 Add Basket MarketNo：0 StockIdx：34147
[7756] 2025/11/16 02:45:50.838 Divide StockNo {4938}
[7756] 2025/11/16 02:45:50.838 Add Basket MarketNo：0 StockIdx：34152
[7756] 2025/11/16 02:45:50.838 Divide StockNo {4958}
[7756] 2025/11/16 02:45:50.838 Add Basket MarketNo：0 StockIdx：34158
[7756] 2025/11/16 02:45:50.838 Divide StockNo {5009}
[7756] 2025/11/16 02:45:50.838 Add Basket MarketNo：1 StockIdx：661
[7756] 2025/11/16 02:45:50.838 Divide StockNo {5269}
[7756] 2025/11/16 02:45:50.838 Add Basket MarketNo：0 StockIdx：34177
[7756] 2025/11/16 02:45:50.839 Divide StockNo {5274}
[7756] 2025/11/16 02:45:50.839 Add Basket MarketNo：1 StockIdx：695
[7756] 2025/11/16 02:45:50.839 Divide StockNo {5347}
[7756] 2025/11/16 02:45:50.839 Add Basket MarketNo：1 StockIdx：719
[7756] 2025/11/16 02:45:50.839 Divide StockNo {5371}
[7756] 2025/11/16 02:45:50.839 Add Basket MarketNo：1 StockIdx：726
[7756] 2025/11/16 02:45:50.839 Divide StockNo {5388}
[7756] 2025/11/16 02:45:50.839 Add Basket MarketNo：0 StockIdx：34184
[7756] 2025/11/16 02:45:50.839 Divide StockNo {5425}
[7756] 2025/11/16 02:45:50.839 Add Basket MarketNo：1 StockIdx：734
[7756] 2025/11/16 02:45:50.839 Divide StockNo {5457}
[7756] 2025/11/16 02:45:50.839 Add Basket MarketNo：1 StockIdx：746
[7756] 2025/11/16 02:45:50.839 Divide StockNo {5483}
[7756] 2025/11/16 02:45:50.839 Add Basket MarketNo：1 StockIdx：756
[7756] 2025/11/16 02:45:50.839 Divide StockNo {5534}
[7756] 2025/11/16 02:45:50.839 Add Basket MarketNo：0 StockIdx：34196
[7756] 2025/11/16 02:45:50.839 Divide StockNo {5871}
[7756] 2025/11/16 02:45:50.839 Add Basket MarketNo：0 StockIdx：34202
[7756] 2025/11/16 02:45:50.839 Divide StockNo {5876}
[7756] 2025/11/16 02:45:50.839 Add Basket MarketNo：0 StockIdx：34204
[7756] 2025/11/16 02:45:50.839 Divide StockNo {5880}
[7756] 2025/11/16 02:45:50.839 Add Basket MarketNo：0 StockIdx：34205
[7756] 2025/11/16 02:45:50.839 Divide StockNo {5904}
[7756] 2025/11/16 02:45:50.839 Add Basket MarketNo：1 StockIdx：790
[7756] 2025/11/16 02:45:50.839 Divide StockNo {6005}
[7756] 2025/11/16 02:45:50.839 Add Basket MarketNo：0 StockIdx：34208
[7756] 2025/11/16 02:45:50.839 Divide StockNo {6116}
[7756] 2025/11/16 02:45:50.839 Add Basket MarketNo：0 StockIdx：34213
[7756] 2025/11/16 02:45:50.839 Divide StockNo {6121}
[7756] 2025/11/16 02:45:50.839 Add Basket MarketNo：1 StockIdx：813
[7756] 2025/11/16 02:45:50.839 Divide StockNo {6139}
[7756] 2025/11/16 02:45:50.839 Add Basket MarketNo：0 StockIdx：34219
[7756] 2025/11/16 02:45:50.839 Divide StockNo {6147}
[7756] 2025/11/16 02:45:50.839 Add Basket MarketNo：1 StockIdx：831
[7756] 2025/11/16 02:45:50.839 Divide StockNo {6153}
[7756] 2025/11/16 02:45:50.839 Add Basket MarketNo：0 StockIdx：34223
[7756] 2025/11/16 02:45:50.839 Divide StockNo {6173}
[7756] 2025/11/16 02:45:50.839 Add Basket MarketNo：1 StockIdx：848
[7756] 2025/11/16 02:45:50.839 Divide StockNo {6176}
[7756] 2025/11/16 02:45:50.839 Add Basket MarketNo：0 StockIdx：34229
[7756] 2025/11/16 02:45:50.839 Divide StockNo {6182}
[7756] 2025/11/16 02:45:50.839 Add Basket MarketNo：1 StockIdx：856
[7756] 2025/11/16 02:45:50.839 Divide StockNo {6188}
[7756] 2025/11/16 02:45:50.839 Add Basket MarketNo：1 StockIdx：864
[7756] 2025/11/16 02:45:50.839 Divide StockNo {6213}
[7756] 2025/11/16 02:45:50.839 Add Basket MarketNo：0 StockIdx：34243
[7756] 2025/11/16 02:45:50.839 Divide StockNo {6223}
[7756] 2025/11/16 02:45:50.839 Add Basket MarketNo：1 StockIdx：890
[7756] 2025/11/16 02:45:50.839 Divide StockNo {6239}
[7756] 2025/11/16 02:45:50.839 Add Basket MarketNo：0 StockIdx：34252
[7756] 2025/11/16 02:45:50.839 Divide StockNo {6245}
[7756] 2025/11/16 02:45:50.839 Add Basket MarketNo：1 StockIdx：905
[7756] 2025/11/16 02:45:50.839 Divide StockNo {6257}
[7756] 2025/11/16 02:45:50.839 Add Basket MarketNo：0 StockIdx：34254
[7756] 2025/11/16 02:45:50.839 Divide StockNo {6269}
[7756] 2025/11/16 02:45:50.839 Add Basket MarketNo：0 StockIdx：34255
[7756] 2025/11/16 02:45:50.839 Divide StockNo {6271}
[7756] 2025/11/16 02:45:50.839 Add Basket MarketNo：0 StockIdx：34256
[7756] 2025/11/16 02:45:50.839 Divide StockNo {6274}
[7756] 2025/11/16 02:45:50.839 Add Basket MarketNo：1 StockIdx：917
[7756] 2025/11/16 02:45:50.839 Divide StockNo {6278}
[7756] 2025/11/16 02:45:50.839 Add Basket MarketNo：0 StockIdx：34258
[7756] 2025/11/16 02:45:50.839 Divide StockNo {6279}
[7756] 2025/11/16 02:45:50.839 Add Basket MarketNo：1 StockIdx：922
[7756] 2025/11/16 02:45:50.839 Divide StockNo {6282}
[7756] 2025/11/16 02:45:50.839 Add Basket MarketNo：0 StockIdx：34260
[7756] 2025/11/16 02:45:50.839 Divide StockNo {6285}
[7756] 2025/11/16 02:45:50.840 Add Basket MarketNo：0 StockIdx：34262
[7756] 2025/11/16 02:45:50.840 Divide StockNo {6414}
[7756] 2025/11/16 02:45:50.840 Add Basket MarketNo：0 StockIdx：34266
[7756] 2025/11/16 02:45:50.840 Divide StockNo {6443}
[7756] 2025/11/16 02:45:50.840 Add Basket MarketNo：0 StockIdx：34274
[7756] 2025/11/16 02:45:50.840 Divide StockNo {6472}
[7756] 2025/11/16 02:45:50.840 Add Basket MarketNo：0 StockIdx：34280
[7756] 2025/11/16 02:45:50.840 Divide StockNo {6488}
[7756] 2025/11/16 02:45:50.840 Add Basket MarketNo：1 StockIdx：958
[7756] 2025/11/16 02:45:50.840 Divide StockNo {6505}
[7756] 2025/11/16 02:45:50.840 Add Basket MarketNo：0 StockIdx：34284
[7756] 2025/11/16 02:45:50.840 Divide StockNo {6510}
[7756] 2025/11/16 02:45:50.840 Add Basket MarketNo：1 StockIdx：968
[7756] 2025/11/16 02:45:50.840 Divide StockNo {6526}
[7756] 2025/11/16 02:45:50.840 Add Basket MarketNo：0 StockIdx：34287
[7756] 2025/11/16 02:45:50.840 Divide StockNo {6547}
[7756] 2025/11/16 02:45:50.840 Add Basket MarketNo：1 StockIdx：983
[7756] 2025/11/16 02:45:50.840 Divide StockNo {6669}
[7756] 2025/11/16 02:45:50.840 Add Basket MarketNo：0 StockIdx：34316
[7756] 2025/11/16 02:45:50.840 Divide StockNo {6757}
[7756] 2025/11/16 02:45:50.840 Add Basket MarketNo：0 StockIdx：34333
[7756] 2025/11/16 02:45:50.840 Divide StockNo {6770}
[7756] 2025/11/16 02:45:50.840 Add Basket MarketNo：0 StockIdx：34335
[7756] 2025/11/16 02:45:50.840 Divide StockNo {8039}
[7756] 2025/11/16 02:45:50.840 Add Basket MarketNo：0 StockIdx：34410
[7756] 2025/11/16 02:45:50.840 Divide StockNo {8044}
[7756] 2025/11/16 02:45:50.840 Add Basket MarketNo：1 StockIdx：12412
[7756] 2025/11/16 02:45:50.840 Divide StockNo {8046}
[7756] 2025/11/16 02:45:50.840 Add Basket MarketNo：0 StockIdx：34412
[7756] 2025/11/16 02:45:50.840 Divide StockNo {8069}
[7756] 2025/11/16 02:45:50.840 Add Basket MarketNo：1 StockIdx：12424
[7756] 2025/11/16 02:45:50.840 Divide StockNo {8086}
[7756] 2025/11/16 02:45:50.840 Add Basket MarketNo：1 StockIdx：12433
[7756] 2025/11/16 02:45:50.840 Divide StockNo {8112}
[7756] 2025/11/16 02:45:50.840 Add Basket MarketNo：0 StockIdx：34421
[7756] 2025/11/16 02:45:50.840 Divide StockNo {8150}
[7756] 2025/11/16 02:45:50.840 Add Basket MarketNo：0 StockIdx：34425
[7756] 2025/11/16 02:45:50.840 Divide StockNo {8163}
[7756] 2025/11/16 02:45:50.840 Add Basket MarketNo：0 StockIdx：34427
[7756] 2025/11/16 02:45:50.840 Divide StockNo {8299}
[7756] 2025/11/16 02:45:50.840 Add Basket MarketNo：1 StockIdx：12472
[7756] 2025/11/16 02:45:50.840 Divide StockNo {8358}
[7756] 2025/11/16 02:45:50.840 Add Basket MarketNo：1 StockIdx：12478
[7756] 2025/11/16 02:45:50.840 Divide StockNo {8436}
[7756] 2025/11/16 02:45:50.840 Add Basket MarketNo：1 StockIdx：12501
[7756] 2025/11/16 02:45:50.840 Divide StockNo {8454}
[7756] 2025/11/16 02:45:50.840 Add Basket MarketNo：0 StockIdx：34445
[7756] 2025/11/16 02:45:50.840 Divide StockNo {9904}
[7756] 2025/11/16 02:45:50.840 Add Basket MarketNo：0 StockIdx：34474
[7756] 2025/11/16 02:45:50.840 Divide StockNo {9914}
[7756] 2025/11/16 02:45:50.840 Add Basket MarketNo：0 StockIdx：34482
[7756] 2025/11/16 02:45:50.840 Divide StockNo {9938}
[7756] 2025/11/16 02:45:50.840 Add Basket MarketNo：0 StockIdx：34498
[7756] 2025/11/16 02:45:50.840 Divide StockNo {9939}
[7756] 2025/11/16 02:45:50.840 Add Basket MarketNo：0 StockIdx：34499
[7756] 2025/11/16 02:45:50.840 Divide StockNo {9945}
[7756] 2025/11/16 02:45:50.840 Add Basket MarketNo：0 StockIdx：34506
[7756] 2025/11/16 02:45:50.840 Divide StockNo {9958}
[7756] 2025/11/16 02:45:50.840 Add Basket MarketNo：0 StockIdx：34509
[7756] 2025/11/16 02:45:50.840 Divide StockNo {TSE}
[7756] 2025/11/16 02:45:50.840 Stock Is Not Exist 
[7756] 2025/11/16 02:45:50.840 Divide StockNo {TSE23}
[7756] 2025/11/16 02:45:50.840 Add Basket MarketNo：0 StockIdx：34826
[7756] 2025/11/16 02:45:50.840 Divide StockNo {TSE28}
[7756] 2025/11/16 02:45:50.840 Add Basket MarketNo：0 StockIdx：34831
[7756] 2025/11/16 02:45:50.840 Divide StockNo {TWMC}
[7756] 2025/11/16 02:45:50.840 Stock Is Not Exist 
[7756] 2025/11/16 02:45:50.840 Return PageNo： 1 
[6324] 2025/11/16 03:00:08.914 Precheck/DistributedServer Query result is 000,分配成功
[6324] 2025/11/16 03:00:08.914 >> Host srvsolace-tp2.capital.com.tw
[6324] 2025/11/16 03:00:08.917 SKQuoteLib_EnterMonitor IP：srvsolace-tp2.capital.com.tw
[6324] 2025/11/16 03:00:08.949 OnSessionConnect，Code: 3001, Error Code:0.
[6324] 2025/11/16 03:00:08.974 SKQuoteLib_EnterMonitorLONG starting
[6324] 2025/11/16 03:00:08.975 OnConnection ( 3001 , 0 ) 
[6324] 2025/11/16 03:00:09.218 Market Info is OK!
[6324] 2025/11/16 03:00:09.250 Catalog info is OK!
[6324] 2025/11/16 03:00:12.041 Solace RequestInitializeData (TO_S_19,S_1F)
[6324] 2025/11/16 03:00:12.041 Solace RequestInitializeData (TO_S_19,S_1F)
[6324] 2025/11/16 03:00:12.043 OnConnection ( 3003 , 0 ) 
[6324] 2025/11/16 03:00:14.102 SKQuoteLib_RequestStocks (1 , CAF00, CBF00, CCF00, CDF00, CEF00, CFF00, CGF00, CHF00, CJF00, CKF00, CLF00, CMF00, CNF00, CQF00, CRF00, CSF00, CUF00, CWF00, CXF00, CYF00, CZF00, DAF00, DBF00, DCF00, DEF00, DFF00, DGF00, DHF00, DIF00, DJF00, DKF00, DLF00, DNF00, DOF00, DPF00, DQF00, DSF00, DVF00, DWF00, DXF00, DYF00, DZF00, EEF00, EGF00, EHF00, EKF00, EMF00, EPF00, EYF00, EZF00, FBF00, FCF00, FEF00, FFF00, FGF00, FKF00, FNF00, FQF00, FRF00, FSF00, FTF00, FVF00, FWF00, FYF00, FZF00, GAF00, GCF00, GHF00, GIF00, GJF00, GKF00, GLF00, GMF00, GNF00, GOF00, GRF00, GUF00, GVF00, GWF00, GXF00, GYF00, GZF00, HAF00, HBF00, HCF00, HHF00, HIF00, HLF00, HOF00, HQF00, HSF00, IAF00, IHF00, IIF00, IJF00, IMF00, IOF00, IPF00, IQF00, IRF00, ITF00, IXF00, IYF00, IZF00, JBF00, JFF00, JMF00, JNF00, JPF00, JSF00, JWF00, JXF00, JZF00, KAF00, KBF00, KCF00, KDF00, KEF00, KFF00, KGF00, KIF00, KKF00, KLF00, KOF00, KPF00, KSF00, KUF00, KWF00, LBF00, LCF00, LEF00, LIF00, LMF00, LOF00, LQF00, LRF00, LTF00, LUF00, LVF00, LWF00, LXF00, LYF00, MAF00, MBF00, MJF00, MKF00, MQF00, MVF00, MYF00, NAF00, NBF00, NDF00, NEF00, NGF00, NIF00, NJF00, NLF00, NMF00, NOF00, NQF00, NSF00, NUF00, NVF00, NWF00, NYF00, OAF00, OBF00, ODF00, OEF00, OHF00, OJF00, OKF00, OLF00, OMF00, OOF00, OPF00, OQF00, ORF00, OSF00, OTF00, OUF00, OVF00, OWF00, OXF00, OYF00, OZF00, PAF00, PBF00, PCF00, PDF00, PEF00, PFF00, PGF00, PHF00, PIF00, PJF00, PKF00, PLF00, PMF00, PNF00, PPF00, PQF00, PRF00, PSF00, PTF00, PUF00, PVF00, PWF00, PXF00, PYF00, PZF00, QAF00, QBF00, QCF00, QDF00, QEF00, QFF00, QGF00, QHF00, QIF00, QJF00, QKF00, QLF00, QMF00, QNF00, QOF00, QPF00, QQF00, QRF00, QSF00, QTF00, QUF00, QVF00, QWF00, QXF00, QYF00, QZF00, RAF00, RBF00, RCF00, RDF00, REF00, RFF00, RGF00, RIF00, RJF00, RKF00, RLF00, RMF00, RNF00, ROF00, RPF00, RQF00, RRF00, RSF00, RUF00, RVF00, RWF00, RXF00, RYF00, RZF00, SAF00, SBF00, SCF00, SDF00, SEF00, SFF00, SGF00, SIF00, SJF00, SKF00, SLF00, SMF00, SNF00, SQF00, SRF00, SSF00, SUF00, SVF00, SWF00, SYF00, SZF00, UAF00, UBF00, UCF00, UEF00, UFF00, UGF00, UHF00, UIF00, UJF00, UKF00, ULF00, UMF00, UOF00, UPF00, UQF00, URF00, USF00, UTF00, UUF00, UVF00, UWF00, 0050, 0056, 006205, 006206, 00636, 00639, 00643, 00679B, 00687B, 00719B, 00757, 00772B, 00878, 00885, 00893, 00919, 00923, 00929, 00937B, 00940, 1101, 1102, 1210, 1216, 1301, 1303, 1312, 1314, 1319, 1326, 1402, 1440, 1476, 1477, 1503, 1504, 1513, 1536, 1565, 1590, 1605, 1609, 1707, 1717, 1718, 1722, 1795, 1802, 1904, 1905, 1907, 1909, 2002, 2006, 2014, 2027, 2049, 2059, 2105, 2201, 2231, 2301, 2303, 2308, 2312, 2313, 2317, 2323, 2324, 2327, 2328, 2330, 2331, 2332, 2337, 2338, 2340, 2344, 2345, 2347, 2352, 2353, 2354, 2355, 2356, 2357, 2360, 2368, 2371, 2376, 2377, 2379, 2382, 2383, 2385, 2388, 2392, 2393, 2401, 2404, 2408, 2409, 2412, 2439, 2441, 2449, 2454, 2455, 2457, 2458, 2474, 2481, 2485, 2486, 2489, 2492, 2498, 2515, 2520, 2542, 2548, 2603, 2605, 2606, 2609, 2610, 2615, 2618, 2633, 2634, 2801, 2834, 2880, 2881, 2882, 2883, 2884, 2885, 2886, 2887, 2888, 2890, 2891, 2892, 2913, 2915, 3005, 3006, 3008, 3017, 3019, 3034, 3035, 3036, 3037, 3042, 3044, 3045, 3078, 3081, 3105, 3152, 3189, 3227, 3231, 3260, 3264, 3293, 3324, 3374, 3376, 3380, 3406, 3443, 3481, 3529, 3532, 3533, 3552, 3653, 3661, 3673, 3680, 3691, 3702, 3706, 3711, 3714, 4123, 4128, 4162, 4736, 4743, 4904, 4919, 4938, 4958, 5009, 5269, 5274, 5347, 5371, 5388, 5425, 5457, 5483, 5534, 5871, 5876, 5880, 5904, 6005, 6116, 6121, 6139, 6147, 6153, 6173, 6176, 6182, 6188, 6213, 6223, 6239, 6245, 6257, 6269, 6271, 6274, 6278, 6279, 6282, 6285, 6414, 6443, 6472, 6488, 6505, 6510, 6526, 6547, 6669, 6757, 6770, 8039, 8044, 8046, 8069, 8086, 8112, 8150, 8163, 8299, 8358, 8436, 8454, 9904, 9914, 9938, 9939, 9945, 9958, TSE, TSE23, TSE28, TWMC)
[6324] 2025/11/16 03:00:14.105 Divide StockNo {CAF00}
[6324] 2025/11/16 03:00:14.105 Add Basket MarketNo：2 StockIdx：160
[6324] 2025/11/16 03:00:14.105 Divide StockNo {CBF00}
[6324] 2025/11/16 03:00:14.105 Add Basket MarketNo：2 StockIdx：166
[6324] 2025/11/16 03:00:14.106 Divide StockNo {CCF00}
[6324] 2025/11/16 03:00:14.106 Add Basket MarketNo：2 StockIdx：5656
[6324] 2025/11/16 03:00:14.106 Divide StockNo {CDF00}
[6324] 2025/11/16 03:00:14.106 Add Basket MarketNo：2 StockIdx：5662
[6324] 2025/11/16 03:00:14.106 Divide StockNo {CEF00}
[6324] 2025/11/16 03:00:14.106 Add Basket MarketNo：2 StockIdx：184
[6324] 2025/11/16 03:00:14.106 Divide StockNo {CFF00}
[6324] 2025/11/16 03:00:14.106 Add Basket MarketNo：2 StockIdx：193
[6324] 2025/11/16 03:00:14.106 Divide StockNo {CGF00}
[6324] 2025/11/16 03:00:14.106 Add Basket MarketNo：2 StockIdx：199
[6324] 2025/11/16 03:00:14.106 Divide StockNo {CHF00}
[6324] 2025/11/16 03:00:14.106 Add Basket MarketNo：2 StockIdx：205
[6324] 2025/11/16 03:00:14.106 Divide StockNo {CJF00}
[6324] 2025/11/16 03:00:14.106 Add Basket MarketNo：2 StockIdx：211
[6324] 2025/11/16 03:00:14.106 Divide StockNo {CKF00}
[6324] 2025/11/16 03:00:14.106 Add Basket MarketNo：2 StockIdx：217
[6324] 2025/11/16 03:00:14.106 Divide StockNo {CLF00}
[6324] 2025/11/16 03:00:14.106 Add Basket MarketNo：2 StockIdx：223
[6324] 2025/11/16 03:00:14.106 Divide StockNo {CMF00}
[6324] 2025/11/16 03:00:14.106 Add Basket MarketNo：2 StockIdx：229
[6324] 2025/11/16 03:00:14.106 Divide StockNo {CNF00}
[6324] 2025/11/16 03:00:14.106 Add Basket MarketNo：2 StockIdx：235
[6324] 2025/11/16 03:00:14.106 Divide StockNo {CQF00}
[6324] 2025/11/16 03:00:14.106 Add Basket MarketNo：2 StockIdx：241
[6324] 2025/11/16 03:00:14.106 Divide StockNo {CRF00}
[6324] 2025/11/16 03:00:14.106 Add Basket MarketNo：2 StockIdx：247
[6324] 2025/11/16 03:00:14.106 Divide StockNo {CSF00}
[6324] 2025/11/16 03:00:14.106 Add Basket MarketNo：2 StockIdx：253
[6324] 2025/11/16 03:00:14.106 Divide StockNo {CUF00}
[6324] 2025/11/16 03:00:14.106 Add Basket MarketNo：2 StockIdx：259
[6324] 2025/11/16 03:00:14.106 Divide StockNo {CWF00}
[6324] 2025/11/16 03:00:14.106 Add Basket MarketNo：2 StockIdx：265
[6324] 2025/11/16 03:00:14.106 Divide StockNo {CXF00}
[6324] 2025/11/16 03:00:14.106 Add Basket MarketNo：2 StockIdx：274
[6324] 2025/11/16 03:00:14.106 Divide StockNo {CYF00}
[6324] 2025/11/16 03:00:14.106 Add Basket MarketNo：2 StockIdx：280
[6324] 2025/11/16 03:00:14.106 Divide StockNo {CZF00}
[6324] 2025/11/16 03:00:14.106 Add Basket MarketNo：2 StockIdx：286
[6324] 2025/11/16 03:00:14.106 Divide StockNo {DAF00}
[6324] 2025/11/16 03:00:14.106 Add Basket MarketNo：2 StockIdx：292
[6324] 2025/11/16 03:00:14.106 Divide StockNo {DBF00}
[6324] 2025/11/16 03:00:14.106 Add Basket MarketNo：2 StockIdx：298
[6324] 2025/11/16 03:00:14.106 Divide StockNo {DCF00}
[6324] 2025/11/16 03:00:14.106 Add Basket MarketNo：2 StockIdx：304
[6324] 2025/11/16 03:00:14.106 Divide StockNo {DEF00}
[6324] 2025/11/16 03:00:14.106 Add Basket MarketNo：2 StockIdx：311
[6324] 2025/11/16 03:00:14.106 Divide StockNo {DFF00}
[6324] 2025/11/16 03:00:14.106 Add Basket MarketNo：2 StockIdx：319
[6324] 2025/11/16 03:00:14.106 Divide StockNo {DGF00}
[6324] 2025/11/16 03:00:14.106 Add Basket MarketNo：2 StockIdx：325
[6324] 2025/11/16 03:00:14.106 Divide StockNo {DHF00}
[6324] 2025/11/16 03:00:14.106 Add Basket MarketNo：2 StockIdx：331
[6324] 2025/11/16 03:00:14.106 Divide StockNo {DIF00}
[6324] 2025/11/16 03:00:14.106 Add Basket MarketNo：2 StockIdx：337
[6324] 2025/11/16 03:00:14.106 Divide StockNo {DJF00}
[6324] 2025/11/16 03:00:14.106 Add Basket MarketNo：2 StockIdx：343
[6324] 2025/11/16 03:00:14.106 Divide StockNo {DKF00}
[6324] 2025/11/16 03:00:14.106 Add Basket MarketNo：2 StockIdx：349
[6324] 2025/11/16 03:00:14.106 Divide StockNo {DLF00}
[6324] 2025/11/16 03:00:14.106 Add Basket MarketNo：2 StockIdx：355
[6324] 2025/11/16 03:00:14.106 Divide StockNo {DNF00}
[6324] 2025/11/16 03:00:14.106 Add Basket MarketNo：2 StockIdx：361
[6324] 2025/11/16 03:00:14.106 Divide StockNo {DOF00}
[6324] 2025/11/16 03:00:14.106 Add Basket MarketNo：2 StockIdx：368
[6324] 2025/11/16 03:00:14.106 Divide StockNo {DPF00}
[6324] 2025/11/16 03:00:14.106 Add Basket MarketNo：2 StockIdx：375
[6324] 2025/11/16 03:00:14.106 Divide StockNo {DQF00}
[6324] 2025/11/16 03:00:14.106 Add Basket MarketNo：2 StockIdx：381
[6324] 2025/11/16 03:00:14.106 Divide StockNo {DSF00}
[6324] 2025/11/16 03:00:14.107 Add Basket MarketNo：2 StockIdx：387
[6324] 2025/11/16 03:00:14.107 Divide StockNo {DVF00}
[6324] 2025/11/16 03:00:14.107 Add Basket MarketNo：2 StockIdx：393
[6324] 2025/11/16 03:00:14.107 Divide StockNo {DWF00}
[6324] 2025/11/16 03:00:14.107 Add Basket MarketNo：2 StockIdx：399
[6324] 2025/11/16 03:00:14.107 Divide StockNo {DXF00}
[6324] 2025/11/16 03:00:14.107 Add Basket MarketNo：2 StockIdx：405
[6324] 2025/11/16 03:00:14.107 Divide StockNo {DYF00}
[6324] 2025/11/16 03:00:14.107 Add Basket MarketNo：2 StockIdx：411
[6324] 2025/11/16 03:00:14.107 Divide StockNo {DZF00}
[6324] 2025/11/16 03:00:14.107 Add Basket MarketNo：2 StockIdx：417
[6324] 2025/11/16 03:00:14.107 Divide StockNo {EEF00}
[6324] 2025/11/16 03:00:14.107 Add Basket MarketNo：2 StockIdx：423
[6324] 2025/11/16 03:00:14.107 Divide StockNo {EGF00}
[6324] 2025/11/16 03:00:14.107 Add Basket MarketNo：2 StockIdx：429
[6324] 2025/11/16 03:00:14.107 Divide StockNo {EHF00}
[6324] 2025/11/16 03:00:14.107 Add Basket MarketNo：2 StockIdx：435
[6324] 2025/11/16 03:00:14.107 Divide StockNo {EKF00}
[6324] 2025/11/16 03:00:14.107 Add Basket MarketNo：2 StockIdx：441
[6324] 2025/11/16 03:00:14.107 Divide StockNo {EMF00}
[6324] 2025/11/16 03:00:14.107 Add Basket MarketNo：2 StockIdx：447
[6324] 2025/11/16 03:00:14.107 Divide StockNo {EPF00}
[6324] 2025/11/16 03:00:14.107 Add Basket MarketNo：2 StockIdx：453
[6324] 2025/11/16 03:00:14.107 Divide StockNo {EYF00}
[6324] 2025/11/16 03:00:14.107 Add Basket MarketNo：2 StockIdx：459
[6324] 2025/11/16 03:00:14.107 Divide StockNo {EZF00}
[6324] 2025/11/16 03:00:14.107 Add Basket MarketNo：2 StockIdx：465
[6324] 2025/11/16 03:00:14.107 Divide StockNo {FBF00}
[6324] 2025/11/16 03:00:14.107 Add Basket MarketNo：2 StockIdx：471
[6324] 2025/11/16 03:00:14.107 Divide StockNo {FCF00}
[6324] 2025/11/16 03:00:14.107 Add Basket MarketNo：2 StockIdx：477
[6324] 2025/11/16 03:00:14.107 Divide StockNo {FEF00}
[6324] 2025/11/16 03:00:14.107 Add Basket MarketNo：2 StockIdx：481
[6324] 2025/11/16 03:00:14.107 Divide StockNo {FFF00}
[6324] 2025/11/16 03:00:14.107 Add Basket MarketNo：2 StockIdx：488
[6324] 2025/11/16 03:00:14.107 Divide StockNo {FGF00}
[6324] 2025/11/16 03:00:14.107 Add Basket MarketNo：2 StockIdx：494
[6324] 2025/11/16 03:00:14.107 Divide StockNo {FKF00}
[6324] 2025/11/16 03:00:14.107 Add Basket MarketNo：2 StockIdx：500
[6324] 2025/11/16 03:00:14.107 Divide StockNo {FNF00}
[6324] 2025/11/16 03:00:14.107 Add Basket MarketNo：2 StockIdx：506
[6324] 2025/11/16 03:00:14.107 Divide StockNo {FQF00}
[6324] 2025/11/16 03:00:14.107 Add Basket MarketNo：2 StockIdx：512
[6324] 2025/11/16 03:00:14.107 Divide StockNo {FRF00}
[6324] 2025/11/16 03:00:14.107 Add Basket MarketNo：2 StockIdx：518
[6324] 2025/11/16 03:00:14.107 Divide StockNo {FSF00}
[6324] 2025/11/16 03:00:14.107 Add Basket MarketNo：2 StockIdx：524
[6324] 2025/11/16 03:00:14.107 Divide StockNo {FTF00}
[6324] 2025/11/16 03:00:14.107 Add Basket MarketNo：2 StockIdx：530
[6324] 2025/11/16 03:00:14.107 Divide StockNo {FVF00}
[6324] 2025/11/16 03:00:14.107 Add Basket MarketNo：2 StockIdx：536
[6324] 2025/11/16 03:00:14.107 Divide StockNo {FWF00}
[6324] 2025/11/16 03:00:14.107 Add Basket MarketNo：2 StockIdx：542
[6324] 2025/11/16 03:00:14.107 Divide StockNo {FYF00}
[6324] 2025/11/16 03:00:14.107 Add Basket MarketNo：2 StockIdx：548
[6324] 2025/11/16 03:00:14.107 Divide StockNo {FZF00}
[6324] 2025/11/16 03:00:14.107 Add Basket MarketNo：2 StockIdx：554
[6324] 2025/11/16 03:00:14.107 Divide StockNo {GAF00}
[6324] 2025/11/16 03:00:14.107 Add Basket MarketNo：2 StockIdx：560
[6324] 2025/11/16 03:00:14.107 Divide StockNo {GCF00}
[6324] 2025/11/16 03:00:14.107 Add Basket MarketNo：2 StockIdx：566
[6324] 2025/11/16 03:00:14.107 Divide StockNo {GHF00}
[6324] 2025/11/16 03:00:14.107 Add Basket MarketNo：2 StockIdx：572
[6324] 2025/11/16 03:00:14.107 Divide StockNo {GIF00}
[6324] 2025/11/16 03:00:14.107 Add Basket MarketNo：2 StockIdx：578
[6324] 2025/11/16 03:00:14.107 Divide StockNo {GJF00}
[6324] 2025/11/16 03:00:14.107 Add Basket MarketNo：2 StockIdx：584
[6324] 2025/11/16 03:00:14.107 Divide StockNo {GKF00}
[6324] 2025/11/16 03:00:14.107 Add Basket MarketNo：2 StockIdx：590
[6324] 2025/11/16 03:00:14.107 Divide StockNo {GLF00}
[6324] 2025/11/16 03:00:14.107 Add Basket MarketNo：2 StockIdx：596
[6324] 2025/11/16 03:00:14.107 Divide StockNo {GMF00}
[6324] 2025/11/16 03:00:14.107 Add Basket MarketNo：2 StockIdx：602
[6324] 2025/11/16 03:00:14.107 Divide StockNo {GNF00}
[6324] 2025/11/16 03:00:14.108 Add Basket MarketNo：2 StockIdx：608
[6324] 2025/11/16 03:00:14.108 Divide StockNo {GOF00}
[6324] 2025/11/16 03:00:14.108 Add Basket MarketNo：2 StockIdx：614
[6324] 2025/11/16 03:00:14.108 Divide StockNo {GRF00}
[6324] 2025/11/16 03:00:14.108 Add Basket MarketNo：2 StockIdx：620
[6324] 2025/11/16 03:00:14.108 Divide StockNo {GUF00}
[6324] 2025/11/16 03:00:14.108 Add Basket MarketNo：2 StockIdx：626
[6324] 2025/11/16 03:00:14.108 Divide StockNo {GVF00}
[6324] 2025/11/16 03:00:14.108 Add Basket MarketNo：2 StockIdx：632
[6324] 2025/11/16 03:00:14.108 Divide StockNo {GWF00}
[6324] 2025/11/16 03:00:14.108 Add Basket MarketNo：2 StockIdx：638
[6324] 2025/11/16 03:00:14.108 Divide StockNo {GXF00}
[6324] 2025/11/16 03:00:14.108 Add Basket MarketNo：2 StockIdx：644
[6324] 2025/11/16 03:00:14.108 Divide StockNo {GYF00}
[6324] 2025/11/16 03:00:14.108 Add Basket MarketNo：2 StockIdx：650
[6324] 2025/11/16 03:00:14.108 Divide StockNo {GZF00}
[6324] 2025/11/16 03:00:14.108 Add Basket MarketNo：2 StockIdx：656
[6324] 2025/11/16 03:00:14.108 Divide StockNo {HAF00}
[6324] 2025/11/16 03:00:14.108 Add Basket MarketNo：2 StockIdx：662
[6324] 2025/11/16 03:00:14.108 Divide StockNo {HBF00}
[6324] 2025/11/16 03:00:14.108 Add Basket MarketNo：2 StockIdx：671
[6324] 2025/11/16 03:00:14.108 Divide StockNo {HCF00}
[6324] 2025/11/16 03:00:14.108 Add Basket MarketNo：2 StockIdx：677
[6324] 2025/11/16 03:00:14.108 Divide StockNo {HHF00}
[6324] 2025/11/16 03:00:14.108 Add Basket MarketNo：2 StockIdx：683
[6324] 2025/11/16 03:00:14.108 Divide StockNo {HIF00}
[6324] 2025/11/16 03:00:14.108 Add Basket MarketNo：2 StockIdx：694
[6324] 2025/11/16 03:00:14.108 Divide StockNo {HLF00}
[6324] 2025/11/16 03:00:14.108 Add Basket MarketNo：2 StockIdx：700
[6324] 2025/11/16 03:00:14.108 Divide StockNo {HOF00}
[6324] 2025/11/16 03:00:14.108 Add Basket MarketNo：2 StockIdx：711
[6324] 2025/11/16 03:00:14.108 Divide StockNo {HQF00}
[6324] 2025/11/16 03:00:14.108 Add Basket MarketNo：2 StockIdx：717
[6324] 2025/11/16 03:00:14.108 Divide StockNo {HSF00}
[6324] 2025/11/16 03:00:14.108 Add Basket MarketNo：2 StockIdx：723
[6324] 2025/11/16 03:00:14.108 Divide StockNo {IAF00}
[6324] 2025/11/16 03:00:14.108 Add Basket MarketNo：2 StockIdx：729
[6324] 2025/11/16 03:00:14.108 Divide StockNo {IHF00}
[6324] 2025/11/16 03:00:14.108 Add Basket MarketNo：2 StockIdx：737
[6324] 2025/11/16 03:00:14.108 Divide StockNo {IIF00}
[6324] 2025/11/16 03:00:14.108 Add Basket MarketNo：2 StockIdx：743
[6324] 2025/11/16 03:00:14.108 Divide StockNo {IJF00}
[6324] 2025/11/16 03:00:14.108 Add Basket MarketNo：2 StockIdx：749
[6324] 2025/11/16 03:00:14.108 Divide StockNo {IMF00}
[6324] 2025/11/16 03:00:14.108 Add Basket MarketNo：2 StockIdx：755
[6324] 2025/11/16 03:00:14.108 Divide StockNo {IOF00}
[6324] 2025/11/16 03:00:14.108 Add Basket MarketNo：2 StockIdx：761
[6324] 2025/11/16 03:00:14.108 Divide StockNo {IPF00}
[6324] 2025/11/16 03:00:14.108 Add Basket MarketNo：2 StockIdx：767
[6324] 2025/11/16 03:00:14.108 Divide StockNo {IQF00}
[6324] 2025/11/16 03:00:14.108 Add Basket MarketNo：2 StockIdx：773
[6324] 2025/11/16 03:00:14.108 Divide StockNo {IRF00}
[6324] 2025/11/16 03:00:14.108 Add Basket MarketNo：2 StockIdx：779
[6324] 2025/11/16 03:00:14.108 Divide StockNo {ITF00}
[6324] 2025/11/16 03:00:14.108 Add Basket MarketNo：2 StockIdx：790
[6324] 2025/11/16 03:00:14.108 Divide StockNo {IXF00}
[6324] 2025/11/16 03:00:14.108 Add Basket MarketNo：2 StockIdx：796
[6324] 2025/11/16 03:00:14.108 Divide StockNo {IYF00}
[6324] 2025/11/16 03:00:14.108 Add Basket MarketNo：2 StockIdx：802
[6324] 2025/11/16 03:00:14.108 Divide StockNo {IZF00}
[6324] 2025/11/16 03:00:14.108 Add Basket MarketNo：2 StockIdx：808
[6324] 2025/11/16 03:00:14.108 Divide StockNo {JBF00}
[6324] 2025/11/16 03:00:14.108 Add Basket MarketNo：2 StockIdx：814
[6324] 2025/11/16 03:00:14.108 Divide StockNo {JFF00}
[6324] 2025/11/16 03:00:14.108 Add Basket MarketNo：2 StockIdx：820
[6324] 2025/11/16 03:00:14.108 Divide StockNo {JMF00}
[6324] 2025/11/16 03:00:14.108 Add Basket MarketNo：2 StockIdx：826
[6324] 2025/11/16 03:00:14.108 Divide StockNo {JNF00}
[6324] 2025/11/16 03:00:14.108 Add Basket MarketNo：2 StockIdx：832
[6324] 2025/11/16 03:00:14.108 Divide StockNo {JPF00}
[6324] 2025/11/16 03:00:14.108 Add Basket MarketNo：2 StockIdx：838
[6324] 2025/11/16 03:00:14.108 Divide StockNo {JSF00}
[6324] 2025/11/16 03:00:14.108 Add Basket MarketNo：2 StockIdx：844
[6324] 2025/11/16 03:00:14.108 Divide StockNo {JWF00}
[6324] 2025/11/16 03:00:14.109 Add Basket MarketNo：2 StockIdx：850
[6324] 2025/11/16 03:00:14.109 Divide StockNo {JXF00}
[6324] 2025/11/16 03:00:14.109 Add Basket MarketNo：2 StockIdx：856
[6324] 2025/11/16 03:00:14.109 Divide StockNo {JZF00}
[6324] 2025/11/16 03:00:14.109 Add Basket MarketNo：2 StockIdx：862
[6324] 2025/11/16 03:00:14.109 Divide StockNo {KAF00}
[6324] 2025/11/16 03:00:14.109 Add Basket MarketNo：2 StockIdx：868
[6324] 2025/11/16 03:00:14.109 Divide StockNo {KBF00}
[6324] 2025/11/16 03:00:14.109 Add Basket MarketNo：2 StockIdx：874
[6324] 2025/11/16 03:00:14.109 Divide StockNo {KCF00}
[6324] 2025/11/16 03:00:14.109 Add Basket MarketNo：2 StockIdx：880
[6324] 2025/11/16 03:00:14.109 Divide StockNo {KDF00}
[6324] 2025/11/16 03:00:14.109 Add Basket MarketNo：2 StockIdx：886
[6324] 2025/11/16 03:00:14.109 Divide StockNo {KEF00}
[6324] 2025/11/16 03:00:14.109 Add Basket MarketNo：2 StockIdx：892
[6324] 2025/11/16 03:00:14.109 Divide StockNo {KFF00}
[6324] 2025/11/16 03:00:14.109 Add Basket MarketNo：2 StockIdx：898
[6324] 2025/11/16 03:00:14.109 Divide StockNo {KGF00}
[6324] 2025/11/16 03:00:14.109 Add Basket MarketNo：2 StockIdx：904
[6324] 2025/11/16 03:00:14.109 Divide StockNo {KIF00}
[6324] 2025/11/16 03:00:14.109 Add Basket MarketNo：2 StockIdx：910
[6324] 2025/11/16 03:00:14.109 Divide StockNo {KKF00}
[6324] 2025/11/16 03:00:14.109 Add Basket MarketNo：2 StockIdx：916
[6324] 2025/11/16 03:00:14.109 Divide StockNo {KLF00}
[6324] 2025/11/16 03:00:14.109 Add Basket MarketNo：2 StockIdx：922
[6324] 2025/11/16 03:00:14.109 Divide StockNo {KOF00}
[6324] 2025/11/16 03:00:14.109 Add Basket MarketNo：2 StockIdx：928
[6324] 2025/11/16 03:00:14.109 Divide StockNo {KPF00}
[6324] 2025/11/16 03:00:14.109 Add Basket MarketNo：2 StockIdx：934
[6324] 2025/11/16 03:00:14.109 Divide StockNo {KSF00}
[6324] 2025/11/16 03:00:14.109 Add Basket MarketNo：2 StockIdx：940
[6324] 2025/11/16 03:00:14.109 Divide StockNo {KUF00}
[6324] 2025/11/16 03:00:14.109 Add Basket MarketNo：2 StockIdx：946
[6324] 2025/11/16 03:00:14.109 Divide StockNo {KWF00}
[6324] 2025/11/16 03:00:14.109 Add Basket MarketNo：2 StockIdx：952
[6324] 2025/11/16 03:00:14.109 Divide StockNo {LBF00}
[6324] 2025/11/16 03:00:14.109 Add Basket MarketNo：2 StockIdx：958
[6324] 2025/11/16 03:00:14.109 Divide StockNo {LCF00}
[6324] 2025/11/16 03:00:14.109 Add Basket MarketNo：2 StockIdx：964
[6324] 2025/11/16 03:00:14.109 Divide StockNo {LEF00}
[6324] 2025/11/16 03:00:14.109 Add Basket MarketNo：2 StockIdx：970
[6324] 2025/11/16 03:00:14.109 Divide StockNo {LIF00}
[6324] 2025/11/16 03:00:14.109 Add Basket MarketNo：2 StockIdx：976
[6324] 2025/11/16 03:00:14.109 Divide StockNo {LMF00}
[6324] 2025/11/16 03:00:14.109 Add Basket MarketNo：2 StockIdx：982
[6324] 2025/11/16 03:00:14.109 Divide StockNo {LOF00}
[6324] 2025/11/16 03:00:14.109 Add Basket MarketNo：2 StockIdx：988
[6324] 2025/11/16 03:00:14.109 Divide StockNo {LQF00}
[6324] 2025/11/16 03:00:14.109 Add Basket MarketNo：2 StockIdx：994
[6324] 2025/11/16 03:00:14.109 Divide StockNo {LRF00}
[6324] 2025/11/16 03:00:14.109 Add Basket MarketNo：2 StockIdx：1000
[6324] 2025/11/16 03:00:14.109 Divide StockNo {LTF00}
[6324] 2025/11/16 03:00:14.109 Add Basket MarketNo：2 StockIdx：1008
[6324] 2025/11/16 03:00:14.109 Divide StockNo {LUF00}
[6324] 2025/11/16 03:00:14.109 Add Basket MarketNo：2 StockIdx：1014
[6324] 2025/11/16 03:00:14.109 Divide StockNo {LVF00}
[6324] 2025/11/16 03:00:14.109 Add Basket MarketNo：2 StockIdx：1020
[6324] 2025/11/16 03:00:14.109 Divide StockNo {LWF00}
[6324] 2025/11/16 03:00:14.109 Add Basket MarketNo：2 StockIdx：1028
[6324] 2025/11/16 03:00:14.109 Divide StockNo {LXF00}
[6324] 2025/11/16 03:00:14.109 Add Basket MarketNo：2 StockIdx：1034
[6324] 2025/11/16 03:00:14.109 Divide StockNo {LYF00}
[6324] 2025/11/16 03:00:14.109 Add Basket MarketNo：2 StockIdx：1041
[6324] 2025/11/16 03:00:14.109 Divide StockNo {MAF00}
[6324] 2025/11/16 03:00:14.109 Add Basket MarketNo：2 StockIdx：1047
[6324] 2025/11/16 03:00:14.109 Divide StockNo {MBF00}
[6324] 2025/11/16 03:00:14.109 Add Basket MarketNo：2 StockIdx：1050
[6324] 2025/11/16 03:00:14.109 Divide StockNo {MJF00}
[6324] 2025/11/16 03:00:14.109 Add Basket MarketNo：2 StockIdx：1056
[6324] 2025/11/16 03:00:14.109 Divide StockNo {MKF00}
[6324] 2025/11/16 03:00:14.109 Add Basket MarketNo：2 StockIdx：1062
[6324] 2025/11/16 03:00:14.109 Divide StockNo {MQF00}
[6324] 2025/11/16 03:00:14.109 Add Basket MarketNo：2 StockIdx：1068
[6324] 2025/11/16 03:00:14.110 Divide StockNo {MVF00}
[6324] 2025/11/16 03:00:14.110 Add Basket MarketNo：2 StockIdx：1074
[6324] 2025/11/16 03:00:14.110 Divide StockNo {MYF00}
[6324] 2025/11/16 03:00:14.110 Add Basket MarketNo：2 StockIdx：1080
[6324] 2025/11/16 03:00:14.110 Divide StockNo {NAF00}
[6324] 2025/11/16 03:00:14.110 Add Basket MarketNo：2 StockIdx：1086
[6324] 2025/11/16 03:00:14.110 Divide StockNo {NBF00}
[6324] 2025/11/16 03:00:14.110 Add Basket MarketNo：2 StockIdx：1092
[6324] 2025/11/16 03:00:14.110 Divide StockNo {NDF00}
[6324] 2025/11/16 03:00:14.110 Add Basket MarketNo：2 StockIdx：1098
[6324] 2025/11/16 03:00:14.110 Divide StockNo {NEF00}
[6324] 2025/11/16 03:00:14.110 Add Basket MarketNo：2 StockIdx：1104
[6324] 2025/11/16 03:00:14.110 Divide StockNo {NGF00}
[6324] 2025/11/16 03:00:14.110 Add Basket MarketNo：2 StockIdx：1110
[6324] 2025/11/16 03:00:14.110 Divide StockNo {NIF00}
[6324] 2025/11/16 03:00:14.110 Add Basket MarketNo：2 StockIdx：1116
[6324] 2025/11/16 03:00:14.110 Divide StockNo {NJF00}
[6324] 2025/11/16 03:00:14.110 Add Basket MarketNo：2 StockIdx：1124
[6324] 2025/11/16 03:00:14.110 Divide StockNo {NLF00}
[6324] 2025/11/16 03:00:14.110 Add Basket MarketNo：2 StockIdx：1130
[6324] 2025/11/16 03:00:14.110 Divide StockNo {NMF00}
[6324] 2025/11/16 03:00:14.110 Add Basket MarketNo：2 StockIdx：1136
[6324] 2025/11/16 03:00:14.110 Divide StockNo {NOF00}
[6324] 2025/11/16 03:00:14.110 Add Basket MarketNo：2 StockIdx：1142
[6324] 2025/11/16 03:00:14.110 Divide StockNo {NQF00}
[6324] 2025/11/16 03:00:14.110 Add Basket MarketNo：2 StockIdx：1148
[6324] 2025/11/16 03:00:14.110 Divide StockNo {NSF00}
[6324] 2025/11/16 03:00:14.110 Add Basket MarketNo：2 StockIdx：1154
[6324] 2025/11/16 03:00:14.110 Divide StockNo {NUF00}
[6324] 2025/11/16 03:00:14.110 Add Basket MarketNo：2 StockIdx：1160
[6324] 2025/11/16 03:00:14.110 Divide StockNo {NVF00}
[6324] 2025/11/16 03:00:14.110 Add Basket MarketNo：2 StockIdx：1166
[6324] 2025/11/16 03:00:14.110 Divide StockNo {NWF00}
[6324] 2025/11/16 03:00:14.110 Add Basket MarketNo：2 StockIdx：1172
[6324] 2025/11/16 03:00:14.110 Divide StockNo {NYF00}
[6324] 2025/11/16 03:00:14.110 Add Basket MarketNo：2 StockIdx：5668
[6324] 2025/11/16 03:00:14.110 Divide StockNo {OAF00}
[6324] 2025/11/16 03:00:14.110 Add Basket MarketNo：2 StockIdx：1184
[6324] 2025/11/16 03:00:14.110 Divide StockNo {OBF00}
[6324] 2025/11/16 03:00:14.110 Add Basket MarketNo：2 StockIdx：1190
[6324] 2025/11/16 03:00:14.110 Divide StockNo {ODF00}
[6324] 2025/11/16 03:00:14.110 Add Basket MarketNo：2 StockIdx：1196
[6324] 2025/11/16 03:00:14.110 Divide StockNo {OEF00}
[6324] 2025/11/16 03:00:14.110 Add Basket MarketNo：2 StockIdx：1202
[6324] 2025/11/16 03:00:14.110 Divide StockNo {OHF00}
[6324] 2025/11/16 03:00:14.110 Add Basket MarketNo：2 StockIdx：1208
[6324] 2025/11/16 03:00:14.110 Divide StockNo {OJF00}
[6324] 2025/11/16 03:00:14.110 Add Basket MarketNo：2 StockIdx：1214
[6324] 2025/11/16 03:00:14.110 Divide StockNo {OKF00}
[6324] 2025/11/16 03:00:14.110 Add Basket MarketNo：2 StockIdx：1220
[6324] 2025/11/16 03:00:14.110 Divide StockNo {OLF00}
[6324] 2025/11/16 03:00:14.110 Add Basket MarketNo：2 StockIdx：1226
[6324] 2025/11/16 03:00:14.110 Divide StockNo {OMF00}
[6324] 2025/11/16 03:00:14.110 Add Basket MarketNo：2 StockIdx：1232
[6324] 2025/11/16 03:00:14.110 Divide StockNo {OOF00}
[6324] 2025/11/16 03:00:14.110 Add Basket MarketNo：2 StockIdx：1238
[6324] 2025/11/16 03:00:14.110 Divide StockNo {OPF00}
[6324] 2025/11/16 03:00:14.110 Add Basket MarketNo：2 StockIdx：1244
[6324] 2025/11/16 03:00:14.110 Divide StockNo {OQF00}
[6324] 2025/11/16 03:00:14.110 Add Basket MarketNo：2 StockIdx：1250
[6324] 2025/11/16 03:00:14.110 Divide StockNo {ORF00}
[6324] 2025/11/16 03:00:14.110 Add Basket MarketNo：2 StockIdx：1256
[6324] 2025/11/16 03:00:14.110 Divide StockNo {OSF00}
[6324] 2025/11/16 03:00:14.110 Add Basket MarketNo：2 StockIdx：1262
[6324] 2025/11/16 03:00:14.110 Divide StockNo {OTF00}
[6324] 2025/11/16 03:00:14.110 Add Basket MarketNo：2 StockIdx：1268
[6324] 2025/11/16 03:00:14.110 Divide StockNo {OUF00}
[6324] 2025/11/16 03:00:14.110 Add Basket MarketNo：2 StockIdx：1274
[6324] 2025/11/16 03:00:14.110 Divide StockNo {OVF00}
[6324] 2025/11/16 03:00:14.110 Add Basket MarketNo：2 StockIdx：1280
[6324] 2025/11/16 03:00:14.110 Divide StockNo {OWF00}
[6324] 2025/11/16 03:00:14.110 Add Basket MarketNo：2 StockIdx：1286
[6324] 2025/11/16 03:00:14.110 Divide StockNo {OXF00}
[6324] 2025/11/16 03:00:14.110 Add Basket MarketNo：2 StockIdx：1292
[6324] 2025/11/16 03:00:14.111 Divide StockNo {OYF00}
[6324] 2025/11/16 03:00:14.111 Add Basket MarketNo：2 StockIdx：1298
[6324] 2025/11/16 03:00:14.111 Divide StockNo {OZF00}
[6324] 2025/11/16 03:00:14.111 Add Basket MarketNo：2 StockIdx：1304
[6324] 2025/11/16 03:00:14.111 Divide StockNo {PAF00}
[6324] 2025/11/16 03:00:14.111 Add Basket MarketNo：2 StockIdx：1310
[6324] 2025/11/16 03:00:14.111 Divide StockNo {PBF00}
[6324] 2025/11/16 03:00:14.111 Add Basket MarketNo：2 StockIdx：1316
[6324] 2025/11/16 03:00:14.111 Divide StockNo {PCF00}
[6324] 2025/11/16 03:00:14.111 Add Basket MarketNo：2 StockIdx：1322
[6324] 2025/11/16 03:00:14.111 Divide StockNo {PDF00}
[6324] 2025/11/16 03:00:14.111 Add Basket MarketNo：2 StockIdx：1328
[6324] 2025/11/16 03:00:14.111 Divide StockNo {PEF00}
[6324] 2025/11/16 03:00:14.111 Add Basket MarketNo：2 StockIdx：1334
[6324] 2025/11/16 03:00:14.111 Divide StockNo {PFF00}
[6324] 2025/11/16 03:00:14.111 Add Basket MarketNo：2 StockIdx：1340
[6324] 2025/11/16 03:00:14.111 Divide StockNo {PGF00}
[6324] 2025/11/16 03:00:14.111 Add Basket MarketNo：2 StockIdx：1346
[6324] 2025/11/16 03:00:14.111 Divide StockNo {PHF00}
[6324] 2025/11/16 03:00:14.111 Add Basket MarketNo：2 StockIdx：1352
[6324] 2025/11/16 03:00:14.111 Divide StockNo {PIF00}
[6324] 2025/11/16 03:00:14.111 Add Basket MarketNo：2 StockIdx：1358
[6324] 2025/11/16 03:00:14.111 Divide StockNo {PJF00}
[6324] 2025/11/16 03:00:14.111 Add Basket MarketNo：2 StockIdx：1364
[6324] 2025/11/16 03:00:14.111 Divide StockNo {PKF00}
[6324] 2025/11/16 03:00:14.111 Add Basket MarketNo：2 StockIdx：1370
[6324] 2025/11/16 03:00:14.111 Divide StockNo {PLF00}
[6324] 2025/11/16 03:00:14.111 Add Basket MarketNo：2 StockIdx：1376
[6324] 2025/11/16 03:00:14.111 Divide StockNo {PMF00}
[6324] 2025/11/16 03:00:14.111 Add Basket MarketNo：2 StockIdx：1382
[6324] 2025/11/16 03:00:14.111 Divide StockNo {PNF00}
[6324] 2025/11/16 03:00:14.111 Add Basket MarketNo：2 StockIdx：1388
[6324] 2025/11/16 03:00:14.111 Divide StockNo {PPF00}
[6324] 2025/11/16 03:00:14.111 Add Basket MarketNo：2 StockIdx：1394
[6324] 2025/11/16 03:00:14.111 Divide StockNo {PQF00}
[6324] 2025/11/16 03:00:14.111 Add Basket MarketNo：2 StockIdx：1400
[6324] 2025/11/16 03:00:14.111 Divide StockNo {PRF00}
[6324] 2025/11/16 03:00:14.111 Add Basket MarketNo：2 StockIdx：1406
[6324] 2025/11/16 03:00:14.111 Divide StockNo {PSF00}
[6324] 2025/11/16 03:00:14.111 Add Basket MarketNo：2 StockIdx：1412
[6324] 2025/11/16 03:00:14.111 Divide StockNo {PTF00}
[6324] 2025/11/16 03:00:14.111 Add Basket MarketNo：2 StockIdx：1419
[6324] 2025/11/16 03:00:14.111 Divide StockNo {PUF00}
[6324] 2025/11/16 03:00:14.111 Add Basket MarketNo：2 StockIdx：1425
[6324] 2025/11/16 03:00:14.111 Divide StockNo {PVF00}
[6324] 2025/11/16 03:00:14.111 Add Basket MarketNo：2 StockIdx：1431
[6324] 2025/11/16 03:00:14.111 Divide StockNo {PWF00}
[6324] 2025/11/16 03:00:14.111 Add Basket MarketNo：2 StockIdx：1437
[6324] 2025/11/16 03:00:14.111 Divide StockNo {PXF00}
[6324] 2025/11/16 03:00:14.111 Add Basket MarketNo：2 StockIdx：1443
[6324] 2025/11/16 03:00:14.111 Divide StockNo {PYF00}
[6324] 2025/11/16 03:00:14.111 Add Basket MarketNo：2 StockIdx：1449
[6324] 2025/11/16 03:00:14.111 Divide StockNo {PZF00}
[6324] 2025/11/16 03:00:14.111 Add Basket MarketNo：2 StockIdx：1455
[6324] 2025/11/16 03:00:14.111 Divide StockNo {QAF00}
[6324] 2025/11/16 03:00:14.111 Add Basket MarketNo：2 StockIdx：1461
[6324] 2025/11/16 03:00:14.111 Divide StockNo {QBF00}
[6324] 2025/11/16 03:00:14.111 Add Basket MarketNo：2 StockIdx：1467
[6324] 2025/11/16 03:00:14.111 Divide StockNo {QCF00}
[6324] 2025/11/16 03:00:14.111 Add Basket MarketNo：2 StockIdx：1473
[6324] 2025/11/16 03:00:14.111 Divide StockNo {QDF00}
[6324] 2025/11/16 03:00:14.111 Add Basket MarketNo：2 StockIdx：1479
[6324] 2025/11/16 03:00:14.111 Divide StockNo {QEF00}
[6324] 2025/11/16 03:00:14.111 Add Basket MarketNo：2 StockIdx：1485
[6324] 2025/11/16 03:00:14.111 Divide StockNo {QFF00}
[6324] 2025/11/16 03:00:14.111 Add Basket MarketNo：2 StockIdx：5674
[6324] 2025/11/16 03:00:14.111 Divide StockNo {QGF00}
[6324] 2025/11/16 03:00:14.111 Add Basket MarketNo：2 StockIdx：1498
[6324] 2025/11/16 03:00:14.111 Divide StockNo {QHF00}
[6324] 2025/11/16 03:00:14.111 Add Basket MarketNo：2 StockIdx：1504
[6324] 2025/11/16 03:00:14.111 Divide StockNo {QIF00}
[6324] 2025/11/16 03:00:14.111 Add Basket MarketNo：2 StockIdx：1510
[6324] 2025/11/16 03:00:14.111 Divide StockNo {QJF00}
[6324] 2025/11/16 03:00:14.111 Add Basket MarketNo：2 StockIdx：1514
[6324] 2025/11/16 03:00:14.111 Divide StockNo {QKF00}
[6324] 2025/11/16 03:00:14.112 Add Basket MarketNo：2 StockIdx：1520
[6324] 2025/11/16 03:00:14.112 Divide StockNo {QLF00}
[6324] 2025/11/16 03:00:14.112 Add Basket MarketNo：2 StockIdx：1526
[6324] 2025/11/16 03:00:14.112 Divide StockNo {QMF00}
[6324] 2025/11/16 03:00:14.112 Add Basket MarketNo：2 StockIdx：1532
[6324] 2025/11/16 03:00:14.112 Divide StockNo {QNF00}
[6324] 2025/11/16 03:00:14.112 Add Basket MarketNo：2 StockIdx：1538
[6324] 2025/11/16 03:00:14.112 Divide StockNo {QOF00}
[6324] 2025/11/16 03:00:14.112 Add Basket MarketNo：2 StockIdx：1544
[6324] 2025/11/16 03:00:14.112 Divide StockNo {QPF00}
[6324] 2025/11/16 03:00:14.112 Add Basket MarketNo：2 StockIdx：1550
[6324] 2025/11/16 03:00:14.112 Divide StockNo {QQF00}
[6324] 2025/11/16 03:00:14.112 Add Basket MarketNo：2 StockIdx：1556
[6324] 2025/11/16 03:00:14.112 Divide StockNo {QRF00}
[6324] 2025/11/16 03:00:14.112 Add Basket MarketNo：2 StockIdx：1562
[6324] 2025/11/16 03:00:14.112 Divide StockNo {QSF00}
[6324] 2025/11/16 03:00:14.112 Add Basket MarketNo：2 StockIdx：1568
[6324] 2025/11/16 03:00:14.112 Divide StockNo {QTF00}
[6324] 2025/11/16 03:00:14.112 Add Basket MarketNo：2 StockIdx：1574
[6324] 2025/11/16 03:00:14.112 Divide StockNo {QUF00}
[6324] 2025/11/16 03:00:14.112 Add Basket MarketNo：2 StockIdx：1580
[6324] 2025/11/16 03:00:14.112 Divide StockNo {QVF00}
[6324] 2025/11/16 03:00:14.112 Add Basket MarketNo：2 StockIdx：1586
[6324] 2025/11/16 03:00:14.112 Divide StockNo {QWF00}
[6324] 2025/11/16 03:00:14.112 Add Basket MarketNo：2 StockIdx：1592
[6324] 2025/11/16 03:00:14.112 Divide StockNo {QXF00}
[6324] 2025/11/16 03:00:14.112 Add Basket MarketNo：2 StockIdx：1598
[6324] 2025/11/16 03:00:14.112 Divide StockNo {QYF00}
[6324] 2025/11/16 03:00:14.112 Add Basket MarketNo：2 StockIdx：1604
[6324] 2025/11/16 03:00:14.112 Divide StockNo {QZF00}
[6324] 2025/11/16 03:00:14.112 Add Basket MarketNo：2 StockIdx：1610
[6324] 2025/11/16 03:00:14.112 Divide StockNo {RAF00}
[6324] 2025/11/16 03:00:14.112 Add Basket MarketNo：2 StockIdx：1616
[6324] 2025/11/16 03:00:14.112 Divide StockNo {RBF00}
[6324] 2025/11/16 03:00:14.112 Add Basket MarketNo：2 StockIdx：1622
[6324] 2025/11/16 03:00:14.112 Divide StockNo {RCF00}
[6324] 2025/11/16 03:00:14.112 Add Basket MarketNo：2 StockIdx：1628
[6324] 2025/11/16 03:00:14.112 Divide StockNo {RDF00}
[6324] 2025/11/16 03:00:14.112 Add Basket MarketNo：2 StockIdx：1634
[6324] 2025/11/16 03:00:14.112 Divide StockNo {REF00}
[6324] 2025/11/16 03:00:14.112 Add Basket MarketNo：2 StockIdx：1640
[6324] 2025/11/16 03:00:14.112 Divide StockNo {RFF00}
[6324] 2025/11/16 03:00:14.112 Add Basket MarketNo：2 StockIdx：1646
[6324] 2025/11/16 03:00:14.112 Divide StockNo {RGF00}
[6324] 2025/11/16 03:00:14.112 Add Basket MarketNo：2 StockIdx：1652
[6324] 2025/11/16 03:00:14.112 Divide StockNo {RIF00}
[6324] 2025/11/16 03:00:14.112 Add Basket MarketNo：2 StockIdx：1658
[6324] 2025/11/16 03:00:14.112 Divide StockNo {RJF00}
[6324] 2025/11/16 03:00:14.112 Add Basket MarketNo：2 StockIdx：1664
[6324] 2025/11/16 03:00:14.112 Divide StockNo {RKF00}
[6324] 2025/11/16 03:00:14.112 Add Basket MarketNo：2 StockIdx：1670
[6324] 2025/11/16 03:00:14.112 Divide StockNo {RLF00}
[6324] 2025/11/16 03:00:14.112 Add Basket MarketNo：2 StockIdx：1676
[6324] 2025/11/16 03:00:14.112 Divide StockNo {RMF00}
[6324] 2025/11/16 03:00:14.112 Stock Is Not Exist 
[6324] 2025/11/16 03:00:14.112 Divide StockNo {RNF00}
[6324] 2025/11/16 03:00:14.112 Add Basket MarketNo：2 StockIdx：1682
[6324] 2025/11/16 03:00:14.112 Divide StockNo {ROF00}
[6324] 2025/11/16 03:00:14.112 Add Basket MarketNo：2 StockIdx：1688
[6324] 2025/11/16 03:00:14.112 Divide StockNo {RPF00}
[6324] 2025/11/16 03:00:14.112 Add Basket MarketNo：2 StockIdx：1694
[6324] 2025/11/16 03:00:14.112 Divide StockNo {RQF00}
[6324] 2025/11/16 03:00:14.112 Stock Is Not Exist 
[6324] 2025/11/16 03:00:14.112 Divide StockNo {RRF00}
[6324] 2025/11/16 03:00:14.112 Add Basket MarketNo：2 StockIdx：1701
[6324] 2025/11/16 03:00:14.112 Divide StockNo {RSF00}
[6324] 2025/11/16 03:00:14.112 Add Basket MarketNo：2 StockIdx：1707
[6324] 2025/11/16 03:00:14.112 Divide StockNo {RUF00}
[6324] 2025/11/16 03:00:14.112 Add Basket MarketNo：2 StockIdx：1713
[6324] 2025/11/16 03:00:14.112 Divide StockNo {RVF00}
[6324] 2025/11/16 03:00:14.113 Add Basket MarketNo：2 StockIdx：1719
[6324] 2025/11/16 03:00:14.113 Divide StockNo {RWF00}
[6324] 2025/11/16 03:00:14.113 Add Basket MarketNo：2 StockIdx：1725
[6324] 2025/11/16 03:00:14.113 Divide StockNo {RXF00}
[6324] 2025/11/16 03:00:14.113 Add Basket MarketNo：2 StockIdx：1731
[6324] 2025/11/16 03:00:14.113 Divide StockNo {RYF00}
[6324] 2025/11/16 03:00:14.113 Add Basket MarketNo：2 StockIdx：1737
[6324] 2025/11/16 03:00:14.113 Divide StockNo {RZF00}
[6324] 2025/11/16 03:00:14.113 Add Basket MarketNo：2 StockIdx：5680
[6324] 2025/11/16 03:00:14.113 Divide StockNo {SAF00}
[6324] 2025/11/16 03:00:14.113 Add Basket MarketNo：2 StockIdx：1749
[6324] 2025/11/16 03:00:14.113 Divide StockNo {SBF00}
[6324] 2025/11/16 03:00:14.113 Add Basket MarketNo：2 StockIdx：1755
[6324] 2025/11/16 03:00:14.113 Divide StockNo {SCF00}
[6324] 2025/11/16 03:00:14.113 Add Basket MarketNo：2 StockIdx：1761
[6324] 2025/11/16 03:00:14.113 Divide StockNo {SDF00}
[6324] 2025/11/16 03:00:14.113 Add Basket MarketNo：2 StockIdx：1767
[6324] 2025/11/16 03:00:14.113 Divide StockNo {SEF00}
[6324] 2025/11/16 03:00:14.113 Add Basket MarketNo：2 StockIdx：1773
[6324] 2025/11/16 03:00:14.113 Divide StockNo {SFF00}
[6324] 2025/11/16 03:00:14.113 Add Basket MarketNo：2 StockIdx：1779
[6324] 2025/11/16 03:00:14.113 Divide StockNo {SGF00}
[6324] 2025/11/16 03:00:14.113 Add Basket MarketNo：2 StockIdx：1785
[6324] 2025/11/16 03:00:14.113 Divide StockNo {SIF00}
[6324] 2025/11/16 03:00:14.113 Add Basket MarketNo：2 StockIdx：1791
[6324] 2025/11/16 03:00:14.113 Divide StockNo {SJF00}
[6324] 2025/11/16 03:00:14.113 Add Basket MarketNo：2 StockIdx：1797
[6324] 2025/11/16 03:00:14.113 Divide StockNo {SKF00}
[6324] 2025/11/16 03:00:14.113 Add Basket MarketNo：2 StockIdx：1803
[6324] 2025/11/16 03:00:14.113 Divide StockNo {SLF00}
[6324] 2025/11/16 03:00:14.113 Add Basket MarketNo：2 StockIdx：1809
[6324] 2025/11/16 03:00:14.113 Divide StockNo {SMF00}
[6324] 2025/11/16 03:00:14.113 Add Basket MarketNo：2 StockIdx：1815
[6324] 2025/11/16 03:00:14.113 Divide StockNo {SNF00}
[6324] 2025/11/16 03:00:14.113 Add Basket MarketNo：2 StockIdx：1821
[6324] 2025/11/16 03:00:14.113 Divide StockNo {SQF00}
[6324] 2025/11/16 03:00:14.113 Add Basket MarketNo：2 StockIdx：1827
[6324] 2025/11/16 03:00:14.113 Divide StockNo {SRF00}
[6324] 2025/11/16 03:00:14.113 Add Basket MarketNo：2 StockIdx：5686
[6324] 2025/11/16 03:00:14.113 Divide StockNo {SSF00}
[6324] 2025/11/16 03:00:14.113 Add Basket MarketNo：2 StockIdx：1840
[6324] 2025/11/16 03:00:14.113 Divide StockNo {SUF00}
[6324] 2025/11/16 03:00:14.113 Add Basket MarketNo：2 StockIdx：1846
[6324] 2025/11/16 03:00:14.113 Divide StockNo {SVF00}
[6324] 2025/11/16 03:00:14.113 Add Basket MarketNo：2 StockIdx：1852
[6324] 2025/11/16 03:00:14.113 Divide StockNo {SWF00}
[6324] 2025/11/16 03:00:14.113 Add Basket MarketNo：2 StockIdx：1858
[6324] 2025/11/16 03:00:14.113 Divide StockNo {SYF00}
[6324] 2025/11/16 03:00:14.113 Add Basket MarketNo：2 StockIdx：1864
[6324] 2025/11/16 03:00:14.113 Divide StockNo {SZF00}
[6324] 2025/11/16 03:00:14.113 Add Basket MarketNo：2 StockIdx：1870
[6324] 2025/11/16 03:00:14.113 Divide StockNo {UAF00}
[6324] 2025/11/16 03:00:14.113 Add Basket MarketNo：2 StockIdx：1876
[6324] 2025/11/16 03:00:14.113 Divide StockNo {UBF00}
[6324] 2025/11/16 03:00:14.113 Add Basket MarketNo：2 StockIdx：1882
[6324] 2025/11/16 03:00:14.113 Divide StockNo {UCF00}
[6324] 2025/11/16 03:00:14.113 Add Basket MarketNo：2 StockIdx：1888
[6324] 2025/11/16 03:00:14.113 Divide StockNo {UEF00}
[6324] 2025/11/16 03:00:14.113 Add Basket MarketNo：2 StockIdx：1894
[6324] 2025/11/16 03:00:14.113 Divide StockNo {UFF00}
[6324] 2025/11/16 03:00:14.113 Add Basket MarketNo：2 StockIdx：1900
[6324] 2025/11/16 03:00:14.113 Divide StockNo {UGF00}
[6324] 2025/11/16 03:00:14.113 Add Basket MarketNo：2 StockIdx：1906
[6324] 2025/11/16 03:00:14.113 Divide StockNo {UHF00}
[6324] 2025/11/16 03:00:14.113 Add Basket MarketNo：2 StockIdx：1912
[6324] 2025/11/16 03:00:14.113 Divide StockNo {UIF00}
[6324] 2025/11/16 03:00:14.113 Add Basket MarketNo：2 StockIdx：1918
[6324] 2025/11/16 03:00:14.113 Divide StockNo {UJF00}
[6324] 2025/11/16 03:00:14.113 Add Basket MarketNo：2 StockIdx：1924
[6324] 2025/11/16 03:00:14.113 Divide StockNo {UKF00}
[6324] 2025/11/16 03:00:14.113 Add Basket MarketNo：2 StockIdx：1930
[6324] 2025/11/16 03:00:14.113 Divide StockNo {ULF00}
[6324] 2025/11/16 03:00:14.113 Add Basket MarketNo：2 StockIdx：1936
[6324] 2025/11/16 03:00:14.113 Divide StockNo {UMF00}
[6324] 2025/11/16 03:00:14.114 Add Basket MarketNo：2 StockIdx：1942
[6324] 2025/11/16 03:00:14.114 Divide StockNo {UOF00}
[6324] 2025/11/16 03:00:14.114 Add Basket MarketNo：2 StockIdx：1948
[6324] 2025/11/16 03:00:14.114 Divide StockNo {UPF00}
[6324] 2025/11/16 03:00:14.114 Add Basket MarketNo：2 StockIdx：1954
[6324] 2025/11/16 03:00:14.114 Divide StockNo {UQF00}
[6324] 2025/11/16 03:00:14.114 Add Basket MarketNo：2 StockIdx：1960
[6324] 2025/11/16 03:00:14.114 Divide StockNo {URF00}
[6324] 2025/11/16 03:00:14.114 Add Basket MarketNo：2 StockIdx：1967
[6324] 2025/11/16 03:00:14.114 Divide StockNo {USF00}
[6324] 2025/11/16 03:00:14.114 Add Basket MarketNo：2 StockIdx：1973
[6324] 2025/11/16 03:00:14.114 Divide StockNo {UTF00}
[6324] 2025/11/16 03:00:14.114 Add Basket MarketNo：2 StockIdx：1979
[6324] 2025/11/16 03:00:14.114 Divide StockNo {UUF00}
[6324] 2025/11/16 03:00:14.114 Add Basket MarketNo：2 StockIdx：1985
[6324] 2025/11/16 03:00:14.114 Divide StockNo {UVF00}
[6324] 2025/11/16 03:00:14.114 Add Basket MarketNo：2 StockIdx：1991
[6324] 2025/11/16 03:00:14.114 Divide StockNo {UWF00}
[6324] 2025/11/16 03:00:14.114 Add Basket MarketNo：2 StockIdx：1997
[6324] 2025/11/16 03:00:14.114 Divide StockNo {0050}
[6324] 2025/11/16 03:00:14.114 Add Basket MarketNo：0 StockIdx：0
[6324] 2025/11/16 03:00:14.114 Divide StockNo {0056}
[6324] 2025/11/16 03:00:14.114 Add Basket MarketNo：0 StockIdx：5
[6324] 2025/11/16 03:00:14.114 Divide StockNo {006205}
[6324] 2025/11/16 03:00:14.114 Add Basket MarketNo：0 StockIdx：10
[6324] 2025/11/16 03:00:14.114 Divide StockNo {006206}
[6324] 2025/11/16 03:00:14.114 Add Basket MarketNo：0 StockIdx：11
[6324] 2025/11/16 03:00:14.114 Divide StockNo {00636}
[6324] 2025/11/16 03:00:14.114 Add Basket MarketNo：0 StockIdx：20
[6324] 2025/11/16 03:00:14.114 Divide StockNo {00639}
[6324] 2025/11/16 03:00:14.114 Add Basket MarketNo：0 StockIdx：24
[6324] 2025/11/16 03:00:14.114 Divide StockNo {00643}
[6324] 2025/11/16 03:00:14.114 Add Basket MarketNo：0 StockIdx：28
[6324] 2025/11/16 03:00:14.114 Divide StockNo {00679B}
[6324] 2025/11/16 03:00:14.114 Add Basket MarketNo：1 StockIdx：1
[6324] 2025/11/16 03:00:14.114 Divide StockNo {00687B}
[6324] 2025/11/16 03:00:14.114 Add Basket MarketNo：1 StockIdx：2
[6324] 2025/11/16 03:00:14.114 Divide StockNo {00719B}
[6324] 2025/11/16 03:00:14.114 Add Basket MarketNo：1 StockIdx：8
[6324] 2025/11/16 03:00:14.114 Divide StockNo {00757}
[6324] 2025/11/16 03:00:14.114 Add Basket MarketNo：0 StockIdx：98
[6324] 2025/11/16 03:00:14.114 Divide StockNo {00772B}
[6324] 2025/11/16 03:00:14.114 Add Basket MarketNo：1 StockIdx：32
[6324] 2025/11/16 03:00:14.114 Divide StockNo {00878}
[6324] 2025/11/16 03:00:14.114 Add Basket MarketNo：0 StockIdx：113
[6324] 2025/11/16 03:00:14.114 Divide StockNo {00885}
[6324] 2025/11/16 03:00:14.114 Add Basket MarketNo：0 StockIdx：116
[6324] 2025/11/16 03:00:14.114 Divide StockNo {00893}
[6324] 2025/11/16 03:00:14.114 Add Basket MarketNo：0 StockIdx：119
[6324] 2025/11/16 03:00:14.114 Divide StockNo {00919}
[6324] 2025/11/16 03:00:14.114 Add Basket MarketNo：0 StockIdx：143
[6324] 2025/11/16 03:00:14.114 Divide StockNo {00923}
[6324] 2025/11/16 03:00:14.114 Add Basket MarketNo：0 StockIdx：147
[6324] 2025/11/16 03:00:14.114 Divide StockNo {00929}
[6324] 2025/11/16 03:00:14.114 Add Basket MarketNo：0 StockIdx：151
[6324] 2025/11/16 03:00:14.114 Divide StockNo {00937B}
[6324] 2025/11/16 03:00:14.114 Add Basket MarketNo：1 StockIdx：82
[6324] 2025/11/16 03:00:14.114 Divide StockNo {00940}
[6324] 2025/11/16 03:00:14.114 Add Basket MarketNo：0 StockIdx：159
[6324] 2025/11/16 03:00:14.114 Divide StockNo {1101}
[6324] 2025/11/16 03:00:14.114 Add Basket MarketNo：0 StockIdx：33419
[6324] 2025/11/16 03:00:14.114 Divide StockNo {1102}
[6324] 2025/11/16 03:00:14.114 Add Basket MarketNo：0 StockIdx：33421
[6324] 2025/11/16 03:00:14.114 Divide StockNo {1210}
[6324] 2025/11/16 03:00:14.114 Add Basket MarketNo：0 StockIdx：33429
[6324] 2025/11/16 03:00:14.114 Divide StockNo {1216}
[6324] 2025/11/16 03:00:14.114 Add Basket MarketNo：0 StockIdx：33432
[6324] 2025/11/16 03:00:14.114 Divide StockNo {1301}
[6324] 2025/11/16 03:00:14.115 Add Basket MarketNo：0 StockIdx：33447
[6324] 2025/11/16 03:00:14.115 Divide StockNo {1303}
[6324] 2025/11/16 03:00:14.115 Add Basket MarketNo：0 StockIdx：33448
[6324] 2025/11/16 03:00:14.115 Divide StockNo {1312}
[6324] 2025/11/16 03:00:14.115 Add Basket MarketNo：0 StockIdx：33455
[6324] 2025/11/16 03:00:14.115 Divide StockNo {1314}
[6324] 2025/11/16 03:00:14.115 Add Basket MarketNo：0 StockIdx：33458
[6324] 2025/11/16 03:00:14.115 Divide StockNo {1319}
[6324] 2025/11/16 03:00:14.115 Add Basket MarketNo：0 StockIdx：33461
[6324] 2025/11/16 03:00:14.115 Divide StockNo {1326}
[6324] 2025/11/16 03:00:14.115 Add Basket MarketNo：0 StockIdx：33466
[6324] 2025/11/16 03:00:14.115 Divide StockNo {1402}
[6324] 2025/11/16 03:00:14.115 Add Basket MarketNo：0 StockIdx：33473
[6324] 2025/11/16 03:00:14.115 Divide StockNo {1440}
[6324] 2025/11/16 03:00:14.115 Add Basket MarketNo：0 StockIdx：33490
[6324] 2025/11/16 03:00:14.115 Divide StockNo {1476}
[6324] 2025/11/16 03:00:14.115 Add Basket MarketNo：0 StockIdx：33520
[6324] 2025/11/16 03:00:14.115 Divide StockNo {1477}
[6324] 2025/11/16 03:00:14.115 Add Basket MarketNo：0 StockIdx：33521
[6324] 2025/11/16 03:00:14.115 Divide StockNo {1503}
[6324] 2025/11/16 03:00:14.115 Add Basket MarketNo：0 StockIdx：33522
[6324] 2025/11/16 03:00:14.115 Divide StockNo {1504}
[6324] 2025/11/16 03:00:14.115 Add Basket MarketNo：0 StockIdx：33523
[6324] 2025/11/16 03:00:14.115 Divide StockNo {1513}
[6324] 2025/11/16 03:00:14.115 Add Basket MarketNo：0 StockIdx：33526
[6324] 2025/11/16 03:00:14.115 Divide StockNo {1536}
[6324] 2025/11/16 03:00:14.115 Add Basket MarketNo：0 StockIdx：33546
[6324] 2025/11/16 03:00:14.115 Divide StockNo {1565}
[6324] 2025/11/16 03:00:14.115 Add Basket MarketNo：1 StockIdx：140
[6324] 2025/11/16 03:00:14.115 Divide StockNo {1590}
[6324] 2025/11/16 03:00:14.115 Add Basket MarketNo：0 StockIdx：33560
[6324] 2025/11/16 03:00:14.115 Divide StockNo {1605}
[6324] 2025/11/16 03:00:14.115 Add Basket MarketNo：0 StockIdx：33565
[6324] 2025/11/16 03:00:14.115 Divide StockNo {1609}
[6324] 2025/11/16 03:00:14.115 Add Basket MarketNo：0 StockIdx：33567
[6324] 2025/11/16 03:00:14.115 Divide StockNo {1707}
[6324] 2025/11/16 03:00:14.115 Add Basket MarketNo：0 StockIdx：33577
[6324] 2025/11/16 03:00:14.115 Divide StockNo {1717}
[6324] 2025/11/16 03:00:14.115 Add Basket MarketNo：0 StockIdx：33585
[6324] 2025/11/16 03:00:14.115 Divide StockNo {1718}
[6324] 2025/11/16 03:00:14.115 Add Basket MarketNo：0 StockIdx：33586
[6324] 2025/11/16 03:00:14.115 Divide StockNo {1722}
[6324] 2025/11/16 03:00:14.115 Add Basket MarketNo：0 StockIdx：33589
[6324] 2025/11/16 03:00:14.115 Divide StockNo {1795}
[6324] 2025/11/16 03:00:14.115 Add Basket MarketNo：0 StockIdx：33610
[6324] 2025/11/16 03:00:14.115 Divide StockNo {1802}
[6324] 2025/11/16 03:00:14.115 Add Basket MarketNo：0 StockIdx：33611
[6324] 2025/11/16 03:00:14.115 Divide StockNo {1904}
[6324] 2025/11/16 03:00:14.115 Add Basket MarketNo：0 StockIdx：33618
[6324] 2025/11/16 03:00:14.115 Divide StockNo {1905}
[6324] 2025/11/16 03:00:14.115 Add Basket MarketNo：0 StockIdx：33619
[6324] 2025/11/16 03:00:14.115 Divide StockNo {1907}
[6324] 2025/11/16 03:00:14.115 Add Basket MarketNo：0 StockIdx：33621
[6324] 2025/11/16 03:00:14.115 Divide StockNo {1909}
[6324] 2025/11/16 03:00:14.115 Add Basket MarketNo：0 StockIdx：33622
[6324] 2025/11/16 03:00:14.115 Divide StockNo {2002}
[6324] 2025/11/16 03:00:14.115 Add Basket MarketNo：0 StockIdx：33623
[6324] 2025/11/16 03:00:14.115 Divide StockNo {2006}
[6324] 2025/11/16 03:00:14.115 Add Basket MarketNo：0 StockIdx：33625
[6324] 2025/11/16 03:00:14.115 Divide StockNo {2014}
[6324] 2025/11/16 03:00:14.115 Add Basket MarketNo：0 StockIdx：33632
[6324] 2025/11/16 03:00:14.115 Divide StockNo {2027}
[6324] 2025/11/16 03:00:14.115 Add Basket MarketNo：0 StockIdx：33640
[6324] 2025/11/16 03:00:14.115 Divide StockNo {2049}
[6324] 2025/11/16 03:00:14.115 Add Basket MarketNo：0 StockIdx：33649
[6324] 2025/11/16 03:00:14.115 Divide StockNo {2059}
[6324] 2025/11/16 03:00:14.115 Add Basket MarketNo：0 StockIdx：33650
[6324] 2025/11/16 03:00:14.115 Divide StockNo {2105}
[6324] 2025/11/16 03:00:14.115 Add Basket MarketNo：0 StockIdx：33657
[6324] 2025/11/16 03:00:14.115 Divide StockNo {2201}
[6324] 2025/11/16 03:00:14.115 Add Basket MarketNo：0 StockIdx：33664
[6324] 2025/11/16 03:00:14.115 Divide StockNo {2231}
[6324] 2025/11/16 03:00:14.115 Add Basket MarketNo：0 StockIdx：33672
[6324] 2025/11/16 03:00:14.115 Divide StockNo {2301}
[6324] 2025/11/16 03:00:14.115 Add Basket MarketNo：0 StockIdx：33683
[6324] 2025/11/16 03:00:14.115 Divide StockNo {2303}
[6324] 2025/11/16 03:00:14.116 Add Basket MarketNo：0 StockIdx：33685
[6324] 2025/11/16 03:00:14.116 Divide StockNo {2308}
[6324] 2025/11/16 03:00:14.116 Add Basket MarketNo：0 StockIdx：33687
[6324] 2025/11/16 03:00:14.116 Divide StockNo {2312}
[6324] 2025/11/16 03:00:14.116 Add Basket MarketNo：0 StockIdx：33688
[6324] 2025/11/16 03:00:14.116 Divide StockNo {2313}
[6324] 2025/11/16 03:00:14.116 Add Basket MarketNo：0 StockIdx：33689
[6324] 2025/11/16 03:00:14.116 Divide StockNo {2317}
[6324] 2025/11/16 03:00:14.116 Add Basket MarketNo：0 StockIdx：33692
[6324] 2025/11/16 03:00:14.116 Divide StockNo {2323}
[6324] 2025/11/16 03:00:14.116 Add Basket MarketNo：0 StockIdx：33694
[6324] 2025/11/16 03:00:14.116 Divide StockNo {2324}
[6324] 2025/11/16 03:00:14.116 Add Basket MarketNo：0 StockIdx：33695
[6324] 2025/11/16 03:00:14.116 Divide StockNo {2327}
[6324] 2025/11/16 03:00:14.116 Add Basket MarketNo：0 StockIdx：33696
[6324] 2025/11/16 03:00:14.116 Divide StockNo {2328}
[6324] 2025/11/16 03:00:14.116 Add Basket MarketNo：0 StockIdx：33697
[6324] 2025/11/16 03:00:14.116 Divide StockNo {2330}
[6324] 2025/11/16 03:00:14.116 Add Basket MarketNo：0 StockIdx：33699
[6324] 2025/11/16 03:00:14.116 Divide StockNo {2331}
[6324] 2025/11/16 03:00:14.116 Add Basket MarketNo：0 StockIdx：33700
[6324] 2025/11/16 03:00:14.116 Divide StockNo {2332}
[6324] 2025/11/16 03:00:14.116 Add Basket MarketNo：0 StockIdx：33701
[6324] 2025/11/16 03:00:14.116 Divide StockNo {2337}
[6324] 2025/11/16 03:00:14.116 Add Basket MarketNo：0 StockIdx：33702
[6324] 2025/11/16 03:00:14.116 Divide StockNo {2338}
[6324] 2025/11/16 03:00:14.116 Add Basket MarketNo：0 StockIdx：33703
[6324] 2025/11/16 03:00:14.116 Divide StockNo {2340}
[6324] 2025/11/16 03:00:14.116 Add Basket MarketNo：0 StockIdx：33704
[6324] 2025/11/16 03:00:14.116 Divide StockNo {2344}
[6324] 2025/11/16 03:00:14.116 Add Basket MarketNo：0 StockIdx：33706
[6324] 2025/11/16 03:00:14.116 Divide StockNo {2345}
[6324] 2025/11/16 03:00:14.116 Add Basket MarketNo：0 StockIdx：33707
[6324] 2025/11/16 03:00:14.116 Divide StockNo {2347}
[6324] 2025/11/16 03:00:14.116 Add Basket MarketNo：0 StockIdx：33708
[6324] 2025/11/16 03:00:14.116 Divide StockNo {2352}
[6324] 2025/11/16 03:00:14.116 Add Basket MarketNo：0 StockIdx：33713
[6324] 2025/11/16 03:00:14.116 Divide StockNo {2353}
[6324] 2025/11/16 03:00:14.116 Add Basket MarketNo：0 StockIdx：33714
[6324] 2025/11/16 03:00:14.116 Divide StockNo {2354}
[6324] 2025/11/16 03:00:14.116 Add Basket MarketNo：0 StockIdx：33715
[6324] 2025/11/16 03:00:14.116 Divide StockNo {2355}
[6324] 2025/11/16 03:00:14.116 Add Basket MarketNo：0 StockIdx：33716
[6324] 2025/11/16 03:00:14.116 Divide StockNo {2356}
[6324] 2025/11/16 03:00:14.116 Add Basket MarketNo：0 StockIdx：33717
[6324] 2025/11/16 03:00:14.116 Divide StockNo {2357}
[6324] 2025/11/16 03:00:14.116 Add Basket MarketNo：0 StockIdx：33718
[6324] 2025/11/16 03:00:14.116 Divide StockNo {2360}
[6324] 2025/11/16 03:00:14.116 Add Basket MarketNo：0 StockIdx：33720
[6324] 2025/11/16 03:00:14.116 Divide StockNo {2368}
[6324] 2025/11/16 03:00:14.116 Add Basket MarketNo：0 StockIdx：33726
[6324] 2025/11/16 03:00:14.116 Divide StockNo {2371}
[6324] 2025/11/16 03:00:14.116 Add Basket MarketNo：0 StockIdx：33728
[6324] 2025/11/16 03:00:14.116 Divide StockNo {2376}
[6324] 2025/11/16 03:00:14.116 Add Basket MarketNo：0 StockIdx：33732
[6324] 2025/11/16 03:00:14.116 Divide StockNo {2377}
[6324] 2025/11/16 03:00:14.116 Add Basket MarketNo：0 StockIdx：33733
[6324] 2025/11/16 03:00:14.116 Divide StockNo {2379}
[6324] 2025/11/16 03:00:14.116 Add Basket MarketNo：0 StockIdx：33734
[6324] 2025/11/16 03:00:14.116 Divide StockNo {2382}
[6324] 2025/11/16 03:00:14.116 Add Basket MarketNo：0 StockIdx：33736
[6324] 2025/11/16 03:00:14.116 Divide StockNo {2383}
[6324] 2025/11/16 03:00:14.116 Add Basket MarketNo：0 StockIdx：33737
[6324] 2025/11/16 03:00:14.116 Divide StockNo {2385}
[6324] 2025/11/16 03:00:14.116 Add Basket MarketNo：0 StockIdx：33738
[6324] 2025/11/16 03:00:14.116 Divide StockNo {2388}
[6324] 2025/11/16 03:00:14.116 Add Basket MarketNo：0 StockIdx：33740
[6324] 2025/11/16 03:00:14.116 Divide StockNo {2392}
[6324] 2025/11/16 03:00:14.116 Add Basket MarketNo：0 StockIdx：33742
[6324] 2025/11/16 03:00:14.116 Divide StockNo {2393}
[6324] 2025/11/16 03:00:14.116 Add Basket MarketNo：0 StockIdx：33743
[6324] 2025/11/16 03:00:14.116 Divide StockNo {2401}
[6324] 2025/11/16 03:00:14.116 Add Basket MarketNo：0 StockIdx：33747
[6324] 2025/11/16 03:00:14.116 Divide StockNo {2404}
[6324] 2025/11/16 03:00:14.116 Add Basket MarketNo：0 StockIdx：33749
[6324] 2025/11/16 03:00:14.116 Divide StockNo {2408}
[6324] 2025/11/16 03:00:14.117 Add Basket MarketNo：0 StockIdx：33752
[6324] 2025/11/16 03:00:14.117 Divide StockNo {2409}
[6324] 2025/11/16 03:00:14.117 Add Basket MarketNo：0 StockIdx：33753
[6324] 2025/11/16 03:00:14.117 Divide StockNo {2412}
[6324] 2025/11/16 03:00:14.117 Add Basket MarketNo：0 StockIdx：33754
[6324] 2025/11/16 03:00:14.117 Divide StockNo {2439}
[6324] 2025/11/16 03:00:14.117 Add Basket MarketNo：0 StockIdx：33776
[6324] 2025/11/16 03:00:14.117 Divide StockNo {2441}
[6324] 2025/11/16 03:00:14.117 Add Basket MarketNo：0 StockIdx：33778
[6324] 2025/11/16 03:00:14.117 Divide StockNo {2449}
[6324] 2025/11/16 03:00:14.117 Add Basket MarketNo：0 StockIdx：33781
[6324] 2025/11/16 03:00:14.117 Divide StockNo {2454}
[6324] 2025/11/16 03:00:14.117 Add Basket MarketNo：0 StockIdx：33785
[6324] 2025/11/16 03:00:14.117 Divide StockNo {2455}
[6324] 2025/11/16 03:00:14.117 Add Basket MarketNo：0 StockIdx：33786
[6324] 2025/11/16 03:00:14.117 Divide StockNo {2457}
[6324] 2025/11/16 03:00:14.117 Add Basket MarketNo：0 StockIdx：33787
[6324] 2025/11/16 03:00:14.117 Divide StockNo {2458}
[6324] 2025/11/16 03:00:14.117 Add Basket MarketNo：0 StockIdx：33788
[6324] 2025/11/16 03:00:14.117 Divide StockNo {2474}
[6324] 2025/11/16 03:00:14.117 Add Basket MarketNo：0 StockIdx：33800
[6324] 2025/11/16 03:00:14.117 Divide StockNo {2481}
[6324] 2025/11/16 03:00:14.117 Add Basket MarketNo：0 StockIdx：33805
[6324] 2025/11/16 03:00:14.117 Divide StockNo {2485}
[6324] 2025/11/16 03:00:14.117 Add Basket MarketNo：0 StockIdx：33809
[6324] 2025/11/16 03:00:14.117 Divide StockNo {2486}
[6324] 2025/11/16 03:00:14.117 Add Basket MarketNo：0 StockIdx：33810
[6324] 2025/11/16 03:00:14.117 Divide StockNo {2489}
[6324] 2025/11/16 03:00:14.117 Add Basket MarketNo：0 StockIdx：33812
[6324] 2025/11/16 03:00:14.117 Divide StockNo {2492}
[6324] 2025/11/16 03:00:14.117 Add Basket MarketNo：0 StockIdx：33814
[6324] 2025/11/16 03:00:14.117 Divide StockNo {2498}
[6324] 2025/11/16 03:00:14.117 Add Basket MarketNo：0 StockIdx：33819
[6324] 2025/11/16 03:00:14.117 Divide StockNo {2515}
[6324] 2025/11/16 03:00:14.117 Add Basket MarketNo：0 StockIdx：33827
[6324] 2025/11/16 03:00:14.117 Divide StockNo {2520}
[6324] 2025/11/16 03:00:14.117 Add Basket MarketNo：0 StockIdx：33829
[6324] 2025/11/16 03:00:14.117 Divide StockNo {2542}
[6324] 2025/11/16 03:00:14.117 Add Basket MarketNo：0 StockIdx：33841
[6324] 2025/11/16 03:00:14.117 Divide StockNo {2548}
[6324] 2025/11/16 03:00:14.117 Add Basket MarketNo：0 StockIdx：33846
[6324] 2025/11/16 03:00:14.117 Divide StockNo {2603}
[6324] 2025/11/16 03:00:14.117 Add Basket MarketNo：0 StockIdx：33849
[6324] 2025/11/16 03:00:14.117 Divide StockNo {2605}
[6324] 2025/11/16 03:00:14.117 Add Basket MarketNo：0 StockIdx：33850
[6324] 2025/11/16 03:00:14.117 Divide StockNo {2606}
[6324] 2025/11/16 03:00:14.117 Add Basket MarketNo：0 StockIdx：33851
[6324] 2025/11/16 03:00:14.117 Divide StockNo {2609}
[6324] 2025/11/16 03:00:14.117 Add Basket MarketNo：0 StockIdx：33854
[6324] 2025/11/16 03:00:14.117 Divide StockNo {2610}
[6324] 2025/11/16 03:00:14.117 Add Basket MarketNo：0 StockIdx：33855
[6324] 2025/11/16 03:00:14.117 Divide StockNo {2615}
[6324] 2025/11/16 03:00:14.117 Add Basket MarketNo：0 StockIdx：33860
[6324] 2025/11/16 03:00:14.117 Divide StockNo {2618}
[6324] 2025/11/16 03:00:14.117 Add Basket MarketNo：0 StockIdx：33863
[6324] 2025/11/16 03:00:14.117 Divide StockNo {2633}
[6324] 2025/11/16 03:00:14.117 Add Basket MarketNo：0 StockIdx：33865
[6324] 2025/11/16 03:00:14.117 Divide StockNo {2634}
[6324] 2025/11/16 03:00:14.117 Add Basket MarketNo：0 StockIdx：33866
[6324] 2025/11/16 03:00:14.117 Divide StockNo {2801}
[6324] 2025/11/16 03:00:14.117 Add Basket MarketNo：0 StockIdx：33887
[6324] 2025/11/16 03:00:14.117 Divide StockNo {2834}
[6324] 2025/11/16 03:00:14.117 Add Basket MarketNo：0 StockIdx：33892
[6324] 2025/11/16 03:00:14.117 Divide StockNo {2880}
[6324] 2025/11/16 03:00:14.117 Add Basket MarketNo：0 StockIdx：33904
[6324] 2025/11/16 03:00:14.117 Divide StockNo {2881}
[6324] 2025/11/16 03:00:14.117 Add Basket MarketNo：0 StockIdx：33905
[6324] 2025/11/16 03:00:14.117 Divide StockNo {2882}
[6324] 2025/11/16 03:00:14.117 Add Basket MarketNo：0 StockIdx：33909
[6324] 2025/11/16 03:00:14.117 Divide StockNo {2883}
[6324] 2025/11/16 03:00:14.117 Add Basket MarketNo：0 StockIdx：33912
[6324] 2025/11/16 03:00:14.117 Divide StockNo {2884}
[6324] 2025/11/16 03:00:14.117 Add Basket MarketNo：0 StockIdx：33914
[6324] 2025/11/16 03:00:14.117 Divide StockNo {2885}
[6324] 2025/11/16 03:00:14.117 Add Basket MarketNo：0 StockIdx：33915
[6324] 2025/11/16 03:00:14.117 Divide StockNo {2886}
[6324] 2025/11/16 03:00:14.117 Add Basket MarketNo：0 StockIdx：33916
[6324] 2025/11/16 03:00:14.118 Divide StockNo {2887}
[6324] 2025/11/16 03:00:14.118 Add Basket MarketNo：0 StockIdx：33917
[6324] 2025/11/16 03:00:14.118 Divide StockNo {2888}
[6324] 2025/11/16 03:00:14.118 Stock Is Not Exist 
[6324] 2025/11/16 03:00:14.118 Divide StockNo {2890}
[6324] 2025/11/16 03:00:14.118 Add Basket MarketNo：0 StockIdx：33925
[6324] 2025/11/16 03:00:14.118 Divide StockNo {2891}
[6324] 2025/11/16 03:00:14.118 Add Basket MarketNo：0 StockIdx：33926
[6324] 2025/11/16 03:00:14.118 Divide StockNo {2892}
[6324] 2025/11/16 03:00:14.118 Add Basket MarketNo：0 StockIdx：33929
[6324] 2025/11/16 03:00:14.118 Divide StockNo {2913}
[6324] 2025/11/16 03:00:14.118 Add Basket MarketNo：0 StockIdx：33941
[6324] 2025/11/16 03:00:14.118 Divide StockNo {2915}
[6324] 2025/11/16 03:00:14.118 Add Basket MarketNo：0 StockIdx：33942
[6324] 2025/11/16 03:00:14.118 Divide StockNo {3005}
[6324] 2025/11/16 03:00:14.118 Add Basket MarketNo：0 StockIdx：33950
[6324] 2025/11/16 03:00:14.118 Divide StockNo {3006}
[6324] 2025/11/16 03:00:14.118 Add Basket MarketNo：0 StockIdx：33951
[6324] 2025/11/16 03:00:14.118 Divide StockNo {3008}
[6324] 2025/11/16 03:00:14.118 Add Basket MarketNo：0 StockIdx：33952
[6324] 2025/11/16 03:00:14.118 Divide StockNo {3017}
[6324] 2025/11/16 03:00:14.118 Add Basket MarketNo：0 StockIdx：33959
[6324] 2025/11/16 03:00:14.118 Divide StockNo {3019}
[6324] 2025/11/16 03:00:14.118 Add Basket MarketNo：0 StockIdx：33961
[6324] 2025/11/16 03:00:14.118 Divide StockNo {3034}
[6324] 2025/11/16 03:00:14.118 Add Basket MarketNo：0 StockIdx：33975
[6324] 2025/11/16 03:00:14.118 Divide StockNo {3035}
[6324] 2025/11/16 03:00:14.118 Add Basket MarketNo：0 StockIdx：33976
[6324] 2025/11/16 03:00:14.118 Divide StockNo {3036}
[6324] 2025/11/16 03:00:14.118 Add Basket MarketNo：0 StockIdx：33977
[6324] 2025/11/16 03:00:14.118 Divide StockNo {3037}
[6324] 2025/11/16 03:00:14.118 Add Basket MarketNo：0 StockIdx：33979
[6324] 2025/11/16 03:00:14.118 Divide StockNo {3042}
[6324] 2025/11/16 03:00:14.118 Add Basket MarketNo：0 StockIdx：33983
[6324] 2025/11/16 03:00:14.118 Divide StockNo {3044}
[6324] 2025/11/16 03:00:14.118 Add Basket MarketNo：0 StockIdx：33985
[6324] 2025/11/16 03:00:14.118 Divide StockNo {3045}
[6324] 2025/11/16 03:00:14.118 Add Basket MarketNo：0 StockIdx：33986
[6324] 2025/11/16 03:00:14.118 Divide StockNo {3078}
[6324] 2025/11/16 03:00:14.118 Add Basket MarketNo：1 StockIdx：270
[6324] 2025/11/16 03:00:14.118 Divide StockNo {3081}
[6324] 2025/11/16 03:00:14.118 Add Basket MarketNo：1 StockIdx：271
[6324] 2025/11/16 03:00:14.118 Divide StockNo {3105}
[6324] 2025/11/16 03:00:14.118 Add Basket MarketNo：1 StockIdx：281
[6324] 2025/11/16 03:00:14.118 Divide StockNo {3152}
[6324] 2025/11/16 03:00:14.118 Add Basket MarketNo：1 StockIdx：296
[6324] 2025/11/16 03:00:14.118 Divide StockNo {3189}
[6324] 2025/11/16 03:00:14.118 Add Basket MarketNo：0 StockIdx：34013
[6324] 2025/11/16 03:00:14.118 Divide StockNo {3227}
[6324] 2025/11/16 03:00:14.118 Add Basket MarketNo：1 StockIdx：319
[6324] 2025/11/16 03:00:14.118 Divide StockNo {3231}
[6324] 2025/11/16 03:00:14.118 Add Basket MarketNo：0 StockIdx：34016
[6324] 2025/11/16 03:00:14.118 Divide StockNo {3260}
[6324] 2025/11/16 03:00:14.118 Add Basket MarketNo：1 StockIdx：328
[6324] 2025/11/16 03:00:14.118 Divide StockNo {3264}
[6324] 2025/11/16 03:00:14.118 Add Basket MarketNo：1 StockIdx：329
[6324] 2025/11/16 03:00:14.118 Divide StockNo {3293}
[6324] 2025/11/16 03:00:14.118 Add Basket MarketNo：1 StockIdx：342
[6324] 2025/11/16 03:00:14.118 Divide StockNo {3324}
[6324] 2025/11/16 03:00:14.118 Add Basket MarketNo：1 StockIdx：358
[6324] 2025/11/16 03:00:14.118 Divide StockNo {3374}
[6324] 2025/11/16 03:00:14.118 Add Basket MarketNo：1 StockIdx：375
[6324] 2025/11/16 03:00:14.118 Divide StockNo {3376}
[6324] 2025/11/16 03:00:14.118 Add Basket MarketNo：0 StockIdx：34028
[6324] 2025/11/16 03:00:14.118 Divide StockNo {3380}
[6324] 2025/11/16 03:00:14.118 Add Basket MarketNo：0 StockIdx：34029
[6324] 2025/11/16 03:00:14.118 Divide StockNo {3406}
[6324] 2025/11/16 03:00:14.118 Add Basket MarketNo：0 StockIdx：34030
[6324] 2025/11/16 03:00:14.118 Divide StockNo {3443}
[6324] 2025/11/16 03:00:14.118 Add Basket MarketNo：0 StockIdx：34036
[6324] 2025/11/16 03:00:14.118 Divide StockNo {3481}
[6324] 2025/11/16 03:00:14.118 Add Basket MarketNo：0 StockIdx：34040
[6324] 2025/11/16 03:00:14.118 Divide StockNo {3529}
[6324] 2025/11/16 03:00:14.119 Add Basket MarketNo：1 StockIdx：424
[6324] 2025/11/16 03:00:14.119 Divide StockNo {3532}
[6324] 2025/11/16 03:00:14.119 Add Basket MarketNo：0 StockIdx：34048
[6324] 2025/11/16 03:00:14.119 Divide StockNo {3533}
[6324] 2025/11/16 03:00:14.119 Add Basket MarketNo：0 StockIdx：34049
[6324] 2025/11/16 03:00:14.119 Divide StockNo {3552}
[6324] 2025/11/16 03:00:14.119 Add Basket MarketNo：1 StockIdx：435
[6324] 2025/11/16 03:00:14.119 Divide StockNo {3653}
[6324] 2025/11/16 03:00:14.119 Add Basket MarketNo：0 StockIdx：34069
[6324] 2025/11/16 03:00:14.119 Divide StockNo {3661}
[6324] 2025/11/16 03:00:14.119 Add Basket MarketNo：0 StockIdx：34070
[6324] 2025/11/16 03:00:14.119 Divide StockNo {3673}
[6324] 2025/11/16 03:00:14.119 Add Basket MarketNo：0 StockIdx：34073
[6324] 2025/11/16 03:00:14.119 Divide StockNo {3680}
[6324] 2025/11/16 03:00:14.119 Add Basket MarketNo：1 StockIdx：474
[6324] 2025/11/16 03:00:14.119 Divide StockNo {3691}
[6324] 2025/11/16 03:00:14.119 Add Basket MarketNo：1 StockIdx：484
[6324] 2025/11/16 03:00:14.119 Divide StockNo {3702}
[6324] 2025/11/16 03:00:14.119 Add Basket MarketNo：0 StockIdx：34078
[6324] 2025/11/16 03:00:14.119 Divide StockNo {3706}
[6324] 2025/11/16 03:00:14.119 Add Basket MarketNo：0 StockIdx：34082
[6324] 2025/11/16 03:00:14.119 Divide StockNo {3711}
[6324] 2025/11/16 03:00:14.119 Add Basket MarketNo：0 StockIdx：34084
[6324] 2025/11/16 03:00:14.119 Divide StockNo {3714}
[6324] 2025/11/16 03:00:14.119 Add Basket MarketNo：0 StockIdx：34086
[6324] 2025/11/16 03:00:14.119 Divide StockNo {4123}
[6324] 2025/11/16 03:00:14.119 Add Basket MarketNo：1 StockIdx：509
[6324] 2025/11/16 03:00:14.119 Divide StockNo {4128}
[6324] 2025/11/16 03:00:14.119 Add Basket MarketNo：1 StockIdx：514
[6324] 2025/11/16 03:00:14.119 Divide StockNo {4162}
[6324] 2025/11/16 03:00:14.119 Add Basket MarketNo：1 StockIdx：528
[6324] 2025/11/16 03:00:14.119 Divide StockNo {4736}
[6324] 2025/11/16 03:00:14.119 Add Basket MarketNo：0 StockIdx：34131
[6324] 2025/11/16 03:00:14.119 Divide StockNo {4743}
[6324] 2025/11/16 03:00:14.119 Add Basket MarketNo：1 StockIdx：619
[6324] 2025/11/16 03:00:14.119 Divide StockNo {4904}
[6324] 2025/11/16 03:00:14.119 Add Basket MarketNo：0 StockIdx：34142
[6324] 2025/11/16 03:00:14.119 Divide StockNo {4919}
[6324] 2025/11/16 03:00:14.119 Add Basket MarketNo：0 StockIdx：34147
[6324] 2025/11/16 03:00:14.119 Divide StockNo {4938}
[6324] 2025/11/16 03:00:14.119 Add Basket MarketNo：0 StockIdx：34152
[6324] 2025/11/16 03:00:14.119 Divide StockNo {4958}
[6324] 2025/11/16 03:00:14.119 Add Basket MarketNo：0 StockIdx：34158
[6324] 2025/11/16 03:00:14.119 Divide StockNo {5009}
[6324] 2025/11/16 03:00:14.119 Add Basket MarketNo：1 StockIdx：661
[6324] 2025/11/16 03:00:14.119 Divide StockNo {5269}
[6324] 2025/11/16 03:00:14.119 Add Basket MarketNo：0 StockIdx：34177
[6324] 2025/11/16 03:00:14.119 Divide StockNo {5274}
[6324] 2025/11/16 03:00:14.119 Add Basket MarketNo：1 StockIdx：695
[6324] 2025/11/16 03:00:14.119 Divide StockNo {5347}
[6324] 2025/11/16 03:00:14.119 Add Basket MarketNo：1 StockIdx：719
[6324] 2025/11/16 03:00:14.119 Divide StockNo {5371}
[6324] 2025/11/16 03:00:14.119 Add Basket MarketNo：1 StockIdx：726
[6324] 2025/11/16 03:00:14.119 Divide StockNo {5388}
[6324] 2025/11/16 03:00:14.119 Add Basket MarketNo：0 StockIdx：34184
[6324] 2025/11/16 03:00:14.119 Divide StockNo {5425}
[6324] 2025/11/16 03:00:14.119 Add Basket MarketNo：1 StockIdx：734
[6324] 2025/11/16 03:00:14.119 Divide StockNo {5457}
[6324] 2025/11/16 03:00:14.119 Add Basket MarketNo：1 StockIdx：746
[6324] 2025/11/16 03:00:14.119 Divide StockNo {5483}
[6324] 2025/11/16 03:00:14.119 Add Basket MarketNo：1 StockIdx：756
[6324] 2025/11/16 03:00:14.119 Divide StockNo {5534}
[6324] 2025/11/16 03:00:14.119 Add Basket MarketNo：0 StockIdx：34196
[6324] 2025/11/16 03:00:14.120 Divide StockNo {5871}
[6324] 2025/11/16 03:00:14.120 Add Basket MarketNo：0 StockIdx：34202
[6324] 2025/11/16 03:00:14.120 Divide StockNo {5876}
[6324] 2025/11/16 03:00:14.120 Add Basket MarketNo：0 StockIdx：34204
[6324] 2025/11/16 03:00:14.120 Divide StockNo {5880}
[6324] 2025/11/16 03:00:14.120 Add Basket MarketNo：0 StockIdx：34205
[6324] 2025/11/16 03:00:14.120 Divide StockNo {5904}
[6324] 2025/11/16 03:00:14.120 Add Basket MarketNo：1 StockIdx：790
[6324] 2025/11/16 03:00:14.120 Divide StockNo {6005}
[6324] 2025/11/16 03:00:14.120 Add Basket MarketNo：0 StockIdx：34208
[6324] 2025/11/16 03:00:14.120 Divide StockNo {6116}
[6324] 2025/11/16 03:00:14.120 Add Basket MarketNo：0 StockIdx：34213
[6324] 2025/11/16 03:00:14.120 Divide StockNo {6121}
[6324] 2025/11/16 03:00:14.120 Add Basket MarketNo：1 StockIdx：813
[6324] 2025/11/16 03:00:14.120 Divide StockNo {6139}
[6324] 2025/11/16 03:00:14.120 Add Basket MarketNo：0 StockIdx：34219
[6324] 2025/11/16 03:00:14.120 Divide StockNo {6147}
[6324] 2025/11/16 03:00:14.120 Add Basket MarketNo：1 StockIdx：831
[6324] 2025/11/16 03:00:14.120 Divide StockNo {6153}
[6324] 2025/11/16 03:00:14.120 Add Basket MarketNo：0 StockIdx：34223
[6324] 2025/11/16 03:00:14.120 Divide StockNo {6173}
[6324] 2025/11/16 03:00:14.120 Add Basket MarketNo：1 StockIdx：848
[6324] 2025/11/16 03:00:14.120 Divide StockNo {6176}
[6324] 2025/11/16 03:00:14.120 Add Basket MarketNo：0 StockIdx：34229
[6324] 2025/11/16 03:00:14.120 Divide StockNo {6182}
[6324] 2025/11/16 03:00:14.120 Add Basket MarketNo：1 StockIdx：856
[6324] 2025/11/16 03:00:14.120 Divide StockNo {6188}
[6324] 2025/11/16 03:00:14.120 Add Basket MarketNo：1 StockIdx：864
[6324] 2025/11/16 03:00:14.120 Divide StockNo {6213}
[6324] 2025/11/16 03:00:14.120 Add Basket MarketNo：0 StockIdx：34243
[6324] 2025/11/16 03:00:14.120 Divide StockNo {6223}
[6324] 2025/11/16 03:00:14.120 Add Basket MarketNo：1 StockIdx：890
[6324] 2025/11/16 03:00:14.120 Divide StockNo {6239}
[6324] 2025/11/16 03:00:14.120 Add Basket MarketNo：0 StockIdx：34252
[6324] 2025/11/16 03:00:14.120 Divide StockNo {6245}
[6324] 2025/11/16 03:00:14.120 Add Basket MarketNo：1 StockIdx：905
[6324] 2025/11/16 03:00:14.120 Divide StockNo {6257}
[6324] 2025/11/16 03:00:14.120 Add Basket MarketNo：0 StockIdx：34254
[6324] 2025/11/16 03:00:14.120 Divide StockNo {6269}
[6324] 2025/11/16 03:00:14.120 Add Basket MarketNo：0 StockIdx：34255
[6324] 2025/11/16 03:00:14.120 Divide StockNo {6271}
[6324] 2025/11/16 03:00:14.120 Add Basket MarketNo：0 StockIdx：34256
[6324] 2025/11/16 03:00:14.120 Divide StockNo {6274}
[6324] 2025/11/16 03:00:14.120 Add Basket MarketNo：1 StockIdx：917
[6324] 2025/11/16 03:00:14.120 Divide StockNo {6278}
[6324] 2025/11/16 03:00:14.120 Add Basket MarketNo：0 StockIdx：34258
[6324] 2025/11/16 03:00:14.120 Divide StockNo {6279}
[6324] 2025/11/16 03:00:14.120 Add Basket MarketNo：1 StockIdx：922
[6324] 2025/11/16 03:00:14.120 Divide StockNo {6282}
[6324] 2025/11/16 03:00:14.120 Add Basket MarketNo：0 StockIdx：34260
[6324] 2025/11/16 03:00:14.120 Divide StockNo {6285}
[6324] 2025/11/16 03:00:14.120 Add Basket MarketNo：0 StockIdx：34262
[6324] 2025/11/16 03:00:14.120 Divide StockNo {6414}
[6324] 2025/11/16 03:00:14.120 Add Basket MarketNo：0 StockIdx：34266
[6324] 2025/11/16 03:00:14.120 Divide StockNo {6443}
[6324] 2025/11/16 03:00:14.120 Add Basket MarketNo：0 StockIdx：34274
[6324] 2025/11/16 03:00:14.120 Divide StockNo {6472}
[6324] 2025/11/16 03:00:14.120 Add Basket MarketNo：0 StockIdx：34280
[6324] 2025/11/16 03:00:14.120 Divide StockNo {6488}
[6324] 2025/11/16 03:00:14.120 Add Basket MarketNo：1 StockIdx：958
[6324] 2025/11/16 03:00:14.120 Divide StockNo {6505}
[6324] 2025/11/16 03:00:14.120 Add Basket MarketNo：0 StockIdx：34284
[6324] 2025/11/16 03:00:14.120 Divide StockNo {6510}
[6324] 2025/11/16 03:00:14.120 Add Basket MarketNo：1 StockIdx：968
[6324] 2025/11/16 03:00:14.120 Divide StockNo {6526}
[6324] 2025/11/16 03:00:14.120 Add Basket MarketNo：0 StockIdx：34287
[6324] 2025/11/16 03:00:14.120 Divide StockNo {6547}
[6324] 2025/11/16 03:00:14.120 Add Basket MarketNo：1 StockIdx：983
[6324] 2025/11/16 03:00:14.120 Divide StockNo {6669}
[6324] 2025/11/16 03:00:14.120 Add Basket MarketNo：0 StockIdx：34316
[6324] 2025/11/16 03:00:14.120 Divide StockNo {6757}
[6324] 2025/11/16 03:00:14.120 Add Basket MarketNo：0 StockIdx：34333
[6324] 2025/11/16 03:00:14.120 Divide StockNo {6770}
[6324] 2025/11/16 03:00:14.121 Add Basket MarketNo：0 StockIdx：34335
[6324] 2025/11/16 03:00:14.121 Divide StockNo {8039}
[6324] 2025/11/16 03:00:14.121 Add Basket MarketNo：0 StockIdx：34410
[6324] 2025/11/16 03:00:14.121 Divide StockNo {8044}
[6324] 2025/11/16 03:00:14.121 Add Basket MarketNo：1 StockIdx：12412
[6324] 2025/11/16 03:00:14.121 Divide StockNo {8046}
[6324] 2025/11/16 03:00:14.121 Add Basket MarketNo：0 StockIdx：34412
[6324] 2025/11/16 03:00:14.121 Divide StockNo {8069}
[6324] 2025/11/16 03:00:14.121 Add Basket MarketNo：1 StockIdx：12424
[6324] 2025/11/16 03:00:14.121 Divide StockNo {8086}
[6324] 2025/11/16 03:00:14.121 Add Basket MarketNo：1 StockIdx：12433
[6324] 2025/11/16 03:00:14.121 Divide StockNo {8112}
[6324] 2025/11/16 03:00:14.121 Add Basket MarketNo：0 StockIdx：34421
[6324] 2025/11/16 03:00:14.121 Divide StockNo {8150}
[6324] 2025/11/16 03:00:14.121 Add Basket MarketNo：0 StockIdx：34425
[6324] 2025/11/16 03:00:14.121 Divide StockNo {8163}
[6324] 2025/11/16 03:00:14.121 Add Basket MarketNo：0 StockIdx：34427
[6324] 2025/11/16 03:00:14.121 Divide StockNo {8299}
[6324] 2025/11/16 03:00:14.121 Add Basket MarketNo：1 StockIdx：12472
[6324] 2025/11/16 03:00:14.121 Divide StockNo {8358}
[6324] 2025/11/16 03:00:14.121 Add Basket MarketNo：1 StockIdx：12478
[6324] 2025/11/16 03:00:14.121 Divide StockNo {8436}
[6324] 2025/11/16 03:00:14.121 Add Basket MarketNo：1 StockIdx：12501
[6324] 2025/11/16 03:00:14.121 Divide StockNo {8454}
[6324] 2025/11/16 03:00:14.121 Add Basket MarketNo：0 StockIdx：34445
[6324] 2025/11/16 03:00:14.121 Divide StockNo {9904}
[6324] 2025/11/16 03:00:14.121 Add Basket MarketNo：0 StockIdx：34474
[6324] 2025/11/16 03:00:14.121 Divide StockNo {9914}
[6324] 2025/11/16 03:00:14.121 Add Basket MarketNo：0 StockIdx：34482
[6324] 2025/11/16 03:00:14.121 Divide StockNo {9938}
[6324] 2025/11/16 03:00:14.121 Add Basket MarketNo：0 StockIdx：34498
[6324] 2025/11/16 03:00:14.121 Divide StockNo {9939}
[6324] 2025/11/16 03:00:14.121 Add Basket MarketNo：0 StockIdx：34499
[6324] 2025/11/16 03:00:14.121 Divide StockNo {9945}
[6324] 2025/11/16 03:00:14.121 Add Basket MarketNo：0 StockIdx：34506
[6324] 2025/11/16 03:00:14.121 Divide StockNo {9958}
[6324] 2025/11/16 03:00:14.121 Add Basket MarketNo：0 StockIdx：34509
[6324] 2025/11/16 03:00:14.121 Divide StockNo {TSE}
[6324] 2025/11/16 03:00:14.121 Stock Is Not Exist 
[6324] 2025/11/16 03:00:14.121 Divide StockNo {TSE23}
[6324] 2025/11/16 03:00:14.121 Add Basket MarketNo：0 StockIdx：34826
[6324] 2025/11/16 03:00:14.121 Divide StockNo {TSE28}
[6324] 2025/11/16 03:00:14.121 Add Basket MarketNo：0 StockIdx：34831
[6324] 2025/11/16 03:00:14.121 Divide StockNo {TWMC}
[6324] 2025/11/16 03:00:14.121 Stock Is Not Exist 
[6324] 2025/11/16 03:00:14.121 Return PageNo： 1 
[9464] 2025/11/16 03:11:54.975 Precheck/DistributedServer Query result is 000,分配成功
[9464] 2025/11/16 03:11:54.975 >> Host srvsolace-tp2.capital.com.tw
[9464] 2025/11/16 03:11:54.991 SKQuoteLib_EnterMonitor IP：srvsolace-tp2.capital.com.tw
[9464] 2025/11/16 03:11:55.045 OnSessionConnect，Code: 3001, Error Code:0.
[9464] 2025/11/16 03:11:55.070 SKQuoteLib_EnterMonitorLONG starting
[9464] 2025/11/16 03:11:55.071 OnConnection ( 3001 , 0 ) 
[9464] 2025/11/16 03:11:55.318 Market Info is OK!
[9464] 2025/11/16 03:11:55.351 Catalog info is OK!
[9464] 2025/11/16 03:11:58.180 Solace RequestInitializeData (TO_S_19,S_1F)
[9464] 2025/11/16 03:11:58.180 Solace RequestInitializeData (TO_S_19,S_1F)
[9464] 2025/11/16 03:11:58.181 OnConnection ( 3003 , 0 ) 
[9464] 2025/11/16 03:11:59.088 SKQuoteLib_RequestStocks (1 , CAF00, CBF00, CCF00, CDF00, CEF00, CFF00, CGF00, CHF00, CJF00, CKF00, CLF00, CMF00, CNF00, CQF00, CRF00, CSF00, CUF00, CWF00, CXF00, CYF00, CZF00, DAF00, DBF00, DCF00, DEF00, DFF00, DGF00, DHF00, DIF00, DJF00, DKF00, DLF00, DNF00, DOF00, DPF00, DQF00, DSF00, DVF00, DWF00, DXF00, DYF00, DZF00, EEF00, EGF00, EHF00, EKF00, EMF00, EPF00, EYF00, EZF00, FBF00, FCF00, FEF00, FFF00, FGF00, FKF00, FNF00, FQF00, FRF00, FSF00, FTF00, FVF00, FWF00, FYF00, FZF00, GAF00, GCF00, GHF00, GIF00, GJF00, GKF00, GLF00, GMF00, GNF00, GOF00, GRF00, GUF00, GVF00, GWF00, GXF00, GYF00, GZF00, HAF00, HBF00, HCF00, HHF00, HIF00, HLF00, HOF00, HQF00, HSF00, IAF00, IHF00, IIF00, IJF00, IMF00, IOF00, IPF00, IQF00, IRF00, ITF00, IXF00, IYF00, IZF00, JBF00, JFF00, JMF00, JNF00, JPF00, JSF00, JWF00, JXF00, JZF00, KAF00, KBF00, KCF00, KDF00, KEF00, KFF00, KGF00, KIF00, KKF00, KLF00, KOF00, KPF00, KSF00, KUF00, KWF00, LBF00, LCF00, LEF00, LIF00, LMF00, LOF00, LQF00, LRF00, LTF00, LUF00, LVF00, LWF00, LXF00, LYF00, MAF00, MBF00, MJF00, MKF00, MQF00, MVF00, MYF00, NAF00, NBF00, NDF00, NEF00, NGF00, NIF00, NJF00, NLF00, NMF00, NOF00, NQF00, NSF00, NUF00, NVF00, NWF00, NYF00, OAF00, OBF00, ODF00, OEF00, OHF00, OJF00, OKF00, OLF00, OMF00, OOF00, OPF00, OQF00, ORF00, OSF00, OTF00, OUF00, OVF00, OWF00, OXF00, OYF00, OZF00, PAF00, PBF00, PCF00, PDF00, PEF00, PFF00, PGF00, PHF00, PIF00, PJF00, PKF00, PLF00, PMF00, PNF00, PPF00, PQF00, PRF00, PSF00, PTF00, PUF00, PVF00, PWF00, PXF00, PYF00, PZF00, QAF00, QBF00, QCF00, QDF00, QEF00, QFF00, QGF00, QHF00, QIF00, QJF00, QKF00, QLF00, QMF00, QNF00, QOF00, QPF00, QQF00, QRF00, QSF00, QTF00, QUF00, QVF00, QWF00, QXF00, QYF00, QZF00, RAF00, RBF00, RCF00, RDF00, REF00, RFF00, RGF00, RIF00, RJF00, RKF00, RLF00, RMF00, RNF00, ROF00, RPF00, RQF00, RRF00, RSF00, RUF00, RVF00, RWF00, RXF00, RYF00, RZF00, SAF00, SBF00, SCF00, SDF00, SEF00, SFF00, SGF00, SIF00, SJF00, SKF00, SLF00, SMF00, SNF00, SQF00, SRF00, SSF00, SUF00, SVF00, SWF00, SYF00, SZF00, UAF00, UBF00, UCF00, UEF00, UFF00, UGF00, UHF00, UIF00, UJF00, UKF00, ULF00, UMF00, UOF00, UPF00, UQF00, URF00, USF00, UTF00, UUF00, UVF00, UWF00, 0050, 0056, 006205, 006206, 00636, 00639, 00643, 00679B, 00687B, 00719B, 00757, 00772B, 00878, 00885, 00893, 00919, 00923, 00929, 00937B, 00940, 1101, 1102, 1210, 1216, 1301, 1303, 1312, 1314, 1319, 1326, 1402, 1440, 1476, 1477, 1503, 1504, 1513, 1536, 1565, 1590, 1605, 1609, 1707, 1717, 1718, 1722, 1795, 1802, 1904, 1905, 1907, 1909, 2002, 2006, 2014, 2027, 2049, 2059, 2105, 2201, 2231, 2301, 2303, 2308, 2312, 2313, 2317, 2323, 2324, 2327, 2328, 2330, 2331, 2332, 2337, 2338, 2340, 2344, 2345, 2347, 2352, 2353, 2354, 2355, 2356, 2357, 2360, 2368, 2371, 2376, 2377, 2379, 2382, 2383, 2385, 2388, 2392, 2393, 2401, 2404, 2408, 2409, 2412, 2439, 2441, 2449, 2454, 2455, 2457, 2458, 2474, 2481, 2485, 2486, 2489, 2492, 2498, 2515, 2520, 2542, 2548, 2603, 2605, 2606, 2609, 2610, 2615, 2618, 2633, 2634, 2801, 2834, 2880, 2881, 2882, 2883, 2884, 2885, 2886, 2887, 2888, 2890, 2891, 2892, 2913, 2915, 3005, 3006, 3008, 3017, 3019, 3034, 3035, 3036, 3037, 3042, 3044, 3045, 3078, 3081, 3105, 3152, 3189, 3227, 3231, 3260, 3264, 3293, 3324, 3374, 3376, 3380, 3406, 3443, 3481, 3529, 3532, 3533, 3552, 3653, 3661, 3673, 3680, 3691, 3702, 3706, 3711, 3714, 4123, 4128, 4162, 4736, 4743, 4904, 4919, 4938, 4958, 5009, 5269, 5274, 5347, 5371, 5388, 5425, 5457, 5483, 5534, 5871, 5876, 5880, 5904, 6005, 6116, 6121, 6139, 6147, 6153, 6173, 6176, 6182, 6188, 6213, 6223, 6239, 6245, 6257, 6269, 6271, 6274, 6278, 6279, 6282, 6285, 6414, 6443, 6472, 6488, 6505, 6510, 6526, 6547, 6669, 6757, 6770, 8039, 8044, 8046, 8069, 8086, 8112, 8150, 8163, 8299, 8358, 8436, 8454, 9904, 9914, 9938, 9939, 9945, 9958, TSE, TSE23, TSE28, TWMC)
[9464] 2025/11/16 03:11:59.091 Divide StockNo {CAF00}
[9464] 2025/11/16 03:11:59.091 Add Basket MarketNo：2 StockIdx：160
[9464] 2025/11/16 03:11:59.091 Divide StockNo {CBF00}
[9464] 2025/11/16 03:11:59.091 Add Basket MarketNo：2 StockIdx：166
[9464] 2025/11/16 03:11:59.091 Divide StockNo {CCF00}
[9464] 2025/11/16 03:11:59.091 Add Basket MarketNo：2 StockIdx：5656
[9464] 2025/11/16 03:11:59.091 Divide StockNo {CDF00}
[9464] 2025/11/16 03:11:59.091 Add Basket MarketNo：2 StockIdx：5662
[9464] 2025/11/16 03:11:59.091 Divide StockNo {CEF00}
[9464] 2025/11/16 03:11:59.091 Add Basket MarketNo：2 StockIdx：184
[9464] 2025/11/16 03:11:59.091 Divide StockNo {CFF00}
[9464] 2025/11/16 03:11:59.091 Add Basket MarketNo：2 StockIdx：193
[9464] 2025/11/16 03:11:59.091 Divide StockNo {CGF00}
[9464] 2025/11/16 03:11:59.091 Add Basket MarketNo：2 StockIdx：199
[9464] 2025/11/16 03:11:59.091 Divide StockNo {CHF00}
[9464] 2025/11/16 03:11:59.091 Add Basket MarketNo：2 StockIdx：205
[9464] 2025/11/16 03:11:59.091 Divide StockNo {CJF00}
[9464] 2025/11/16 03:11:59.091 Add Basket MarketNo：2 StockIdx：211
[9464] 2025/11/16 03:11:59.091 Divide StockNo {CKF00}
[9464] 2025/11/16 03:11:59.091 Add Basket MarketNo：2 StockIdx：217
[9464] 2025/11/16 03:11:59.091 Divide StockNo {CLF00}
[9464] 2025/11/16 03:11:59.091 Add Basket MarketNo：2 StockIdx：223
[9464] 2025/11/16 03:11:59.091 Divide StockNo {CMF00}
[9464] 2025/11/16 03:11:59.091 Add Basket MarketNo：2 StockIdx：229
[9464] 2025/11/16 03:11:59.091 Divide StockNo {CNF00}
[9464] 2025/11/16 03:11:59.091 Add Basket MarketNo：2 StockIdx：235
[9464] 2025/11/16 03:11:59.091 Divide StockNo {CQF00}
[9464] 2025/11/16 03:11:59.091 Add Basket MarketNo：2 StockIdx：241
[9464] 2025/11/16 03:11:59.091 Divide StockNo {CRF00}
[9464] 2025/11/16 03:11:59.091 Add Basket MarketNo：2 StockIdx：247
[9464] 2025/11/16 03:11:59.091 Divide StockNo {CSF00}
[9464] 2025/11/16 03:11:59.091 Add Basket MarketNo：2 StockIdx：253
[9464] 2025/11/16 03:11:59.091 Divide StockNo {CUF00}
[9464] 2025/11/16 03:11:59.091 Add Basket MarketNo：2 StockIdx：259
[9464] 2025/11/16 03:11:59.091 Divide StockNo {CWF00}
[9464] 2025/11/16 03:11:59.091 Add Basket MarketNo：2 StockIdx：265
[9464] 2025/11/16 03:11:59.091 Divide StockNo {CXF00}
[9464] 2025/11/16 03:11:59.091 Add Basket MarketNo：2 StockIdx：274
[9464] 2025/11/16 03:11:59.091 Divide StockNo {CYF00}
[9464] 2025/11/16 03:11:59.091 Add Basket MarketNo：2 StockIdx：280
[9464] 2025/11/16 03:11:59.091 Divide StockNo {CZF00}
[9464] 2025/11/16 03:11:59.091 Add Basket MarketNo：2 StockIdx：286
[9464] 2025/11/16 03:11:59.091 Divide StockNo {DAF00}
[9464] 2025/11/16 03:11:59.091 Add Basket MarketNo：2 StockIdx：292
[9464] 2025/11/16 03:11:59.091 Divide StockNo {DBF00}
[9464] 2025/11/16 03:11:59.091 Add Basket MarketNo：2 StockIdx：298
[9464] 2025/11/16 03:11:59.091 Divide StockNo {DCF00}
[9464] 2025/11/16 03:11:59.091 Add Basket MarketNo：2 StockIdx：304
[9464] 2025/11/16 03:11:59.091 Divide StockNo {DEF00}
[9464] 2025/11/16 03:11:59.091 Add Basket MarketNo：2 StockIdx：311
[9464] 2025/11/16 03:11:59.091 Divide StockNo {DFF00}
[9464] 2025/11/16 03:11:59.091 Add Basket MarketNo：2 StockIdx：319
[9464] 2025/11/16 03:11:59.091 Divide StockNo {DGF00}
[9464] 2025/11/16 03:11:59.091 Add Basket MarketNo：2 StockIdx：325
[9464] 2025/11/16 03:11:59.091 Divide StockNo {DHF00}
[9464] 2025/11/16 03:11:59.092 Add Basket MarketNo：2 StockIdx：331
[9464] 2025/11/16 03:11:59.092 Divide StockNo {DIF00}
[9464] 2025/11/16 03:11:59.092 Add Basket MarketNo：2 StockIdx：337
[9464] 2025/11/16 03:11:59.092 Divide StockNo {DJF00}
[9464] 2025/11/16 03:11:59.092 Add Basket MarketNo：2 StockIdx：343
[9464] 2025/11/16 03:11:59.092 Divide StockNo {DKF00}
[9464] 2025/11/16 03:11:59.092 Add Basket MarketNo：2 StockIdx：349
[9464] 2025/11/16 03:11:59.092 Divide StockNo {DLF00}
[9464] 2025/11/16 03:11:59.092 Add Basket MarketNo：2 StockIdx：355
[9464] 2025/11/16 03:11:59.092 Divide StockNo {DNF00}
[9464] 2025/11/16 03:11:59.092 Add Basket MarketNo：2 StockIdx：361
[9464] 2025/11/16 03:11:59.092 Divide StockNo {DOF00}
[9464] 2025/11/16 03:11:59.092 Add Basket MarketNo：2 StockIdx：368
[9464] 2025/11/16 03:11:59.092 Divide StockNo {DPF00}
[9464] 2025/11/16 03:11:59.092 Add Basket MarketNo：2 StockIdx：375
[9464] 2025/11/16 03:11:59.092 Divide StockNo {DQF00}
[9464] 2025/11/16 03:11:59.092 Add Basket MarketNo：2 StockIdx：381
[9464] 2025/11/16 03:11:59.092 Divide StockNo {DSF00}
[9464] 2025/11/16 03:11:59.092 Add Basket MarketNo：2 StockIdx：387
[9464] 2025/11/16 03:11:59.092 Divide StockNo {DVF00}
[9464] 2025/11/16 03:11:59.092 Add Basket MarketNo：2 StockIdx：393
[9464] 2025/11/16 03:11:59.092 Divide StockNo {DWF00}
[9464] 2025/11/16 03:11:59.092 Add Basket MarketNo：2 StockIdx：399
[9464] 2025/11/16 03:11:59.092 Divide StockNo {DXF00}
[9464] 2025/11/16 03:11:59.092 Add Basket MarketNo：2 StockIdx：405
[9464] 2025/11/16 03:11:59.092 Divide StockNo {DYF00}
[9464] 2025/11/16 03:11:59.092 Add Basket MarketNo：2 StockIdx：411
[9464] 2025/11/16 03:11:59.092 Divide StockNo {DZF00}
[9464] 2025/11/16 03:11:59.092 Add Basket MarketNo：2 StockIdx：417
[9464] 2025/11/16 03:11:59.092 Divide StockNo {EEF00}
[9464] 2025/11/16 03:11:59.092 Add Basket MarketNo：2 StockIdx：423
[9464] 2025/11/16 03:11:59.092 Divide StockNo {EGF00}
[9464] 2025/11/16 03:11:59.092 Add Basket MarketNo：2 StockIdx：429
[9464] 2025/11/16 03:11:59.092 Divide StockNo {EHF00}
[9464] 2025/11/16 03:11:59.092 Add Basket MarketNo：2 StockIdx：435
[9464] 2025/11/16 03:11:59.092 Divide StockNo {EKF00}
[9464] 2025/11/16 03:11:59.092 Add Basket MarketNo：2 StockIdx：441
[9464] 2025/11/16 03:11:59.092 Divide StockNo {EMF00}
[9464] 2025/11/16 03:11:59.092 Add Basket MarketNo：2 StockIdx：447
[9464] 2025/11/16 03:11:59.092 Divide StockNo {EPF00}
[9464] 2025/11/16 03:11:59.092 Add Basket MarketNo：2 StockIdx：453
[9464] 2025/11/16 03:11:59.092 Divide StockNo {EYF00}
[9464] 2025/11/16 03:11:59.092 Add Basket MarketNo：2 StockIdx：459
[9464] 2025/11/16 03:11:59.092 Divide StockNo {EZF00}
[9464] 2025/11/16 03:11:59.092 Add Basket MarketNo：2 StockIdx：465
[9464] 2025/11/16 03:11:59.092 Divide StockNo {FBF00}
[9464] 2025/11/16 03:11:59.092 Add Basket MarketNo：2 StockIdx：471
[9464] 2025/11/16 03:11:59.092 Divide StockNo {FCF00}
[9464] 2025/11/16 03:11:59.092 Add Basket MarketNo：2 StockIdx：477
[9464] 2025/11/16 03:11:59.092 Divide StockNo {FEF00}
[9464] 2025/11/16 03:11:59.092 Add Basket MarketNo：2 StockIdx：481
[9464] 2025/11/16 03:11:59.092 Divide StockNo {FFF00}
[9464] 2025/11/16 03:11:59.092 Add Basket MarketNo：2 StockIdx：488
[9464] 2025/11/16 03:11:59.092 Divide StockNo {FGF00}
[9464] 2025/11/16 03:11:59.092 Add Basket MarketNo：2 StockIdx：494
[9464] 2025/11/16 03:11:59.092 Divide StockNo {FKF00}
[9464] 2025/11/16 03:11:59.092 Add Basket MarketNo：2 StockIdx：500
[9464] 2025/11/16 03:11:59.092 Divide StockNo {FNF00}
[9464] 2025/11/16 03:11:59.092 Add Basket MarketNo：2 StockIdx：506
[9464] 2025/11/16 03:11:59.092 Divide StockNo {FQF00}
[9464] 2025/11/16 03:11:59.092 Add Basket MarketNo：2 StockIdx：512
[9464] 2025/11/16 03:11:59.092 Divide StockNo {FRF00}
[9464] 2025/11/16 03:11:59.092 Add Basket MarketNo：2 StockIdx：518
[9464] 2025/11/16 03:11:59.092 Divide StockNo {FSF00}
[9464] 2025/11/16 03:11:59.092 Add Basket MarketNo：2 StockIdx：524
[9464] 2025/11/16 03:11:59.092 Divide StockNo {FTF00}
[9464] 2025/11/16 03:11:59.092 Add Basket MarketNo：2 StockIdx：530
[9464] 2025/11/16 03:11:59.092 Divide StockNo {FVF00}
[9464] 2025/11/16 03:11:59.092 Add Basket MarketNo：2 StockIdx：536
[9464] 2025/11/16 03:11:59.092 Divide StockNo {FWF00}
[9464] 2025/11/16 03:11:59.092 Add Basket MarketNo：2 StockIdx：542
[9464] 2025/11/16 03:11:59.092 Divide StockNo {FYF00}
[9464] 2025/11/16 03:11:59.092 Add Basket MarketNo：2 StockIdx：548
[9464] 2025/11/16 03:11:59.093 Divide StockNo {FZF00}
[9464] 2025/11/16 03:11:59.093 Add Basket MarketNo：2 StockIdx：554
[9464] 2025/11/16 03:11:59.093 Divide StockNo {GAF00}
[9464] 2025/11/16 03:11:59.093 Add Basket MarketNo：2 StockIdx：560
[9464] 2025/11/16 03:11:59.093 Divide StockNo {GCF00}
[9464] 2025/11/16 03:11:59.093 Add Basket MarketNo：2 StockIdx：566
[9464] 2025/11/16 03:11:59.093 Divide StockNo {GHF00}
[9464] 2025/11/16 03:11:59.093 Add Basket MarketNo：2 StockIdx：572
[9464] 2025/11/16 03:11:59.093 Divide StockNo {GIF00}
[9464] 2025/11/16 03:11:59.093 Add Basket MarketNo：2 StockIdx：578
[9464] 2025/11/16 03:11:59.093 Divide StockNo {GJF00}
[9464] 2025/11/16 03:11:59.093 Add Basket MarketNo：2 StockIdx：584
[9464] 2025/11/16 03:11:59.093 Divide StockNo {GKF00}
[9464] 2025/11/16 03:11:59.093 Add Basket MarketNo：2 StockIdx：590
[9464] 2025/11/16 03:11:59.093 Divide StockNo {GLF00}
[9464] 2025/11/16 03:11:59.093 Add Basket MarketNo：2 StockIdx：596
[9464] 2025/11/16 03:11:59.093 Divide StockNo {GMF00}
[9464] 2025/11/16 03:11:59.093 Add Basket MarketNo：2 StockIdx：602
[9464] 2025/11/16 03:11:59.093 Divide StockNo {GNF00}
[9464] 2025/11/16 03:11:59.093 Add Basket MarketNo：2 StockIdx：608
[9464] 2025/11/16 03:11:59.093 Divide StockNo {GOF00}
[9464] 2025/11/16 03:11:59.093 Add Basket MarketNo：2 StockIdx：614
[9464] 2025/11/16 03:11:59.093 Divide StockNo {GRF00}
[9464] 2025/11/16 03:11:59.093 Add Basket MarketNo：2 StockIdx：620
[9464] 2025/11/16 03:11:59.093 Divide StockNo {GUF00}
[9464] 2025/11/16 03:11:59.093 Add Basket MarketNo：2 StockIdx：626
[9464] 2025/11/16 03:11:59.093 Divide StockNo {GVF00}
[9464] 2025/11/16 03:11:59.093 Add Basket MarketNo：2 StockIdx：632
[9464] 2025/11/16 03:11:59.093 Divide StockNo {GWF00}
[9464] 2025/11/16 03:11:59.093 Add Basket MarketNo：2 StockIdx：638
[9464] 2025/11/16 03:11:59.093 Divide StockNo {GXF00}
[9464] 2025/11/16 03:11:59.093 Add Basket MarketNo：2 StockIdx：644
[9464] 2025/11/16 03:11:59.093 Divide StockNo {GYF00}
[9464] 2025/11/16 03:11:59.093 Add Basket MarketNo：2 StockIdx：650
[9464] 2025/11/16 03:11:59.093 Divide StockNo {GZF00}
[9464] 2025/11/16 03:11:59.093 Add Basket MarketNo：2 StockIdx：656
[9464] 2025/11/16 03:11:59.093 Divide StockNo {HAF00}
[9464] 2025/11/16 03:11:59.093 Add Basket MarketNo：2 StockIdx：662
[9464] 2025/11/16 03:11:59.093 Divide StockNo {HBF00}
[9464] 2025/11/16 03:11:59.093 Add Basket MarketNo：2 StockIdx：671
[9464] 2025/11/16 03:11:59.093 Divide StockNo {HCF00}
[9464] 2025/11/16 03:11:59.093 Add Basket MarketNo：2 StockIdx：677
[9464] 2025/11/16 03:11:59.093 Divide StockNo {HHF00}
[9464] 2025/11/16 03:11:59.093 Add Basket MarketNo：2 StockIdx：683
[9464] 2025/11/16 03:11:59.093 Divide StockNo {HIF00}
[9464] 2025/11/16 03:11:59.093 Add Basket MarketNo：2 StockIdx：694
[9464] 2025/11/16 03:11:59.093 Divide StockNo {HLF00}
[9464] 2025/11/16 03:11:59.093 Add Basket MarketNo：2 StockIdx：700
[9464] 2025/11/16 03:11:59.093 Divide StockNo {HOF00}
[9464] 2025/11/16 03:11:59.093 Add Basket MarketNo：2 StockIdx：711
[9464] 2025/11/16 03:11:59.093 Divide StockNo {HQF00}
[9464] 2025/11/16 03:11:59.093 Add Basket MarketNo：2 StockIdx：717
[9464] 2025/11/16 03:11:59.093 Divide StockNo {HSF00}
[9464] 2025/11/16 03:11:59.093 Add Basket MarketNo：2 StockIdx：723
[9464] 2025/11/16 03:11:59.093 Divide StockNo {IAF00}
[9464] 2025/11/16 03:11:59.093 Add Basket MarketNo：2 StockIdx：729
[9464] 2025/11/16 03:11:59.093 Divide StockNo {IHF00}
[9464] 2025/11/16 03:11:59.093 Add Basket MarketNo：2 StockIdx：737
[9464] 2025/11/16 03:11:59.093 Divide StockNo {IIF00}
[9464] 2025/11/16 03:11:59.093 Add Basket MarketNo：2 StockIdx：743
[9464] 2025/11/16 03:11:59.093 Divide StockNo {IJF00}
[9464] 2025/11/16 03:11:59.093 Add Basket MarketNo：2 StockIdx：749
[9464] 2025/11/16 03:11:59.093 Divide StockNo {IMF00}
[9464] 2025/11/16 03:11:59.093 Add Basket MarketNo：2 StockIdx：755
[9464] 2025/11/16 03:11:59.093 Divide StockNo {IOF00}
[9464] 2025/11/16 03:11:59.093 Add Basket MarketNo：2 StockIdx：761
[9464] 2025/11/16 03:11:59.093 Divide StockNo {IPF00}
[9464] 2025/11/16 03:11:59.093 Add Basket MarketNo：2 StockIdx：767
[9464] 2025/11/16 03:11:59.093 Divide StockNo {IQF00}
[9464] 2025/11/16 03:11:59.093 Add Basket MarketNo：2 StockIdx：773
[9464] 2025/11/16 03:11:59.093 Divide StockNo {IRF00}
[9464] 2025/11/16 03:11:59.093 Add Basket MarketNo：2 StockIdx：779
[9464] 2025/11/16 03:11:59.093 Divide StockNo {ITF00}
[9464] 2025/11/16 03:11:59.093 Add Basket MarketNo：2 StockIdx：790
[9464] 2025/11/16 03:11:59.094 Divide StockNo {IXF00}
[9464] 2025/11/16 03:11:59.094 Add Basket MarketNo：2 StockIdx：796
[9464] 2025/11/16 03:11:59.094 Divide StockNo {IYF00}
[9464] 2025/11/16 03:11:59.094 Add Basket MarketNo：2 StockIdx：802
[9464] 2025/11/16 03:11:59.094 Divide StockNo {IZF00}
[9464] 2025/11/16 03:11:59.094 Add Basket MarketNo：2 StockIdx：808
[9464] 2025/11/16 03:11:59.094 Divide StockNo {JBF00}
[9464] 2025/11/16 03:11:59.094 Add Basket MarketNo：2 StockIdx：814
[9464] 2025/11/16 03:11:59.094 Divide StockNo {JFF00}
[9464] 2025/11/16 03:11:59.094 Add Basket MarketNo：2 StockIdx：820
[9464] 2025/11/16 03:11:59.094 Divide StockNo {JMF00}
[9464] 2025/11/16 03:11:59.094 Add Basket MarketNo：2 StockIdx：826
[9464] 2025/11/16 03:11:59.094 Divide StockNo {JNF00}
[9464] 2025/11/16 03:11:59.094 Add Basket MarketNo：2 StockIdx：832
[9464] 2025/11/16 03:11:59.094 Divide StockNo {JPF00}
[9464] 2025/11/16 03:11:59.094 Add Basket MarketNo：2 StockIdx：838
[9464] 2025/11/16 03:11:59.094 Divide StockNo {JSF00}
[9464] 2025/11/16 03:11:59.094 Add Basket MarketNo：2 StockIdx：844
[9464] 2025/11/16 03:11:59.094 Divide StockNo {JWF00}
[9464] 2025/11/16 03:11:59.094 Add Basket MarketNo：2 StockIdx：850
[9464] 2025/11/16 03:11:59.094 Divide StockNo {JXF00}
[9464] 2025/11/16 03:11:59.094 Add Basket MarketNo：2 StockIdx：856
[9464] 2025/11/16 03:11:59.094 Divide StockNo {JZF00}
[9464] 2025/11/16 03:11:59.094 Add Basket MarketNo：2 StockIdx：862
[9464] 2025/11/16 03:11:59.094 Divide StockNo {KAF00}
[9464] 2025/11/16 03:11:59.094 Add Basket MarketNo：2 StockIdx：868
[9464] 2025/11/16 03:11:59.094 Divide StockNo {KBF00}
[9464] 2025/11/16 03:11:59.094 Add Basket MarketNo：2 StockIdx：874
[9464] 2025/11/16 03:11:59.094 Divide StockNo {KCF00}
[9464] 2025/11/16 03:11:59.094 Add Basket MarketNo：2 StockIdx：880
[9464] 2025/11/16 03:11:59.094 Divide StockNo {KDF00}
[9464] 2025/11/16 03:11:59.094 Add Basket MarketNo：2 StockIdx：886
[9464] 2025/11/16 03:11:59.094 Divide StockNo {KEF00}
[9464] 2025/11/16 03:11:59.094 Add Basket MarketNo：2 StockIdx：892
[9464] 2025/11/16 03:11:59.094 Divide StockNo {KFF00}
[9464] 2025/11/16 03:11:59.094 Add Basket MarketNo：2 StockIdx：898
[9464] 2025/11/16 03:11:59.094 Divide StockNo {KGF00}
[9464] 2025/11/16 03:11:59.094 Add Basket MarketNo：2 StockIdx：904
[9464] 2025/11/16 03:11:59.094 Divide StockNo {KIF00}
[9464] 2025/11/16 03:11:59.094 Add Basket MarketNo：2 StockIdx：910
[9464] 2025/11/16 03:11:59.094 Divide StockNo {KKF00}
[9464] 2025/11/16 03:11:59.094 Add Basket MarketNo：2 StockIdx：916
[9464] 2025/11/16 03:11:59.094 Divide StockNo {KLF00}
[9464] 2025/11/16 03:11:59.094 Add Basket MarketNo：2 StockIdx：922
[9464] 2025/11/16 03:11:59.094 Divide StockNo {KOF00}
[9464] 2025/11/16 03:11:59.094 Add Basket MarketNo：2 StockIdx：928
[9464] 2025/11/16 03:11:59.094 Divide StockNo {KPF00}
[9464] 2025/11/16 03:11:59.094 Add Basket MarketNo：2 StockIdx：934
[9464] 2025/11/16 03:11:59.094 Divide StockNo {KSF00}
[9464] 2025/11/16 03:11:59.094 Add Basket MarketNo：2 StockIdx：940
[9464] 2025/11/16 03:11:59.094 Divide StockNo {KUF00}
[9464] 2025/11/16 03:11:59.094 Add Basket MarketNo：2 StockIdx：946
[9464] 2025/11/16 03:11:59.094 Divide StockNo {KWF00}
[9464] 2025/11/16 03:11:59.094 Add Basket MarketNo：2 StockIdx：952
[9464] 2025/11/16 03:11:59.094 Divide StockNo {LBF00}
[9464] 2025/11/16 03:11:59.094 Add Basket MarketNo：2 StockIdx：958
[9464] 2025/11/16 03:11:59.094 Divide StockNo {LCF00}
[9464] 2025/11/16 03:11:59.094 Add Basket MarketNo：2 StockIdx：964
[9464] 2025/11/16 03:11:59.094 Divide StockNo {LEF00}
[9464] 2025/11/16 03:11:59.094 Add Basket MarketNo：2 StockIdx：970
[9464] 2025/11/16 03:11:59.094 Divide StockNo {LIF00}
[9464] 2025/11/16 03:11:59.094 Add Basket MarketNo：2 StockIdx：976
[9464] 2025/11/16 03:11:59.094 Divide StockNo {LMF00}
[9464] 2025/11/16 03:11:59.094 Add Basket MarketNo：2 StockIdx：982
[9464] 2025/11/16 03:11:59.094 Divide StockNo {LOF00}
[9464] 2025/11/16 03:11:59.094 Add Basket MarketNo：2 StockIdx：988
[9464] 2025/11/16 03:11:59.094 Divide StockNo {LQF00}
[9464] 2025/11/16 03:11:59.094 Add Basket MarketNo：2 StockIdx：994
[9464] 2025/11/16 03:11:59.094 Divide StockNo {LRF00}
[9464] 2025/11/16 03:11:59.094 Add Basket MarketNo：2 StockIdx：1000
[9464] 2025/11/16 03:11:59.094 Divide StockNo {LTF00}
[9464] 2025/11/16 03:11:59.094 Add Basket MarketNo：2 StockIdx：1008
[9464] 2025/11/16 03:11:59.094 Divide StockNo {LUF00}
[9464] 2025/11/16 03:11:59.094 Add Basket MarketNo：2 StockIdx：1014
[9464] 2025/11/16 03:11:59.094 Divide StockNo {LVF00}
[9464] 2025/11/16 03:11:59.095 Add Basket MarketNo：2 StockIdx：1020
[9464] 2025/11/16 03:11:59.095 Divide StockNo {LWF00}
[9464] 2025/11/16 03:11:59.095 Add Basket MarketNo：2 StockIdx：1028
[9464] 2025/11/16 03:11:59.095 Divide StockNo {LXF00}
[9464] 2025/11/16 03:11:59.095 Add Basket MarketNo：2 StockIdx：1034
[9464] 2025/11/16 03:11:59.095 Divide StockNo {LYF00}
[9464] 2025/11/16 03:11:59.095 Add Basket MarketNo：2 StockIdx：1041
[9464] 2025/11/16 03:11:59.095 Divide StockNo {MAF00}
[9464] 2025/11/16 03:11:59.095 Add Basket MarketNo：2 StockIdx：1047
[9464] 2025/11/16 03:11:59.095 Divide StockNo {MBF00}
[9464] 2025/11/16 03:11:59.095 Add Basket MarketNo：2 StockIdx：1050
[9464] 2025/11/16 03:11:59.095 Divide StockNo {MJF00}
[9464] 2025/11/16 03:11:59.095 Add Basket MarketNo：2 StockIdx：1056
[9464] 2025/11/16 03:11:59.095 Divide StockNo {MKF00}
[9464] 2025/11/16 03:11:59.095 Add Basket MarketNo：2 StockIdx：1062
[9464] 2025/11/16 03:11:59.095 Divide StockNo {MQF00}
[9464] 2025/11/16 03:11:59.095 Add Basket MarketNo：2 StockIdx：1068
[9464] 2025/11/16 03:11:59.095 Divide StockNo {MVF00}
[9464] 2025/11/16 03:11:59.095 Add Basket MarketNo：2 StockIdx：1074
[9464] 2025/11/16 03:11:59.095 Divide StockNo {MYF00}
[9464] 2025/11/16 03:11:59.095 Add Basket MarketNo：2 StockIdx：1080
[9464] 2025/11/16 03:11:59.095 Divide StockNo {NAF00}
[9464] 2025/11/16 03:11:59.095 Add Basket MarketNo：2 StockIdx：1086
[9464] 2025/11/16 03:11:59.095 Divide StockNo {NBF00}
[9464] 2025/11/16 03:11:59.095 Add Basket MarketNo：2 StockIdx：1092
[9464] 2025/11/16 03:11:59.095 Divide StockNo {NDF00}
[9464] 2025/11/16 03:11:59.095 Add Basket MarketNo：2 StockIdx：1098
[9464] 2025/11/16 03:11:59.095 Divide StockNo {NEF00}
[9464] 2025/11/16 03:11:59.095 Add Basket MarketNo：2 StockIdx：1104
[9464] 2025/11/16 03:11:59.095 Divide StockNo {NGF00}
[9464] 2025/11/16 03:11:59.095 Add Basket MarketNo：2 StockIdx：1110
[9464] 2025/11/16 03:11:59.095 Divide StockNo {NIF00}
[9464] 2025/11/16 03:11:59.095 Add Basket MarketNo：2 StockIdx：1116
[9464] 2025/11/16 03:11:59.095 Divide StockNo {NJF00}
[9464] 2025/11/16 03:11:59.095 Add Basket MarketNo：2 StockIdx：1124
[9464] 2025/11/16 03:11:59.095 Divide StockNo {NLF00}
[9464] 2025/11/16 03:11:59.095 Add Basket MarketNo：2 StockIdx：1130
[9464] 2025/11/16 03:11:59.095 Divide StockNo {NMF00}
[9464] 2025/11/16 03:11:59.095 Add Basket MarketNo：2 StockIdx：1136
[9464] 2025/11/16 03:11:59.095 Divide StockNo {NOF00}
[9464] 2025/11/16 03:11:59.095 Add Basket MarketNo：2 StockIdx：1142
[9464] 2025/11/16 03:11:59.095 Divide StockNo {NQF00}
[9464] 2025/11/16 03:11:59.095 Add Basket MarketNo：2 StockIdx：1148
[9464] 2025/11/16 03:11:59.095 Divide StockNo {NSF00}
[9464] 2025/11/16 03:11:59.095 Add Basket MarketNo：2 StockIdx：1154
[9464] 2025/11/16 03:11:59.095 Divide StockNo {NUF00}
[9464] 2025/11/16 03:11:59.095 Add Basket MarketNo：2 StockIdx：1160
[9464] 2025/11/16 03:11:59.095 Divide StockNo {NVF00}
[9464] 2025/11/16 03:11:59.095 Add Basket MarketNo：2 StockIdx：1166
[9464] 2025/11/16 03:11:59.095 Divide StockNo {NWF00}
[9464] 2025/11/16 03:11:59.095 Add Basket MarketNo：2 StockIdx：1172
[9464] 2025/11/16 03:11:59.095 Divide StockNo {NYF00}
[9464] 2025/11/16 03:11:59.095 Add Basket MarketNo：2 StockIdx：5668
[9464] 2025/11/16 03:11:59.095 Divide StockNo {OAF00}
[9464] 2025/11/16 03:11:59.095 Add Basket MarketNo：2 StockIdx：1184
[9464] 2025/11/16 03:11:59.095 Divide StockNo {OBF00}
[9464] 2025/11/16 03:11:59.095 Add Basket MarketNo：2 StockIdx：1190
[9464] 2025/11/16 03:11:59.095 Divide StockNo {ODF00}
[9464] 2025/11/16 03:11:59.095 Add Basket MarketNo：2 StockIdx：1196
[9464] 2025/11/16 03:11:59.095 Divide StockNo {OEF00}
[9464] 2025/11/16 03:11:59.095 Add Basket MarketNo：2 StockIdx：1202
[9464] 2025/11/16 03:11:59.095 Divide StockNo {OHF00}
[9464] 2025/11/16 03:11:59.095 Add Basket MarketNo：2 StockIdx：1208
[9464] 2025/11/16 03:11:59.095 Divide StockNo {OJF00}
[9464] 2025/11/16 03:11:59.095 Add Basket MarketNo：2 StockIdx：1214
[9464] 2025/11/16 03:11:59.095 Divide StockNo {OKF00}
[9464] 2025/11/16 03:11:59.095 Add Basket MarketNo：2 StockIdx：1220
[9464] 2025/11/16 03:11:59.095 Divide StockNo {OLF00}
[9464] 2025/11/16 03:11:59.095 Add Basket MarketNo：2 StockIdx：1226
[9464] 2025/11/16 03:11:59.095 Divide StockNo {OMF00}
[9464] 2025/11/16 03:11:59.095 Add Basket MarketNo：2 StockIdx：1232
[9464] 2025/11/16 03:11:59.095 Divide StockNo {OOF00}
[9464] 2025/11/16 03:11:59.095 Add Basket MarketNo：2 StockIdx：1238
[9464] 2025/11/16 03:11:59.095 Divide StockNo {OPF00}
[9464] 2025/11/16 03:11:59.096 Add Basket MarketNo：2 StockIdx：1244
[9464] 2025/11/16 03:11:59.096 Divide StockNo {OQF00}
[9464] 2025/11/16 03:11:59.096 Add Basket MarketNo：2 StockIdx：1250
[9464] 2025/11/16 03:11:59.096 Divide StockNo {ORF00}
[9464] 2025/11/16 03:11:59.096 Add Basket MarketNo：2 StockIdx：1256
[9464] 2025/11/16 03:11:59.096 Divide StockNo {OSF00}
[9464] 2025/11/16 03:11:59.096 Add Basket MarketNo：2 StockIdx：1262
[9464] 2025/11/16 03:11:59.096 Divide StockNo {OTF00}
[9464] 2025/11/16 03:11:59.096 Add Basket MarketNo：2 StockIdx：1268
[9464] 2025/11/16 03:11:59.096 Divide StockNo {OUF00}
[9464] 2025/11/16 03:11:59.096 Add Basket MarketNo：2 StockIdx：1274
[9464] 2025/11/16 03:11:59.096 Divide StockNo {OVF00}
[9464] 2025/11/16 03:11:59.096 Add Basket MarketNo：2 StockIdx：1280
[9464] 2025/11/16 03:11:59.096 Divide StockNo {OWF00}
[9464] 2025/11/16 03:11:59.096 Add Basket MarketNo：2 StockIdx：1286
[9464] 2025/11/16 03:11:59.096 Divide StockNo {OXF00}
[9464] 2025/11/16 03:11:59.096 Add Basket MarketNo：2 StockIdx：1292
[9464] 2025/11/16 03:11:59.096 Divide StockNo {OYF00}
[9464] 2025/11/16 03:11:59.096 Add Basket MarketNo：2 StockIdx：1298
[9464] 2025/11/16 03:11:59.096 Divide StockNo {OZF00}
[9464] 2025/11/16 03:11:59.096 Add Basket MarketNo：2 StockIdx：1304
[9464] 2025/11/16 03:11:59.096 Divide StockNo {PAF00}
[9464] 2025/11/16 03:11:59.096 Add Basket MarketNo：2 StockIdx：1310
[9464] 2025/11/16 03:11:59.096 Divide StockNo {PBF00}
[9464] 2025/11/16 03:11:59.096 Add Basket MarketNo：2 StockIdx：1316
[9464] 2025/11/16 03:11:59.096 Divide StockNo {PCF00}
[9464] 2025/11/16 03:11:59.096 Add Basket MarketNo：2 StockIdx：1322
[9464] 2025/11/16 03:11:59.096 Divide StockNo {PDF00}
[9464] 2025/11/16 03:11:59.096 Add Basket MarketNo：2 StockIdx：1328
[9464] 2025/11/16 03:11:59.096 Divide StockNo {PEF00}
[9464] 2025/11/16 03:11:59.096 Add Basket MarketNo：2 StockIdx：1334
[9464] 2025/11/16 03:11:59.096 Divide StockNo {PFF00}
[9464] 2025/11/16 03:11:59.096 Add Basket MarketNo：2 StockIdx：1340
[9464] 2025/11/16 03:11:59.096 Divide StockNo {PGF00}
[9464] 2025/11/16 03:11:59.096 Add Basket MarketNo：2 StockIdx：1346
[9464] 2025/11/16 03:11:59.096 Divide StockNo {PHF00}
[9464] 2025/11/16 03:11:59.096 Add Basket MarketNo：2 StockIdx：1352
[9464] 2025/11/16 03:11:59.096 Divide StockNo {PIF00}
[9464] 2025/11/16 03:11:59.096 Add Basket MarketNo：2 StockIdx：1358
[9464] 2025/11/16 03:11:59.096 Divide StockNo {PJF00}
[9464] 2025/11/16 03:11:59.096 Add Basket MarketNo：2 StockIdx：1364
[9464] 2025/11/16 03:11:59.096 Divide StockNo {PKF00}
[9464] 2025/11/16 03:11:59.096 Add Basket MarketNo：2 StockIdx：1370
[9464] 2025/11/16 03:11:59.096 Divide StockNo {PLF00}
[9464] 2025/11/16 03:11:59.096 Add Basket MarketNo：2 StockIdx：1376
[9464] 2025/11/16 03:11:59.096 Divide StockNo {PMF00}
[9464] 2025/11/16 03:11:59.096 Add Basket MarketNo：2 StockIdx：1382
[9464] 2025/11/16 03:11:59.096 Divide StockNo {PNF00}
[9464] 2025/11/16 03:11:59.096 Add Basket MarketNo：2 StockIdx：1388
[9464] 2025/11/16 03:11:59.096 Divide StockNo {PPF00}
[9464] 2025/11/16 03:11:59.096 Add Basket MarketNo：2 StockIdx：1394
[9464] 2025/11/16 03:11:59.096 Divide StockNo {PQF00}
[9464] 2025/11/16 03:11:59.096 Add Basket MarketNo：2 StockIdx：1400
[9464] 2025/11/16 03:11:59.096 Divide StockNo {PRF00}
[9464] 2025/11/16 03:11:59.096 Add Basket MarketNo：2 StockIdx：1406
[9464] 2025/11/16 03:11:59.096 Divide StockNo {PSF00}
[9464] 2025/11/16 03:11:59.096 Add Basket MarketNo：2 StockIdx：1412
[9464] 2025/11/16 03:11:59.096 Divide StockNo {PTF00}
[9464] 2025/11/16 03:11:59.096 Add Basket MarketNo：2 StockIdx：1419
[9464] 2025/11/16 03:11:59.096 Divide StockNo {PUF00}
[9464] 2025/11/16 03:11:59.096 Add Basket MarketNo：2 StockIdx：1425
[9464] 2025/11/16 03:11:59.096 Divide StockNo {PVF00}
[9464] 2025/11/16 03:11:59.096 Add Basket MarketNo：2 StockIdx：1431
[9464] 2025/11/16 03:11:59.096 Divide StockNo {PWF00}
[9464] 2025/11/16 03:11:59.096 Add Basket MarketNo：2 StockIdx：1437
[9464] 2025/11/16 03:11:59.096 Divide StockNo {PXF00}
[9464] 2025/11/16 03:11:59.096 Add Basket MarketNo：2 StockIdx：1443
[9464] 2025/11/16 03:11:59.096 Divide StockNo {PYF00}
[9464] 2025/11/16 03:11:59.096 Add Basket MarketNo：2 StockIdx：1449
[9464] 2025/11/16 03:11:59.096 Divide StockNo {PZF00}
[9464] 2025/11/16 03:11:59.096 Add Basket MarketNo：2 StockIdx：1455
[9464] 2025/11/16 03:11:59.096 Divide StockNo {QAF00}
[9464] 2025/11/16 03:11:59.096 Add Basket MarketNo：2 StockIdx：1461
[9464] 2025/11/16 03:11:59.096 Divide StockNo {QBF00}
[9464] 2025/11/16 03:11:59.096 Add Basket MarketNo：2 StockIdx：1467
[9464] 2025/11/16 03:11:59.097 Divide StockNo {QCF00}
[9464] 2025/11/16 03:11:59.097 Add Basket MarketNo：2 StockIdx：1473
[9464] 2025/11/16 03:11:59.097 Divide StockNo {QDF00}
[9464] 2025/11/16 03:11:59.097 Add Basket MarketNo：2 StockIdx：1479
[9464] 2025/11/16 03:11:59.097 Divide StockNo {QEF00}
[9464] 2025/11/16 03:11:59.097 Add Basket MarketNo：2 StockIdx：1485
[9464] 2025/11/16 03:11:59.097 Divide StockNo {QFF00}
[9464] 2025/11/16 03:11:59.097 Add Basket MarketNo：2 StockIdx：5674
[9464] 2025/11/16 03:11:59.097 Divide StockNo {QGF00}
[9464] 2025/11/16 03:11:59.097 Add Basket MarketNo：2 StockIdx：1498
[9464] 2025/11/16 03:11:59.097 Divide StockNo {QHF00}
[9464] 2025/11/16 03:11:59.097 Add Basket MarketNo：2 StockIdx：1504
[9464] 2025/11/16 03:11:59.097 Divide StockNo {QIF00}
[9464] 2025/11/16 03:11:59.097 Add Basket MarketNo：2 StockIdx：1510
[9464] 2025/11/16 03:11:59.097 Divide StockNo {QJF00}
[9464] 2025/11/16 03:11:59.097 Add Basket MarketNo：2 StockIdx：1514
[9464] 2025/11/16 03:11:59.097 Divide StockNo {QKF00}
[9464] 2025/11/16 03:11:59.097 Add Basket MarketNo：2 StockIdx：1520
[9464] 2025/11/16 03:11:59.097 Divide StockNo {QLF00}
[9464] 2025/11/16 03:11:59.097 Add Basket MarketNo：2 StockIdx：1526
[9464] 2025/11/16 03:11:59.097 Divide StockNo {QMF00}
[9464] 2025/11/16 03:11:59.097 Add Basket MarketNo：2 StockIdx：1532
[9464] 2025/11/16 03:11:59.097 Divide StockNo {QNF00}
[9464] 2025/11/16 03:11:59.097 Add Basket MarketNo：2 StockIdx：1538
[9464] 2025/11/16 03:11:59.097 Divide StockNo {QOF00}
[9464] 2025/11/16 03:11:59.097 Add Basket MarketNo：2 StockIdx：1544
[9464] 2025/11/16 03:11:59.097 Divide StockNo {QPF00}
[9464] 2025/11/16 03:11:59.097 Add Basket MarketNo：2 StockIdx：1550
[9464] 2025/11/16 03:11:59.097 Divide StockNo {QQF00}
[9464] 2025/11/16 03:11:59.097 Add Basket MarketNo：2 StockIdx：1556
[9464] 2025/11/16 03:11:59.097 Divide StockNo {QRF00}
[9464] 2025/11/16 03:11:59.097 Add Basket MarketNo：2 StockIdx：1562
[9464] 2025/11/16 03:11:59.097 Divide StockNo {QSF00}
[9464] 2025/11/16 03:11:59.097 Add Basket MarketNo：2 StockIdx：1568
[9464] 2025/11/16 03:11:59.097 Divide StockNo {QTF00}
[9464] 2025/11/16 03:11:59.097 Add Basket MarketNo：2 StockIdx：1574
[9464] 2025/11/16 03:11:59.097 Divide StockNo {QUF00}
[9464] 2025/11/16 03:11:59.097 Add Basket MarketNo：2 StockIdx：1580
[9464] 2025/11/16 03:11:59.097 Divide StockNo {QVF00}
[9464] 2025/11/16 03:11:59.097 Add Basket MarketNo：2 StockIdx：1586
[9464] 2025/11/16 03:11:59.097 Divide StockNo {QWF00}
[9464] 2025/11/16 03:11:59.097 Add Basket MarketNo：2 StockIdx：1592
[9464] 2025/11/16 03:11:59.097 Divide StockNo {QXF00}
[9464] 2025/11/16 03:11:59.097 Add Basket MarketNo：2 StockIdx：1598
[9464] 2025/11/16 03:11:59.097 Divide StockNo {QYF00}
[9464] 2025/11/16 03:11:59.097 Add Basket MarketNo：2 StockIdx：1604
[9464] 2025/11/16 03:11:59.097 Divide StockNo {QZF00}
[9464] 2025/11/16 03:11:59.097 Add Basket MarketNo：2 StockIdx：1610
[9464] 2025/11/16 03:11:59.097 Divide StockNo {RAF00}
[9464] 2025/11/16 03:11:59.097 Add Basket MarketNo：2 StockIdx：1616
[9464] 2025/11/16 03:11:59.097 Divide StockNo {RBF00}
[9464] 2025/11/16 03:11:59.097 Add Basket MarketNo：2 StockIdx：1622
[9464] 2025/11/16 03:11:59.097 Divide StockNo {RCF00}
[9464] 2025/11/16 03:11:59.097 Add Basket MarketNo：2 StockIdx：1628
[9464] 2025/11/16 03:11:59.097 Divide StockNo {RDF00}
[9464] 2025/11/16 03:11:59.097 Add Basket MarketNo：2 StockIdx：1634
[9464] 2025/11/16 03:11:59.097 Divide StockNo {REF00}
[9464] 2025/11/16 03:11:59.097 Add Basket MarketNo：2 StockIdx：1640
[9464] 2025/11/16 03:11:59.097 Divide StockNo {RFF00}
[9464] 2025/11/16 03:11:59.097 Add Basket MarketNo：2 StockIdx：1646
[9464] 2025/11/16 03:11:59.097 Divide StockNo {RGF00}
[9464] 2025/11/16 03:11:59.097 Add Basket MarketNo：2 StockIdx：1652
[9464] 2025/11/16 03:11:59.097 Divide StockNo {RIF00}
[9464] 2025/11/16 03:11:59.097 Add Basket MarketNo：2 StockIdx：1658
[9464] 2025/11/16 03:11:59.097 Divide StockNo {RJF00}
[9464] 2025/11/16 03:11:59.097 Add Basket MarketNo：2 StockIdx：1664
[9464] 2025/11/16 03:11:59.098 Divide StockNo {RKF00}
[9464] 2025/11/16 03:11:59.098 Add Basket MarketNo：2 StockIdx：1670
[9464] 2025/11/16 03:11:59.098 Divide StockNo {RLF00}
[9464] 2025/11/16 03:11:59.098 Add Basket MarketNo：2 StockIdx：1676
[9464] 2025/11/16 03:11:59.098 Divide StockNo {RMF00}
[9464] 2025/11/16 03:11:59.098 Stock Is Not Exist 
[9464] 2025/11/16 03:11:59.098 Divide StockNo {RNF00}
[9464] 2025/11/16 03:11:59.098 Add Basket MarketNo：2 StockIdx：1682
[9464] 2025/11/16 03:11:59.098 Divide StockNo {ROF00}
[9464] 2025/11/16 03:11:59.098 Add Basket MarketNo：2 StockIdx：1688
[9464] 2025/11/16 03:11:59.098 Divide StockNo {RPF00}
[9464] 2025/11/16 03:11:59.098 Add Basket MarketNo：2 StockIdx：1694
[9464] 2025/11/16 03:11:59.098 Divide StockNo {RQF00}
[9464] 2025/11/16 03:11:59.098 Stock Is Not Exist 
[9464] 2025/11/16 03:11:59.098 Divide StockNo {RRF00}
[9464] 2025/11/16 03:11:59.098 Add Basket MarketNo：2 StockIdx：1701
[9464] 2025/11/16 03:11:59.098 Divide StockNo {RSF00}
[9464] 2025/11/16 03:11:59.098 Add Basket MarketNo：2 StockIdx：1707
[9464] 2025/11/16 03:11:59.098 Divide StockNo {RUF00}
[9464] 2025/11/16 03:11:59.098 Add Basket MarketNo：2 StockIdx：1713
[9464] 2025/11/16 03:11:59.098 Divide StockNo {RVF00}
[9464] 2025/11/16 03:11:59.098 Add Basket MarketNo：2 StockIdx：1719
[9464] 2025/11/16 03:11:59.098 Divide StockNo {RWF00}
[9464] 2025/11/16 03:11:59.098 Add Basket MarketNo：2 StockIdx：1725
[9464] 2025/11/16 03:11:59.098 Divide StockNo {RXF00}
[9464] 2025/11/16 03:11:59.098 Add Basket MarketNo：2 StockIdx：1731
[9464] 2025/11/16 03:11:59.098 Divide StockNo {RYF00}
[9464] 2025/11/16 03:11:59.098 Add Basket MarketNo：2 StockIdx：1737
[9464] 2025/11/16 03:11:59.098 Divide StockNo {RZF00}
[9464] 2025/11/16 03:11:59.098 Add Basket MarketNo：2 StockIdx：5680
[9464] 2025/11/16 03:11:59.098 Divide StockNo {SAF00}
[9464] 2025/11/16 03:11:59.098 Add Basket MarketNo：2 StockIdx：1749
[9464] 2025/11/16 03:11:59.098 Divide StockNo {SBF00}
[9464] 2025/11/16 03:11:59.098 Add Basket MarketNo：2 StockIdx：1755
[9464] 2025/11/16 03:11:59.098 Divide StockNo {SCF00}
[9464] 2025/11/16 03:11:59.098 Add Basket MarketNo：2 StockIdx：1761
[9464] 2025/11/16 03:11:59.098 Divide StockNo {SDF00}
[9464] 2025/11/16 03:11:59.098 Add Basket MarketNo：2 StockIdx：1767
[9464] 2025/11/16 03:11:59.098 Divide StockNo {SEF00}
[9464] 2025/11/16 03:11:59.098 Add Basket MarketNo：2 StockIdx：1773
[9464] 2025/11/16 03:11:59.098 Divide StockNo {SFF00}
[9464] 2025/11/16 03:11:59.098 Add Basket MarketNo：2 StockIdx：1779
[9464] 2025/11/16 03:11:59.098 Divide StockNo {SGF00}
[9464] 2025/11/16 03:11:59.098 Add Basket MarketNo：2 StockIdx：1785
[9464] 2025/11/16 03:11:59.098 Divide StockNo {SIF00}
[9464] 2025/11/16 03:11:59.098 Add Basket MarketNo：2 StockIdx：1791
[9464] 2025/11/16 03:11:59.098 Divide StockNo {SJF00}
[9464] 2025/11/16 03:11:59.098 Add Basket MarketNo：2 StockIdx：1797
[9464] 2025/11/16 03:11:59.098 Divide StockNo {SKF00}
[9464] 2025/11/16 03:11:59.098 Add Basket MarketNo：2 StockIdx：1803
[9464] 2025/11/16 03:11:59.098 Divide StockNo {SLF00}
[9464] 2025/11/16 03:11:59.098 Add Basket MarketNo：2 StockIdx：1809
[9464] 2025/11/16 03:11:59.098 Divide StockNo {SMF00}
[9464] 2025/11/16 03:11:59.098 Add Basket MarketNo：2 StockIdx：1815
[9464] 2025/11/16 03:11:59.098 Divide StockNo {SNF00}
[9464] 2025/11/16 03:11:59.098 Add Basket MarketNo：2 StockIdx：1821
[9464] 2025/11/16 03:11:59.098 Divide StockNo {SQF00}
[9464] 2025/11/16 03:11:59.098 Add Basket MarketNo：2 StockIdx：1827
[9464] 2025/11/16 03:11:59.098 Divide StockNo {SRF00}
[9464] 2025/11/16 03:11:59.098 Add Basket MarketNo：2 StockIdx：5686
[9464] 2025/11/16 03:11:59.098 Divide StockNo {SSF00}
[9464] 2025/11/16 03:11:59.098 Add Basket MarketNo：2 StockIdx：1840
[9464] 2025/11/16 03:11:59.098 Divide StockNo {SUF00}
[9464] 2025/11/16 03:11:59.098 Add Basket MarketNo：2 StockIdx：1846
[9464] 2025/11/16 03:11:59.098 Divide StockNo {SVF00}
[9464] 2025/11/16 03:11:59.098 Add Basket MarketNo：2 StockIdx：1852
[9464] 2025/11/16 03:11:59.098 Divide StockNo {SWF00}
[9464] 2025/11/16 03:11:59.098 Add Basket MarketNo：2 StockIdx：1858
[9464] 2025/11/16 03:11:59.098 Divide StockNo {SYF00}
[9464] 2025/11/16 03:11:59.099 Add Basket MarketNo：2 StockIdx：1864
[9464] 2025/11/16 03:11:59.099 Divide StockNo {SZF00}
[9464] 2025/11/16 03:11:59.099 Add Basket MarketNo：2 StockIdx：1870
[9464] 2025/11/16 03:11:59.099 Divide StockNo {UAF00}
[9464] 2025/11/16 03:11:59.099 Add Basket MarketNo：2 StockIdx：1876
[9464] 2025/11/16 03:11:59.099 Divide StockNo {UBF00}
[9464] 2025/11/16 03:11:59.099 Add Basket MarketNo：2 StockIdx：1882
[9464] 2025/11/16 03:11:59.099 Divide StockNo {UCF00}
[9464] 2025/11/16 03:11:59.099 Add Basket MarketNo：2 StockIdx：1888
[9464] 2025/11/16 03:11:59.099 Divide StockNo {UEF00}
[9464] 2025/11/16 03:11:59.099 Add Basket MarketNo：2 StockIdx：1894
[9464] 2025/11/16 03:11:59.099 Divide StockNo {UFF00}
[9464] 2025/11/16 03:11:59.099 Add Basket MarketNo：2 StockIdx：1900
[9464] 2025/11/16 03:11:59.099 Divide StockNo {UGF00}
[9464] 2025/11/16 03:11:59.099 Add Basket MarketNo：2 StockIdx：1906
[9464] 2025/11/16 03:11:59.099 Divide StockNo {UHF00}
[9464] 2025/11/16 03:11:59.099 Add Basket MarketNo：2 StockIdx：1912
[9464] 2025/11/16 03:11:59.099 Divide StockNo {UIF00}
[9464] 2025/11/16 03:11:59.099 Add Basket MarketNo：2 StockIdx：1918
[9464] 2025/11/16 03:11:59.099 Divide StockNo {UJF00}
[9464] 2025/11/16 03:11:59.099 Add Basket MarketNo：2 StockIdx：1924
[9464] 2025/11/16 03:11:59.099 Divide StockNo {UKF00}
[9464] 2025/11/16 03:11:59.099 Add Basket MarketNo：2 StockIdx：1930
[9464] 2025/11/16 03:11:59.099 Divide StockNo {ULF00}
[9464] 2025/11/16 03:11:59.099 Add Basket MarketNo：2 StockIdx：1936
[9464] 2025/11/16 03:11:59.099 Divide StockNo {UMF00}
[9464] 2025/11/16 03:11:59.099 Add Basket MarketNo：2 StockIdx：1942
[9464] 2025/11/16 03:11:59.099 Divide StockNo {UOF00}
[9464] 2025/11/16 03:11:59.099 Add Basket MarketNo：2 StockIdx：1948
[9464] 2025/11/16 03:11:59.099 Divide StockNo {UPF00}
[9464] 2025/11/16 03:11:59.099 Add Basket MarketNo：2 StockIdx：1954
[9464] 2025/11/16 03:11:59.099 Divide StockNo {UQF00}
[9464] 2025/11/16 03:11:59.099 Add Basket MarketNo：2 StockIdx：1960
[9464] 2025/11/16 03:11:59.099 Divide StockNo {URF00}
[9464] 2025/11/16 03:11:59.099 Add Basket MarketNo：2 StockIdx：1967
[9464] 2025/11/16 03:11:59.099 Divide StockNo {USF00}
[9464] 2025/11/16 03:11:59.099 Add Basket MarketNo：2 StockIdx：1973
[9464] 2025/11/16 03:11:59.099 Divide StockNo {UTF00}
[9464] 2025/11/16 03:11:59.099 Add Basket MarketNo：2 StockIdx：1979
[9464] 2025/11/16 03:11:59.099 Divide StockNo {UUF00}
[9464] 2025/11/16 03:11:59.099 Add Basket MarketNo：2 StockIdx：1985
[9464] 2025/11/16 03:11:59.099 Divide StockNo {UVF00}
[9464] 2025/11/16 03:11:59.099 Add Basket MarketNo：2 StockIdx：1991
[9464] 2025/11/16 03:11:59.099 Divide StockNo {UWF00}
[9464] 2025/11/16 03:11:59.099 Add Basket MarketNo：2 StockIdx：1997
[9464] 2025/11/16 03:11:59.099 Divide StockNo {0050}
[9464] 2025/11/16 03:11:59.099 Add Basket MarketNo：0 StockIdx：0
[9464] 2025/11/16 03:11:59.099 Divide StockNo {0056}
[9464] 2025/11/16 03:11:59.099 Add Basket MarketNo：0 StockIdx：5
[9464] 2025/11/16 03:11:59.099 Divide StockNo {006205}
[9464] 2025/11/16 03:11:59.099 Add Basket MarketNo：0 StockIdx：10
[9464] 2025/11/16 03:11:59.099 Divide StockNo {006206}
[9464] 2025/11/16 03:11:59.099 Add Basket MarketNo：0 StockIdx：11
[9464] 2025/11/16 03:11:59.099 Divide StockNo {00636}
[9464] 2025/11/16 03:11:59.099 Add Basket MarketNo：0 StockIdx：20
[9464] 2025/11/16 03:11:59.099 Divide StockNo {00639}
[9464] 2025/11/16 03:11:59.099 Add Basket MarketNo：0 StockIdx：24
[9464] 2025/11/16 03:11:59.099 Divide StockNo {00643}
[9464] 2025/11/16 03:11:59.099 Add Basket MarketNo：0 StockIdx：28
[9464] 2025/11/16 03:11:59.099 Divide StockNo {00679B}
[9464] 2025/11/16 03:11:59.099 Add Basket MarketNo：1 StockIdx：1
[9464] 2025/11/16 03:11:59.099 Divide StockNo {00687B}
[9464] 2025/11/16 03:11:59.099 Add Basket MarketNo：1 StockIdx：2
[9464] 2025/11/16 03:11:59.099 Divide StockNo {00719B}
[9464] 2025/11/16 03:11:59.099 Add Basket MarketNo：1 StockIdx：8
[9464] 2025/11/16 03:11:59.099 Divide StockNo {00757}
[9464] 2025/11/16 03:11:59.099 Add Basket MarketNo：0 StockIdx：98
[9464] 2025/11/16 03:11:59.099 Divide StockNo {00772B}
[9464] 2025/11/16 03:11:59.099 Add Basket MarketNo：1 StockIdx：32
[9464] 2025/11/16 03:11:59.099 Divide StockNo {00878}
[9464] 2025/11/16 03:11:59.099 Add Basket MarketNo：0 StockIdx：113
[9464] 2025/11/16 03:11:59.100 Divide StockNo {00885}
[9464] 2025/11/16 03:11:59.100 Add Basket MarketNo：0 StockIdx：116
[9464] 2025/11/16 03:11:59.100 Divide StockNo {00893}
[9464] 2025/11/16 03:11:59.100 Add Basket MarketNo：0 StockIdx：119
[9464] 2025/11/16 03:11:59.100 Divide StockNo {00919}
[9464] 2025/11/16 03:11:59.100 Add Basket MarketNo：0 StockIdx：143
[9464] 2025/11/16 03:11:59.100 Divide StockNo {00923}
[9464] 2025/11/16 03:11:59.100 Add Basket MarketNo：0 StockIdx：147
[9464] 2025/11/16 03:11:59.100 Divide StockNo {00929}
[9464] 2025/11/16 03:11:59.100 Add Basket MarketNo：0 StockIdx：151
[9464] 2025/11/16 03:11:59.100 Divide StockNo {00937B}
[9464] 2025/11/16 03:11:59.100 Add Basket MarketNo：1 StockIdx：82
[9464] 2025/11/16 03:11:59.100 Divide StockNo {00940}
[9464] 2025/11/16 03:11:59.100 Add Basket MarketNo：0 StockIdx：159
[9464] 2025/11/16 03:11:59.100 Divide StockNo {1101}
[9464] 2025/11/16 03:11:59.100 Add Basket MarketNo：0 StockIdx：33419
[9464] 2025/11/16 03:11:59.100 Divide StockNo {1102}
[9464] 2025/11/16 03:11:59.100 Add Basket MarketNo：0 StockIdx：33421
[9464] 2025/11/16 03:11:59.100 Divide StockNo {1210}
[9464] 2025/11/16 03:11:59.100 Add Basket MarketNo：0 StockIdx：33429
[9464] 2025/11/16 03:11:59.100 Divide StockNo {1216}
[9464] 2025/11/16 03:11:59.100 Add Basket MarketNo：0 StockIdx：33432
[9464] 2025/11/16 03:11:59.100 Divide StockNo {1301}
[9464] 2025/11/16 03:11:59.100 Add Basket MarketNo：0 StockIdx：33447
[9464] 2025/11/16 03:11:59.100 Divide StockNo {1303}
[9464] 2025/11/16 03:11:59.100 Add Basket MarketNo：0 StockIdx：33448
[9464] 2025/11/16 03:11:59.100 Divide StockNo {1312}
[9464] 2025/11/16 03:11:59.100 Add Basket MarketNo：0 StockIdx：33455
[9464] 2025/11/16 03:11:59.100 Divide StockNo {1314}
[9464] 2025/11/16 03:11:59.100 Add Basket MarketNo：0 StockIdx：33458
[9464] 2025/11/16 03:11:59.100 Divide StockNo {1319}
[9464] 2025/11/16 03:11:59.100 Add Basket MarketNo：0 StockIdx：33461
[9464] 2025/11/16 03:11:59.100 Divide StockNo {1326}
[9464] 2025/11/16 03:11:59.100 Add Basket MarketNo：0 StockIdx：33466
[9464] 2025/11/16 03:11:59.100 Divide StockNo {1402}
[9464] 2025/11/16 03:11:59.100 Add Basket MarketNo：0 StockIdx：33473
[9464] 2025/11/16 03:11:59.100 Divide StockNo {1440}
[9464] 2025/11/16 03:11:59.100 Add Basket MarketNo：0 StockIdx：33490
[9464] 2025/11/16 03:11:59.100 Divide StockNo {1476}
[9464] 2025/11/16 03:11:59.100 Add Basket MarketNo：0 StockIdx：33520
[9464] 2025/11/16 03:11:59.100 Divide StockNo {1477}
[9464] 2025/11/16 03:11:59.100 Add Basket MarketNo：0 StockIdx：33521
[9464] 2025/11/16 03:11:59.100 Divide StockNo {1503}
[9464] 2025/11/16 03:11:59.100 Add Basket MarketNo：0 StockIdx：33522
[9464] 2025/11/16 03:11:59.100 Divide StockNo {1504}
[9464] 2025/11/16 03:11:59.100 Add Basket MarketNo：0 StockIdx：33523
[9464] 2025/11/16 03:11:59.100 Divide StockNo {1513}
[9464] 2025/11/16 03:11:59.100 Add Basket MarketNo：0 StockIdx：33526
[9464] 2025/11/16 03:11:59.100 Divide StockNo {1536}
[9464] 2025/11/16 03:11:59.100 Add Basket MarketNo：0 StockIdx：33546
[9464] 2025/11/16 03:11:59.100 Divide StockNo {1565}
[9464] 2025/11/16 03:11:59.100 Add Basket MarketNo：1 StockIdx：140
[9464] 2025/11/16 03:11:59.100 Divide StockNo {1590}
[9464] 2025/11/16 03:11:59.100 Add Basket MarketNo：0 StockIdx：33560
[9464] 2025/11/16 03:11:59.100 Divide StockNo {1605}
[9464] 2025/11/16 03:11:59.100 Add Basket MarketNo：0 StockIdx：33565
[9464] 2025/11/16 03:11:59.100 Divide StockNo {1609}
[9464] 2025/11/16 03:11:59.100 Add Basket MarketNo：0 StockIdx：33567
[9464] 2025/11/16 03:11:59.100 Divide StockNo {1707}
[9464] 2025/11/16 03:11:59.100 Add Basket MarketNo：0 StockIdx：33577
[9464] 2025/11/16 03:11:59.100 Divide StockNo {1717}
[9464] 2025/11/16 03:11:59.100 Add Basket MarketNo：0 StockIdx：33585
[9464] 2025/11/16 03:11:59.100 Divide StockNo {1718}
[9464] 2025/11/16 03:11:59.100 Add Basket MarketNo：0 StockIdx：33586
[9464] 2025/11/16 03:11:59.100 Divide StockNo {1722}
[9464] 2025/11/16 03:11:59.100 Add Basket MarketNo：0 StockIdx：33589
[9464] 2025/11/16 03:11:59.100 Divide StockNo {1795}
[9464] 2025/11/16 03:11:59.100 Add Basket MarketNo：0 StockIdx：33610
[9464] 2025/11/16 03:11:59.100 Divide StockNo {1802}
[9464] 2025/11/16 03:11:59.100 Add Basket MarketNo：0 StockIdx：33611
[9464] 2025/11/16 03:11:59.100 Divide StockNo {1904}
[9464] 2025/11/16 03:11:59.100 Add Basket MarketNo：0 StockIdx：33618
[9464] 2025/11/16 03:11:59.100 Divide StockNo {1905}
[9464] 2025/11/16 03:11:59.101 Add Basket MarketNo：0 StockIdx：33619
[9464] 2025/11/16 03:11:59.101 Divide StockNo {1907}
[9464] 2025/11/16 03:11:59.101 Add Basket MarketNo：0 StockIdx：33621
[9464] 2025/11/16 03:11:59.101 Divide StockNo {1909}
[9464] 2025/11/16 03:11:59.101 Add Basket MarketNo：0 StockIdx：33622
[9464] 2025/11/16 03:11:59.101 Divide StockNo {2002}
[9464] 2025/11/16 03:11:59.101 Add Basket MarketNo：0 StockIdx：33623
[9464] 2025/11/16 03:11:59.101 Divide StockNo {2006}
[9464] 2025/11/16 03:11:59.101 Add Basket MarketNo：0 StockIdx：33625
[9464] 2025/11/16 03:11:59.101 Divide StockNo {2014}
[9464] 2025/11/16 03:11:59.101 Add Basket MarketNo：0 StockIdx：33632
[9464] 2025/11/16 03:11:59.101 Divide StockNo {2027}
[9464] 2025/11/16 03:11:59.101 Add Basket MarketNo：0 StockIdx：33640
[9464] 2025/11/16 03:11:59.101 Divide StockNo {2049}
[9464] 2025/11/16 03:11:59.101 Add Basket MarketNo：0 StockIdx：33649
[9464] 2025/11/16 03:11:59.101 Divide StockNo {2059}
[9464] 2025/11/16 03:11:59.101 Add Basket MarketNo：0 StockIdx：33650
[9464] 2025/11/16 03:11:59.101 Divide StockNo {2105}
[9464] 2025/11/16 03:11:59.101 Add Basket MarketNo：0 StockIdx：33657
[9464] 2025/11/16 03:11:59.101 Divide StockNo {2201}
[9464] 2025/11/16 03:11:59.101 Add Basket MarketNo：0 StockIdx：33664
[9464] 2025/11/16 03:11:59.101 Divide StockNo {2231}
[9464] 2025/11/16 03:11:59.101 Add Basket MarketNo：0 StockIdx：33672
[9464] 2025/11/16 03:11:59.101 Divide StockNo {2301}
[9464] 2025/11/16 03:11:59.101 Add Basket MarketNo：0 StockIdx：33683
[9464] 2025/11/16 03:11:59.101 Divide StockNo {2303}
[9464] 2025/11/16 03:11:59.101 Add Basket MarketNo：0 StockIdx：33685
[9464] 2025/11/16 03:11:59.101 Divide StockNo {2308}
[9464] 2025/11/16 03:11:59.101 Add Basket MarketNo：0 StockIdx：33687
[9464] 2025/11/16 03:11:59.101 Divide StockNo {2312}
[9464] 2025/11/16 03:11:59.101 Add Basket MarketNo：0 StockIdx：33688
[9464] 2025/11/16 03:11:59.101 Divide StockNo {2313}
[9464] 2025/11/16 03:11:59.101 Add Basket MarketNo：0 StockIdx：33689
[9464] 2025/11/16 03:11:59.101 Divide StockNo {2317}
[9464] 2025/11/16 03:11:59.101 Add Basket MarketNo：0 StockIdx：33692
[9464] 2025/11/16 03:11:59.101 Divide StockNo {2323}
[9464] 2025/11/16 03:11:59.101 Add Basket MarketNo：0 StockIdx：33694
[9464] 2025/11/16 03:11:59.101 Divide StockNo {2324}
[9464] 2025/11/16 03:11:59.101 Add Basket MarketNo：0 StockIdx：33695
[9464] 2025/11/16 03:11:59.101 Divide StockNo {2327}
[9464] 2025/11/16 03:11:59.101 Add Basket MarketNo：0 StockIdx：33696
[9464] 2025/11/16 03:11:59.101 Divide StockNo {2328}
[9464] 2025/11/16 03:11:59.101 Add Basket MarketNo：0 StockIdx：33697
[9464] 2025/11/16 03:11:59.101 Divide StockNo {2330}
[9464] 2025/11/16 03:11:59.101 Add Basket MarketNo：0 StockIdx：33699
[9464] 2025/11/16 03:11:59.101 Divide StockNo {2331}
[9464] 2025/11/16 03:11:59.101 Add Basket MarketNo：0 StockIdx：33700
[9464] 2025/11/16 03:11:59.101 Divide StockNo {2332}
[9464] 2025/11/16 03:11:59.101 Add Basket MarketNo：0 StockIdx：33701
[9464] 2025/11/16 03:11:59.101 Divide StockNo {2337}
[9464] 2025/11/16 03:11:59.101 Add Basket MarketNo：0 StockIdx：33702
[9464] 2025/11/16 03:11:59.101 Divide StockNo {2338}
[9464] 2025/11/16 03:11:59.101 Add Basket MarketNo：0 StockIdx：33703
[9464] 2025/11/16 03:11:59.101 Divide StockNo {2340}
[9464] 2025/11/16 03:11:59.101 Add Basket MarketNo：0 StockIdx：33704
[9464] 2025/11/16 03:11:59.101 Divide StockNo {2344}
[9464] 2025/11/16 03:11:59.101 Add Basket MarketNo：0 StockIdx：33706
[9464] 2025/11/16 03:11:59.101 Divide StockNo {2345}
[9464] 2025/11/16 03:11:59.101 Add Basket MarketNo：0 StockIdx：33707
[9464] 2025/11/16 03:11:59.101 Divide StockNo {2347}
[9464] 2025/11/16 03:11:59.101 Add Basket MarketNo：0 StockIdx：33708
[9464] 2025/11/16 03:11:59.101 Divide StockNo {2352}
[9464] 2025/11/16 03:11:59.101 Add Basket MarketNo：0 StockIdx：33713
[9464] 2025/11/16 03:11:59.102 Divide StockNo {2353}
[9464] 2025/11/16 03:11:59.102 Add Basket MarketNo：0 StockIdx：33714
[9464] 2025/11/16 03:11:59.102 Divide StockNo {2354}
[9464] 2025/11/16 03:11:59.102 Add Basket MarketNo：0 StockIdx：33715
[9464] 2025/11/16 03:11:59.102 Divide StockNo {2355}
[9464] 2025/11/16 03:11:59.102 Add Basket MarketNo：0 StockIdx：33716
[9464] 2025/11/16 03:11:59.102 Divide StockNo {2356}
[9464] 2025/11/16 03:11:59.102 Add Basket MarketNo：0 StockIdx：33717
[9464] 2025/11/16 03:11:59.102 Divide StockNo {2357}
[9464] 2025/11/16 03:11:59.102 Add Basket MarketNo：0 StockIdx：33718
[9464] 2025/11/16 03:11:59.102 Divide StockNo {2360}
[9464] 2025/11/16 03:11:59.102 Add Basket MarketNo：0 StockIdx：33720
[9464] 2025/11/16 03:11:59.102 Divide StockNo {2368}
[9464] 2025/11/16 03:11:59.102 Add Basket MarketNo：0 StockIdx：33726
[9464] 2025/11/16 03:11:59.102 Divide StockNo {2371}
[9464] 2025/11/16 03:11:59.102 Add Basket MarketNo：0 StockIdx：33728
[9464] 2025/11/16 03:11:59.102 Divide StockNo {2376}
[9464] 2025/11/16 03:11:59.102 Add Basket MarketNo：0 StockIdx：33732
[9464] 2025/11/16 03:11:59.102 Divide StockNo {2377}
[9464] 2025/11/16 03:11:59.102 Add Basket MarketNo：0 StockIdx：33733
[9464] 2025/11/16 03:11:59.102 Divide StockNo {2379}
[9464] 2025/11/16 03:11:59.102 Add Basket MarketNo：0 StockIdx：33734
[9464] 2025/11/16 03:11:59.102 Divide StockNo {2382}
[9464] 2025/11/16 03:11:59.102 Add Basket MarketNo：0 StockIdx：33736
[9464] 2025/11/16 03:11:59.102 Divide StockNo {2383}
[9464] 2025/11/16 03:11:59.102 Add Basket MarketNo：0 StockIdx：33737
[9464] 2025/11/16 03:11:59.102 Divide StockNo {2385}
[9464] 2025/11/16 03:11:59.102 Add Basket MarketNo：0 StockIdx：33738
[9464] 2025/11/16 03:11:59.102 Divide StockNo {2388}
[9464] 2025/11/16 03:11:59.102 Add Basket MarketNo：0 StockIdx：33740
[9464] 2025/11/16 03:11:59.102 Divide StockNo {2392}
[9464] 2025/11/16 03:11:59.102 Add Basket MarketNo：0 StockIdx：33742
[9464] 2025/11/16 03:11:59.102 Divide StockNo {2393}
[9464] 2025/11/16 03:11:59.102 Add Basket MarketNo：0 StockIdx：33743
[9464] 2025/11/16 03:11:59.102 Divide StockNo {2401}
[9464] 2025/11/16 03:11:59.102 Add Basket MarketNo：0 StockIdx：33747
[9464] 2025/11/16 03:11:59.102 Divide StockNo {2404}
[9464] 2025/11/16 03:11:59.102 Add Basket MarketNo：0 StockIdx：33749
[9464] 2025/11/16 03:11:59.102 Divide StockNo {2408}
[9464] 2025/11/16 03:11:59.102 Add Basket MarketNo：0 StockIdx：33752
[9464] 2025/11/16 03:11:59.102 Divide StockNo {2409}
[9464] 2025/11/16 03:11:59.102 Add Basket MarketNo：0 StockIdx：33753
[9464] 2025/11/16 03:11:59.102 Divide StockNo {2412}
[9464] 2025/11/16 03:11:59.102 Add Basket MarketNo：0 StockIdx：33754
[9464] 2025/11/16 03:11:59.102 Divide StockNo {2439}
[9464] 2025/11/16 03:11:59.102 Add Basket MarketNo：0 StockIdx：33776
[9464] 2025/11/16 03:11:59.102 Divide StockNo {2441}
[9464] 2025/11/16 03:11:59.102 Add Basket MarketNo：0 StockIdx：33778
[9464] 2025/11/16 03:11:59.102 Divide StockNo {2449}
[9464] 2025/11/16 03:11:59.102 Add Basket MarketNo：0 StockIdx：33781
[9464] 2025/11/16 03:11:59.102 Divide StockNo {2454}
[9464] 2025/11/16 03:11:59.102 Add Basket MarketNo：0 StockIdx：33785
[9464] 2025/11/16 03:11:59.102 Divide StockNo {2455}
[9464] 2025/11/16 03:11:59.102 Add Basket MarketNo：0 StockIdx：33786
[9464] 2025/11/16 03:11:59.102 Divide StockNo {2457}
[9464] 2025/11/16 03:11:59.102 Add Basket MarketNo：0 StockIdx：33787
[9464] 2025/11/16 03:11:59.102 Divide StockNo {2458}
[9464] 2025/11/16 03:11:59.102 Add Basket MarketNo：0 StockIdx：33788
[9464] 2025/11/16 03:11:59.102 Divide StockNo {2474}
[9464] 2025/11/16 03:11:59.102 Add Basket MarketNo：0 StockIdx：33800
[9464] 2025/11/16 03:11:59.102 Divide StockNo {2481}
[9464] 2025/11/16 03:11:59.102 Add Basket MarketNo：0 StockIdx：33805
[9464] 2025/11/16 03:11:59.102 Divide StockNo {2485}
[9464] 2025/11/16 03:11:59.102 Add Basket MarketNo：0 StockIdx：33809
[9464] 2025/11/16 03:11:59.102 Divide StockNo {2486}
[9464] 2025/11/16 03:11:59.102 Add Basket MarketNo：0 StockIdx：33810
[9464] 2025/11/16 03:11:59.102 Divide StockNo {2489}
[9464] 2025/11/16 03:11:59.103 Add Basket MarketNo：0 StockIdx：33812
[9464] 2025/11/16 03:11:59.103 Divide StockNo {2492}
[9464] 2025/11/16 03:11:59.103 Add Basket MarketNo：0 StockIdx：33814
[9464] 2025/11/16 03:11:59.103 Divide StockNo {2498}
[9464] 2025/11/16 03:11:59.103 Add Basket MarketNo：0 StockIdx：33819
[9464] 2025/11/16 03:11:59.103 Divide StockNo {2515}
[9464] 2025/11/16 03:11:59.103 Add Basket MarketNo：0 StockIdx：33827
[9464] 2025/11/16 03:11:59.103 Divide StockNo {2520}
[9464] 2025/11/16 03:11:59.103 Add Basket MarketNo：0 StockIdx：33829
[9464] 2025/11/16 03:11:59.103 Divide StockNo {2542}
[9464] 2025/11/16 03:11:59.103 Add Basket MarketNo：0 StockIdx：33841
[9464] 2025/11/16 03:11:59.103 Divide StockNo {2548}
[9464] 2025/11/16 03:11:59.103 Add Basket MarketNo：0 StockIdx：33846
[9464] 2025/11/16 03:11:59.103 Divide StockNo {2603}
[9464] 2025/11/16 03:11:59.103 Add Basket MarketNo：0 StockIdx：33849
[9464] 2025/11/16 03:11:59.103 Divide StockNo {2605}
[9464] 2025/11/16 03:11:59.103 Add Basket MarketNo：0 StockIdx：33850
[9464] 2025/11/16 03:11:59.103 Divide StockNo {2606}
[9464] 2025/11/16 03:11:59.103 Add Basket MarketNo：0 StockIdx：33851
[9464] 2025/11/16 03:11:59.103 Divide StockNo {2609}
[9464] 2025/11/16 03:11:59.103 Add Basket MarketNo：0 StockIdx：33854
[9464] 2025/11/16 03:11:59.103 Divide StockNo {2610}
[9464] 2025/11/16 03:11:59.103 Add Basket MarketNo：0 StockIdx：33855
[9464] 2025/11/16 03:11:59.103 Divide StockNo {2615}
[9464] 2025/11/16 03:11:59.103 Add Basket MarketNo：0 StockIdx：33860
[9464] 2025/11/16 03:11:59.103 Divide StockNo {2618}
[9464] 2025/11/16 03:11:59.103 Add Basket MarketNo：0 StockIdx：33863
[9464] 2025/11/16 03:11:59.103 Divide StockNo {2633}
[9464] 2025/11/16 03:11:59.103 Add Basket MarketNo：0 StockIdx：33865
[9464] 2025/11/16 03:11:59.103 Divide StockNo {2634}
[9464] 2025/11/16 03:11:59.103 Add Basket MarketNo：0 StockIdx：33866
[9464] 2025/11/16 03:11:59.103 Divide StockNo {2801}
[9464] 2025/11/16 03:11:59.103 Add Basket MarketNo：0 StockIdx：33887
[9464] 2025/11/16 03:11:59.103 Divide StockNo {2834}
[9464] 2025/11/16 03:11:59.103 Add Basket MarketNo：0 StockIdx：33892
[9464] 2025/11/16 03:11:59.103 Divide StockNo {2880}
[9464] 2025/11/16 03:11:59.103 Add Basket MarketNo：0 StockIdx：33904
[9464] 2025/11/16 03:11:59.103 Divide StockNo {2881}
[9464] 2025/11/16 03:11:59.103 Add Basket MarketNo：0 StockIdx：33905
[9464] 2025/11/16 03:11:59.103 Divide StockNo {2882}
[9464] 2025/11/16 03:11:59.103 Add Basket MarketNo：0 StockIdx：33909
[9464] 2025/11/16 03:11:59.103 Divide StockNo {2883}
[9464] 2025/11/16 03:11:59.103 Add Basket MarketNo：0 StockIdx：33912
[9464] 2025/11/16 03:11:59.103 Divide StockNo {2884}
[9464] 2025/11/16 03:11:59.103 Add Basket MarketNo：0 StockIdx：33914
[9464] 2025/11/16 03:11:59.103 Divide StockNo {2885}
[9464] 2025/11/16 03:11:59.103 Add Basket MarketNo：0 StockIdx：33915
[9464] 2025/11/16 03:11:59.103 Divide StockNo {2886}
[9464] 2025/11/16 03:11:59.103 Add Basket MarketNo：0 StockIdx：33916
[9464] 2025/11/16 03:11:59.103 Divide StockNo {2887}
[9464] 2025/11/16 03:11:59.103 Add Basket MarketNo：0 StockIdx：33917
[9464] 2025/11/16 03:11:59.103 Divide StockNo {2888}
[9464] 2025/11/16 03:11:59.103 Stock Is Not Exist 
[9464] 2025/11/16 03:11:59.103 Divide StockNo {2890}
[9464] 2025/11/16 03:11:59.103 Add Basket MarketNo：0 StockIdx：33925
[9464] 2025/11/16 03:11:59.103 Divide StockNo {2891}
[9464] 2025/11/16 03:11:59.103 Add Basket MarketNo：0 StockIdx：33926
[9464] 2025/11/16 03:11:59.103 Divide StockNo {2892}
[9464] 2025/11/16 03:11:59.103 Add Basket MarketNo：0 StockIdx：33929
[9464] 2025/11/16 03:11:59.103 Divide StockNo {2913}
[9464] 2025/11/16 03:11:59.103 Add Basket MarketNo：0 StockIdx：33941
[9464] 2025/11/16 03:11:59.103 Divide StockNo {2915}
[9464] 2025/11/16 03:11:59.103 Add Basket MarketNo：0 StockIdx：33942
[9464] 2025/11/16 03:11:59.103 Divide StockNo {3005}
[9464] 2025/11/16 03:11:59.103 Add Basket MarketNo：0 StockIdx：33950
[9464] 2025/11/16 03:11:59.103 Divide StockNo {3006}
[9464] 2025/11/16 03:11:59.103 Add Basket MarketNo：0 StockIdx：33951
[9464] 2025/11/16 03:11:59.103 Divide StockNo {3008}
[9464] 2025/11/16 03:11:59.103 Add Basket MarketNo：0 StockIdx：33952
[9464] 2025/11/16 03:11:59.104 Divide StockNo {3017}
[9464] 2025/11/16 03:11:59.104 Add Basket MarketNo：0 StockIdx：33959
[9464] 2025/11/16 03:11:59.104 Divide StockNo {3019}
[9464] 2025/11/16 03:11:59.104 Add Basket MarketNo：0 StockIdx：33961
[9464] 2025/11/16 03:11:59.104 Divide StockNo {3034}
[9464] 2025/11/16 03:11:59.104 Add Basket MarketNo：0 StockIdx：33975
[9464] 2025/11/16 03:11:59.104 Divide StockNo {3035}
[9464] 2025/11/16 03:11:59.104 Add Basket MarketNo：0 StockIdx：33976
[9464] 2025/11/16 03:11:59.104 Divide StockNo {3036}
[9464] 2025/11/16 03:11:59.104 Add Basket MarketNo：0 StockIdx：33977
[9464] 2025/11/16 03:11:59.104 Divide StockNo {3037}
[9464] 2025/11/16 03:11:59.104 Add Basket MarketNo：0 StockIdx：33979
[9464] 2025/11/16 03:11:59.104 Divide StockNo {3042}
[9464] 2025/11/16 03:11:59.104 Add Basket MarketNo：0 StockIdx：33983
[9464] 2025/11/16 03:11:59.104 Divide StockNo {3044}
[9464] 2025/11/16 03:11:59.104 Add Basket MarketNo：0 StockIdx：33985
[9464] 2025/11/16 03:11:59.104 Divide StockNo {3045}
[9464] 2025/11/16 03:11:59.104 Add Basket MarketNo：0 StockIdx：33986
[9464] 2025/11/16 03:11:59.104 Divide StockNo {3078}
[9464] 2025/11/16 03:11:59.104 Add Basket MarketNo：1 StockIdx：270
[9464] 2025/11/16 03:11:59.104 Divide StockNo {3081}
[9464] 2025/11/16 03:11:59.104 Add Basket MarketNo：1 StockIdx：271
[9464] 2025/11/16 03:11:59.104 Divide StockNo {3105}
[9464] 2025/11/16 03:11:59.104 Add Basket MarketNo：1 StockIdx：281
[9464] 2025/11/16 03:11:59.104 Divide StockNo {3152}
[9464] 2025/11/16 03:11:59.104 Add Basket MarketNo：1 StockIdx：296
[9464] 2025/11/16 03:11:59.104 Divide StockNo {3189}
[9464] 2025/11/16 03:11:59.104 Add Basket MarketNo：0 StockIdx：34013
[9464] 2025/11/16 03:11:59.104 Divide StockNo {3227}
[9464] 2025/11/16 03:11:59.104 Add Basket MarketNo：1 StockIdx：319
[9464] 2025/11/16 03:11:59.104 Divide StockNo {3231}
[9464] 2025/11/16 03:11:59.104 Add Basket MarketNo：0 StockIdx：34016
[9464] 2025/11/16 03:11:59.104 Divide StockNo {3260}
[9464] 2025/11/16 03:11:59.104 Add Basket MarketNo：1 StockIdx：328
[9464] 2025/11/16 03:11:59.104 Divide StockNo {3264}
[9464] 2025/11/16 03:11:59.104 Add Basket MarketNo：1 StockIdx：329
[9464] 2025/11/16 03:11:59.104 Divide StockNo {3293}
[9464] 2025/11/16 03:11:59.104 Add Basket MarketNo：1 StockIdx：342
[9464] 2025/11/16 03:11:59.104 Divide StockNo {3324}
[9464] 2025/11/16 03:11:59.104 Add Basket MarketNo：1 StockIdx：358
[9464] 2025/11/16 03:11:59.104 Divide StockNo {3374}
[9464] 2025/11/16 03:11:59.104 Add Basket MarketNo：1 StockIdx：375
[9464] 2025/11/16 03:11:59.104 Divide StockNo {3376}
[9464] 2025/11/16 03:11:59.104 Add Basket MarketNo：0 StockIdx：34028
[9464] 2025/11/16 03:11:59.104 Divide StockNo {3380}
[9464] 2025/11/16 03:11:59.104 Add Basket MarketNo：0 StockIdx：34029
[9464] 2025/11/16 03:11:59.104 Divide StockNo {3406}
[9464] 2025/11/16 03:11:59.104 Add Basket MarketNo：0 StockIdx：34030
[9464] 2025/11/16 03:11:59.104 Divide StockNo {3443}
[9464] 2025/11/16 03:11:59.104 Add Basket MarketNo：0 StockIdx：34036
[9464] 2025/11/16 03:11:59.104 Divide StockNo {3481}
[9464] 2025/11/16 03:11:59.104 Add Basket MarketNo：0 StockIdx：34040
[9464] 2025/11/16 03:11:59.104 Divide StockNo {3529}
[9464] 2025/11/16 03:11:59.104 Add Basket MarketNo：1 StockIdx：424
[9464] 2025/11/16 03:11:59.104 Divide StockNo {3532}
[9464] 2025/11/16 03:11:59.104 Add Basket MarketNo：0 StockIdx：34048
[9464] 2025/11/16 03:11:59.104 Divide StockNo {3533}
[9464] 2025/11/16 03:11:59.104 Add Basket MarketNo：0 StockIdx：34049
[9464] 2025/11/16 03:11:59.104 Divide StockNo {3552}
[9464] 2025/11/16 03:11:59.104 Add Basket MarketNo：1 StockIdx：435
[9464] 2025/11/16 03:11:59.104 Divide StockNo {3653}
[9464] 2025/11/16 03:11:59.104 Add Basket MarketNo：0 StockIdx：34069
[9464] 2025/11/16 03:11:59.104 Divide StockNo {3661}
[9464] 2025/11/16 03:11:59.104 Add Basket MarketNo：0 StockIdx：34070
[9464] 2025/11/16 03:11:59.104 Divide StockNo {3673}
[9464] 2025/11/16 03:11:59.104 Add Basket MarketNo：0 StockIdx：34073
[9464] 2025/11/16 03:11:59.104 Divide StockNo {3680}
[9464] 2025/11/16 03:11:59.104 Add Basket MarketNo：1 StockIdx：474
[9464] 2025/11/16 03:11:59.104 Divide StockNo {3691}
[9464] 2025/11/16 03:11:59.104 Add Basket MarketNo：1 StockIdx：484
[9464] 2025/11/16 03:11:59.104 Divide StockNo {3702}
[9464] 2025/11/16 03:11:59.104 Add Basket MarketNo：0 StockIdx：34078
[9464] 2025/11/16 03:11:59.104 Divide StockNo {3706}
[9464] 2025/11/16 03:11:59.104 Add Basket MarketNo：0 StockIdx：34082
[9464] 2025/11/16 03:11:59.104 Divide StockNo {3711}
[9464] 2025/11/16 03:11:59.105 Add Basket MarketNo：0 StockIdx：34084
[9464] 2025/11/16 03:11:59.105 Divide StockNo {3714}
[9464] 2025/11/16 03:11:59.105 Add Basket MarketNo：0 StockIdx：34086
[9464] 2025/11/16 03:11:59.105 Divide StockNo {4123}
[9464] 2025/11/16 03:11:59.105 Add Basket MarketNo：1 StockIdx：509
[9464] 2025/11/16 03:11:59.105 Divide StockNo {4128}
[9464] 2025/11/16 03:11:59.105 Add Basket MarketNo：1 StockIdx：514
[9464] 2025/11/16 03:11:59.105 Divide StockNo {4162}
[9464] 2025/11/16 03:11:59.105 Add Basket MarketNo：1 StockIdx：528
[9464] 2025/11/16 03:11:59.105 Divide StockNo {4736}
[9464] 2025/11/16 03:11:59.105 Add Basket MarketNo：0 StockIdx：34131
[9464] 2025/11/16 03:11:59.105 Divide StockNo {4743}
[9464] 2025/11/16 03:11:59.105 Add Basket MarketNo：1 StockIdx：619
[9464] 2025/11/16 03:11:59.105 Divide StockNo {4904}
[9464] 2025/11/16 03:11:59.105 Add Basket MarketNo：0 StockIdx：34142
[9464] 2025/11/16 03:11:59.105 Divide StockNo {4919}
[9464] 2025/11/16 03:11:59.105 Add Basket MarketNo：0 StockIdx：34147
[9464] 2025/11/16 03:11:59.105 Divide StockNo {4938}
[9464] 2025/11/16 03:11:59.105 Add Basket MarketNo：0 StockIdx：34152
[9464] 2025/11/16 03:11:59.105 Divide StockNo {4958}
[9464] 2025/11/16 03:11:59.105 Add Basket MarketNo：0 StockIdx：34158
[9464] 2025/11/16 03:11:59.105 Divide StockNo {5009}
[9464] 2025/11/16 03:11:59.105 Add Basket MarketNo：1 StockIdx：661
[9464] 2025/11/16 03:11:59.105 Divide StockNo {5269}
[9464] 2025/11/16 03:11:59.105 Add Basket MarketNo：0 StockIdx：34177
[9464] 2025/11/16 03:11:59.105 Divide StockNo {5274}
[9464] 2025/11/16 03:11:59.105 Add Basket MarketNo：1 StockIdx：695
[9464] 2025/11/16 03:11:59.105 Divide StockNo {5347}
[9464] 2025/11/16 03:11:59.105 Add Basket MarketNo：1 StockIdx：719
[9464] 2025/11/16 03:11:59.105 Divide StockNo {5371}
[9464] 2025/11/16 03:11:59.105 Add Basket MarketNo：1 StockIdx：726
[9464] 2025/11/16 03:11:59.105 Divide StockNo {5388}
[9464] 2025/11/16 03:11:59.105 Add Basket MarketNo：0 StockIdx：34184
[9464] 2025/11/16 03:11:59.105 Divide StockNo {5425}
[9464] 2025/11/16 03:11:59.105 Add Basket MarketNo：1 StockIdx：734
[9464] 2025/11/16 03:11:59.105 Divide StockNo {5457}
[9464] 2025/11/16 03:11:59.105 Add Basket MarketNo：1 StockIdx：746
[9464] 2025/11/16 03:11:59.105 Divide StockNo {5483}
[9464] 2025/11/16 03:11:59.105 Add Basket MarketNo：1 StockIdx：756
[9464] 2025/11/16 03:11:59.105 Divide StockNo {5534}
[9464] 2025/11/16 03:11:59.105 Add Basket MarketNo：0 StockIdx：34196
[9464] 2025/11/16 03:11:59.105 Divide StockNo {5871}
[9464] 2025/11/16 03:11:59.105 Add Basket MarketNo：0 StockIdx：34202
[9464] 2025/11/16 03:11:59.105 Divide StockNo {5876}
[9464] 2025/11/16 03:11:59.105 Add Basket MarketNo：0 StockIdx：34204
[9464] 2025/11/16 03:11:59.105 Divide StockNo {5880}
[9464] 2025/11/16 03:11:59.105 Add Basket MarketNo：0 StockIdx：34205
[9464] 2025/11/16 03:11:59.105 Divide StockNo {5904}
[9464] 2025/11/16 03:11:59.105 Add Basket MarketNo：1 StockIdx：790
[9464] 2025/11/16 03:11:59.105 Divide StockNo {6005}
[9464] 2025/11/16 03:11:59.105 Add Basket MarketNo：0 StockIdx：34208
[9464] 2025/11/16 03:11:59.105 Divide StockNo {6116}
[9464] 2025/11/16 03:11:59.105 Add Basket MarketNo：0 StockIdx：34213
[9464] 2025/11/16 03:11:59.105 Divide StockNo {6121}
[9464] 2025/11/16 03:11:59.105 Add Basket MarketNo：1 StockIdx：813
[9464] 2025/11/16 03:11:59.105 Divide StockNo {6139}
[9464] 2025/11/16 03:11:59.105 Add Basket MarketNo：0 StockIdx：34219
[9464] 2025/11/16 03:11:59.105 Divide StockNo {6147}
[9464] 2025/11/16 03:11:59.105 Add Basket MarketNo：1 StockIdx：831
[9464] 2025/11/16 03:11:59.105 Divide StockNo {6153}
[9464] 2025/11/16 03:11:59.105 Add Basket MarketNo：0 StockIdx：34223
[9464] 2025/11/16 03:11:59.105 Divide StockNo {6173}
[9464] 2025/11/16 03:11:59.105 Add Basket MarketNo：1 StockIdx：848
[9464] 2025/11/16 03:11:59.105 Divide StockNo {6176}
[9464] 2025/11/16 03:11:59.105 Add Basket MarketNo：0 StockIdx：34229
[9464] 2025/11/16 03:11:59.105 Divide StockNo {6182}
[9464] 2025/11/16 03:11:59.105 Add Basket MarketNo：1 StockIdx：856
[9464] 2025/11/16 03:11:59.105 Divide StockNo {6188}
[9464] 2025/11/16 03:11:59.105 Add Basket MarketNo：1 StockIdx：864
[9464] 2025/11/16 03:11:59.105 Divide StockNo {6213}
[9464] 2025/11/16 03:11:59.105 Add Basket MarketNo：0 StockIdx：34243
[9464] 2025/11/16 03:11:59.105 Divide StockNo {6223}
[9464] 2025/11/16 03:11:59.105 Add Basket MarketNo：1 StockIdx：890
[9464] 2025/11/16 03:11:59.105 Divide StockNo {6239}
[9464] 2025/11/16 03:11:59.105 Add Basket MarketNo：0 StockIdx：34252
[9464] 2025/11/16 03:11:59.106 Divide StockNo {6245}
[9464] 2025/11/16 03:11:59.106 Add Basket MarketNo：1 StockIdx：905
[9464] 2025/11/16 03:11:59.106 Divide StockNo {6257}
[9464] 2025/11/16 03:11:59.106 Add Basket MarketNo：0 StockIdx：34254
[9464] 2025/11/16 03:11:59.106 Divide StockNo {6269}
[9464] 2025/11/16 03:11:59.106 Add Basket MarketNo：0 StockIdx：34255
[9464] 2025/11/16 03:11:59.106 Divide StockNo {6271}
[9464] 2025/11/16 03:11:59.106 Add Basket MarketNo：0 StockIdx：34256
[9464] 2025/11/16 03:11:59.106 Divide StockNo {6274}
[9464] 2025/11/16 03:11:59.106 Add Basket MarketNo：1 StockIdx：917
[9464] 2025/11/16 03:11:59.106 Divide StockNo {6278}
[9464] 2025/11/16 03:11:59.106 Add Basket MarketNo：0 StockIdx：34258
[9464] 2025/11/16 03:11:59.106 Divide StockNo {6279}
[9464] 2025/11/16 03:11:59.106 Add Basket MarketNo：1 StockIdx：922
[9464] 2025/11/16 03:11:59.106 Divide StockNo {6282}
[9464] 2025/11/16 03:11:59.106 Add Basket MarketNo：0 StockIdx：34260
[9464] 2025/11/16 03:11:59.106 Divide StockNo {6285}
[9464] 2025/11/16 03:11:59.106 Add Basket MarketNo：0 StockIdx：34262
[9464] 2025/11/16 03:11:59.106 Divide StockNo {6414}
[9464] 2025/11/16 03:11:59.106 Add Basket MarketNo：0 StockIdx：34266
[9464] 2025/11/16 03:11:59.106 Divide StockNo {6443}
[9464] 2025/11/16 03:11:59.106 Add Basket MarketNo：0 StockIdx：34274
[9464] 2025/11/16 03:11:59.106 Divide StockNo {6472}
[9464] 2025/11/16 03:11:59.106 Add Basket MarketNo：0 StockIdx：34280
[9464] 2025/11/16 03:11:59.106 Divide StockNo {6488}
[9464] 2025/11/16 03:11:59.106 Add Basket MarketNo：1 StockIdx：958
[9464] 2025/11/16 03:11:59.106 Divide StockNo {6505}
[9464] 2025/11/16 03:11:59.106 Add Basket MarketNo：0 StockIdx：34284
[9464] 2025/11/16 03:11:59.106 Divide StockNo {6510}
[9464] 2025/11/16 03:11:59.106 Add Basket MarketNo：1 StockIdx：968
[9464] 2025/11/16 03:11:59.106 Divide StockNo {6526}
[9464] 2025/11/16 03:11:59.106 Add Basket MarketNo：0 StockIdx：34287
[9464] 2025/11/16 03:11:59.106 Divide StockNo {6547}
[9464] 2025/11/16 03:11:59.106 Add Basket MarketNo：1 StockIdx：983
[9464] 2025/11/16 03:11:59.106 Divide StockNo {6669}
[9464] 2025/11/16 03:11:59.106 Add Basket MarketNo：0 StockIdx：34316
[9464] 2025/11/16 03:11:59.106 Divide StockNo {6757}
[9464] 2025/11/16 03:11:59.106 Add Basket MarketNo：0 StockIdx：34333
[9464] 2025/11/16 03:11:59.106 Divide StockNo {6770}
[9464] 2025/11/16 03:11:59.106 Add Basket MarketNo：0 StockIdx：34335
[9464] 2025/11/16 03:11:59.106 Divide StockNo {8039}
[9464] 2025/11/16 03:11:59.106 Add Basket MarketNo：0 StockIdx：34410
[9464] 2025/11/16 03:11:59.106 Divide StockNo {8044}
[9464] 2025/11/16 03:11:59.106 Add Basket MarketNo：1 StockIdx：12412
[9464] 2025/11/16 03:11:59.106 Divide StockNo {8046}
[9464] 2025/11/16 03:11:59.106 Add Basket MarketNo：0 StockIdx：34412
[9464] 2025/11/16 03:11:59.106 Divide StockNo {8069}
[9464] 2025/11/16 03:11:59.106 Add Basket MarketNo：1 StockIdx：12424
[9464] 2025/11/16 03:11:59.106 Divide StockNo {8086}
[9464] 2025/11/16 03:11:59.106 Add Basket MarketNo：1 StockIdx：12433
[9464] 2025/11/16 03:11:59.106 Divide StockNo {8112}
[9464] 2025/11/16 03:11:59.106 Add Basket MarketNo：0 StockIdx：34421
[9464] 2025/11/16 03:11:59.106 Divide StockNo {8150}
[9464] 2025/11/16 03:11:59.106 Add Basket MarketNo：0 StockIdx：34425
[9464] 2025/11/16 03:11:59.106 Divide StockNo {8163}
[9464] 2025/11/16 03:11:59.106 Add Basket MarketNo：0 StockIdx：34427
[9464] 2025/11/16 03:11:59.106 Divide StockNo {8299}
[9464] 2025/11/16 03:11:59.106 Add Basket MarketNo：1 StockIdx：12472
[9464] 2025/11/16 03:11:59.106 Divide StockNo {8358}
[9464] 2025/11/16 03:11:59.106 Add Basket MarketNo：1 StockIdx：12478
[9464] 2025/11/16 03:11:59.106 Divide StockNo {8436}
[9464] 2025/11/16 03:11:59.106 Add Basket MarketNo：1 StockIdx：12501
[9464] 2025/11/16 03:11:59.106 Divide StockNo {8454}
[9464] 2025/11/16 03:11:59.106 Add Basket MarketNo：0 StockIdx：34445
[9464] 2025/11/16 03:11:59.106 Divide StockNo {9904}
[9464] 2025/11/16 03:11:59.106 Add Basket MarketNo：0 StockIdx：34474
[9464] 2025/11/16 03:11:59.106 Divide StockNo {9914}
[9464] 2025/11/16 03:11:59.106 Add Basket MarketNo：0 StockIdx：34482
[9464] 2025/11/16 03:11:59.106 Divide StockNo {9938}
[9464] 2025/11/16 03:11:59.106 Add Basket MarketNo：0 StockIdx：34498
[9464] 2025/11/16 03:11:59.106 Divide StockNo {9939}
[9464] 2025/11/16 03:11:59.106 Add Basket MarketNo：0 StockIdx：34499
[9464] 2025/11/16 03:11:59.106 Divide StockNo {9945}
[9464] 2025/11/16 03:11:59.106 Add Basket MarketNo：0 StockIdx：34506
[9464] 2025/11/16 03:11:59.106 Divide StockNo {9958}
[9464] 2025/11/16 03:11:59.107 Add Basket MarketNo：0 StockIdx：34509
[9464] 2025/11/16 03:11:59.107 Divide StockNo {TSE}
[9464] 2025/11/16 03:11:59.107 Stock Is Not Exist 
[9464] 2025/11/16 03:11:59.107 Divide StockNo {TSE23}
[9464] 2025/11/16 03:11:59.107 Add Basket MarketNo：0 StockIdx：34826
[9464] 2025/11/16 03:11:59.107 Divide StockNo {TSE28}
[9464] 2025/11/16 03:11:59.107 Add Basket MarketNo：0 StockIdx：34831
[9464] 2025/11/16 03:11:59.107 Divide StockNo {TWMC}
[9464] 2025/11/16 03:11:59.107 Stock Is Not Exist 
[9464] 2025/11/16 03:11:59.107 Return PageNo： 1 
