-----------------------------------------------------------------
[12352] 2025/10/07 10:35:43.502 Precheck/DistributedServer Query result is 000,分配成功
[12352] 2025/10/07 10:35:43.502 >> Host srvsolace-tpa.capital.com.tw
[12352] 2025/10/07 10:35:43.545 SKQuoteLib_EnterMonitor IP：srvsolace-tpa.capital.com.tw
[12352] 2025/10/07 10:35:43.628 OnSessionConnect，Code: 3001, Error Code:0.
[12352] 2025/10/07 10:35:43.667 SKQuoteLib_EnterMonitorLONG starting
[12352] 2025/10/07 10:35:43.669 OnConnection ( 3001 , 0 ) 
[12352] 2025/10/07 10:35:44.364 Market Info is OK!
[12352] 2025/10/07 10:35:44.446 Catalog info is OK!
[31568] 2025/10/07 10:36:51.162 Precheck/DistributedServer Query result is 000,分配成功
[31568] 2025/10/07 10:36:51.164 >> Host srvsolace-tpa.capital.com.tw
[31568] 2025/10/07 10:36:51.168 SKQuoteLib_EnterMonitor IP：srvsolace-tpa.capital.com.tw
[31568] 2025/10/07 10:36:51.264 OnSessionConnect，Code: 3001, Error Code:0.
[31568] 2025/10/07 10:36:51.298 SKQuoteLib_EnterMonitorLONG starting
[31568] 2025/10/07 10:36:51.299 OnConnection ( 3001 , 0 ) 
[31568] 2025/10/07 10:36:52.078 Market Info is OK!
[31568] 2025/10/07 10:36:52.155 Catalog info is OK!
[31568] 2025/10/07 10:36:58.651 Solace RequestInitializeData (TO_S_19,S_1F)
[31568] 2025/10/07 10:36:58.651 Solace RequestInitializeData (TO_S_19,S_1F)
[31568] 2025/10/07 10:36:58.652 OnConnection ( 3003 , 0 ) 
[31568] 2025/10/07 10:37:01.447 SKQuoteLib_RequestStocks (1 , CAF00, CBF00, CCF00, CDF00, CEF00, CFF00, CGF00, CHF00, CJF00, CKF00, CLF00, CMF00, CNF00, CQF00, CRF00, CSF00, CUF00, CWF00, CXF00, CYF00, CZF00, DAF00, DBF00, DCF00, DEF00, DFF00, DGF00, DHF00, DIF00, DJF00, DKF00, DLF00, DNF00, DOF00, DPF00, DQF00, DSF00, DVF00, DWF00, DXF00, DYF00, DZF00, EEF00, EGF00, EHF00, EKF00, EMF00, EPF00, EYF00, EZF00, FBF00, FCF00, FEF00, FFF00, FGF00, FKF00, FNF00, FQF00, FRF00, FSF00, FTF00, FVF00, FWF00, FYF00, FZF00, GAF00, GCF00, GHF00, GIF00, GJF00, GKF00, GLF00, GMF00, GNF00, GOF00, GRF00, GUF00, GVF00, GWF00, GXF00, GYF00, GZF00, HAF00, HBF00, HCF00, HHF00, HIF00, HLF00, HOF00, HQF00, HSF00, IAF00, IHF00, IIF00, IJF00, IMF00, IOF00, IPF00, IQF00, IRF00, ITF00, IXF00, IYF00, IZF00, JBF00, JFF00, JMF00, JNF00, JPF00, JSF00, JWF00, JXF00, JZF00, KAF00, KBF00, KCF00, KDF00, KEF00, KFF00, KGF00, KIF00, KKF00, KLF00, KOF00, KPF00, KSF00, KUF00, KWF00, LBF00, LCF00, LEF00, LIF00, LMF00, LOF00, LQF00, LRF00, LTF00, LUF00, LVF00, LWF00, LXF00, LYF00, MAF00, MBF00, MJF00, MKF00, MQF00, MVF00, MYF00, NAF00, NBF00, NDF00, NEF00, NGF00, NIF00, NJF00, NLF00, NMF00, NOF00, NQF00, NSF00, NUF00, NVF00, NWF00, NYF00, OAF00, OBF00, ODF00, OEF00, OHF00, OJF00, OKF00, OLF00, OMF00, OOF00, OPF00, OQF00, ORF00, OSF00, OTF00, OUF00, OVF00, OWF00, OXF00, OYF00, OZF00, PAF00, PBF00, PCF00, PDF00, PEF00, PFF00, PGF00, PHF00, PIF00, PJF00, PKF00, PLF00, PMF00, PNF00, PPF00, PQF00, PRF00, PSF00, PTF00, PUF00, PVF00, PWF00, PXF00, PYF00, PZF00, QAF00, QBF00, QCF00, QDF00, QEF00, QFF00, QGF00, QHF00, QIF00, QJF00, QKF00, QLF00, QMF00, QNF00, QOF00, QPF00, QQF00, QRF00, QSF00, QTF00, QUF00, QVF00, QWF00, QXF00, QYF00, QZF00, RAF00, RBF00, RCF00, RDF00, REF00, RFF00, RGF00, RIF00, RJF00, RKF00, RLF00, RMF00, RNF00, ROF00, RPF00, RQF00, RRF00, RSF00, RUF00, RVF00, RWF00, RXF00, RYF00, RZF00, SAF00, SBF00, SCF00, SDF00, SEF00, SFF00, SGF00, SIF00, SJF00, SKF00, SLF00, SMF00, SNF00, SQF00, SRF00, SSF00, SUF00, SVF00, SWF00, SYF00, SZF00, UAF00, UBF00, UCF00, UEF00, UFF00, UGF00, UHF00, UIF00, UJF00, UKF00, ULF00, UMF00, UOF00, UPF00, UQF00, URF00, USF00, UTF00, UUF00, UVF00, UWF00, 0050, 0056, 006205, 006206, 00636, 00639, 00643, 00679B, 00687B, 00719B, 00757, 00772B, 00878, 00885, 00893, 00919, 00923, 00929, 00937B, 00940, 1101, 1102, 1210, 1216, 1301, 1303, 1312, 1314, 1319, 1326, 1402, 1440, 1476, 1477, 1503, 1504, 1513, 1536, 1565, 1590, 1605, 1609, 1707, 1717, 1718, 1722, 1795, 1802, 1904, 1905, 1907, 1909, 2002, 2006, 2014, 2027, 2049, 2059, 2105, 2201, 2231, 2301, 2303, 2308, 2312, 2313, 2317, 2323, 2324, 2327, 2328, 2330, 2331, 2332, 2337, 2338, 2340, 2344, 2345, 2347, 2352, 2353, 2354, 2355, 2356, 2357, 2360, 2368, 2371, 2376, 2377, 2379, 2382, 2383, 2385, 2388, 2392, 2393, 2401, 2404, 2408, 2409, 2412, 2439, 2441, 2449, 2454, 2455, 2457, 2458, 2474, 2481, 2485, 2486, 2489, 2492, 2498, 2515, 2520, 2542, 2548, 2603, 2605, 2606, 2609, 2610, 2615, 2618, 2633, 2634, 2801, 2834, 2880, 2881, 2882, 2883, 2884, 2885, 2886, 2887, 2888, 2890, 2891, 2892, 2913, 2915, 3005, 3006, 3008, 3017, 3019, 3034, 3035, 3036, 3037, 3042, 3044, 3045, 3078, 3081, 3105, 3152, 3189, 3227, 3231, 3260, 3264, 3293, 3324, 3374, 3376, 3380, 3406, 3443, 3481, 3529, 3532, 3533, 3552, 3653, 3661, 3673, 3680, 3691, 3702, 3706, 3711, 3714, 4123, 4128, 4162, 4736, 4743, 4904, 4919, 4938, 4958, 5009, 5269, 5274, 5347, 5371, 5388, 5425, 5457, 5483, 5534, 5871, 5876, 5880, 5904, 6005, 6116, 6121, 6139, 6147, 6153, 6173, 6176, 6182, 6188, 6213, 6223, 6239, 6245, 6257, 6269, 6271, 6274, 6278, 6279, 6282, 6285, 6414, 6443, 6472, 6488, 6505, 6510, 6526, 6547, 6669, 6757, 6770, 8039, 8044, 8046, 8069, 8086, 8112, 8150, 8163, 8299, 8358, 8436, 8454, 9904, 9914, 9938, 9939, 9945, 9958, TSE, TSE23, TSE28, TWMC)
[31568] 2025/10/07 10:37:01.450 Divide StockNo {CAF00}
[31568] 2025/10/07 10:37:01.450 Add Basket MarketNo：2 StockIdx：160
[31568] 2025/10/07 10:37:01.450 Divide StockNo {CBF00}
[31568] 2025/10/07 10:37:01.450 Add Basket MarketNo：2 StockIdx：166
[31568] 2025/10/07 10:37:01.450 Divide StockNo {CCF00}
[31568] 2025/10/07 10:37:01.450 Add Basket MarketNo：2 StockIdx：5597
[31568] 2025/10/07 10:37:01.450 Divide StockNo {CDF00}
[31568] 2025/10/07 10:37:01.450 Add Basket MarketNo：2 StockIdx：5603
[31568] 2025/10/07 10:37:01.450 Divide StockNo {CEF00}
[31568] 2025/10/07 10:37:01.450 Add Basket MarketNo：2 StockIdx：184
[31568] 2025/10/07 10:37:01.450 Divide StockNo {CFF00}
[31568] 2025/10/07 10:37:01.450 Add Basket MarketNo：2 StockIdx：194
[31568] 2025/10/07 10:37:01.450 Divide StockNo {CGF00}
[31568] 2025/10/07 10:37:01.450 Add Basket MarketNo：2 StockIdx：200
[31568] 2025/10/07 10:37:01.450 Divide StockNo {CHF00}
[31568] 2025/10/07 10:37:01.450 Add Basket MarketNo：2 StockIdx：206
[31568] 2025/10/07 10:37:01.450 Divide StockNo {CJF00}
[31568] 2025/10/07 10:37:01.450 Add Basket MarketNo：2 StockIdx：212
[31568] 2025/10/07 10:37:01.450 Divide StockNo {CKF00}
[31568] 2025/10/07 10:37:01.450 Add Basket MarketNo：2 StockIdx：218
[31568] 2025/10/07 10:37:01.450 Divide StockNo {CLF00}
[31568] 2025/10/07 10:37:01.450 Add Basket MarketNo：2 StockIdx：224
[31568] 2025/10/07 10:37:01.450 Divide StockNo {CMF00}
[31568] 2025/10/07 10:37:01.450 Add Basket MarketNo：2 StockIdx：230
[31568] 2025/10/07 10:37:01.450 Divide StockNo {CNF00}
[31568] 2025/10/07 10:37:01.450 Add Basket MarketNo：2 StockIdx：236
[31568] 2025/10/07 10:37:01.450 Divide StockNo {CQF00}
[31568] 2025/10/07 10:37:01.450 Add Basket MarketNo：2 StockIdx：242
[31568] 2025/10/07 10:37:01.450 Divide StockNo {CRF00}
[31568] 2025/10/07 10:37:01.450 Add Basket MarketNo：2 StockIdx：248
[31568] 2025/10/07 10:37:01.450 Divide StockNo {CSF00}
[31568] 2025/10/07 10:37:01.450 Add Basket MarketNo：2 StockIdx：254
[31568] 2025/10/07 10:37:01.450 Divide StockNo {CUF00}
[31568] 2025/10/07 10:37:01.450 Add Basket MarketNo：2 StockIdx：261
[31568] 2025/10/07 10:37:01.450 Divide StockNo {CWF00}
[31568] 2025/10/07 10:37:01.450 Add Basket MarketNo：2 StockIdx：267
[31568] 2025/10/07 10:37:01.450 Divide StockNo {CXF00}
[31568] 2025/10/07 10:37:01.450 Add Basket MarketNo：2 StockIdx：277
[31568] 2025/10/07 10:37:01.451 Divide StockNo {CYF00}
[31568] 2025/10/07 10:37:01.451 Add Basket MarketNo：2 StockIdx：283
[31568] 2025/10/07 10:37:01.451 Divide StockNo {CZF00}
[31568] 2025/10/07 10:37:01.451 Add Basket MarketNo：2 StockIdx：289
[31568] 2025/10/07 10:37:01.451 Divide StockNo {DAF00}
[31568] 2025/10/07 10:37:01.451 Add Basket MarketNo：2 StockIdx：295
[31568] 2025/10/07 10:37:01.451 Divide StockNo {DBF00}
[31568] 2025/10/07 10:37:01.451 Add Basket MarketNo：2 StockIdx：301
[31568] 2025/10/07 10:37:01.451 Divide StockNo {DCF00}
[31568] 2025/10/07 10:37:01.451 Add Basket MarketNo：2 StockIdx：307
[31568] 2025/10/07 10:37:01.451 Divide StockNo {DEF00}
[31568] 2025/10/07 10:37:01.451 Add Basket MarketNo：2 StockIdx：314
[31568] 2025/10/07 10:37:01.451 Divide StockNo {DFF00}
[31568] 2025/10/07 10:37:01.451 Add Basket MarketNo：2 StockIdx：322
[31568] 2025/10/07 10:37:01.451 Divide StockNo {DGF00}
[31568] 2025/10/07 10:37:01.451 Add Basket MarketNo：2 StockIdx：328
[31568] 2025/10/07 10:37:01.451 Divide StockNo {DHF00}
[31568] 2025/10/07 10:37:01.451 Add Basket MarketNo：2 StockIdx：334
[31568] 2025/10/07 10:37:01.451 Divide StockNo {DIF00}
[31568] 2025/10/07 10:37:01.451 Add Basket MarketNo：2 StockIdx：340
[31568] 2025/10/07 10:37:01.451 Divide StockNo {DJF00}
[31568] 2025/10/07 10:37:01.451 Add Basket MarketNo：2 StockIdx：346
[31568] 2025/10/07 10:37:01.451 Divide StockNo {DKF00}
[31568] 2025/10/07 10:37:01.451 Add Basket MarketNo：2 StockIdx：352
[31568] 2025/10/07 10:37:01.451 Divide StockNo {DLF00}
[31568] 2025/10/07 10:37:01.451 Add Basket MarketNo：2 StockIdx：358
[31568] 2025/10/07 10:37:01.451 Divide StockNo {DNF00}
[31568] 2025/10/07 10:37:01.451 Add Basket MarketNo：2 StockIdx：364
[31568] 2025/10/07 10:37:01.451 Divide StockNo {DOF00}
[31568] 2025/10/07 10:37:01.451 Add Basket MarketNo：2 StockIdx：371
[31568] 2025/10/07 10:37:01.451 Divide StockNo {DPF00}
[31568] 2025/10/07 10:37:01.451 Add Basket MarketNo：2 StockIdx：378
[31568] 2025/10/07 10:37:01.451 Divide StockNo {DQF00}
[31568] 2025/10/07 10:37:01.451 Add Basket MarketNo：2 StockIdx：384
[31568] 2025/10/07 10:37:01.451 Divide StockNo {DSF00}
[31568] 2025/10/07 10:37:01.451 Add Basket MarketNo：2 StockIdx：390
[31568] 2025/10/07 10:37:01.451 Divide StockNo {DVF00}
[31568] 2025/10/07 10:37:01.451 Add Basket MarketNo：2 StockIdx：396
[31568] 2025/10/07 10:37:01.451 Divide StockNo {DWF00}
[31568] 2025/10/07 10:37:01.451 Add Basket MarketNo：2 StockIdx：402
[31568] 2025/10/07 10:37:01.451 Divide StockNo {DXF00}
[31568] 2025/10/07 10:37:01.451 Add Basket MarketNo：2 StockIdx：408
[31568] 2025/10/07 10:37:01.451 Divide StockNo {DYF00}
[31568] 2025/10/07 10:37:01.451 Add Basket MarketNo：2 StockIdx：414
[31568] 2025/10/07 10:37:01.451 Divide StockNo {DZF00}
[31568] 2025/10/07 10:37:01.451 Add Basket MarketNo：2 StockIdx：420
[31568] 2025/10/07 10:37:01.451 Divide StockNo {EEF00}
[31568] 2025/10/07 10:37:01.451 Add Basket MarketNo：2 StockIdx：426
[31568] 2025/10/07 10:37:01.451 Divide StockNo {EGF00}
[31568] 2025/10/07 10:37:01.451 Add Basket MarketNo：2 StockIdx：432
[31568] 2025/10/07 10:37:01.451 Divide StockNo {EHF00}
[31568] 2025/10/07 10:37:01.451 Add Basket MarketNo：2 StockIdx：438
[31568] 2025/10/07 10:37:01.451 Divide StockNo {EKF00}
[31568] 2025/10/07 10:37:01.451 Add Basket MarketNo：2 StockIdx：444
[31568] 2025/10/07 10:37:01.451 Divide StockNo {EMF00}
[31568] 2025/10/07 10:37:01.451 Add Basket MarketNo：2 StockIdx：450
[31568] 2025/10/07 10:37:01.451 Divide StockNo {EPF00}
[31568] 2025/10/07 10:37:01.451 Add Basket MarketNo：2 StockIdx：456
[31568] 2025/10/07 10:37:01.451 Divide StockNo {EYF00}
[31568] 2025/10/07 10:37:01.451 Add Basket MarketNo：2 StockIdx：462
[31568] 2025/10/07 10:37:01.451 Divide StockNo {EZF00}
[31568] 2025/10/07 10:37:01.451 Add Basket MarketNo：2 StockIdx：468
[31568] 2025/10/07 10:37:01.451 Divide StockNo {FBF00}
[31568] 2025/10/07 10:37:01.451 Add Basket MarketNo：2 StockIdx：474
[31568] 2025/10/07 10:37:01.451 Divide StockNo {FCF00}
[31568] 2025/10/07 10:37:01.451 Add Basket MarketNo：2 StockIdx：480
[31568] 2025/10/07 10:37:01.451 Divide StockNo {FEF00}
[31568] 2025/10/07 10:37:01.452 Add Basket MarketNo：2 StockIdx：485
[31568] 2025/10/07 10:37:01.452 Divide StockNo {FFF00}
[31568] 2025/10/07 10:37:01.452 Add Basket MarketNo：2 StockIdx：492
[31568] 2025/10/07 10:37:01.452 Divide StockNo {FGF00}
[31568] 2025/10/07 10:37:01.452 Add Basket MarketNo：2 StockIdx：498
[31568] 2025/10/07 10:37:01.452 Divide StockNo {FKF00}
[31568] 2025/10/07 10:37:01.452 Add Basket MarketNo：2 StockIdx：504
[31568] 2025/10/07 10:37:01.452 Divide StockNo {FNF00}
[31568] 2025/10/07 10:37:01.452 Add Basket MarketNo：2 StockIdx：510
[31568] 2025/10/07 10:37:01.452 Divide StockNo {FQF00}
[31568] 2025/10/07 10:37:01.452 Add Basket MarketNo：2 StockIdx：516
[31568] 2025/10/07 10:37:01.452 Divide StockNo {FRF00}
[31568] 2025/10/07 10:37:01.452 Add Basket MarketNo：2 StockIdx：522
[31568] 2025/10/07 10:37:01.452 Divide StockNo {FSF00}
[31568] 2025/10/07 10:37:01.452 Add Basket MarketNo：2 StockIdx：528
[31568] 2025/10/07 10:37:01.452 Divide StockNo {FTF00}
[31568] 2025/10/07 10:37:01.452 Add Basket MarketNo：2 StockIdx：534
[31568] 2025/10/07 10:37:01.452 Divide StockNo {FVF00}
[31568] 2025/10/07 10:37:01.452 Add Basket MarketNo：2 StockIdx：540
[31568] 2025/10/07 10:37:01.452 Divide StockNo {FWF00}
[31568] 2025/10/07 10:37:01.452 Add Basket MarketNo：2 StockIdx：546
[31568] 2025/10/07 10:37:01.452 Divide StockNo {FYF00}
[31568] 2025/10/07 10:37:01.452 Add Basket MarketNo：2 StockIdx：552
[31568] 2025/10/07 10:37:01.452 Divide StockNo {FZF00}
[31568] 2025/10/07 10:37:01.452 Add Basket MarketNo：2 StockIdx：558
[31568] 2025/10/07 10:37:01.452 Divide StockNo {GAF00}
[31568] 2025/10/07 10:37:01.452 Add Basket MarketNo：2 StockIdx：564
[31568] 2025/10/07 10:37:01.452 Divide StockNo {GCF00}
[31568] 2025/10/07 10:37:01.452 Add Basket MarketNo：2 StockIdx：570
[31568] 2025/10/07 10:37:01.452 Divide StockNo {GHF00}
[31568] 2025/10/07 10:37:01.452 Add Basket MarketNo：2 StockIdx：576
[31568] 2025/10/07 10:37:01.452 Divide StockNo {GIF00}
[31568] 2025/10/07 10:37:01.452 Add Basket MarketNo：2 StockIdx：582
[31568] 2025/10/07 10:37:01.452 Divide StockNo {GJF00}
[31568] 2025/10/07 10:37:01.452 Add Basket MarketNo：2 StockIdx：588
[31568] 2025/10/07 10:37:01.452 Divide StockNo {GKF00}
[31568] 2025/10/07 10:37:01.452 Add Basket MarketNo：2 StockIdx：594
[31568] 2025/10/07 10:37:01.452 Divide StockNo {GLF00}
[31568] 2025/10/07 10:37:01.452 Add Basket MarketNo：2 StockIdx：600
[31568] 2025/10/07 10:37:01.452 Divide StockNo {GMF00}
[31568] 2025/10/07 10:37:01.452 Add Basket MarketNo：2 StockIdx：606
[31568] 2025/10/07 10:37:01.452 Divide StockNo {GNF00}
[31568] 2025/10/07 10:37:01.452 Add Basket MarketNo：2 StockIdx：612
[31568] 2025/10/07 10:37:01.452 Divide StockNo {GOF00}
[31568] 2025/10/07 10:37:01.452 Add Basket MarketNo：2 StockIdx：618
[31568] 2025/10/07 10:37:01.452 Divide StockNo {GRF00}
[31568] 2025/10/07 10:37:01.452 Add Basket MarketNo：2 StockIdx：624
[31568] 2025/10/07 10:37:01.452 Divide StockNo {GUF00}
[31568] 2025/10/07 10:37:01.452 Add Basket MarketNo：2 StockIdx：630
[31568] 2025/10/07 10:37:01.452 Divide StockNo {GVF00}
[31568] 2025/10/07 10:37:01.452 Add Basket MarketNo：2 StockIdx：636
[31568] 2025/10/07 10:37:01.452 Divide StockNo {GWF00}
[31568] 2025/10/07 10:37:01.452 Add Basket MarketNo：2 StockIdx：642
[31568] 2025/10/07 10:37:01.452 Divide StockNo {GXF00}
[31568] 2025/10/07 10:37:01.452 Add Basket MarketNo：2 StockIdx：648
[31568] 2025/10/07 10:37:01.452 Divide StockNo {GYF00}
[31568] 2025/10/07 10:37:01.452 Add Basket MarketNo：2 StockIdx：654
[31568] 2025/10/07 10:37:01.452 Divide StockNo {GZF00}
[31568] 2025/10/07 10:37:01.452 Add Basket MarketNo：2 StockIdx：660
[31568] 2025/10/07 10:37:01.452 Divide StockNo {HAF00}
[31568] 2025/10/07 10:37:01.452 Add Basket MarketNo：2 StockIdx：666
[31568] 2025/10/07 10:37:01.452 Divide StockNo {HBF00}
[31568] 2025/10/07 10:37:01.452 Add Basket MarketNo：2 StockIdx：677
[31568] 2025/10/07 10:37:01.452 Divide StockNo {HCF00}
[31568] 2025/10/07 10:37:01.452 Add Basket MarketNo：2 StockIdx：683
[31568] 2025/10/07 10:37:01.452 Divide StockNo {HHF00}
[31568] 2025/10/07 10:37:01.452 Add Basket MarketNo：2 StockIdx：689
[31568] 2025/10/07 10:37:01.452 Divide StockNo {HIF00}
[31568] 2025/10/07 10:37:01.452 Add Basket MarketNo：2 StockIdx：695
[31568] 2025/10/07 10:37:01.452 Divide StockNo {HLF00}
[31568] 2025/10/07 10:37:01.453 Add Basket MarketNo：2 StockIdx：701
[31568] 2025/10/07 10:37:01.453 Divide StockNo {HOF00}
[31568] 2025/10/07 10:37:01.453 Add Basket MarketNo：2 StockIdx：713
[31568] 2025/10/07 10:37:01.453 Divide StockNo {HQF00}
[31568] 2025/10/07 10:37:01.453 Add Basket MarketNo：2 StockIdx：720
[31568] 2025/10/07 10:37:01.453 Divide StockNo {HSF00}
[31568] 2025/10/07 10:37:01.453 Add Basket MarketNo：2 StockIdx：726
[31568] 2025/10/07 10:37:01.453 Divide StockNo {IAF00}
[31568] 2025/10/07 10:37:01.453 Add Basket MarketNo：2 StockIdx：732
[31568] 2025/10/07 10:37:01.453 Divide StockNo {IHF00}
[31568] 2025/10/07 10:37:01.453 Add Basket MarketNo：2 StockIdx：740
[31568] 2025/10/07 10:37:01.453 Divide StockNo {IIF00}
[31568] 2025/10/07 10:37:01.453 Add Basket MarketNo：2 StockIdx：746
[31568] 2025/10/07 10:37:01.453 Divide StockNo {IJF00}
[31568] 2025/10/07 10:37:01.453 Add Basket MarketNo：2 StockIdx：752
[31568] 2025/10/07 10:37:01.453 Divide StockNo {IMF00}
[31568] 2025/10/07 10:37:01.453 Add Basket MarketNo：2 StockIdx：758
[31568] 2025/10/07 10:37:01.453 Divide StockNo {IOF00}
[31568] 2025/10/07 10:37:01.453 Add Basket MarketNo：2 StockIdx：764
[31568] 2025/10/07 10:37:01.453 Divide StockNo {IPF00}
[31568] 2025/10/07 10:37:01.453 Add Basket MarketNo：2 StockIdx：770
[31568] 2025/10/07 10:37:01.453 Divide StockNo {IQF00}
[31568] 2025/10/07 10:37:01.453 Add Basket MarketNo：2 StockIdx：776
[31568] 2025/10/07 10:37:01.453 Divide StockNo {IRF00}
[31568] 2025/10/07 10:37:01.453 Add Basket MarketNo：2 StockIdx：782
[31568] 2025/10/07 10:37:01.453 Divide StockNo {ITF00}
[31568] 2025/10/07 10:37:01.453 Add Basket MarketNo：2 StockIdx：788
[31568] 2025/10/07 10:37:01.453 Divide StockNo {IXF00}
[31568] 2025/10/07 10:37:01.453 Add Basket MarketNo：2 StockIdx：794
[31568] 2025/10/07 10:37:01.453 Divide StockNo {IYF00}
[31568] 2025/10/07 10:37:01.453 Add Basket MarketNo：2 StockIdx：800
[31568] 2025/10/07 10:37:01.453 Divide StockNo {IZF00}
[31568] 2025/10/07 10:37:01.453 Add Basket MarketNo：2 StockIdx：806
[31568] 2025/10/07 10:37:01.453 Divide StockNo {JBF00}
[31568] 2025/10/07 10:37:01.453 Add Basket MarketNo：2 StockIdx：812
[31568] 2025/10/07 10:37:01.453 Divide StockNo {JFF00}
[31568] 2025/10/07 10:37:01.453 Add Basket MarketNo：2 StockIdx：818
[31568] 2025/10/07 10:37:01.453 Divide StockNo {JMF00}
[31568] 2025/10/07 10:37:01.453 Add Basket MarketNo：2 StockIdx：824
[31568] 2025/10/07 10:37:01.453 Divide StockNo {JNF00}
[31568] 2025/10/07 10:37:01.453 Add Basket MarketNo：2 StockIdx：830
[31568] 2025/10/07 10:37:01.453 Divide StockNo {JPF00}
[31568] 2025/10/07 10:37:01.453 Add Basket MarketNo：2 StockIdx：836
[31568] 2025/10/07 10:37:01.453 Divide StockNo {JSF00}
[31568] 2025/10/07 10:37:01.453 Add Basket MarketNo：2 StockIdx：842
[31568] 2025/10/07 10:37:01.453 Divide StockNo {JWF00}
[31568] 2025/10/07 10:37:01.453 Add Basket MarketNo：2 StockIdx：848
[31568] 2025/10/07 10:37:01.453 Divide StockNo {JXF00}
[31568] 2025/10/07 10:37:01.453 Add Basket MarketNo：2 StockIdx：854
[31568] 2025/10/07 10:37:01.453 Divide StockNo {JZF00}
[31568] 2025/10/07 10:37:01.453 Add Basket MarketNo：2 StockIdx：860
[31568] 2025/10/07 10:37:01.453 Divide StockNo {KAF00}
[31568] 2025/10/07 10:37:01.453 Add Basket MarketNo：2 StockIdx：866
[31568] 2025/10/07 10:37:01.453 Divide StockNo {KBF00}
[31568] 2025/10/07 10:37:01.453 Add Basket MarketNo：2 StockIdx：872
[31568] 2025/10/07 10:37:01.453 Divide StockNo {KCF00}
[31568] 2025/10/07 10:37:01.453 Add Basket MarketNo：2 StockIdx：878
[31568] 2025/10/07 10:37:01.453 Divide StockNo {KDF00}
[31568] 2025/10/07 10:37:01.453 Add Basket MarketNo：2 StockIdx：884
[31568] 2025/10/07 10:37:01.453 Divide StockNo {KEF00}
[31568] 2025/10/07 10:37:01.453 Add Basket MarketNo：2 StockIdx：890
[31568] 2025/10/07 10:37:01.453 Divide StockNo {KFF00}
[31568] 2025/10/07 10:37:01.453 Add Basket MarketNo：2 StockIdx：896
[31568] 2025/10/07 10:37:01.453 Divide StockNo {KGF00}
[31568] 2025/10/07 10:37:01.453 Add Basket MarketNo：2 StockIdx：902
[31568] 2025/10/07 10:37:01.453 Divide StockNo {KIF00}
[31568] 2025/10/07 10:37:01.453 Add Basket MarketNo：2 StockIdx：908
[31568] 2025/10/07 10:37:01.453 Divide StockNo {KKF00}
[31568] 2025/10/07 10:37:01.454 Add Basket MarketNo：2 StockIdx：914
[31568] 2025/10/07 10:37:01.454 Divide StockNo {KLF00}
[31568] 2025/10/07 10:37:01.454 Add Basket MarketNo：2 StockIdx：920
[31568] 2025/10/07 10:37:01.454 Divide StockNo {KOF00}
[31568] 2025/10/07 10:37:01.454 Add Basket MarketNo：2 StockIdx：926
[31568] 2025/10/07 10:37:01.454 Divide StockNo {KPF00}
[31568] 2025/10/07 10:37:01.454 Add Basket MarketNo：2 StockIdx：932
[31568] 2025/10/07 10:37:01.454 Divide StockNo {KSF00}
[31568] 2025/10/07 10:37:01.454 Add Basket MarketNo：2 StockIdx：938
[31568] 2025/10/07 10:37:01.454 Divide StockNo {KUF00}
[31568] 2025/10/07 10:37:01.454 Add Basket MarketNo：2 StockIdx：944
[31568] 2025/10/07 10:37:01.454 Divide StockNo {KWF00}
[31568] 2025/10/07 10:37:01.454 Add Basket MarketNo：2 StockIdx：950
[31568] 2025/10/07 10:37:01.454 Divide StockNo {LBF00}
[31568] 2025/10/07 10:37:01.454 Add Basket MarketNo：2 StockIdx：956
[31568] 2025/10/07 10:37:01.454 Divide StockNo {LCF00}
[31568] 2025/10/07 10:37:01.454 Add Basket MarketNo：2 StockIdx：962
[31568] 2025/10/07 10:37:01.454 Divide StockNo {LEF00}
[31568] 2025/10/07 10:37:01.454 Add Basket MarketNo：2 StockIdx：968
[31568] 2025/10/07 10:37:01.454 Divide StockNo {LIF00}
[31568] 2025/10/07 10:37:01.454 Add Basket MarketNo：2 StockIdx：974
[31568] 2025/10/07 10:37:01.454 Divide StockNo {LMF00}
[31568] 2025/10/07 10:37:01.454 Add Basket MarketNo：2 StockIdx：980
[31568] 2025/10/07 10:37:01.454 Divide StockNo {LOF00}
[31568] 2025/10/07 10:37:01.454 Add Basket MarketNo：2 StockIdx：986
[31568] 2025/10/07 10:37:01.454 Divide StockNo {LQF00}
[31568] 2025/10/07 10:37:01.454 Add Basket MarketNo：2 StockIdx：992
[31568] 2025/10/07 10:37:01.454 Divide StockNo {LRF00}
[31568] 2025/10/07 10:37:01.454 Add Basket MarketNo：2 StockIdx：998
[31568] 2025/10/07 10:37:01.454 Divide StockNo {LTF00}
[31568] 2025/10/07 10:37:01.454 Add Basket MarketNo：2 StockIdx：1008
[31568] 2025/10/07 10:37:01.454 Divide StockNo {LUF00}
[31568] 2025/10/07 10:37:01.454 Add Basket MarketNo：2 StockIdx：1014
[31568] 2025/10/07 10:37:01.454 Divide StockNo {LVF00}
[31568] 2025/10/07 10:37:01.454 Add Basket MarketNo：2 StockIdx：1020
[31568] 2025/10/07 10:37:01.454 Divide StockNo {LWF00}
[31568] 2025/10/07 10:37:01.454 Add Basket MarketNo：2 StockIdx：1028
[31568] 2025/10/07 10:37:01.454 Divide StockNo {LXF00}
[31568] 2025/10/07 10:37:01.454 Add Basket MarketNo：2 StockIdx：1034
[31568] 2025/10/07 10:37:01.454 Divide StockNo {LYF00}
[31568] 2025/10/07 10:37:01.454 Add Basket MarketNo：2 StockIdx：1041
[31568] 2025/10/07 10:37:01.454 Divide StockNo {MAF00}
[31568] 2025/10/07 10:37:01.454 Add Basket MarketNo：2 StockIdx：1047
[31568] 2025/10/07 10:37:01.454 Divide StockNo {MBF00}
[31568] 2025/10/07 10:37:01.454 Add Basket MarketNo：2 StockIdx：1050
[31568] 2025/10/07 10:37:01.454 Divide StockNo {MJF00}
[31568] 2025/10/07 10:37:01.454 Add Basket MarketNo：2 StockIdx：1056
[31568] 2025/10/07 10:37:01.454 Divide StockNo {MKF00}
[31568] 2025/10/07 10:37:01.454 Add Basket MarketNo：2 StockIdx：1062
[31568] 2025/10/07 10:37:01.454 Divide StockNo {MQF00}
[31568] 2025/10/07 10:37:01.454 Add Basket MarketNo：2 StockIdx：1068
[31568] 2025/10/07 10:37:01.454 Divide StockNo {MVF00}
[31568] 2025/10/07 10:37:01.454 Add Basket MarketNo：2 StockIdx：1074
[31568] 2025/10/07 10:37:01.454 Divide StockNo {MYF00}
[31568] 2025/10/07 10:37:01.454 Add Basket MarketNo：2 StockIdx：1080
[31568] 2025/10/07 10:37:01.454 Divide StockNo {NAF00}
[31568] 2025/10/07 10:37:01.454 Add Basket MarketNo：2 StockIdx：1086
[31568] 2025/10/07 10:37:01.454 Divide StockNo {NBF00}
[31568] 2025/10/07 10:37:01.454 Add Basket MarketNo：2 StockIdx：1092
[31568] 2025/10/07 10:37:01.454 Divide StockNo {NDF00}
[31568] 2025/10/07 10:37:01.454 Add Basket MarketNo：2 StockIdx：1098
[31568] 2025/10/07 10:37:01.454 Divide StockNo {NEF00}
[31568] 2025/10/07 10:37:01.454 Add Basket MarketNo：2 StockIdx：1104
[31568] 2025/10/07 10:37:01.454 Divide StockNo {NGF00}
[31568] 2025/10/07 10:37:01.454 Add Basket MarketNo：2 StockIdx：1110
[31568] 2025/10/07 10:37:01.454 Divide StockNo {NIF00}
[31568] 2025/10/07 10:37:01.454 Add Basket MarketNo：2 StockIdx：1116
[31568] 2025/10/07 10:37:01.454 Divide StockNo {NJF00}
[31568] 2025/10/07 10:37:01.454 Add Basket MarketNo：2 StockIdx：1125
[31568] 2025/10/07 10:37:01.454 Divide StockNo {NLF00}
[31568] 2025/10/07 10:37:01.455 Add Basket MarketNo：2 StockIdx：1131
[31568] 2025/10/07 10:37:01.455 Divide StockNo {NMF00}
[31568] 2025/10/07 10:37:01.455 Add Basket MarketNo：2 StockIdx：1137
[31568] 2025/10/07 10:37:01.455 Divide StockNo {NOF00}
[31568] 2025/10/07 10:37:01.455 Add Basket MarketNo：2 StockIdx：1143
[31568] 2025/10/07 10:37:01.455 Divide StockNo {NQF00}
[31568] 2025/10/07 10:37:01.455 Add Basket MarketNo：2 StockIdx：1149
[31568] 2025/10/07 10:37:01.455 Divide StockNo {NSF00}
[31568] 2025/10/07 10:37:01.455 Add Basket MarketNo：2 StockIdx：1155
[31568] 2025/10/07 10:37:01.455 Divide StockNo {NUF00}
[31568] 2025/10/07 10:37:01.455 Add Basket MarketNo：2 StockIdx：1161
[31568] 2025/10/07 10:37:01.455 Divide StockNo {NVF00}
[31568] 2025/10/07 10:37:01.455 Add Basket MarketNo：2 StockIdx：1167
[31568] 2025/10/07 10:37:01.455 Divide StockNo {NWF00}
[31568] 2025/10/07 10:37:01.455 Add Basket MarketNo：2 StockIdx：1173
[31568] 2025/10/07 10:37:01.455 Divide StockNo {NYF00}
[31568] 2025/10/07 10:37:01.455 Add Basket MarketNo：2 StockIdx：5609
[31568] 2025/10/07 10:37:01.455 Divide StockNo {OAF00}
[31568] 2025/10/07 10:37:01.455 Add Basket MarketNo：2 StockIdx：1185
[31568] 2025/10/07 10:37:01.455 Divide StockNo {OBF00}
[31568] 2025/10/07 10:37:01.455 Add Basket MarketNo：2 StockIdx：1191
[31568] 2025/10/07 10:37:01.455 Divide StockNo {ODF00}
[31568] 2025/10/07 10:37:01.455 Add Basket MarketNo：2 StockIdx：1197
[31568] 2025/10/07 10:37:01.455 Divide StockNo {OEF00}
[31568] 2025/10/07 10:37:01.455 Add Basket MarketNo：2 StockIdx：1203
[31568] 2025/10/07 10:37:01.455 Divide StockNo {OHF00}
[31568] 2025/10/07 10:37:01.455 Add Basket MarketNo：2 StockIdx：1209
[31568] 2025/10/07 10:37:01.455 Divide StockNo {OJF00}
[31568] 2025/10/07 10:37:01.455 Add Basket MarketNo：2 StockIdx：1217
[31568] 2025/10/07 10:37:01.455 Divide StockNo {OKF00}
[31568] 2025/10/07 10:37:01.455 Add Basket MarketNo：2 StockIdx：1223
[31568] 2025/10/07 10:37:01.455 Divide StockNo {OLF00}
[31568] 2025/10/07 10:37:01.455 Add Basket MarketNo：2 StockIdx：1229
[31568] 2025/10/07 10:37:01.455 Divide StockNo {OMF00}
[31568] 2025/10/07 10:37:01.455 Add Basket MarketNo：2 StockIdx：1235
[31568] 2025/10/07 10:37:01.455 Divide StockNo {OOF00}
[31568] 2025/10/07 10:37:01.455 Add Basket MarketNo：2 StockIdx：1241
[31568] 2025/10/07 10:37:01.455 Divide StockNo {OPF00}
[31568] 2025/10/07 10:37:01.455 Add Basket MarketNo：2 StockIdx：1247
[31568] 2025/10/07 10:37:01.455 Divide StockNo {OQF00}
[31568] 2025/10/07 10:37:01.455 Add Basket MarketNo：2 StockIdx：1253
[31568] 2025/10/07 10:37:01.455 Divide StockNo {ORF00}
[31568] 2025/10/07 10:37:01.455 Add Basket MarketNo：2 StockIdx：1259
[31568] 2025/10/07 10:37:01.455 Divide StockNo {OSF00}
[31568] 2025/10/07 10:37:01.455 Add Basket MarketNo：2 StockIdx：1265
[31568] 2025/10/07 10:37:01.455 Divide StockNo {OTF00}
[31568] 2025/10/07 10:37:01.455 Add Basket MarketNo：2 StockIdx：1271
[31568] 2025/10/07 10:37:01.455 Divide StockNo {OUF00}
[31568] 2025/10/07 10:37:01.455 Add Basket MarketNo：2 StockIdx：1277
[31568] 2025/10/07 10:37:01.455 Divide StockNo {OVF00}
[31568] 2025/10/07 10:37:01.455 Add Basket MarketNo：2 StockIdx：1283
[31568] 2025/10/07 10:37:01.455 Divide StockNo {OWF00}
[31568] 2025/10/07 10:37:01.455 Add Basket MarketNo：2 StockIdx：1289
[31568] 2025/10/07 10:37:01.455 Divide StockNo {OXF00}
[31568] 2025/10/07 10:37:01.455 Add Basket MarketNo：2 StockIdx：1295
[31568] 2025/10/07 10:37:01.455 Divide StockNo {OYF00}
[31568] 2025/10/07 10:37:01.455 Add Basket MarketNo：2 StockIdx：1301
[31568] 2025/10/07 10:37:01.455 Divide StockNo {OZF00}
[31568] 2025/10/07 10:37:01.455 Add Basket MarketNo：2 StockIdx：1307
[31568] 2025/10/07 10:37:01.455 Divide StockNo {PAF00}
[31568] 2025/10/07 10:37:01.455 Add Basket MarketNo：2 StockIdx：1313
[31568] 2025/10/07 10:37:01.455 Divide StockNo {PBF00}
[31568] 2025/10/07 10:37:01.455 Add Basket MarketNo：2 StockIdx：1319
[31568] 2025/10/07 10:37:01.455 Divide StockNo {PCF00}
[31568] 2025/10/07 10:37:01.456 Add Basket MarketNo：2 StockIdx：1325
[31568] 2025/10/07 10:37:01.456 Divide StockNo {PDF00}
[31568] 2025/10/07 10:37:01.456 Add Basket MarketNo：2 StockIdx：1331
[31568] 2025/10/07 10:37:01.456 Divide StockNo {PEF00}
[31568] 2025/10/07 10:37:01.456 Add Basket MarketNo：2 StockIdx：1337
[31568] 2025/10/07 10:37:01.456 Divide StockNo {PFF00}
[31568] 2025/10/07 10:37:01.456 Add Basket MarketNo：2 StockIdx：1343
[31568] 2025/10/07 10:37:01.456 Divide StockNo {PGF00}
[31568] 2025/10/07 10:37:01.456 Add Basket MarketNo：2 StockIdx：1349
[31568] 2025/10/07 10:37:01.456 Divide StockNo {PHF00}
[31568] 2025/10/07 10:37:01.456 Add Basket MarketNo：2 StockIdx：1355
[31568] 2025/10/07 10:37:01.456 Divide StockNo {PIF00}
[31568] 2025/10/07 10:37:01.456 Add Basket MarketNo：2 StockIdx：1361
[31568] 2025/10/07 10:37:01.456 Divide StockNo {PJF00}
[31568] 2025/10/07 10:37:01.456 Add Basket MarketNo：2 StockIdx：1367
[31568] 2025/10/07 10:37:01.456 Divide StockNo {PKF00}
[31568] 2025/10/07 10:37:01.456 Add Basket MarketNo：2 StockIdx：1373
[31568] 2025/10/07 10:37:01.456 Divide StockNo {PLF00}
[31568] 2025/10/07 10:37:01.456 Add Basket MarketNo：2 StockIdx：1379
[31568] 2025/10/07 10:37:01.456 Divide StockNo {PMF00}
[31568] 2025/10/07 10:37:01.456 Add Basket MarketNo：2 StockIdx：1385
[31568] 2025/10/07 10:37:01.456 Divide StockNo {PNF00}
[31568] 2025/10/07 10:37:01.456 Add Basket MarketNo：2 StockIdx：1391
[31568] 2025/10/07 10:37:01.456 Divide StockNo {PPF00}
[31568] 2025/10/07 10:37:01.456 Add Basket MarketNo：2 StockIdx：1397
[31568] 2025/10/07 10:37:01.456 Divide StockNo {PQF00}
[31568] 2025/10/07 10:37:01.456 Add Basket MarketNo：2 StockIdx：1403
[31568] 2025/10/07 10:37:01.456 Divide StockNo {PRF00}
[31568] 2025/10/07 10:37:01.456 Add Basket MarketNo：2 StockIdx：1409
[31568] 2025/10/07 10:37:01.456 Divide StockNo {PSF00}
[31568] 2025/10/07 10:37:01.456 Add Basket MarketNo：2 StockIdx：1415
[31568] 2025/10/07 10:37:01.456 Divide StockNo {PTF00}
[31568] 2025/10/07 10:37:01.456 Add Basket MarketNo：2 StockIdx：1424
[31568] 2025/10/07 10:37:01.456 Divide StockNo {PUF00}
[31568] 2025/10/07 10:37:01.456 Add Basket MarketNo：2 StockIdx：1430
[31568] 2025/10/07 10:37:01.456 Divide StockNo {PVF00}
[31568] 2025/10/07 10:37:01.456 Add Basket MarketNo：2 StockIdx：1436
[31568] 2025/10/07 10:37:01.456 Divide StockNo {PWF00}
[31568] 2025/10/07 10:37:01.456 Add Basket MarketNo：2 StockIdx：1442
[31568] 2025/10/07 10:37:01.456 Divide StockNo {PXF00}
[31568] 2025/10/07 10:37:01.456 Add Basket MarketNo：2 StockIdx：1448
[31568] 2025/10/07 10:37:01.456 Divide StockNo {PYF00}
[31568] 2025/10/07 10:37:01.456 Add Basket MarketNo：2 StockIdx：1454
[31568] 2025/10/07 10:37:01.456 Divide StockNo {PZF00}
[31568] 2025/10/07 10:37:01.456 Add Basket MarketNo：2 StockIdx：1460
[31568] 2025/10/07 10:37:01.456 Divide StockNo {QAF00}
[31568] 2025/10/07 10:37:01.456 Add Basket MarketNo：2 StockIdx：1466
[31568] 2025/10/07 10:37:01.456 Divide StockNo {QBF00}
[31568] 2025/10/07 10:37:01.456 Add Basket MarketNo：2 StockIdx：1472
[31568] 2025/10/07 10:37:01.456 Divide StockNo {QCF00}
[31568] 2025/10/07 10:37:01.456 Add Basket MarketNo：2 StockIdx：1478
[31568] 2025/10/07 10:37:01.456 Divide StockNo {QDF00}
[31568] 2025/10/07 10:37:01.456 Add Basket MarketNo：2 StockIdx：1484
[31568] 2025/10/07 10:37:01.456 Divide StockNo {QEF00}
[31568] 2025/10/07 10:37:01.456 Add Basket MarketNo：2 StockIdx：1490
[31568] 2025/10/07 10:37:01.456 Divide StockNo {QFF00}
[31568] 2025/10/07 10:37:01.456 Add Basket MarketNo：2 StockIdx：5615
[31568] 2025/10/07 10:37:01.456 Divide StockNo {QGF00}
[31568] 2025/10/07 10:37:01.456 Add Basket MarketNo：2 StockIdx：1503
[31568] 2025/10/07 10:37:01.456 Divide StockNo {QHF00}
[31568] 2025/10/07 10:37:01.456 Add Basket MarketNo：2 StockIdx：1509
[31568] 2025/10/07 10:37:01.456 Divide StockNo {QIF00}
[31568] 2025/10/07 10:37:01.456 Add Basket MarketNo：2 StockIdx：1515
[31568] 2025/10/07 10:37:01.456 Divide StockNo {QJF00}
[31568] 2025/10/07 10:37:01.456 Add Basket MarketNo：2 StockIdx：1519
[31568] 2025/10/07 10:37:01.456 Divide StockNo {QKF00}
[31568] 2025/10/07 10:37:01.456 Add Basket MarketNo：2 StockIdx：1525
[31568] 2025/10/07 10:37:01.456 Divide StockNo {QLF00}
[31568] 2025/10/07 10:37:01.456 Add Basket MarketNo：2 StockIdx：1531
[31568] 2025/10/07 10:37:01.456 Divide StockNo {QMF00}
[31568] 2025/10/07 10:37:01.456 Add Basket MarketNo：2 StockIdx：1537
[31568] 2025/10/07 10:37:01.456 Divide StockNo {QNF00}
[31568] 2025/10/07 10:37:01.456 Add Basket MarketNo：2 StockIdx：1543
[31568] 2025/10/07 10:37:01.456 Divide StockNo {QOF00}
[31568] 2025/10/07 10:37:01.457 Add Basket MarketNo：2 StockIdx：1549
[31568] 2025/10/07 10:37:01.457 Divide StockNo {QPF00}
[31568] 2025/10/07 10:37:01.457 Add Basket MarketNo：2 StockIdx：1555
[31568] 2025/10/07 10:37:01.457 Divide StockNo {QQF00}
[31568] 2025/10/07 10:37:01.457 Add Basket MarketNo：2 StockIdx：1561
[31568] 2025/10/07 10:37:01.457 Divide StockNo {QRF00}
[31568] 2025/10/07 10:37:01.457 Add Basket MarketNo：2 StockIdx：1567
[31568] 2025/10/07 10:37:01.457 Divide StockNo {QSF00}
[31568] 2025/10/07 10:37:01.457 Add Basket MarketNo：2 StockIdx：1573
[31568] 2025/10/07 10:37:01.457 Divide StockNo {QTF00}
[31568] 2025/10/07 10:37:01.457 Add Basket MarketNo：2 StockIdx：1579
[31568] 2025/10/07 10:37:01.457 Divide StockNo {QUF00}
[31568] 2025/10/07 10:37:01.457 Add Basket MarketNo：2 StockIdx：1585
[31568] 2025/10/07 10:37:01.457 Divide StockNo {QVF00}
[31568] 2025/10/07 10:37:01.457 Add Basket MarketNo：2 StockIdx：1591
[31568] 2025/10/07 10:37:01.457 Divide StockNo {QWF00}
[31568] 2025/10/07 10:37:01.457 Add Basket MarketNo：2 StockIdx：1597
[31568] 2025/10/07 10:37:01.457 Divide StockNo {QXF00}
[31568] 2025/10/07 10:37:01.457 Add Basket MarketNo：2 StockIdx：1603
[31568] 2025/10/07 10:37:01.457 Divide StockNo {QYF00}
[31568] 2025/10/07 10:37:01.457 Add Basket MarketNo：2 StockIdx：1609
[31568] 2025/10/07 10:37:01.457 Divide StockNo {QZF00}
[31568] 2025/10/07 10:37:01.457 Add Basket MarketNo：2 StockIdx：1615
[31568] 2025/10/07 10:37:01.457 Divide StockNo {RAF00}
[31568] 2025/10/07 10:37:01.457 Add Basket MarketNo：2 StockIdx：1621
[31568] 2025/10/07 10:37:01.457 Divide StockNo {RBF00}
[31568] 2025/10/07 10:37:01.457 Add Basket MarketNo：2 StockIdx：1627
[31568] 2025/10/07 10:37:01.457 Divide StockNo {RCF00}
[31568] 2025/10/07 10:37:01.457 Add Basket MarketNo：2 StockIdx：1633
[31568] 2025/10/07 10:37:01.457 Divide StockNo {RDF00}
[31568] 2025/10/07 10:37:01.457 Add Basket MarketNo：2 StockIdx：1639
[31568] 2025/10/07 10:37:01.457 Divide StockNo {REF00}
[31568] 2025/10/07 10:37:01.457 Add Basket MarketNo：2 StockIdx：1645
[31568] 2025/10/07 10:37:01.457 Divide StockNo {RFF00}
[31568] 2025/10/07 10:37:01.457 Add Basket MarketNo：2 StockIdx：1651
[31568] 2025/10/07 10:37:01.457 Divide StockNo {RGF00}
[31568] 2025/10/07 10:37:01.457 Add Basket MarketNo：2 StockIdx：1657
[31568] 2025/10/07 10:37:01.457 Divide StockNo {RIF00}
[31568] 2025/10/07 10:37:01.457 Add Basket MarketNo：2 StockIdx：1663
[31568] 2025/10/07 10:37:01.457 Divide StockNo {RJF00}
[31568] 2025/10/07 10:37:01.457 Add Basket MarketNo：2 StockIdx：1669
[31568] 2025/10/07 10:37:01.457 Divide StockNo {RKF00}
[31568] 2025/10/07 10:37:01.457 Add Basket MarketNo：2 StockIdx：1675
[31568] 2025/10/07 10:37:01.457 Divide StockNo {RLF00}
[31568] 2025/10/07 10:37:01.457 Add Basket MarketNo：2 StockIdx：1681
[31568] 2025/10/07 10:37:01.457 Divide StockNo {RMF00}
[31568] 2025/10/07 10:37:01.458 Stock Is Not Exist 
[31568] 2025/10/07 10:37:01.458 Divide StockNo {RNF00}
[31568] 2025/10/07 10:37:01.458 Add Basket MarketNo：2 StockIdx：1687
[31568] 2025/10/07 10:37:01.458 Divide StockNo {ROF00}
[31568] 2025/10/07 10:37:01.458 Add Basket MarketNo：2 StockIdx：1693
[31568] 2025/10/07 10:37:01.458 Divide StockNo {RPF00}
[31568] 2025/10/07 10:37:01.458 Add Basket MarketNo：2 StockIdx：1699
[31568] 2025/10/07 10:37:01.458 Divide StockNo {RQF00}
[31568] 2025/10/07 10:37:01.458 Stock Is Not Exist 
[31568] 2025/10/07 10:37:01.458 Divide StockNo {RRF00}
[31568] 2025/10/07 10:37:01.458 Add Basket MarketNo：2 StockIdx：1706
[31568] 2025/10/07 10:37:01.458 Divide StockNo {RSF00}
[31568] 2025/10/07 10:37:01.458 Add Basket MarketNo：2 StockIdx：1712
[31568] 2025/10/07 10:37:01.458 Divide StockNo {RUF00}
[31568] 2025/10/07 10:37:01.458 Add Basket MarketNo：2 StockIdx：1718
[31568] 2025/10/07 10:37:01.458 Divide StockNo {RVF00}
[31568] 2025/10/07 10:37:01.458 Add Basket MarketNo：2 StockIdx：1724
[31568] 2025/10/07 10:37:01.458 Divide StockNo {RWF00}
[31568] 2025/10/07 10:37:01.458 Add Basket MarketNo：2 StockIdx：1730
[31568] 2025/10/07 10:37:01.458 Divide StockNo {RXF00}
[31568] 2025/10/07 10:37:01.458 Add Basket MarketNo：2 StockIdx：1736
[31568] 2025/10/07 10:37:01.458 Divide StockNo {RYF00}
[31568] 2025/10/07 10:37:01.458 Add Basket MarketNo：2 StockIdx：1742
[31568] 2025/10/07 10:37:01.458 Divide StockNo {RZF00}
[31568] 2025/10/07 10:37:01.458 Add Basket MarketNo：2 StockIdx：5621
[31568] 2025/10/07 10:37:01.458 Divide StockNo {SAF00}
[31568] 2025/10/07 10:37:01.458 Add Basket MarketNo：2 StockIdx：1754
[31568] 2025/10/07 10:37:01.458 Divide StockNo {SBF00}
[31568] 2025/10/07 10:37:01.458 Add Basket MarketNo：2 StockIdx：1760
[31568] 2025/10/07 10:37:01.458 Divide StockNo {SCF00}
[31568] 2025/10/07 10:37:01.458 Add Basket MarketNo：2 StockIdx：1766
[31568] 2025/10/07 10:37:01.458 Divide StockNo {SDF00}
[31568] 2025/10/07 10:37:01.458 Add Basket MarketNo：2 StockIdx：1772
[31568] 2025/10/07 10:37:01.458 Divide StockNo {SEF00}
[31568] 2025/10/07 10:37:01.459 Add Basket MarketNo：2 StockIdx：1778
[31568] 2025/10/07 10:37:01.459 Divide StockNo {SFF00}
[31568] 2025/10/07 10:37:01.459 Add Basket MarketNo：2 StockIdx：1784
[31568] 2025/10/07 10:37:01.459 Divide StockNo {SGF00}
[31568] 2025/10/07 10:37:01.459 Add Basket MarketNo：2 StockIdx：1790
[31568] 2025/10/07 10:37:01.459 Divide StockNo {SIF00}
[31568] 2025/10/07 10:37:01.459 Add Basket MarketNo：2 StockIdx：1796
[31568] 2025/10/07 10:37:01.459 Divide StockNo {SJF00}
[31568] 2025/10/07 10:37:01.459 Add Basket MarketNo：2 StockIdx：1802
[31568] 2025/10/07 10:37:01.459 Divide StockNo {SKF00}
[31568] 2025/10/07 10:37:01.459 Add Basket MarketNo：2 StockIdx：1808
[31568] 2025/10/07 10:37:01.459 Divide StockNo {SLF00}
[31568] 2025/10/07 10:37:01.459 Add Basket MarketNo：2 StockIdx：1814
[31568] 2025/10/07 10:37:01.459 Divide StockNo {SMF00}
[31568] 2025/10/07 10:37:01.459 Add Basket MarketNo：2 StockIdx：1820
[31568] 2025/10/07 10:37:01.459 Divide StockNo {SNF00}
[31568] 2025/10/07 10:37:01.459 Add Basket MarketNo：2 StockIdx：1826
[31568] 2025/10/07 10:37:01.459 Divide StockNo {SQF00}
[31568] 2025/10/07 10:37:01.459 Add Basket MarketNo：2 StockIdx：1832
[31568] 2025/10/07 10:37:01.459 Divide StockNo {SRF00}
[31568] 2025/10/07 10:37:01.459 Add Basket MarketNo：2 StockIdx：5627
[31568] 2025/10/07 10:37:01.459 Divide StockNo {SSF00}
[31568] 2025/10/07 10:37:01.459 Add Basket MarketNo：2 StockIdx：1845
[31568] 2025/10/07 10:37:01.459 Divide StockNo {SUF00}
[31568] 2025/10/07 10:37:01.459 Add Basket MarketNo：2 StockIdx：1851
[31568] 2025/10/07 10:37:01.459 Divide StockNo {SVF00}
[31568] 2025/10/07 10:37:01.459 Add Basket MarketNo：2 StockIdx：1857
[31568] 2025/10/07 10:37:01.459 Divide StockNo {SWF00}
[31568] 2025/10/07 10:37:01.459 Add Basket MarketNo：2 StockIdx：1863
[31568] 2025/10/07 10:37:01.459 Divide StockNo {SYF00}
[31568] 2025/10/07 10:37:01.459 Add Basket MarketNo：2 StockIdx：1869
[31568] 2025/10/07 10:37:01.459 Divide StockNo {SZF00}
[31568] 2025/10/07 10:37:01.459 Add Basket MarketNo：2 StockIdx：1875
[31568] 2025/10/07 10:37:01.459 Divide StockNo {UAF00}
[31568] 2025/10/07 10:37:01.459 Add Basket MarketNo：2 StockIdx：1881
[31568] 2025/10/07 10:37:01.459 Divide StockNo {UBF00}
[31568] 2025/10/07 10:37:01.459 Add Basket MarketNo：2 StockIdx：1887
[31568] 2025/10/07 10:37:01.459 Divide StockNo {UCF00}
[31568] 2025/10/07 10:37:01.459 Add Basket MarketNo：2 StockIdx：1893
[31568] 2025/10/07 10:37:01.459 Divide StockNo {UEF00}
[31568] 2025/10/07 10:37:01.459 Add Basket MarketNo：2 StockIdx：1899
[31568] 2025/10/07 10:37:01.459 Divide StockNo {UFF00}
[31568] 2025/10/07 10:37:01.459 Add Basket MarketNo：2 StockIdx：1905
[31568] 2025/10/07 10:37:01.459 Divide StockNo {UGF00}
[31568] 2025/10/07 10:37:01.459 Add Basket MarketNo：2 StockIdx：1911
[31568] 2025/10/07 10:37:01.459 Divide StockNo {UHF00}
[31568] 2025/10/07 10:37:01.459 Add Basket MarketNo：2 StockIdx：1917
[31568] 2025/10/07 10:37:01.459 Divide StockNo {UIF00}
[31568] 2025/10/07 10:37:01.459 Add Basket MarketNo：2 StockIdx：1923
[31568] 2025/10/07 10:37:01.459 Divide StockNo {UJF00}
[31568] 2025/10/07 10:37:01.459 Add Basket MarketNo：2 StockIdx：1929
[31568] 2025/10/07 10:37:01.459 Divide StockNo {UKF00}
[31568] 2025/10/07 10:37:01.459 Add Basket MarketNo：2 StockIdx：1935
[31568] 2025/10/07 10:37:01.459 Divide StockNo {ULF00}
[31568] 2025/10/07 10:37:01.459 Add Basket MarketNo：2 StockIdx：1941
[31568] 2025/10/07 10:37:01.459 Divide StockNo {UMF00}
[31568] 2025/10/07 10:37:01.459 Add Basket MarketNo：2 StockIdx：1947
[31568] 2025/10/07 10:37:01.459 Divide StockNo {UOF00}
[31568] 2025/10/07 10:37:01.459 Add Basket MarketNo：2 StockIdx：1953
[31568] 2025/10/07 10:37:01.459 Divide StockNo {UPF00}
[31568] 2025/10/07 10:37:01.459 Add Basket MarketNo：2 StockIdx：1959
[31568] 2025/10/07 10:37:01.459 Divide StockNo {UQF00}
[31568] 2025/10/07 10:37:01.459 Add Basket MarketNo：2 StockIdx：1965
[31568] 2025/10/07 10:37:01.459 Divide StockNo {URF00}
[31568] 2025/10/07 10:37:01.459 Add Basket MarketNo：2 StockIdx：1972
[31568] 2025/10/07 10:37:01.459 Divide StockNo {USF00}
[31568] 2025/10/07 10:37:01.459 Add Basket MarketNo：2 StockIdx：1978
[31568] 2025/10/07 10:37:01.460 Divide StockNo {UTF00}
[31568] 2025/10/07 10:37:01.460 Add Basket MarketNo：2 StockIdx：1984
[31568] 2025/10/07 10:37:01.460 Divide StockNo {UUF00}
[31568] 2025/10/07 10:37:01.460 Add Basket MarketNo：2 StockIdx：1990
[31568] 2025/10/07 10:37:01.460 Divide StockNo {UVF00}
[31568] 2025/10/07 10:37:01.460 Add Basket MarketNo：2 StockIdx：1996
[31568] 2025/10/07 10:37:01.460 Divide StockNo {UWF00}
[31568] 2025/10/07 10:37:01.460 Add Basket MarketNo：2 StockIdx：2002
[31568] 2025/10/07 10:37:01.460 Divide StockNo {0050}
[31568] 2025/10/07 10:37:01.460 Add Basket MarketNo：0 StockIdx：0
[31568] 2025/10/07 10:37:01.460 Divide StockNo {0056}
[31568] 2025/10/07 10:37:01.460 Add Basket MarketNo：0 StockIdx：5
[31568] 2025/10/07 10:37:01.460 Divide StockNo {006205}
[31568] 2025/10/07 10:37:01.460 Add Basket MarketNo：0 StockIdx：10
[31568] 2025/10/07 10:37:01.460 Divide StockNo {006206}
[31568] 2025/10/07 10:37:01.460 Add Basket MarketNo：0 StockIdx：11
[31568] 2025/10/07 10:37:01.460 Divide StockNo {00636}
[31568] 2025/10/07 10:37:01.460 Add Basket MarketNo：0 StockIdx：20
[31568] 2025/10/07 10:37:01.460 Divide StockNo {00639}
[31568] 2025/10/07 10:37:01.460 Add Basket MarketNo：0 StockIdx：24
[31568] 2025/10/07 10:37:01.460 Divide StockNo {00643}
[31568] 2025/10/07 10:37:01.460 Add Basket MarketNo：0 StockIdx：28
[31568] 2025/10/07 10:37:01.460 Divide StockNo {00679B}
[31568] 2025/10/07 10:37:01.460 Add Basket MarketNo：1 StockIdx：1
[31568] 2025/10/07 10:37:01.460 Divide StockNo {00687B}
[31568] 2025/10/07 10:37:01.460 Add Basket MarketNo：1 StockIdx：2
[31568] 2025/10/07 10:37:01.460 Divide StockNo {00719B}
[31568] 2025/10/07 10:37:01.460 Add Basket MarketNo：1 StockIdx：8
[31568] 2025/10/07 10:37:01.460 Divide StockNo {00757}
[31568] 2025/10/07 10:37:01.460 Add Basket MarketNo：0 StockIdx：98
[31568] 2025/10/07 10:37:01.460 Divide StockNo {00772B}
[31568] 2025/10/07 10:37:01.460 Add Basket MarketNo：1 StockIdx：32
[31568] 2025/10/07 10:37:01.460 Divide StockNo {00878}
[31568] 2025/10/07 10:37:01.460 Add Basket MarketNo：0 StockIdx：113
[31568] 2025/10/07 10:37:01.460 Divide StockNo {00885}
[31568] 2025/10/07 10:37:01.460 Add Basket MarketNo：0 StockIdx：116
[31568] 2025/10/07 10:37:01.460 Divide StockNo {00893}
[31568] 2025/10/07 10:37:01.460 Add Basket MarketNo：0 StockIdx：119
[31568] 2025/10/07 10:37:01.460 Divide StockNo {00919}
[31568] 2025/10/07 10:37:01.460 Add Basket MarketNo：0 StockIdx：143
[31568] 2025/10/07 10:37:01.460 Divide StockNo {00923}
[31568] 2025/10/07 10:37:01.460 Add Basket MarketNo：0 StockIdx：147
[31568] 2025/10/07 10:37:01.460 Divide StockNo {00929}
[31568] 2025/10/07 10:37:01.460 Add Basket MarketNo：0 StockIdx：151
[31568] 2025/10/07 10:37:01.460 Divide StockNo {00937B}
[31568] 2025/10/07 10:37:01.460 Add Basket MarketNo：1 StockIdx：82
[31568] 2025/10/07 10:37:01.460 Divide StockNo {00940}
[31568] 2025/10/07 10:37:01.460 Add Basket MarketNo：0 StockIdx：159
[31568] 2025/10/07 10:37:01.460 Divide StockNo {1101}
[31568] 2025/10/07 10:37:01.460 Add Basket MarketNo：0 StockIdx：32137
[31568] 2025/10/07 10:37:01.460 Divide StockNo {1102}
[31568] 2025/10/07 10:37:01.460 Add Basket MarketNo：0 StockIdx：32139
[31568] 2025/10/07 10:37:01.460 Divide StockNo {1210}
[31568] 2025/10/07 10:37:01.460 Add Basket MarketNo：0 StockIdx：32147
[31568] 2025/10/07 10:37:01.460 Divide StockNo {1216}
[31568] 2025/10/07 10:37:01.460 Add Basket MarketNo：0 StockIdx：32150
[31568] 2025/10/07 10:37:01.460 Divide StockNo {1301}
[31568] 2025/10/07 10:37:01.460 Add Basket MarketNo：0 StockIdx：32165
[31568] 2025/10/07 10:37:01.460 Divide StockNo {1303}
[31568] 2025/10/07 10:37:01.460 Add Basket MarketNo：0 StockIdx：32166
[31568] 2025/10/07 10:37:01.460 Divide StockNo {1312}
[31568] 2025/10/07 10:37:01.460 Add Basket MarketNo：0 StockIdx：32173
[31568] 2025/10/07 10:37:01.460 Divide StockNo {1314}
[31568] 2025/10/07 10:37:01.460 Add Basket MarketNo：0 StockIdx：32176
[31568] 2025/10/07 10:37:01.460 Divide StockNo {1319}
[31568] 2025/10/07 10:37:01.460 Add Basket MarketNo：0 StockIdx：32179
[31568] 2025/10/07 10:37:01.460 Divide StockNo {1326}
[31568] 2025/10/07 10:37:01.460 Add Basket MarketNo：0 StockIdx：32184
[31568] 2025/10/07 10:37:01.460 Divide StockNo {1402}
[31568] 2025/10/07 10:37:01.460 Add Basket MarketNo：0 StockIdx：32191
[31568] 2025/10/07 10:37:01.460 Divide StockNo {1440}
[31568] 2025/10/07 10:37:01.460 Add Basket MarketNo：0 StockIdx：32208
[31568] 2025/10/07 10:37:01.461 Divide StockNo {1476}
[31568] 2025/10/07 10:37:01.461 Add Basket MarketNo：0 StockIdx：32238
[31568] 2025/10/07 10:37:01.461 Divide StockNo {1477}
[31568] 2025/10/07 10:37:01.461 Add Basket MarketNo：0 StockIdx：32239
[31568] 2025/10/07 10:37:01.461 Divide StockNo {1503}
[31568] 2025/10/07 10:37:01.461 Add Basket MarketNo：0 StockIdx：32240
[31568] 2025/10/07 10:37:01.461 Divide StockNo {1504}
[31568] 2025/10/07 10:37:01.461 Add Basket MarketNo：0 StockIdx：32241
[31568] 2025/10/07 10:37:01.461 Divide StockNo {1513}
[31568] 2025/10/07 10:37:01.461 Add Basket MarketNo：0 StockIdx：32244
[31568] 2025/10/07 10:37:01.461 Divide StockNo {1536}
[31568] 2025/10/07 10:37:01.461 Add Basket MarketNo：0 StockIdx：32264
[31568] 2025/10/07 10:37:01.461 Divide StockNo {1565}
[31568] 2025/10/07 10:37:01.461 Add Basket MarketNo：1 StockIdx：138
[31568] 2025/10/07 10:37:01.461 Divide StockNo {1590}
[31568] 2025/10/07 10:37:01.461 Add Basket MarketNo：0 StockIdx：32278
[31568] 2025/10/07 10:37:01.461 Divide StockNo {1605}
[31568] 2025/10/07 10:37:01.461 Add Basket MarketNo：0 StockIdx：32283
[31568] 2025/10/07 10:37:01.461 Divide StockNo {1609}
[31568] 2025/10/07 10:37:01.461 Add Basket MarketNo：0 StockIdx：32285
[31568] 2025/10/07 10:37:01.461 Divide StockNo {1707}
[31568] 2025/10/07 10:37:01.461 Add Basket MarketNo：0 StockIdx：32295
[31568] 2025/10/07 10:37:01.461 Divide StockNo {1717}
[31568] 2025/10/07 10:37:01.461 Add Basket MarketNo：0 StockIdx：32303
[31568] 2025/10/07 10:37:01.461 Divide StockNo {1718}
[31568] 2025/10/07 10:37:01.461 Add Basket MarketNo：0 StockIdx：32304
[31568] 2025/10/07 10:37:01.461 Divide StockNo {1722}
[31568] 2025/10/07 10:37:01.461 Add Basket MarketNo：0 StockIdx：32307
[31568] 2025/10/07 10:37:01.461 Divide StockNo {1795}
[31568] 2025/10/07 10:37:01.461 Add Basket MarketNo：0 StockIdx：32328
[31568] 2025/10/07 10:37:01.461 Divide StockNo {1802}
[31568] 2025/10/07 10:37:01.461 Add Basket MarketNo：0 StockIdx：32329
[31568] 2025/10/07 10:37:01.461 Divide StockNo {1904}
[31568] 2025/10/07 10:37:01.461 Add Basket MarketNo：0 StockIdx：32337
[31568] 2025/10/07 10:37:01.461 Divide StockNo {1905}
[31568] 2025/10/07 10:37:01.461 Add Basket MarketNo：0 StockIdx：32338
[31568] 2025/10/07 10:37:01.461 Divide StockNo {1907}
[31568] 2025/10/07 10:37:01.461 Add Basket MarketNo：0 StockIdx：32340
[31568] 2025/10/07 10:37:01.461 Divide StockNo {1909}
[31568] 2025/10/07 10:37:01.461 Add Basket MarketNo：0 StockIdx：32341
[31568] 2025/10/07 10:37:01.461 Divide StockNo {2002}
[31568] 2025/10/07 10:37:01.461 Add Basket MarketNo：0 StockIdx：32342
[31568] 2025/10/07 10:37:01.461 Divide StockNo {2006}
[31568] 2025/10/07 10:37:01.461 Add Basket MarketNo：0 StockIdx：32344
[31568] 2025/10/07 10:37:01.461 Divide StockNo {2014}
[31568] 2025/10/07 10:37:01.461 Add Basket MarketNo：0 StockIdx：32351
[31568] 2025/10/07 10:37:01.461 Divide StockNo {2027}
[31568] 2025/10/07 10:37:01.461 Add Basket MarketNo：0 StockIdx：32359
[31568] 2025/10/07 10:37:01.461 Divide StockNo {2049}
[31568] 2025/10/07 10:37:01.461 Add Basket MarketNo：0 StockIdx：32368
[31568] 2025/10/07 10:37:01.461 Divide StockNo {2059}
[31568] 2025/10/07 10:37:01.461 Add Basket MarketNo：0 StockIdx：32369
[31568] 2025/10/07 10:37:01.461 Divide StockNo {2105}
[31568] 2025/10/07 10:37:01.461 Add Basket MarketNo：0 StockIdx：32376
[31568] 2025/10/07 10:37:01.461 Divide StockNo {2201}
[31568] 2025/10/07 10:37:01.461 Add Basket MarketNo：0 StockIdx：32383
[31568] 2025/10/07 10:37:01.461 Divide StockNo {2231}
[31568] 2025/10/07 10:37:01.461 Add Basket MarketNo：0 StockIdx：32391
[31568] 2025/10/07 10:37:01.461 Divide StockNo {2301}
[31568] 2025/10/07 10:37:01.461 Add Basket MarketNo：0 StockIdx：32402
[31568] 2025/10/07 10:37:01.461 Divide StockNo {2303}
[31568] 2025/10/07 10:37:01.461 Add Basket MarketNo：0 StockIdx：32404
[31568] 2025/10/07 10:37:01.461 Divide StockNo {2308}
[31568] 2025/10/07 10:37:01.461 Add Basket MarketNo：0 StockIdx：32406
[31568] 2025/10/07 10:37:01.461 Divide StockNo {2312}
[31568] 2025/10/07 10:37:01.461 Add Basket MarketNo：0 StockIdx：32407
[31568] 2025/10/07 10:37:01.461 Divide StockNo {2313}
[31568] 2025/10/07 10:37:01.461 Add Basket MarketNo：0 StockIdx：32408
[31568] 2025/10/07 10:37:01.461 Divide StockNo {2317}
[31568] 2025/10/07 10:37:01.461 Add Basket MarketNo：0 StockIdx：32411
[31568] 2025/10/07 10:37:01.461 Divide StockNo {2323}
[31568] 2025/10/07 10:37:01.461 Add Basket MarketNo：0 StockIdx：32413
[31568] 2025/10/07 10:37:01.461 Divide StockNo {2324}
[31568] 2025/10/07 10:37:01.462 Add Basket MarketNo：0 StockIdx：32414
[31568] 2025/10/07 10:37:01.462 Divide StockNo {2327}
[31568] 2025/10/07 10:37:01.462 Add Basket MarketNo：0 StockIdx：32415
[31568] 2025/10/07 10:37:01.462 Divide StockNo {2328}
[31568] 2025/10/07 10:37:01.462 Add Basket MarketNo：0 StockIdx：32416
[31568] 2025/10/07 10:37:01.462 Divide StockNo {2330}
[31568] 2025/10/07 10:37:01.462 Add Basket MarketNo：0 StockIdx：32418
[31568] 2025/10/07 10:37:01.462 Divide StockNo {2331}
[31568] 2025/10/07 10:37:01.462 Add Basket MarketNo：0 StockIdx：32419
[31568] 2025/10/07 10:37:01.462 Divide StockNo {2332}
[31568] 2025/10/07 10:37:01.462 Add Basket MarketNo：0 StockIdx：32420
[31568] 2025/10/07 10:37:01.462 Divide StockNo {2337}
[31568] 2025/10/07 10:37:01.462 Add Basket MarketNo：0 StockIdx：32421
[31568] 2025/10/07 10:37:01.462 Divide StockNo {2338}
[31568] 2025/10/07 10:37:01.462 Add Basket MarketNo：0 StockIdx：32422
[31568] 2025/10/07 10:37:01.462 Divide StockNo {2340}
[31568] 2025/10/07 10:37:01.462 Add Basket MarketNo：0 StockIdx：32423
[31568] 2025/10/07 10:37:01.462 Divide StockNo {2344}
[31568] 2025/10/07 10:37:01.462 Add Basket MarketNo：0 StockIdx：32425
[31568] 2025/10/07 10:37:01.462 Divide StockNo {2345}
[31568] 2025/10/07 10:37:01.462 Add Basket MarketNo：0 StockIdx：32426
[31568] 2025/10/07 10:37:01.462 Divide StockNo {2347}
[31568] 2025/10/07 10:37:01.462 Add Basket MarketNo：0 StockIdx：32427
[31568] 2025/10/07 10:37:01.462 Divide StockNo {2352}
[31568] 2025/10/07 10:37:01.462 Add Basket MarketNo：0 StockIdx：32432
[31568] 2025/10/07 10:37:01.462 Divide StockNo {2353}
[31568] 2025/10/07 10:37:01.462 Add Basket MarketNo：0 StockIdx：32433
[31568] 2025/10/07 10:37:01.462 Divide StockNo {2354}
[31568] 2025/10/07 10:37:01.462 Add Basket MarketNo：0 StockIdx：32434
[31568] 2025/10/07 10:37:01.462 Divide StockNo {2355}
[31568] 2025/10/07 10:37:01.462 Add Basket MarketNo：0 StockIdx：32435
[31568] 2025/10/07 10:37:01.462 Divide StockNo {2356}
[31568] 2025/10/07 10:37:01.462 Add Basket MarketNo：0 StockIdx：32436
[31568] 2025/10/07 10:37:01.462 Divide StockNo {2357}
[31568] 2025/10/07 10:37:01.462 Add Basket MarketNo：0 StockIdx：32437
[31568] 2025/10/07 10:37:01.462 Divide StockNo {2360}
[31568] 2025/10/07 10:37:01.462 Add Basket MarketNo：0 StockIdx：32439
[31568] 2025/10/07 10:37:01.462 Divide StockNo {2368}
[31568] 2025/10/07 10:37:01.462 Add Basket MarketNo：0 StockIdx：32445
[31568] 2025/10/07 10:37:01.462 Divide StockNo {2371}
[31568] 2025/10/07 10:37:01.462 Add Basket MarketNo：0 StockIdx：32447
[31568] 2025/10/07 10:37:01.462 Divide StockNo {2376}
[31568] 2025/10/07 10:37:01.462 Add Basket MarketNo：0 StockIdx：32451
[31568] 2025/10/07 10:37:01.462 Divide StockNo {2377}
[31568] 2025/10/07 10:37:01.462 Add Basket MarketNo：0 StockIdx：32452
[31568] 2025/10/07 10:37:01.462 Divide StockNo {2379}
[31568] 2025/10/07 10:37:01.462 Add Basket MarketNo：0 StockIdx：32453
[31568] 2025/10/07 10:37:01.462 Divide StockNo {2382}
[31568] 2025/10/07 10:37:01.462 Add Basket MarketNo：0 StockIdx：32455
[31568] 2025/10/07 10:37:01.462 Divide StockNo {2383}
[31568] 2025/10/07 10:37:01.462 Add Basket MarketNo：0 StockIdx：32456
[31568] 2025/10/07 10:37:01.462 Divide StockNo {2385}
[31568] 2025/10/07 10:37:01.462 Add Basket MarketNo：0 StockIdx：32457
[31568] 2025/10/07 10:37:01.462 Divide StockNo {2388}
[31568] 2025/10/07 10:37:01.462 Add Basket MarketNo：0 StockIdx：32459
[31568] 2025/10/07 10:37:01.462 Divide StockNo {2392}
[31568] 2025/10/07 10:37:01.462 Add Basket MarketNo：0 StockIdx：32461
[31568] 2025/10/07 10:37:01.462 Divide StockNo {2393}
[31568] 2025/10/07 10:37:01.462 Add Basket MarketNo：0 StockIdx：32462
[31568] 2025/10/07 10:37:01.462 Divide StockNo {2401}
[31568] 2025/10/07 10:37:01.462 Add Basket MarketNo：0 StockIdx：32466
[31568] 2025/10/07 10:37:01.462 Divide StockNo {2404}
[31568] 2025/10/07 10:37:01.462 Add Basket MarketNo：0 StockIdx：32468
[31568] 2025/10/07 10:37:01.462 Divide StockNo {2408}
[31568] 2025/10/07 10:37:01.462 Add Basket MarketNo：0 StockIdx：32471
[31568] 2025/10/07 10:37:01.462 Divide StockNo {2409}
[31568] 2025/10/07 10:37:01.462 Add Basket MarketNo：0 StockIdx：32472
[31568] 2025/10/07 10:37:01.462 Divide StockNo {2412}
[31568] 2025/10/07 10:37:01.462 Add Basket MarketNo：0 StockIdx：32473
[31568] 2025/10/07 10:37:01.462 Divide StockNo {2439}
[31568] 2025/10/07 10:37:01.462 Add Basket MarketNo：0 StockIdx：32495
[31568] 2025/10/07 10:37:01.462 Divide StockNo {2441}
[31568] 2025/10/07 10:37:01.462 Add Basket MarketNo：0 StockIdx：32497
[31568] 2025/10/07 10:37:01.462 Divide StockNo {2449}
[31568] 2025/10/07 10:37:01.463 Add Basket MarketNo：0 StockIdx：32500
[31568] 2025/10/07 10:37:01.463 Divide StockNo {2454}
[31568] 2025/10/07 10:37:01.463 Add Basket MarketNo：0 StockIdx：32504
[31568] 2025/10/07 10:37:01.463 Divide StockNo {2455}
[31568] 2025/10/07 10:37:01.463 Add Basket MarketNo：0 StockIdx：32505
[31568] 2025/10/07 10:37:01.463 Divide StockNo {2457}
[31568] 2025/10/07 10:37:01.463 Add Basket MarketNo：0 StockIdx：32506
[31568] 2025/10/07 10:37:01.463 Divide StockNo {2458}
[31568] 2025/10/07 10:37:01.463 Add Basket MarketNo：0 StockIdx：32507
[31568] 2025/10/07 10:37:01.463 Divide StockNo {2474}
[31568] 2025/10/07 10:37:01.463 Add Basket MarketNo：0 StockIdx：32519
[31568] 2025/10/07 10:37:01.463 Divide StockNo {2481}
[31568] 2025/10/07 10:37:01.463 Add Basket MarketNo：0 StockIdx：32524
[31568] 2025/10/07 10:37:01.463 Divide StockNo {2485}
[31568] 2025/10/07 10:37:01.463 Add Basket MarketNo：0 StockIdx：32528
[31568] 2025/10/07 10:37:01.463 Divide StockNo {2486}
[31568] 2025/10/07 10:37:01.463 Add Basket MarketNo：0 StockIdx：32529
[31568] 2025/10/07 10:37:01.463 Divide StockNo {2489}
[31568] 2025/10/07 10:37:01.463 Add Basket MarketNo：0 StockIdx：32531
[31568] 2025/10/07 10:37:01.463 Divide StockNo {2492}
[31568] 2025/10/07 10:37:01.463 Add Basket MarketNo：0 StockIdx：32533
[31568] 2025/10/07 10:37:01.463 Divide StockNo {2498}
[31568] 2025/10/07 10:37:01.463 Add Basket MarketNo：0 StockIdx：32538
[31568] 2025/10/07 10:37:01.463 Divide StockNo {2515}
[31568] 2025/10/07 10:37:01.463 Add Basket MarketNo：0 StockIdx：32546
[31568] 2025/10/07 10:37:01.463 Divide StockNo {2520}
[31568] 2025/10/07 10:37:01.463 Add Basket MarketNo：0 StockIdx：32548
[31568] 2025/10/07 10:37:01.463 Divide StockNo {2542}
[31568] 2025/10/07 10:37:01.463 Add Basket MarketNo：0 StockIdx：32560
[31568] 2025/10/07 10:37:01.463 Divide StockNo {2548}
[31568] 2025/10/07 10:37:01.463 Add Basket MarketNo：0 StockIdx：32565
[31568] 2025/10/07 10:37:01.463 Divide StockNo {2603}
[31568] 2025/10/07 10:37:01.463 Add Basket MarketNo：0 StockIdx：32568
[31568] 2025/10/07 10:37:01.463 Divide StockNo {2605}
[31568] 2025/10/07 10:37:01.463 Add Basket MarketNo：0 StockIdx：32569
[31568] 2025/10/07 10:37:01.463 Divide StockNo {2606}
[31568] 2025/10/07 10:37:01.463 Add Basket MarketNo：0 StockIdx：32570
[31568] 2025/10/07 10:37:01.463 Divide StockNo {2609}
[31568] 2025/10/07 10:37:01.463 Add Basket MarketNo：0 StockIdx：32573
[31568] 2025/10/07 10:37:01.463 Divide StockNo {2610}
[31568] 2025/10/07 10:37:01.463 Add Basket MarketNo：0 StockIdx：32574
[31568] 2025/10/07 10:37:01.463 Divide StockNo {2615}
[31568] 2025/10/07 10:37:01.463 Add Basket MarketNo：0 StockIdx：32579
[31568] 2025/10/07 10:37:01.463 Divide StockNo {2618}
[31568] 2025/10/07 10:37:01.463 Add Basket MarketNo：0 StockIdx：32582
[31568] 2025/10/07 10:37:01.463 Divide StockNo {2633}
[31568] 2025/10/07 10:37:01.463 Add Basket MarketNo：0 StockIdx：32584
[31568] 2025/10/07 10:37:01.463 Divide StockNo {2634}
[31568] 2025/10/07 10:37:01.463 Add Basket MarketNo：0 StockIdx：32585
[31568] 2025/10/07 10:37:01.463 Divide StockNo {2801}
[31568] 2025/10/07 10:37:01.463 Add Basket MarketNo：0 StockIdx：32606
[31568] 2025/10/07 10:37:01.463 Divide StockNo {2834}
[31568] 2025/10/07 10:37:01.463 Add Basket MarketNo：0 StockIdx：32611
[31568] 2025/10/07 10:37:01.463 Divide StockNo {2880}
[31568] 2025/10/07 10:37:01.463 Add Basket MarketNo：0 StockIdx：32623
[31568] 2025/10/07 10:37:01.463 Divide StockNo {2881}
[31568] 2025/10/07 10:37:01.463 Add Basket MarketNo：0 StockIdx：32624
[31568] 2025/10/07 10:37:01.463 Divide StockNo {2882}
[31568] 2025/10/07 10:37:01.463 Add Basket MarketNo：0 StockIdx：32628
[31568] 2025/10/07 10:37:01.463 Divide StockNo {2883}
[31568] 2025/10/07 10:37:01.463 Add Basket MarketNo：0 StockIdx：32631
[31568] 2025/10/07 10:37:01.463 Divide StockNo {2884}
[31568] 2025/10/07 10:37:01.463 Add Basket MarketNo：0 StockIdx：32633
[31568] 2025/10/07 10:37:01.463 Divide StockNo {2885}
[31568] 2025/10/07 10:37:01.463 Add Basket MarketNo：0 StockIdx：32634
[31568] 2025/10/07 10:37:01.463 Divide StockNo {2886}
[31568] 2025/10/07 10:37:01.463 Add Basket MarketNo：0 StockIdx：32635
[31568] 2025/10/07 10:37:01.463 Divide StockNo {2887}
[31568] 2025/10/07 10:37:01.463 Add Basket MarketNo：0 StockIdx：32636
[31568] 2025/10/07 10:37:01.463 Divide StockNo {2888}
[31568] 2025/10/07 10:37:01.463 Stock Is Not Exist 
[31568] 2025/10/07 10:37:01.464 Divide StockNo {2890}
[31568] 2025/10/07 10:37:01.464 Add Basket MarketNo：0 StockIdx：32644
[31568] 2025/10/07 10:37:01.464 Divide StockNo {2891}
[31568] 2025/10/07 10:37:01.464 Add Basket MarketNo：0 StockIdx：32645
[31568] 2025/10/07 10:37:01.464 Divide StockNo {2892}
[31568] 2025/10/07 10:37:01.464 Add Basket MarketNo：0 StockIdx：32648
[31568] 2025/10/07 10:37:01.464 Divide StockNo {2913}
[31568] 2025/10/07 10:37:01.464 Add Basket MarketNo：0 StockIdx：32660
[31568] 2025/10/07 10:37:01.464 Divide StockNo {2915}
[31568] 2025/10/07 10:37:01.464 Add Basket MarketNo：0 StockIdx：32661
[31568] 2025/10/07 10:37:01.464 Divide StockNo {3005}
[31568] 2025/10/07 10:37:01.464 Add Basket MarketNo：0 StockIdx：32669
[31568] 2025/10/07 10:37:01.464 Divide StockNo {3006}
[31568] 2025/10/07 10:37:01.464 Add Basket MarketNo：0 StockIdx：32670
[31568] 2025/10/07 10:37:01.464 Divide StockNo {3008}
[31568] 2025/10/07 10:37:01.464 Add Basket MarketNo：0 StockIdx：32671
[31568] 2025/10/07 10:37:01.464 Divide StockNo {3017}
[31568] 2025/10/07 10:37:01.464 Add Basket MarketNo：0 StockIdx：32678
[31568] 2025/10/07 10:37:01.464 Divide StockNo {3019}
[31568] 2025/10/07 10:37:01.464 Add Basket MarketNo：0 StockIdx：32680
[31568] 2025/10/07 10:37:01.464 Divide StockNo {3034}
[31568] 2025/10/07 10:37:01.464 Add Basket MarketNo：0 StockIdx：32694
[31568] 2025/10/07 10:37:01.464 Divide StockNo {3035}
[31568] 2025/10/07 10:37:01.464 Add Basket MarketNo：0 StockIdx：32695
[31568] 2025/10/07 10:37:01.464 Divide StockNo {3036}
[31568] 2025/10/07 10:37:01.464 Add Basket MarketNo：0 StockIdx：32696
[31568] 2025/10/07 10:37:01.464 Divide StockNo {3037}
[31568] 2025/10/07 10:37:01.464 Add Basket MarketNo：0 StockIdx：32698
[31568] 2025/10/07 10:37:01.464 Divide StockNo {3042}
[31568] 2025/10/07 10:37:01.464 Add Basket MarketNo：0 StockIdx：32702
[31568] 2025/10/07 10:37:01.464 Divide StockNo {3044}
[31568] 2025/10/07 10:37:01.464 Add Basket MarketNo：0 StockIdx：32704
[31568] 2025/10/07 10:37:01.464 Divide StockNo {3045}
[31568] 2025/10/07 10:37:01.464 Add Basket MarketNo：0 StockIdx：32705
[31568] 2025/10/07 10:37:01.464 Divide StockNo {3078}
[31568] 2025/10/07 10:37:01.464 Add Basket MarketNo：1 StockIdx：266
[31568] 2025/10/07 10:37:01.464 Divide StockNo {3081}
[31568] 2025/10/07 10:37:01.464 Add Basket MarketNo：1 StockIdx：267
[31568] 2025/10/07 10:37:01.464 Divide StockNo {3105}
[31568] 2025/10/07 10:37:01.464 Add Basket MarketNo：1 StockIdx：277
[31568] 2025/10/07 10:37:01.464 Divide StockNo {3152}
[31568] 2025/10/07 10:37:01.464 Add Basket MarketNo：1 StockIdx：292
[31568] 2025/10/07 10:37:01.464 Divide StockNo {3189}
[31568] 2025/10/07 10:37:01.464 Add Basket MarketNo：0 StockIdx：32732
[31568] 2025/10/07 10:37:01.464 Divide StockNo {3227}
[31568] 2025/10/07 10:37:01.464 Add Basket MarketNo：1 StockIdx：315
[31568] 2025/10/07 10:37:01.464 Divide StockNo {3231}
[31568] 2025/10/07 10:37:01.464 Add Basket MarketNo：0 StockIdx：32735
[31568] 2025/10/07 10:37:01.464 Divide StockNo {3260}
[31568] 2025/10/07 10:37:01.464 Add Basket MarketNo：1 StockIdx：324
[31568] 2025/10/07 10:37:01.464 Divide StockNo {3264}
[31568] 2025/10/07 10:37:01.464 Add Basket MarketNo：1 StockIdx：325
[31568] 2025/10/07 10:37:01.464 Divide StockNo {3293}
[31568] 2025/10/07 10:37:01.464 Add Basket MarketNo：1 StockIdx：338
[31568] 2025/10/07 10:37:01.464 Divide StockNo {3324}
[31568] 2025/10/07 10:37:01.464 Add Basket MarketNo：1 StockIdx：354
[31568] 2025/10/07 10:37:01.464 Divide StockNo {3374}
[31568] 2025/10/07 10:37:01.464 Add Basket MarketNo：1 StockIdx：372
[31568] 2025/10/07 10:37:01.464 Divide StockNo {3376}
[31568] 2025/10/07 10:37:01.464 Add Basket MarketNo：0 StockIdx：32747
[31568] 2025/10/07 10:37:01.464 Divide StockNo {3380}
[31568] 2025/10/07 10:37:01.464 Add Basket MarketNo：0 StockIdx：32748
[31568] 2025/10/07 10:37:01.464 Divide StockNo {3406}
[31568] 2025/10/07 10:37:01.464 Add Basket MarketNo：0 StockIdx：32749
[31568] 2025/10/07 10:37:01.464 Divide StockNo {3443}
[31568] 2025/10/07 10:37:01.464 Add Basket MarketNo：0 StockIdx：32755
[31568] 2025/10/07 10:37:01.464 Divide StockNo {3481}
[31568] 2025/10/07 10:37:01.464 Add Basket MarketNo：0 StockIdx：32759
[31568] 2025/10/07 10:37:01.464 Divide StockNo {3529}
[31568] 2025/10/07 10:37:01.464 Add Basket MarketNo：1 StockIdx：422
[31568] 2025/10/07 10:37:01.464 Divide StockNo {3532}
[31568] 2025/10/07 10:37:01.465 Add Basket MarketNo：0 StockIdx：32767
[31568] 2025/10/07 10:37:01.465 Divide StockNo {3533}
[31568] 2025/10/07 10:37:01.465 Add Basket MarketNo：0 StockIdx：32768
[31568] 2025/10/07 10:37:01.465 Divide StockNo {3552}
[31568] 2025/10/07 10:37:01.465 Add Basket MarketNo：1 StockIdx：432
[31568] 2025/10/07 10:37:01.465 Divide StockNo {3653}
[31568] 2025/10/07 10:37:01.465 Add Basket MarketNo：0 StockIdx：32788
[31568] 2025/10/07 10:37:01.465 Divide StockNo {3661}
[31568] 2025/10/07 10:37:01.465 Add Basket MarketNo：0 StockIdx：32789
[31568] 2025/10/07 10:37:01.465 Divide StockNo {3673}
[31568] 2025/10/07 10:37:01.465 Add Basket MarketNo：0 StockIdx：32792
[31568] 2025/10/07 10:37:01.465 Divide StockNo {3680}
[31568] 2025/10/07 10:37:01.465 Add Basket MarketNo：1 StockIdx：471
[31568] 2025/10/07 10:37:01.465 Divide StockNo {3691}
[31568] 2025/10/07 10:37:01.465 Add Basket MarketNo：1 StockIdx：480
[31568] 2025/10/07 10:37:01.465 Divide StockNo {3702}
[31568] 2025/10/07 10:37:01.465 Add Basket MarketNo：0 StockIdx：32797
[31568] 2025/10/07 10:37:01.465 Divide StockNo {3706}
[31568] 2025/10/07 10:37:01.465 Add Basket MarketNo：0 StockIdx：32801
[31568] 2025/10/07 10:37:01.465 Divide StockNo {3711}
[31568] 2025/10/07 10:37:01.465 Add Basket MarketNo：0 StockIdx：32803
[31568] 2025/10/07 10:37:01.465 Divide StockNo {3714}
[31568] 2025/10/07 10:37:01.465 Add Basket MarketNo：0 StockIdx：32805
[31568] 2025/10/07 10:37:01.465 Divide StockNo {4123}
[31568] 2025/10/07 10:37:01.465 Add Basket MarketNo：1 StockIdx：504
[31568] 2025/10/07 10:37:01.465 Divide StockNo {4128}
[31568] 2025/10/07 10:37:01.465 Add Basket MarketNo：1 StockIdx：509
[31568] 2025/10/07 10:37:01.465 Divide StockNo {4162}
[31568] 2025/10/07 10:37:01.465 Add Basket MarketNo：1 StockIdx：523
[31568] 2025/10/07 10:37:01.465 Divide StockNo {4736}
[31568] 2025/10/07 10:37:01.465 Add Basket MarketNo：0 StockIdx：32850
[31568] 2025/10/07 10:37:01.465 Divide StockNo {4743}
[31568] 2025/10/07 10:37:01.465 Add Basket MarketNo：1 StockIdx：615
[31568] 2025/10/07 10:37:01.465 Divide StockNo {4904}
[31568] 2025/10/07 10:37:01.465 Add Basket MarketNo：0 StockIdx：32861
[31568] 2025/10/07 10:37:01.465 Divide StockNo {4919}
[31568] 2025/10/07 10:37:01.465 Add Basket MarketNo：0 StockIdx：32866
[31568] 2025/10/07 10:37:01.465 Divide StockNo {4938}
[31568] 2025/10/07 10:37:01.465 Add Basket MarketNo：0 StockIdx：32871
[31568] 2025/10/07 10:37:01.465 Divide StockNo {4958}
[31568] 2025/10/07 10:37:01.465 Add Basket MarketNo：0 StockIdx：32877
[31568] 2025/10/07 10:37:01.465 Divide StockNo {5009}
[31568] 2025/10/07 10:37:01.465 Add Basket MarketNo：1 StockIdx：659
[31568] 2025/10/07 10:37:01.465 Divide StockNo {5269}
[31568] 2025/10/07 10:37:01.465 Add Basket MarketNo：0 StockIdx：32896
[31568] 2025/10/07 10:37:01.465 Divide StockNo {5274}
[31568] 2025/10/07 10:37:01.465 Add Basket MarketNo：1 StockIdx：693
[31568] 2025/10/07 10:37:01.465 Divide StockNo {5347}
[31568] 2025/10/07 10:37:01.465 Add Basket MarketNo：1 StockIdx：717
[31568] 2025/10/07 10:37:01.465 Divide StockNo {5371}
[31568] 2025/10/07 10:37:01.465 Add Basket MarketNo：1 StockIdx：724
[31568] 2025/10/07 10:37:01.465 Divide StockNo {5388}
[31568] 2025/10/07 10:37:01.465 Add Basket MarketNo：0 StockIdx：32903
[31568] 2025/10/07 10:37:01.465 Divide StockNo {5425}
[31568] 2025/10/07 10:37:01.465 Add Basket MarketNo：1 StockIdx：732
[31568] 2025/10/07 10:37:01.465 Divide StockNo {5457}
[31568] 2025/10/07 10:37:01.465 Add Basket MarketNo：1 StockIdx：744
[31568] 2025/10/07 10:37:01.465 Divide StockNo {5483}
[31568] 2025/10/07 10:37:01.465 Add Basket MarketNo：1 StockIdx：754
[31568] 2025/10/07 10:37:01.465 Divide StockNo {5534}
[31568] 2025/10/07 10:37:01.465 Add Basket MarketNo：0 StockIdx：32915
[31568] 2025/10/07 10:37:01.465 Divide StockNo {5871}
[31568] 2025/10/07 10:37:01.465 Add Basket MarketNo：0 StockIdx：32921
[31568] 2025/10/07 10:37:01.465 Divide StockNo {5876}
[31568] 2025/10/07 10:37:01.465 Add Basket MarketNo：0 StockIdx：32923
[31568] 2025/10/07 10:37:01.465 Divide StockNo {5880}
[31568] 2025/10/07 10:37:01.465 Add Basket MarketNo：0 StockIdx：32924
[31568] 2025/10/07 10:37:01.465 Divide StockNo {5904}
[31568] 2025/10/07 10:37:01.465 Add Basket MarketNo：1 StockIdx：788
[31568] 2025/10/07 10:37:01.465 Divide StockNo {6005}
[31568] 2025/10/07 10:37:01.465 Add Basket MarketNo：0 StockIdx：32927
[31568] 2025/10/07 10:37:01.465 Divide StockNo {6116}
[31568] 2025/10/07 10:37:01.465 Add Basket MarketNo：0 StockIdx：32932
[31568] 2025/10/07 10:37:01.466 Divide StockNo {6121}
[31568] 2025/10/07 10:37:01.466 Add Basket MarketNo：1 StockIdx：811
[31568] 2025/10/07 10:37:01.466 Divide StockNo {6139}
[31568] 2025/10/07 10:37:01.466 Add Basket MarketNo：0 StockIdx：32938
[31568] 2025/10/07 10:37:01.466 Divide StockNo {6147}
[31568] 2025/10/07 10:37:01.466 Add Basket MarketNo：1 StockIdx：829
[31568] 2025/10/07 10:37:01.466 Divide StockNo {6153}
[31568] 2025/10/07 10:37:01.466 Add Basket MarketNo：0 StockIdx：32942
[31568] 2025/10/07 10:37:01.466 Divide StockNo {6173}
[31568] 2025/10/07 10:37:01.466 Add Basket MarketNo：1 StockIdx：845
[31568] 2025/10/07 10:37:01.466 Divide StockNo {6176}
[31568] 2025/10/07 10:37:01.466 Add Basket MarketNo：0 StockIdx：32948
[31568] 2025/10/07 10:37:01.466 Divide StockNo {6182}
[31568] 2025/10/07 10:37:01.466 Add Basket MarketNo：1 StockIdx：853
[31568] 2025/10/07 10:37:01.466 Divide StockNo {6188}
[31568] 2025/10/07 10:37:01.466 Add Basket MarketNo：1 StockIdx：861
[31568] 2025/10/07 10:37:01.466 Divide StockNo {6213}
[31568] 2025/10/07 10:37:01.466 Add Basket MarketNo：0 StockIdx：32962
[31568] 2025/10/07 10:37:01.466 Divide StockNo {6223}
[31568] 2025/10/07 10:37:01.466 Add Basket MarketNo：1 StockIdx：885
[31568] 2025/10/07 10:37:01.466 Divide StockNo {6239}
[31568] 2025/10/07 10:37:01.466 Add Basket MarketNo：0 StockIdx：32971
[31568] 2025/10/07 10:37:01.466 Divide StockNo {6245}
[31568] 2025/10/07 10:37:01.466 Add Basket MarketNo：1 StockIdx：900
[31568] 2025/10/07 10:37:01.466 Divide StockNo {6257}
[31568] 2025/10/07 10:37:01.466 Add Basket MarketNo：0 StockIdx：32973
[31568] 2025/10/07 10:37:01.466 Divide StockNo {6269}
[31568] 2025/10/07 10:37:01.466 Add Basket MarketNo：0 StockIdx：32974
[31568] 2025/10/07 10:37:01.466 Divide StockNo {6271}
[31568] 2025/10/07 10:37:01.466 Add Basket MarketNo：0 StockIdx：32975
[31568] 2025/10/07 10:37:01.466 Divide StockNo {6274}
[31568] 2025/10/07 10:37:01.466 Add Basket MarketNo：1 StockIdx：912
[31568] 2025/10/07 10:37:01.466 Divide StockNo {6278}
[31568] 2025/10/07 10:37:01.466 Add Basket MarketNo：0 StockIdx：32977
[31568] 2025/10/07 10:37:01.466 Divide StockNo {6279}
[31568] 2025/10/07 10:37:01.466 Add Basket MarketNo：1 StockIdx：916
[31568] 2025/10/07 10:37:01.466 Divide StockNo {6282}
[31568] 2025/10/07 10:37:01.466 Add Basket MarketNo：0 StockIdx：32979
[31568] 2025/10/07 10:37:01.466 Divide StockNo {6285}
[31568] 2025/10/07 10:37:01.466 Add Basket MarketNo：0 StockIdx：32981
[31568] 2025/10/07 10:37:01.466 Divide StockNo {6414}
[31568] 2025/10/07 10:37:01.466 Add Basket MarketNo：0 StockIdx：32985
[31568] 2025/10/07 10:37:01.466 Divide StockNo {6443}
[31568] 2025/10/07 10:37:01.466 Add Basket MarketNo：0 StockIdx：32993
[31568] 2025/10/07 10:37:01.466 Divide StockNo {6472}
[31568] 2025/10/07 10:37:01.466 Add Basket MarketNo：0 StockIdx：32999
[31568] 2025/10/07 10:37:01.466 Divide StockNo {6488}
[31568] 2025/10/07 10:37:01.466 Add Basket MarketNo：1 StockIdx：952
[31568] 2025/10/07 10:37:01.466 Divide StockNo {6505}
[31568] 2025/10/07 10:37:01.466 Add Basket MarketNo：0 StockIdx：33003
[31568] 2025/10/07 10:37:01.466 Divide StockNo {6510}
[31568] 2025/10/07 10:37:01.466 Add Basket MarketNo：1 StockIdx：962
[31568] 2025/10/07 10:37:01.466 Divide StockNo {6526}
[31568] 2025/10/07 10:37:01.466 Add Basket MarketNo：0 StockIdx：33006
[31568] 2025/10/07 10:37:01.466 Divide StockNo {6547}
[31568] 2025/10/07 10:37:01.466 Add Basket MarketNo：1 StockIdx：977
[31568] 2025/10/07 10:37:01.466 Divide StockNo {6669}
[31568] 2025/10/07 10:37:01.466 Add Basket MarketNo：0 StockIdx：33035
[31568] 2025/10/07 10:37:01.466 Divide StockNo {6757}
[31568] 2025/10/07 10:37:01.466 Add Basket MarketNo：0 StockIdx：33052
[31568] 2025/10/07 10:37:01.466 Divide StockNo {6770}
[31568] 2025/10/07 10:37:01.466 Add Basket MarketNo：0 StockIdx：33054
[31568] 2025/10/07 10:37:01.466 Divide StockNo {8039}
[31568] 2025/10/07 10:37:01.466 Add Basket MarketNo：0 StockIdx：33126
[31568] 2025/10/07 10:37:01.466 Divide StockNo {8044}
[31568] 2025/10/07 10:37:01.466 Add Basket MarketNo：1 StockIdx：12233
[31568] 2025/10/07 10:37:01.466 Divide StockNo {8046}
[31568] 2025/10/07 10:37:01.466 Add Basket MarketNo：0 StockIdx：33128
[31568] 2025/10/07 10:37:01.466 Divide StockNo {8069}
[31568] 2025/10/07 10:37:01.466 Add Basket MarketNo：1 StockIdx：12245
[31568] 2025/10/07 10:37:01.466 Divide StockNo {8086}
[31568] 2025/10/07 10:37:01.466 Add Basket MarketNo：1 StockIdx：12254
[31568] 2025/10/07 10:37:01.466 Divide StockNo {8112}
[31568] 2025/10/07 10:37:01.467 Add Basket MarketNo：0 StockIdx：33137
[31568] 2025/10/07 10:37:01.467 Divide StockNo {8150}
[31568] 2025/10/07 10:37:01.467 Add Basket MarketNo：0 StockIdx：33141
[31568] 2025/10/07 10:37:01.467 Divide StockNo {8163}
[31568] 2025/10/07 10:37:01.467 Add Basket MarketNo：0 StockIdx：33143
[31568] 2025/10/07 10:37:01.467 Divide StockNo {8299}
[31568] 2025/10/07 10:37:01.467 Add Basket MarketNo：1 StockIdx：12293
[31568] 2025/10/07 10:37:01.467 Divide StockNo {8358}
[31568] 2025/10/07 10:37:01.467 Add Basket MarketNo：1 StockIdx：12299
[31568] 2025/10/07 10:37:01.467 Divide StockNo {8436}
[31568] 2025/10/07 10:37:01.467 Add Basket MarketNo：1 StockIdx：12325
[31568] 2025/10/07 10:37:01.467 Divide StockNo {8454}
[31568] 2025/10/07 10:37:01.467 Add Basket MarketNo：0 StockIdx：33162
[31568] 2025/10/07 10:37:01.467 Divide StockNo {9904}
[31568] 2025/10/07 10:37:01.467 Add Basket MarketNo：0 StockIdx：33191
[31568] 2025/10/07 10:37:01.467 Divide StockNo {9914}
[31568] 2025/10/07 10:37:01.467 Add Basket MarketNo：0 StockIdx：33199
[31568] 2025/10/07 10:37:01.467 Divide StockNo {9938}
[31568] 2025/10/07 10:37:01.467 Add Basket MarketNo：0 StockIdx：33216
[31568] 2025/10/07 10:37:01.467 Divide StockNo {9939}
[31568] 2025/10/07 10:37:01.467 Add Basket MarketNo：0 StockIdx：33217
[31568] 2025/10/07 10:37:01.467 Divide StockNo {9945}
[31568] 2025/10/07 10:37:01.467 Add Basket MarketNo：0 StockIdx：33224
[31568] 2025/10/07 10:37:01.467 Divide StockNo {9958}
[31568] 2025/10/07 10:37:01.467 Add Basket MarketNo：0 StockIdx：33227
[31568] 2025/10/07 10:37:01.467 Divide StockNo {TSE}
[31568] 2025/10/07 10:37:01.467 Stock Is Not Exist 
[31568] 2025/10/07 10:37:01.467 Divide StockNo {TSE23}
[31568] 2025/10/07 10:37:01.467 Add Basket MarketNo：0 StockIdx：33544
[31568] 2025/10/07 10:37:01.467 Divide StockNo {TSE28}
[31568] 2025/10/07 10:37:01.467 Add Basket MarketNo：0 StockIdx：33549
[31568] 2025/10/07 10:37:01.467 Divide StockNo {TWMC}
[31568] 2025/10/07 10:37:01.467 Stock Is Not Exist 
[31568] 2025/10/07 10:37:01.467 Return PageNo： 1 
[32060] 2025/10/07 13:10:49.155 Precheck/DistributedServer Query result is 000,分配成功
[32060] 2025/10/07 13:10:49.155 >> Host srvsolace-tpa.capital.com.tw
[32060] 2025/10/07 13:10:50.248 SKQuoteLib_EnterMonitor IP：srvsolace-tpa.capital.com.tw
[32060] 2025/10/07 13:10:50.515 OnSessionConnect，Code: 3001, Error Code:0.
[32060] 2025/10/07 13:10:50.674 SKQuoteLib_EnterMonitorLONG starting
[32060] 2025/10/07 13:10:50.676 OnConnection ( 3001 , 0 ) 
[32060] 2025/10/07 13:10:52.280 Market Info is OK!
[32060] 2025/10/07 13:10:52.408 Catalog info is OK!
[32060] 2025/10/07 13:11:02.763 Solace RequestInitializeData (TO_S_19,S_1F)
[32060] 2025/10/07 13:11:02.763 Solace RequestInitializeData (TO_S_19,S_1F)
[32060] 2025/10/07 13:11:02.764 OnConnection ( 3003 , 0 ) 
[32060] 2025/10/07 13:11:10.437 SKQuoteLib_RequestStocks (1 , CAF00, CBF00, CCF00, CDF00, CEF00, CFF00, CGF00, CHF00, CJF00, CKF00, CLF00, CMF00, CNF00, CQF00, CRF00, CSF00, CUF00, CWF00, CXF00, CYF00, CZF00, DAF00, DBF00, DCF00, DEF00, DFF00, DGF00, DHF00, DIF00, DJF00, DKF00, DLF00, DNF00, DOF00, DPF00, DQF00, DSF00, DVF00, DWF00, DXF00, DYF00, DZF00, EEF00, EGF00, EHF00, EKF00, EMF00, EPF00, EYF00, EZF00, FBF00, FCF00, FEF00, FFF00, FGF00, FKF00, FNF00, FQF00, FRF00, FSF00, FTF00, FVF00, FWF00, FYF00, FZF00, GAF00, GCF00, GHF00, GIF00, GJF00, GKF00, GLF00, GMF00, GNF00, GOF00, GRF00, GUF00, GVF00, GWF00, GXF00, GYF00, GZF00, HAF00, HBF00, HCF00, HHF00, HIF00, HLF00, HOF00, HQF00, HSF00, IAF00, IHF00, IIF00, IJF00, IMF00, IOF00, IPF00, IQF00, IRF00, ITF00, IXF00, IYF00, IZF00, JBF00, JFF00, JMF00, JNF00, JPF00, JSF00, JWF00, JXF00, JZF00, KAF00, KBF00, KCF00, KDF00, KEF00, KFF00, KGF00, KIF00, KKF00, KLF00, KOF00, KPF00, KSF00, KUF00, KWF00, LBF00, LCF00, LEF00, LIF00, LMF00, LOF00, LQF00, LRF00, LTF00, LUF00, LVF00, LWF00, LXF00, LYF00, MAF00, MBF00, MJF00, MKF00, MQF00, MVF00, MYF00, NAF00, NBF00, NDF00, NEF00, NGF00, NIF00, NJF00, NLF00, NMF00, NOF00, NQF00, NSF00, NUF00, NVF00, NWF00, NYF00, OAF00, OBF00, ODF00, OEF00, OHF00, OJF00, OKF00, OLF00, OMF00, OOF00, OPF00, OQF00, ORF00, OSF00, OTF00, OUF00, OVF00, OWF00, OXF00, OYF00, OZF00, PAF00, PBF00, PCF00, PDF00, PEF00, PFF00, PGF00, PHF00, PIF00, PJF00, PKF00, PLF00, PMF00, PNF00, PPF00, PQF00, PRF00, PSF00, PTF00, PUF00, PVF00, PWF00, PXF00, PYF00, PZF00, QAF00, QBF00, QCF00, QDF00, QEF00, QFF00, QGF00, QHF00, QIF00, QJF00, QKF00, QLF00, QMF00, QNF00, QOF00, QPF00, QQF00, QRF00, QSF00, QTF00, QUF00, QVF00, QWF00, QXF00, QYF00, QZF00, RAF00, RBF00, RCF00, RDF00, REF00, RFF00, RGF00, RIF00, RJF00, RKF00, RLF00, RMF00, RNF00, ROF00, RPF00, RQF00, RRF00, RSF00, RUF00, RVF00, RWF00, RXF00, RYF00, RZF00, SAF00, SBF00, SCF00, SDF00, SEF00, SFF00, SGF00, SIF00, SJF00, SKF00, SLF00, SMF00, SNF00, SQF00, SRF00, SSF00, SUF00, SVF00, SWF00, SYF00, SZF00, UAF00, UBF00, UCF00, UEF00, UFF00, UGF00, UHF00, UIF00, UJF00, UKF00, ULF00, UMF00, UOF00, UPF00, UQF00, URF00, USF00, UTF00, UUF00, UVF00, UWF00, 0050, 0056, 006205, 006206, 00636, 00639, 00643, 00679B, 00687B, 00719B, 00757, 00772B, 00878, 00885, 00893, 00919, 00923, 00929, 00937B, 00940, 1101, 1102, 1210, 1216, 1301, 1303, 1312, 1314, 1319, 1326, 1402, 1440, 1476, 1477, 1503, 1504, 1513, 1536, 1565, 1590, 1605, 1609, 1707, 1717, 1718, 1722, 1795, 1802, 1904, 1905, 1907, 1909, 2002, 2006, 2014, 2027, 2049, 2059, 2105, 2201, 2231, 2301, 2303, 2308, 2312, 2313, 2317, 2323, 2324, 2327, 2328, 2330, 2331, 2332, 2337, 2338, 2340, 2344, 2345, 2347, 2352, 2353, 2354, 2355, 2356, 2357, 2360, 2368, 2371, 2376, 2377, 2379, 2382, 2383, 2385, 2388, 2392, 2393, 2401, 2404, 2408, 2409, 2412, 2439, 2441, 2449, 2454, 2455, 2457, 2458, 2474, 2481, 2485, 2486, 2489, 2492, 2498, 2515, 2520, 2542, 2548, 2603, 2605, 2606, 2609, 2610, 2615, 2618, 2633, 2634, 2801, 2834, 2880, 2881, 2882, 2883, 2884, 2885, 2886, 2887, 2888, 2890, 2891, 2892, 2913, 2915, 3005, 3006, 3008, 3017, 3019, 3034, 3035, 3036, 3037, 3042, 3044, 3045, 3078, 3081, 3105, 3152, 3189, 3227, 3231, 3260, 3264, 3293, 3324, 3374, 3376, 3380, 3406, 3443, 3481, 3529, 3532, 3533, 3552, 3653, 3661, 3673, 3680, 3691, 3702, 3706, 3711, 3714, 4123, 4128, 4162, 4736, 4743, 4904, 4919, 4938, 4958, 5009, 5269, 5274, 5347, 5371, 5388, 5425, 5457, 5483, 5534, 5871, 5876, 5880, 5904, 6005, 6116, 6121, 6139, 6147, 6153, 6173, 6176, 6182, 6188, 6213, 6223, 6239, 6245, 6257, 6269, 6271, 6274, 6278, 6279, 6282, 6285, 6414, 6443, 6472, 6488, 6505, 6510, 6526, 6547, 6669, 6757, 6770, 8039, 8044, 8046, 8069, 8086, 8112, 8150, 8163, 8299, 8358, 8436, 8454, 9904, 9914, 9938, 9939, 9945, 9958, TSE, TSE23, TSE28, TWMC)
[32060] 2025/10/07 13:11:10.442 Divide StockNo {CAF00}
[32060] 2025/10/07 13:11:10.442 Add Basket MarketNo：2 StockIdx：160
[32060] 2025/10/07 13:11:10.442 Divide StockNo {CBF00}
[32060] 2025/10/07 13:11:10.442 Add Basket MarketNo：2 StockIdx：166
[32060] 2025/10/07 13:11:10.442 Divide StockNo {CCF00}
[32060] 2025/10/07 13:11:10.442 Add Basket MarketNo：2 StockIdx：5597
[32060] 2025/10/07 13:11:10.442 Divide StockNo {CDF00}
[32060] 2025/10/07 13:11:10.442 Add Basket MarketNo：2 StockIdx：5603
[32060] 2025/10/07 13:11:10.442 Divide StockNo {CEF00}
[32060] 2025/10/07 13:11:10.442 Add Basket MarketNo：2 StockIdx：184
[32060] 2025/10/07 13:11:10.442 Divide StockNo {CFF00}
[32060] 2025/10/07 13:11:10.442 Add Basket MarketNo：2 StockIdx：194
[32060] 2025/10/07 13:11:10.442 Divide StockNo {CGF00}
[32060] 2025/10/07 13:11:10.442 Add Basket MarketNo：2 StockIdx：200
[32060] 2025/10/07 13:11:10.442 Divide StockNo {CHF00}
[32060] 2025/10/07 13:11:10.442 Add Basket MarketNo：2 StockIdx：206
[32060] 2025/10/07 13:11:10.442 Divide StockNo {CJF00}
[32060] 2025/10/07 13:11:10.442 Add Basket MarketNo：2 StockIdx：212
[32060] 2025/10/07 13:11:10.442 Divide StockNo {CKF00}
[32060] 2025/10/07 13:11:10.442 Add Basket MarketNo：2 StockIdx：218
[32060] 2025/10/07 13:11:10.442 Divide StockNo {CLF00}
[32060] 2025/10/07 13:11:10.442 Add Basket MarketNo：2 StockIdx：224
[32060] 2025/10/07 13:11:10.442 Divide StockNo {CMF00}
[32060] 2025/10/07 13:11:10.442 Add Basket MarketNo：2 StockIdx：230
[32060] 2025/10/07 13:11:10.442 Divide StockNo {CNF00}
[32060] 2025/10/07 13:11:10.443 Add Basket MarketNo：2 StockIdx：236
[32060] 2025/10/07 13:11:10.443 Divide StockNo {CQF00}
[32060] 2025/10/07 13:11:10.443 Add Basket MarketNo：2 StockIdx：242
[32060] 2025/10/07 13:11:10.443 Divide StockNo {CRF00}
[32060] 2025/10/07 13:11:10.443 Add Basket MarketNo：2 StockIdx：248
[32060] 2025/10/07 13:11:10.443 Divide StockNo {CSF00}
[32060] 2025/10/07 13:11:10.443 Add Basket MarketNo：2 StockIdx：254
[32060] 2025/10/07 13:11:10.443 Divide StockNo {CUF00}
[32060] 2025/10/07 13:11:10.443 Add Basket MarketNo：2 StockIdx：261
[32060] 2025/10/07 13:11:10.443 Divide StockNo {CWF00}
[32060] 2025/10/07 13:11:10.443 Add Basket MarketNo：2 StockIdx：267
[32060] 2025/10/07 13:11:10.443 Divide StockNo {CXF00}
[32060] 2025/10/07 13:11:10.443 Add Basket MarketNo：2 StockIdx：277
[32060] 2025/10/07 13:11:10.443 Divide StockNo {CYF00}
[32060] 2025/10/07 13:11:10.443 Add Basket MarketNo：2 StockIdx：283
[32060] 2025/10/07 13:11:10.443 Divide StockNo {CZF00}
[32060] 2025/10/07 13:11:10.443 Add Basket MarketNo：2 StockIdx：289
[32060] 2025/10/07 13:11:10.443 Divide StockNo {DAF00}
[32060] 2025/10/07 13:11:10.443 Add Basket MarketNo：2 StockIdx：295
[32060] 2025/10/07 13:11:10.443 Divide StockNo {DBF00}
[32060] 2025/10/07 13:11:10.443 Add Basket MarketNo：2 StockIdx：301
[32060] 2025/10/07 13:11:10.443 Divide StockNo {DCF00}
[32060] 2025/10/07 13:11:10.443 Add Basket MarketNo：2 StockIdx：307
[32060] 2025/10/07 13:11:10.443 Divide StockNo {DEF00}
[32060] 2025/10/07 13:11:10.443 Add Basket MarketNo：2 StockIdx：314
[32060] 2025/10/07 13:11:10.443 Divide StockNo {DFF00}
[32060] 2025/10/07 13:11:10.443 Add Basket MarketNo：2 StockIdx：322
[32060] 2025/10/07 13:11:10.443 Divide StockNo {DGF00}
[32060] 2025/10/07 13:11:10.443 Add Basket MarketNo：2 StockIdx：328
[32060] 2025/10/07 13:11:10.443 Divide StockNo {DHF00}
[32060] 2025/10/07 13:11:10.443 Add Basket MarketNo：2 StockIdx：334
[32060] 2025/10/07 13:11:10.443 Divide StockNo {DIF00}
[32060] 2025/10/07 13:11:10.443 Add Basket MarketNo：2 StockIdx：340
[32060] 2025/10/07 13:11:10.443 Divide StockNo {DJF00}
[32060] 2025/10/07 13:11:10.443 Add Basket MarketNo：2 StockIdx：346
[32060] 2025/10/07 13:11:10.443 Divide StockNo {DKF00}
[32060] 2025/10/07 13:11:10.443 Add Basket MarketNo：2 StockIdx：352
[32060] 2025/10/07 13:11:10.443 Divide StockNo {DLF00}
[32060] 2025/10/07 13:11:10.443 Add Basket MarketNo：2 StockIdx：358
[32060] 2025/10/07 13:11:10.443 Divide StockNo {DNF00}
[32060] 2025/10/07 13:11:10.443 Add Basket MarketNo：2 StockIdx：364
[32060] 2025/10/07 13:11:10.443 Divide StockNo {DOF00}
[32060] 2025/10/07 13:11:10.443 Add Basket MarketNo：2 StockIdx：371
[32060] 2025/10/07 13:11:10.443 Divide StockNo {DPF00}
[32060] 2025/10/07 13:11:10.443 Add Basket MarketNo：2 StockIdx：378
[32060] 2025/10/07 13:11:10.443 Divide StockNo {DQF00}
[32060] 2025/10/07 13:11:10.443 Add Basket MarketNo：2 StockIdx：384
[32060] 2025/10/07 13:11:10.443 Divide StockNo {DSF00}
[32060] 2025/10/07 13:11:10.443 Add Basket MarketNo：2 StockIdx：390
[32060] 2025/10/07 13:11:10.443 Divide StockNo {DVF00}
[32060] 2025/10/07 13:11:10.443 Add Basket MarketNo：2 StockIdx：396
[32060] 2025/10/07 13:11:10.443 Divide StockNo {DWF00}
[32060] 2025/10/07 13:11:10.443 Add Basket MarketNo：2 StockIdx：402
[32060] 2025/10/07 13:11:10.443 Divide StockNo {DXF00}
[32060] 2025/10/07 13:11:10.443 Add Basket MarketNo：2 StockIdx：408
[32060] 2025/10/07 13:11:10.443 Divide StockNo {DYF00}
[32060] 2025/10/07 13:11:10.443 Add Basket MarketNo：2 StockIdx：414
[32060] 2025/10/07 13:11:10.443 Divide StockNo {DZF00}
[32060] 2025/10/07 13:11:10.443 Add Basket MarketNo：2 StockIdx：420
[32060] 2025/10/07 13:11:10.443 Divide StockNo {EEF00}
[32060] 2025/10/07 13:11:10.443 Add Basket MarketNo：2 StockIdx：426
[32060] 2025/10/07 13:11:10.444 Divide StockNo {EGF00}
[32060] 2025/10/07 13:11:10.444 Add Basket MarketNo：2 StockIdx：432
[32060] 2025/10/07 13:11:10.444 Divide StockNo {EHF00}
[32060] 2025/10/07 13:11:10.444 Add Basket MarketNo：2 StockIdx：438
[32060] 2025/10/07 13:11:10.444 Divide StockNo {EKF00}
[32060] 2025/10/07 13:11:10.444 Add Basket MarketNo：2 StockIdx：444
[32060] 2025/10/07 13:11:10.444 Divide StockNo {EMF00}
[32060] 2025/10/07 13:11:10.444 Add Basket MarketNo：2 StockIdx：450
[32060] 2025/10/07 13:11:10.444 Divide StockNo {EPF00}
[32060] 2025/10/07 13:11:10.444 Add Basket MarketNo：2 StockIdx：456
[32060] 2025/10/07 13:11:10.444 Divide StockNo {EYF00}
[32060] 2025/10/07 13:11:10.444 Add Basket MarketNo：2 StockIdx：462
[32060] 2025/10/07 13:11:10.444 Divide StockNo {EZF00}
[32060] 2025/10/07 13:11:10.444 Add Basket MarketNo：2 StockIdx：468
[32060] 2025/10/07 13:11:10.444 Divide StockNo {FBF00}
[32060] 2025/10/07 13:11:10.444 Add Basket MarketNo：2 StockIdx：474
[32060] 2025/10/07 13:11:10.444 Divide StockNo {FCF00}
[32060] 2025/10/07 13:11:10.444 Add Basket MarketNo：2 StockIdx：480
[32060] 2025/10/07 13:11:10.444 Divide StockNo {FEF00}
[32060] 2025/10/07 13:11:10.444 Add Basket MarketNo：2 StockIdx：485
[32060] 2025/10/07 13:11:10.444 Divide StockNo {FFF00}
[32060] 2025/10/07 13:11:10.444 Add Basket MarketNo：2 StockIdx：492
[32060] 2025/10/07 13:11:10.444 Divide StockNo {FGF00}
[32060] 2025/10/07 13:11:10.444 Add Basket MarketNo：2 StockIdx：498
[32060] 2025/10/07 13:11:10.444 Divide StockNo {FKF00}
[32060] 2025/10/07 13:11:10.444 Add Basket MarketNo：2 StockIdx：504
[32060] 2025/10/07 13:11:10.444 Divide StockNo {FNF00}
[32060] 2025/10/07 13:11:10.444 Add Basket MarketNo：2 StockIdx：510
[32060] 2025/10/07 13:11:10.444 Divide StockNo {FQF00}
[32060] 2025/10/07 13:11:10.444 Add Basket MarketNo：2 StockIdx：516
[32060] 2025/10/07 13:11:10.444 Divide StockNo {FRF00}
[32060] 2025/10/07 13:11:10.444 Add Basket MarketNo：2 StockIdx：522
[32060] 2025/10/07 13:11:10.444 Divide StockNo {FSF00}
[32060] 2025/10/07 13:11:10.444 Add Basket MarketNo：2 StockIdx：528
[32060] 2025/10/07 13:11:10.444 Divide StockNo {FTF00}
[32060] 2025/10/07 13:11:10.444 Add Basket MarketNo：2 StockIdx：534
[32060] 2025/10/07 13:11:10.444 Divide StockNo {FVF00}
[32060] 2025/10/07 13:11:10.444 Add Basket MarketNo：2 StockIdx：540
[32060] 2025/10/07 13:11:10.444 Divide StockNo {FWF00}
[32060] 2025/10/07 13:11:10.444 Add Basket MarketNo：2 StockIdx：546
[32060] 2025/10/07 13:11:10.444 Divide StockNo {FYF00}
[32060] 2025/10/07 13:11:10.444 Add Basket MarketNo：2 StockIdx：552
[32060] 2025/10/07 13:11:10.444 Divide StockNo {FZF00}
[32060] 2025/10/07 13:11:10.444 Add Basket MarketNo：2 StockIdx：558
[32060] 2025/10/07 13:11:10.444 Divide StockNo {GAF00}
[32060] 2025/10/07 13:11:10.444 Add Basket MarketNo：2 StockIdx：564
[32060] 2025/10/07 13:11:10.444 Divide StockNo {GCF00}
[32060] 2025/10/07 13:11:10.444 Add Basket MarketNo：2 StockIdx：570
[32060] 2025/10/07 13:11:10.444 Divide StockNo {GHF00}
[32060] 2025/10/07 13:11:10.444 Add Basket MarketNo：2 StockIdx：576
[32060] 2025/10/07 13:11:10.444 Divide StockNo {GIF00}
[32060] 2025/10/07 13:11:10.444 Add Basket MarketNo：2 StockIdx：582
[32060] 2025/10/07 13:11:10.444 Divide StockNo {GJF00}
[32060] 2025/10/07 13:11:10.444 Add Basket MarketNo：2 StockIdx：588
[32060] 2025/10/07 13:11:10.444 Divide StockNo {GKF00}
[32060] 2025/10/07 13:11:10.444 Add Basket MarketNo：2 StockIdx：594
[32060] 2025/10/07 13:11:10.444 Divide StockNo {GLF00}
[32060] 2025/10/07 13:11:10.444 Add Basket MarketNo：2 StockIdx：600
[32060] 2025/10/07 13:11:10.444 Divide StockNo {GMF00}
[32060] 2025/10/07 13:11:10.445 Add Basket MarketNo：2 StockIdx：606
[32060] 2025/10/07 13:11:10.445 Divide StockNo {GNF00}
[32060] 2025/10/07 13:11:10.445 Add Basket MarketNo：2 StockIdx：612
[32060] 2025/10/07 13:11:10.445 Divide StockNo {GOF00}
[32060] 2025/10/07 13:11:10.445 Add Basket MarketNo：2 StockIdx：618
[32060] 2025/10/07 13:11:10.445 Divide StockNo {GRF00}
[32060] 2025/10/07 13:11:10.445 Add Basket MarketNo：2 StockIdx：624
[32060] 2025/10/07 13:11:10.445 Divide StockNo {GUF00}
[32060] 2025/10/07 13:11:10.445 Add Basket MarketNo：2 StockIdx：630
[32060] 2025/10/07 13:11:10.445 Divide StockNo {GVF00}
[32060] 2025/10/07 13:11:10.445 Add Basket MarketNo：2 StockIdx：636
[32060] 2025/10/07 13:11:10.445 Divide StockNo {GWF00}
[32060] 2025/10/07 13:11:10.445 Add Basket MarketNo：2 StockIdx：642
[32060] 2025/10/07 13:11:10.445 Divide StockNo {GXF00}
[32060] 2025/10/07 13:11:10.445 Add Basket MarketNo：2 StockIdx：648
[32060] 2025/10/07 13:11:10.445 Divide StockNo {GYF00}
[32060] 2025/10/07 13:11:10.445 Add Basket MarketNo：2 StockIdx：654
[32060] 2025/10/07 13:11:10.445 Divide StockNo {GZF00}
[32060] 2025/10/07 13:11:10.445 Add Basket MarketNo：2 StockIdx：660
[32060] 2025/10/07 13:11:10.445 Divide StockNo {HAF00}
[32060] 2025/10/07 13:11:10.445 Add Basket MarketNo：2 StockIdx：666
[32060] 2025/10/07 13:11:10.445 Divide StockNo {HBF00}
[32060] 2025/10/07 13:11:10.445 Add Basket MarketNo：2 StockIdx：677
[32060] 2025/10/07 13:11:10.445 Divide StockNo {HCF00}
[32060] 2025/10/07 13:11:10.445 Add Basket MarketNo：2 StockIdx：683
[32060] 2025/10/07 13:11:10.445 Divide StockNo {HHF00}
[32060] 2025/10/07 13:11:10.445 Add Basket MarketNo：2 StockIdx：689
[32060] 2025/10/07 13:11:10.445 Divide StockNo {HIF00}
[32060] 2025/10/07 13:11:10.445 Add Basket MarketNo：2 StockIdx：695
[32060] 2025/10/07 13:11:10.445 Divide StockNo {HLF00}
[32060] 2025/10/07 13:11:10.445 Add Basket MarketNo：2 StockIdx：701
[32060] 2025/10/07 13:11:10.445 Divide StockNo {HOF00}
[32060] 2025/10/07 13:11:10.445 Add Basket MarketNo：2 StockIdx：713
[32060] 2025/10/07 13:11:10.445 Divide StockNo {HQF00}
[32060] 2025/10/07 13:11:10.445 Add Basket MarketNo：2 StockIdx：720
[32060] 2025/10/07 13:11:10.445 Divide StockNo {HSF00}
[32060] 2025/10/07 13:11:10.445 Add Basket MarketNo：2 StockIdx：726
[32060] 2025/10/07 13:11:10.445 Divide StockNo {IAF00}
[32060] 2025/10/07 13:11:10.445 Add Basket MarketNo：2 StockIdx：732
[32060] 2025/10/07 13:11:10.445 Divide StockNo {IHF00}
[32060] 2025/10/07 13:11:10.445 Add Basket MarketNo：2 StockIdx：740
[32060] 2025/10/07 13:11:10.445 Divide StockNo {IIF00}
[32060] 2025/10/07 13:11:10.445 Add Basket MarketNo：2 StockIdx：746
[32060] 2025/10/07 13:11:10.445 Divide StockNo {IJF00}
[32060] 2025/10/07 13:11:10.445 Add Basket MarketNo：2 StockIdx：752
[32060] 2025/10/07 13:11:10.445 Divide StockNo {IMF00}
[32060] 2025/10/07 13:11:10.445 Add Basket MarketNo：2 StockIdx：758
[32060] 2025/10/07 13:11:10.445 Divide StockNo {IOF00}
[32060] 2025/10/07 13:11:10.445 Add Basket MarketNo：2 StockIdx：764
[32060] 2025/10/07 13:11:10.445 Divide StockNo {IPF00}
[32060] 2025/10/07 13:11:10.445 Add Basket MarketNo：2 StockIdx：770
[32060] 2025/10/07 13:11:10.445 Divide StockNo {IQF00}
[32060] 2025/10/07 13:11:10.445 Add Basket MarketNo：2 StockIdx：776
[32060] 2025/10/07 13:11:10.445 Divide StockNo {IRF00}
[32060] 2025/10/07 13:11:10.445 Add Basket MarketNo：2 StockIdx：782
[32060] 2025/10/07 13:11:10.445 Divide StockNo {ITF00}
[32060] 2025/10/07 13:11:10.445 Add Basket MarketNo：2 StockIdx：788
[32060] 2025/10/07 13:11:10.445 Divide StockNo {IXF00}
[32060] 2025/10/07 13:11:10.445 Add Basket MarketNo：2 StockIdx：794
[32060] 2025/10/07 13:11:10.445 Divide StockNo {IYF00}
[32060] 2025/10/07 13:11:10.445 Add Basket MarketNo：2 StockIdx：800
[32060] 2025/10/07 13:11:10.445 Divide StockNo {IZF00}
[32060] 2025/10/07 13:11:10.445 Add Basket MarketNo：2 StockIdx：806
[32060] 2025/10/07 13:11:10.446 Divide StockNo {JBF00}
[32060] 2025/10/07 13:11:10.446 Add Basket MarketNo：2 StockIdx：812
[32060] 2025/10/07 13:11:10.446 Divide StockNo {JFF00}
[32060] 2025/10/07 13:11:10.446 Add Basket MarketNo：2 StockIdx：818
[32060] 2025/10/07 13:11:10.446 Divide StockNo {JMF00}
[32060] 2025/10/07 13:11:10.446 Add Basket MarketNo：2 StockIdx：824
[32060] 2025/10/07 13:11:10.446 Divide StockNo {JNF00}
[32060] 2025/10/07 13:11:10.446 Add Basket MarketNo：2 StockIdx：830
[32060] 2025/10/07 13:11:10.446 Divide StockNo {JPF00}
[32060] 2025/10/07 13:11:10.446 Add Basket MarketNo：2 StockIdx：836
[32060] 2025/10/07 13:11:10.446 Divide StockNo {JSF00}
[32060] 2025/10/07 13:11:10.446 Add Basket MarketNo：2 StockIdx：842
[32060] 2025/10/07 13:11:10.446 Divide StockNo {JWF00}
[32060] 2025/10/07 13:11:10.446 Add Basket MarketNo：2 StockIdx：848
[32060] 2025/10/07 13:11:10.446 Divide StockNo {JXF00}
[32060] 2025/10/07 13:11:10.446 Add Basket MarketNo：2 StockIdx：854
[32060] 2025/10/07 13:11:10.446 Divide StockNo {JZF00}
[32060] 2025/10/07 13:11:10.446 Add Basket MarketNo：2 StockIdx：860
[32060] 2025/10/07 13:11:10.446 Divide StockNo {KAF00}
[32060] 2025/10/07 13:11:10.446 Add Basket MarketNo：2 StockIdx：866
[32060] 2025/10/07 13:11:10.446 Divide StockNo {KBF00}
[32060] 2025/10/07 13:11:10.446 Add Basket MarketNo：2 StockIdx：872
[32060] 2025/10/07 13:11:10.446 Divide StockNo {KCF00}
[32060] 2025/10/07 13:11:10.446 Add Basket MarketNo：2 StockIdx：878
[32060] 2025/10/07 13:11:10.446 Divide StockNo {KDF00}
[32060] 2025/10/07 13:11:10.446 Add Basket MarketNo：2 StockIdx：884
[32060] 2025/10/07 13:11:10.446 Divide StockNo {KEF00}
[32060] 2025/10/07 13:11:10.446 Add Basket MarketNo：2 StockIdx：890
[32060] 2025/10/07 13:11:10.446 Divide StockNo {KFF00}
[32060] 2025/10/07 13:11:10.446 Add Basket MarketNo：2 StockIdx：896
[32060] 2025/10/07 13:11:10.446 Divide StockNo {KGF00}
[32060] 2025/10/07 13:11:10.446 Add Basket MarketNo：2 StockIdx：902
[32060] 2025/10/07 13:11:10.446 Divide StockNo {KIF00}
[32060] 2025/10/07 13:11:10.446 Add Basket MarketNo：2 StockIdx：908
[32060] 2025/10/07 13:11:10.446 Divide StockNo {KKF00}
[32060] 2025/10/07 13:11:10.446 Add Basket MarketNo：2 StockIdx：914
[32060] 2025/10/07 13:11:10.446 Divide StockNo {KLF00}
[32060] 2025/10/07 13:11:10.446 Add Basket MarketNo：2 StockIdx：920
[32060] 2025/10/07 13:11:10.446 Divide StockNo {KOF00}
[32060] 2025/10/07 13:11:10.446 Add Basket MarketNo：2 StockIdx：926
[32060] 2025/10/07 13:11:10.446 Divide StockNo {KPF00}
[32060] 2025/10/07 13:11:10.446 Add Basket MarketNo：2 StockIdx：932
[32060] 2025/10/07 13:11:10.446 Divide StockNo {KSF00}
[32060] 2025/10/07 13:11:10.446 Add Basket MarketNo：2 StockIdx：938
[32060] 2025/10/07 13:11:10.446 Divide StockNo {KUF00}
[32060] 2025/10/07 13:11:10.446 Add Basket MarketNo：2 StockIdx：944
[32060] 2025/10/07 13:11:10.446 Divide StockNo {KWF00}
[32060] 2025/10/07 13:11:10.446 Add Basket MarketNo：2 StockIdx：950
[32060] 2025/10/07 13:11:10.446 Divide StockNo {LBF00}
[32060] 2025/10/07 13:11:10.446 Add Basket MarketNo：2 StockIdx：956
[32060] 2025/10/07 13:11:10.446 Divide StockNo {LCF00}
[32060] 2025/10/07 13:11:10.446 Add Basket MarketNo：2 StockIdx：962
[32060] 2025/10/07 13:11:10.446 Divide StockNo {LEF00}
[32060] 2025/10/07 13:11:10.446 Add Basket MarketNo：2 StockIdx：968
[32060] 2025/10/07 13:11:10.446 Divide StockNo {LIF00}
[32060] 2025/10/07 13:11:10.446 Add Basket MarketNo：2 StockIdx：974
[32060] 2025/10/07 13:11:10.446 Divide StockNo {LMF00}
[32060] 2025/10/07 13:11:10.446 Add Basket MarketNo：2 StockIdx：980
[32060] 2025/10/07 13:11:10.446 Divide StockNo {LOF00}
[32060] 2025/10/07 13:11:10.446 Add Basket MarketNo：2 StockIdx：986
[32060] 2025/10/07 13:11:10.446 Divide StockNo {LQF00}
[32060] 2025/10/07 13:11:10.447 Add Basket MarketNo：2 StockIdx：992
[32060] 2025/10/07 13:11:10.447 Divide StockNo {LRF00}
[32060] 2025/10/07 13:11:10.447 Add Basket MarketNo：2 StockIdx：998
[32060] 2025/10/07 13:11:10.447 Divide StockNo {LTF00}
[32060] 2025/10/07 13:11:10.447 Add Basket MarketNo：2 StockIdx：1008
[32060] 2025/10/07 13:11:10.447 Divide StockNo {LUF00}
[32060] 2025/10/07 13:11:10.447 Add Basket MarketNo：2 StockIdx：1014
[32060] 2025/10/07 13:11:10.447 Divide StockNo {LVF00}
[32060] 2025/10/07 13:11:10.447 Add Basket MarketNo：2 StockIdx：1020
[32060] 2025/10/07 13:11:10.447 Divide StockNo {LWF00}
[32060] 2025/10/07 13:11:10.447 Add Basket MarketNo：2 StockIdx：1028
[32060] 2025/10/07 13:11:10.447 Divide StockNo {LXF00}
[32060] 2025/10/07 13:11:10.447 Add Basket MarketNo：2 StockIdx：1034
[32060] 2025/10/07 13:11:10.447 Divide StockNo {LYF00}
[32060] 2025/10/07 13:11:10.447 Add Basket MarketNo：2 StockIdx：1041
[32060] 2025/10/07 13:11:10.447 Divide StockNo {MAF00}
[32060] 2025/10/07 13:11:10.447 Add Basket MarketNo：2 StockIdx：1047
[32060] 2025/10/07 13:11:10.447 Divide StockNo {MBF00}
[32060] 2025/10/07 13:11:10.447 Add Basket MarketNo：2 StockIdx：1050
[32060] 2025/10/07 13:11:10.447 Divide StockNo {MJF00}
[32060] 2025/10/07 13:11:10.447 Add Basket MarketNo：2 StockIdx：1056
[32060] 2025/10/07 13:11:10.447 Divide StockNo {MKF00}
[32060] 2025/10/07 13:11:10.447 Add Basket MarketNo：2 StockIdx：1062
[32060] 2025/10/07 13:11:10.447 Divide StockNo {MQF00}
[32060] 2025/10/07 13:11:10.447 Add Basket MarketNo：2 StockIdx：1068
[32060] 2025/10/07 13:11:10.447 Divide StockNo {MVF00}
[32060] 2025/10/07 13:11:10.447 Add Basket MarketNo：2 StockIdx：1074
[32060] 2025/10/07 13:11:10.447 Divide StockNo {MYF00}
[32060] 2025/10/07 13:11:10.447 Add Basket MarketNo：2 StockIdx：1080
[32060] 2025/10/07 13:11:10.447 Divide StockNo {NAF00}
[32060] 2025/10/07 13:11:10.447 Add Basket MarketNo：2 StockIdx：1086
[32060] 2025/10/07 13:11:10.447 Divide StockNo {NBF00}
[32060] 2025/10/07 13:11:10.447 Add Basket MarketNo：2 StockIdx：1092
[32060] 2025/10/07 13:11:10.447 Divide StockNo {NDF00}
[32060] 2025/10/07 13:11:10.447 Add Basket MarketNo：2 StockIdx：1098
[32060] 2025/10/07 13:11:10.447 Divide StockNo {NEF00}
[32060] 2025/10/07 13:11:10.447 Add Basket MarketNo：2 StockIdx：1104
[32060] 2025/10/07 13:11:10.447 Divide StockNo {NGF00}
[32060] 2025/10/07 13:11:10.447 Add Basket MarketNo：2 StockIdx：1110
[32060] 2025/10/07 13:11:10.447 Divide StockNo {NIF00}
[32060] 2025/10/07 13:11:10.447 Add Basket MarketNo：2 StockIdx：1116
[32060] 2025/10/07 13:11:10.447 Divide StockNo {NJF00}
[32060] 2025/10/07 13:11:10.447 Add Basket MarketNo：2 StockIdx：1125
[32060] 2025/10/07 13:11:10.447 Divide StockNo {NLF00}
[32060] 2025/10/07 13:11:10.447 Add Basket MarketNo：2 StockIdx：1131
[32060] 2025/10/07 13:11:10.447 Divide StockNo {NMF00}
[32060] 2025/10/07 13:11:10.447 Add Basket MarketNo：2 StockIdx：1137
[32060] 2025/10/07 13:11:10.447 Divide StockNo {NOF00}
[32060] 2025/10/07 13:11:10.447 Add Basket MarketNo：2 StockIdx：1143
[32060] 2025/10/07 13:11:10.447 Divide StockNo {NQF00}
[32060] 2025/10/07 13:11:10.447 Add Basket MarketNo：2 StockIdx：1149
[32060] 2025/10/07 13:11:10.447 Divide StockNo {NSF00}
[32060] 2025/10/07 13:11:10.447 Add Basket MarketNo：2 StockIdx：1155
[32060] 2025/10/07 13:11:10.447 Divide StockNo {NUF00}
[32060] 2025/10/07 13:11:10.447 Add Basket MarketNo：2 StockIdx：1161
[32060] 2025/10/07 13:11:10.447 Divide StockNo {NVF00}
[32060] 2025/10/07 13:11:10.447 Add Basket MarketNo：2 StockIdx：1167
[32060] 2025/10/07 13:11:10.447 Divide StockNo {NWF00}
[32060] 2025/10/07 13:11:10.447 Add Basket MarketNo：2 StockIdx：1173
[32060] 2025/10/07 13:11:10.447 Divide StockNo {NYF00}
[32060] 2025/10/07 13:11:10.447 Add Basket MarketNo：2 StockIdx：5609
[32060] 2025/10/07 13:11:10.447 Divide StockNo {OAF00}
[32060] 2025/10/07 13:11:10.447 Add Basket MarketNo：2 StockIdx：1185
[32060] 2025/10/07 13:11:10.448 Divide StockNo {OBF00}
[32060] 2025/10/07 13:11:10.448 Add Basket MarketNo：2 StockIdx：1191
[32060] 2025/10/07 13:11:10.448 Divide StockNo {ODF00}
[32060] 2025/10/07 13:11:10.448 Add Basket MarketNo：2 StockIdx：1197
[32060] 2025/10/07 13:11:10.448 Divide StockNo {OEF00}
[32060] 2025/10/07 13:11:10.448 Add Basket MarketNo：2 StockIdx：1203
[32060] 2025/10/07 13:11:10.448 Divide StockNo {OHF00}
[32060] 2025/10/07 13:11:10.448 Add Basket MarketNo：2 StockIdx：1209
[32060] 2025/10/07 13:11:10.448 Divide StockNo {OJF00}
[32060] 2025/10/07 13:11:10.448 Add Basket MarketNo：2 StockIdx：1217
[32060] 2025/10/07 13:11:10.448 Divide StockNo {OKF00}
[32060] 2025/10/07 13:11:10.448 Add Basket MarketNo：2 StockIdx：1223
[32060] 2025/10/07 13:11:10.448 Divide StockNo {OLF00}
[32060] 2025/10/07 13:11:10.448 Add Basket MarketNo：2 StockIdx：1229
[32060] 2025/10/07 13:11:10.448 Divide StockNo {OMF00}
[32060] 2025/10/07 13:11:10.448 Add Basket MarketNo：2 StockIdx：1235
[32060] 2025/10/07 13:11:10.448 Divide StockNo {OOF00}
[32060] 2025/10/07 13:11:10.448 Add Basket MarketNo：2 StockIdx：1241
[32060] 2025/10/07 13:11:10.448 Divide StockNo {OPF00}
[32060] 2025/10/07 13:11:10.448 Add Basket MarketNo：2 StockIdx：1247
[32060] 2025/10/07 13:11:10.448 Divide StockNo {OQF00}
[32060] 2025/10/07 13:11:10.448 Add Basket MarketNo：2 StockIdx：1253
[32060] 2025/10/07 13:11:10.448 Divide StockNo {ORF00}
[32060] 2025/10/07 13:11:10.448 Add Basket MarketNo：2 StockIdx：1259
[32060] 2025/10/07 13:11:10.448 Divide StockNo {OSF00}
[32060] 2025/10/07 13:11:10.448 Add Basket MarketNo：2 StockIdx：1265
[32060] 2025/10/07 13:11:10.448 Divide StockNo {OTF00}
[32060] 2025/10/07 13:11:10.448 Add Basket MarketNo：2 StockIdx：1271
[32060] 2025/10/07 13:11:10.448 Divide StockNo {OUF00}
[32060] 2025/10/07 13:11:10.448 Add Basket MarketNo：2 StockIdx：1277
[32060] 2025/10/07 13:11:10.448 Divide StockNo {OVF00}
[32060] 2025/10/07 13:11:10.448 Add Basket MarketNo：2 StockIdx：1283
[32060] 2025/10/07 13:11:10.448 Divide StockNo {OWF00}
[32060] 2025/10/07 13:11:10.448 Add Basket MarketNo：2 StockIdx：1289
[32060] 2025/10/07 13:11:10.448 Divide StockNo {OXF00}
[32060] 2025/10/07 13:11:10.448 Add Basket MarketNo：2 StockIdx：1295
[32060] 2025/10/07 13:11:10.448 Divide StockNo {OYF00}
[32060] 2025/10/07 13:11:10.448 Add Basket MarketNo：2 StockIdx：1301
[32060] 2025/10/07 13:11:10.448 Divide StockNo {OZF00}
[32060] 2025/10/07 13:11:10.448 Add Basket MarketNo：2 StockIdx：1307
[32060] 2025/10/07 13:11:10.448 Divide StockNo {PAF00}
[32060] 2025/10/07 13:11:10.448 Add Basket MarketNo：2 StockIdx：1313
[32060] 2025/10/07 13:11:10.448 Divide StockNo {PBF00}
[32060] 2025/10/07 13:11:10.448 Add Basket MarketNo：2 StockIdx：1319
[32060] 2025/10/07 13:11:10.448 Divide StockNo {PCF00}
[32060] 2025/10/07 13:11:10.448 Add Basket MarketNo：2 StockIdx：1325
[32060] 2025/10/07 13:11:10.448 Divide StockNo {PDF00}
[32060] 2025/10/07 13:11:10.448 Add Basket MarketNo：2 StockIdx：1331
[32060] 2025/10/07 13:11:10.448 Divide StockNo {PEF00}
[32060] 2025/10/07 13:11:10.448 Add Basket MarketNo：2 StockIdx：1337
[32060] 2025/10/07 13:11:10.448 Divide StockNo {PFF00}
[32060] 2025/10/07 13:11:10.448 Add Basket MarketNo：2 StockIdx：1343
[32060] 2025/10/07 13:11:10.448 Divide StockNo {PGF00}
[32060] 2025/10/07 13:11:10.448 Add Basket MarketNo：2 StockIdx：1349
[32060] 2025/10/07 13:11:10.448 Divide StockNo {PHF00}
[32060] 2025/10/07 13:11:10.448 Add Basket MarketNo：2 StockIdx：1355
[32060] 2025/10/07 13:11:10.448 Divide StockNo {PIF00}
[32060] 2025/10/07 13:11:10.448 Add Basket MarketNo：2 StockIdx：1361
[32060] 2025/10/07 13:11:10.448 Divide StockNo {PJF00}
[32060] 2025/10/07 13:11:10.448 Add Basket MarketNo：2 StockIdx：1367
[32060] 2025/10/07 13:11:10.448 Divide StockNo {PKF00}
[32060] 2025/10/07 13:11:10.448 Add Basket MarketNo：2 StockIdx：1373
[32060] 2025/10/07 13:11:10.449 Divide StockNo {PLF00}
[32060] 2025/10/07 13:11:10.449 Add Basket MarketNo：2 StockIdx：1379
[32060] 2025/10/07 13:11:10.449 Divide StockNo {PMF00}
[32060] 2025/10/07 13:11:10.449 Add Basket MarketNo：2 StockIdx：1385
[32060] 2025/10/07 13:11:10.449 Divide StockNo {PNF00}
[32060] 2025/10/07 13:11:10.449 Add Basket MarketNo：2 StockIdx：1391
[32060] 2025/10/07 13:11:10.449 Divide StockNo {PPF00}
[32060] 2025/10/07 13:11:10.449 Add Basket MarketNo：2 StockIdx：1397
[32060] 2025/10/07 13:11:10.449 Divide StockNo {PQF00}
[32060] 2025/10/07 13:11:10.449 Add Basket MarketNo：2 StockIdx：1403
[32060] 2025/10/07 13:11:10.449 Divide StockNo {PRF00}
[32060] 2025/10/07 13:11:10.449 Add Basket MarketNo：2 StockIdx：1409
[32060] 2025/10/07 13:11:10.449 Divide StockNo {PSF00}
[32060] 2025/10/07 13:11:10.449 Add Basket MarketNo：2 StockIdx：1415
[32060] 2025/10/07 13:11:10.449 Divide StockNo {PTF00}
[32060] 2025/10/07 13:11:10.449 Add Basket MarketNo：2 StockIdx：1424
[32060] 2025/10/07 13:11:10.449 Divide StockNo {PUF00}
[32060] 2025/10/07 13:11:10.449 Add Basket MarketNo：2 StockIdx：1430
[32060] 2025/10/07 13:11:10.449 Divide StockNo {PVF00}
[32060] 2025/10/07 13:11:10.449 Add Basket MarketNo：2 StockIdx：1436
[32060] 2025/10/07 13:11:10.449 Divide StockNo {PWF00}
[32060] 2025/10/07 13:11:10.449 Add Basket MarketNo：2 StockIdx：1442
[32060] 2025/10/07 13:11:10.449 Divide StockNo {PXF00}
[32060] 2025/10/07 13:11:10.449 Add Basket MarketNo：2 StockIdx：1448
[32060] 2025/10/07 13:11:10.449 Divide StockNo {PYF00}
[32060] 2025/10/07 13:11:10.449 Add Basket MarketNo：2 StockIdx：1454
[32060] 2025/10/07 13:11:10.449 Divide StockNo {PZF00}
[32060] 2025/10/07 13:11:10.449 Add Basket MarketNo：2 StockIdx：1460
[32060] 2025/10/07 13:11:10.449 Divide StockNo {QAF00}
[32060] 2025/10/07 13:11:10.449 Add Basket MarketNo：2 StockIdx：1466
[32060] 2025/10/07 13:11:10.449 Divide StockNo {QBF00}
[32060] 2025/10/07 13:11:10.449 Add Basket MarketNo：2 StockIdx：1472
[32060] 2025/10/07 13:11:10.449 Divide StockNo {QCF00}
[32060] 2025/10/07 13:11:10.449 Add Basket MarketNo：2 StockIdx：1478
[32060] 2025/10/07 13:11:10.449 Divide StockNo {QDF00}
[32060] 2025/10/07 13:11:10.449 Add Basket MarketNo：2 StockIdx：1484
[32060] 2025/10/07 13:11:10.449 Divide StockNo {QEF00}
[32060] 2025/10/07 13:11:10.449 Add Basket MarketNo：2 StockIdx：1490
[32060] 2025/10/07 13:11:10.449 Divide StockNo {QFF00}
[32060] 2025/10/07 13:11:10.449 Add Basket MarketNo：2 StockIdx：5615
[32060] 2025/10/07 13:11:10.449 Divide StockNo {QGF00}
[32060] 2025/10/07 13:11:10.449 Add Basket MarketNo：2 StockIdx：1503
[32060] 2025/10/07 13:11:10.449 Divide StockNo {QHF00}
[32060] 2025/10/07 13:11:10.449 Add Basket MarketNo：2 StockIdx：1509
[32060] 2025/10/07 13:11:10.449 Divide StockNo {QIF00}
[32060] 2025/10/07 13:11:10.449 Add Basket MarketNo：2 StockIdx：1515
[32060] 2025/10/07 13:11:10.449 Divide StockNo {QJF00}
[32060] 2025/10/07 13:11:10.449 Add Basket MarketNo：2 StockIdx：1519
[32060] 2025/10/07 13:11:10.449 Divide StockNo {QKF00}
[32060] 2025/10/07 13:11:10.449 Add Basket MarketNo：2 StockIdx：1525
[32060] 2025/10/07 13:11:10.449 Divide StockNo {QLF00}
[32060] 2025/10/07 13:11:10.449 Add Basket MarketNo：2 StockIdx：1531
[32060] 2025/10/07 13:11:10.449 Divide StockNo {QMF00}
[32060] 2025/10/07 13:11:10.449 Add Basket MarketNo：2 StockIdx：1537
[32060] 2025/10/07 13:11:10.449 Divide StockNo {QNF00}
[32060] 2025/10/07 13:11:10.449 Add Basket MarketNo：2 StockIdx：1543
[32060] 2025/10/07 13:11:10.449 Divide StockNo {QOF00}
[32060] 2025/10/07 13:11:10.449 Add Basket MarketNo：2 StockIdx：1549
[32060] 2025/10/07 13:11:10.450 Divide StockNo {QPF00}
[32060] 2025/10/07 13:11:10.450 Add Basket MarketNo：2 StockIdx：1555
[32060] 2025/10/07 13:11:10.450 Divide StockNo {QQF00}
[32060] 2025/10/07 13:11:10.450 Add Basket MarketNo：2 StockIdx：1561
[32060] 2025/10/07 13:11:10.450 Divide StockNo {QRF00}
[32060] 2025/10/07 13:11:10.450 Add Basket MarketNo：2 StockIdx：1567
[32060] 2025/10/07 13:11:10.450 Divide StockNo {QSF00}
[32060] 2025/10/07 13:11:10.450 Add Basket MarketNo：2 StockIdx：1573
[32060] 2025/10/07 13:11:10.450 Divide StockNo {QTF00}
[32060] 2025/10/07 13:11:10.450 Add Basket MarketNo：2 StockIdx：1579
[32060] 2025/10/07 13:11:10.450 Divide StockNo {QUF00}
[32060] 2025/10/07 13:11:10.450 Add Basket MarketNo：2 StockIdx：1585
[32060] 2025/10/07 13:11:10.450 Divide StockNo {QVF00}
[32060] 2025/10/07 13:11:10.450 Add Basket MarketNo：2 StockIdx：1591
[32060] 2025/10/07 13:11:10.450 Divide StockNo {QWF00}
[32060] 2025/10/07 13:11:10.450 Add Basket MarketNo：2 StockIdx：1597
[32060] 2025/10/07 13:11:10.450 Divide StockNo {QXF00}
[32060] 2025/10/07 13:11:10.450 Add Basket MarketNo：2 StockIdx：1603
[32060] 2025/10/07 13:11:10.450 Divide StockNo {QYF00}
[32060] 2025/10/07 13:11:10.450 Add Basket MarketNo：2 StockIdx：1609
[32060] 2025/10/07 13:11:10.450 Divide StockNo {QZF00}
[32060] 2025/10/07 13:11:10.450 Add Basket MarketNo：2 StockIdx：1615
[32060] 2025/10/07 13:11:10.450 Divide StockNo {RAF00}
[32060] 2025/10/07 13:11:10.450 Add Basket MarketNo：2 StockIdx：1621
[32060] 2025/10/07 13:11:10.450 Divide StockNo {RBF00}
[32060] 2025/10/07 13:11:10.450 Add Basket MarketNo：2 StockIdx：1627
[32060] 2025/10/07 13:11:10.450 Divide StockNo {RCF00}
[32060] 2025/10/07 13:11:10.450 Add Basket MarketNo：2 StockIdx：1633
[32060] 2025/10/07 13:11:10.450 Divide StockNo {RDF00}
[32060] 2025/10/07 13:11:10.450 Add Basket MarketNo：2 StockIdx：1639
[32060] 2025/10/07 13:11:10.450 Divide StockNo {REF00}
[32060] 2025/10/07 13:11:10.450 Add Basket MarketNo：2 StockIdx：1645
[32060] 2025/10/07 13:11:10.450 Divide StockNo {RFF00}
[32060] 2025/10/07 13:11:10.450 Add Basket MarketNo：2 StockIdx：1651
[32060] 2025/10/07 13:11:10.450 Divide StockNo {RGF00}
[32060] 2025/10/07 13:11:10.450 Add Basket MarketNo：2 StockIdx：1657
[32060] 2025/10/07 13:11:10.450 Divide StockNo {RIF00}
[32060] 2025/10/07 13:11:10.450 Add Basket MarketNo：2 StockIdx：1663
[32060] 2025/10/07 13:11:10.450 Divide StockNo {RJF00}
[32060] 2025/10/07 13:11:10.450 Add Basket MarketNo：2 StockIdx：1669
[32060] 2025/10/07 13:11:10.450 Divide StockNo {RKF00}
[32060] 2025/10/07 13:11:10.450 Add Basket MarketNo：2 StockIdx：1675
[32060] 2025/10/07 13:11:10.450 Divide StockNo {RLF00}
[32060] 2025/10/07 13:11:10.451 Add Basket MarketNo：2 StockIdx：1681
[32060] 2025/10/07 13:11:10.451 Divide StockNo {RMF00}
[32060] 2025/10/07 13:11:10.451 Stock Is Not Exist 
[32060] 2025/10/07 13:11:10.451 Divide StockNo {RNF00}
[32060] 2025/10/07 13:11:10.451 Add Basket MarketNo：2 StockIdx：1687
[32060] 2025/10/07 13:11:10.451 Divide StockNo {ROF00}
[32060] 2025/10/07 13:11:10.451 Add Basket MarketNo：2 StockIdx：1693
[32060] 2025/10/07 13:11:10.451 Divide StockNo {RPF00}
[32060] 2025/10/07 13:11:10.451 Add Basket MarketNo：2 StockIdx：1699
[32060] 2025/10/07 13:11:10.451 Divide StockNo {RQF00}
[32060] 2025/10/07 13:11:10.451 Stock Is Not Exist 
[32060] 2025/10/07 13:11:10.451 Divide StockNo {RRF00}
[32060] 2025/10/07 13:11:10.451 Add Basket MarketNo：2 StockIdx：1706
[32060] 2025/10/07 13:11:10.451 Divide StockNo {RSF00}
[32060] 2025/10/07 13:11:10.451 Add Basket MarketNo：2 StockIdx：1712
[32060] 2025/10/07 13:11:10.451 Divide StockNo {RUF00}
[32060] 2025/10/07 13:11:10.451 Add Basket MarketNo：2 StockIdx：1718
[32060] 2025/10/07 13:11:10.451 Divide StockNo {RVF00}
[32060] 2025/10/07 13:11:10.451 Add Basket MarketNo：2 StockIdx：1724
[32060] 2025/10/07 13:11:10.451 Divide StockNo {RWF00}
[32060] 2025/10/07 13:11:10.451 Add Basket MarketNo：2 StockIdx：1730
[32060] 2025/10/07 13:11:10.451 Divide StockNo {RXF00}
[32060] 2025/10/07 13:11:10.451 Add Basket MarketNo：2 StockIdx：1736
[32060] 2025/10/07 13:11:10.451 Divide StockNo {RYF00}
[32060] 2025/10/07 13:11:10.451 Add Basket MarketNo：2 StockIdx：1742
[32060] 2025/10/07 13:11:10.451 Divide StockNo {RZF00}
[32060] 2025/10/07 13:11:10.451 Add Basket MarketNo：2 StockIdx：5621
[32060] 2025/10/07 13:11:10.451 Divide StockNo {SAF00}
[32060] 2025/10/07 13:11:10.451 Add Basket MarketNo：2 StockIdx：1754
[32060] 2025/10/07 13:11:10.451 Divide StockNo {SBF00}
[32060] 2025/10/07 13:11:10.451 Add Basket MarketNo：2 StockIdx：1760
[32060] 2025/10/07 13:11:10.451 Divide StockNo {SCF00}
[32060] 2025/10/07 13:11:10.451 Add Basket MarketNo：2 StockIdx：1766
[32060] 2025/10/07 13:11:10.451 Divide StockNo {SDF00}
[32060] 2025/10/07 13:11:10.451 Add Basket MarketNo：2 StockIdx：1772
[32060] 2025/10/07 13:11:10.451 Divide StockNo {SEF00}
[32060] 2025/10/07 13:11:10.451 Add Basket MarketNo：2 StockIdx：1778
[32060] 2025/10/07 13:11:10.451 Divide StockNo {SFF00}
[32060] 2025/10/07 13:11:10.451 Add Basket MarketNo：2 StockIdx：1784
[32060] 2025/10/07 13:11:10.451 Divide StockNo {SGF00}
[32060] 2025/10/07 13:11:10.451 Add Basket MarketNo：2 StockIdx：1790
[32060] 2025/10/07 13:11:10.451 Divide StockNo {SIF00}
[32060] 2025/10/07 13:11:10.452 Add Basket MarketNo：2 StockIdx：1796
[32060] 2025/10/07 13:11:10.452 Divide StockNo {SJF00}
[32060] 2025/10/07 13:11:10.452 Add Basket MarketNo：2 StockIdx：1802
[32060] 2025/10/07 13:11:10.452 Divide StockNo {SKF00}
[32060] 2025/10/07 13:11:10.452 Add Basket MarketNo：2 StockIdx：1808
[32060] 2025/10/07 13:11:10.452 Divide StockNo {SLF00}
[32060] 2025/10/07 13:11:10.452 Add Basket MarketNo：2 StockIdx：1814
[32060] 2025/10/07 13:11:10.452 Divide StockNo {SMF00}
[32060] 2025/10/07 13:11:10.452 Add Basket MarketNo：2 StockIdx：1820
[32060] 2025/10/07 13:11:10.452 Divide StockNo {SNF00}
[32060] 2025/10/07 13:11:10.452 Add Basket MarketNo：2 StockIdx：1826
[32060] 2025/10/07 13:11:10.452 Divide StockNo {SQF00}
[32060] 2025/10/07 13:11:10.452 Add Basket MarketNo：2 StockIdx：1832
[32060] 2025/10/07 13:11:10.452 Divide StockNo {SRF00}
[32060] 2025/10/07 13:11:10.452 Add Basket MarketNo：2 StockIdx：5627
[32060] 2025/10/07 13:11:10.452 Divide StockNo {SSF00}
[32060] 2025/10/07 13:11:10.452 Add Basket MarketNo：2 StockIdx：1845
[32060] 2025/10/07 13:11:10.452 Divide StockNo {SUF00}
[32060] 2025/10/07 13:11:10.452 Add Basket MarketNo：2 StockIdx：1851
[32060] 2025/10/07 13:11:10.452 Divide StockNo {SVF00}
[32060] 2025/10/07 13:11:10.452 Add Basket MarketNo：2 StockIdx：1857
[32060] 2025/10/07 13:11:10.452 Divide StockNo {SWF00}
[32060] 2025/10/07 13:11:10.452 Add Basket MarketNo：2 StockIdx：1863
[32060] 2025/10/07 13:11:10.452 Divide StockNo {SYF00}
[32060] 2025/10/07 13:11:10.452 Add Basket MarketNo：2 StockIdx：1869
[32060] 2025/10/07 13:11:10.452 Divide StockNo {SZF00}
[32060] 2025/10/07 13:11:10.452 Add Basket MarketNo：2 StockIdx：1875
[32060] 2025/10/07 13:11:10.452 Divide StockNo {UAF00}
[32060] 2025/10/07 13:11:10.452 Add Basket MarketNo：2 StockIdx：1881
[32060] 2025/10/07 13:11:10.452 Divide StockNo {UBF00}
[32060] 2025/10/07 13:11:10.452 Add Basket MarketNo：2 StockIdx：1887
[32060] 2025/10/07 13:11:10.452 Divide StockNo {UCF00}
[32060] 2025/10/07 13:11:10.452 Add Basket MarketNo：2 StockIdx：1893
[32060] 2025/10/07 13:11:10.452 Divide StockNo {UEF00}
[32060] 2025/10/07 13:11:10.452 Add Basket MarketNo：2 StockIdx：1899
[32060] 2025/10/07 13:11:10.452 Divide StockNo {UFF00}
[32060] 2025/10/07 13:11:10.452 Add Basket MarketNo：2 StockIdx：1905
[32060] 2025/10/07 13:11:10.452 Divide StockNo {UGF00}
[32060] 2025/10/07 13:11:10.452 Add Basket MarketNo：2 StockIdx：1911
[32060] 2025/10/07 13:11:10.452 Divide StockNo {UHF00}
[32060] 2025/10/07 13:11:10.452 Add Basket MarketNo：2 StockIdx：1917
[32060] 2025/10/07 13:11:10.452 Divide StockNo {UIF00}
[32060] 2025/10/07 13:11:10.452 Add Basket MarketNo：2 StockIdx：1923
[32060] 2025/10/07 13:11:10.452 Divide StockNo {UJF00}
[32060] 2025/10/07 13:11:10.452 Add Basket MarketNo：2 StockIdx：1929
[32060] 2025/10/07 13:11:10.452 Divide StockNo {UKF00}
[32060] 2025/10/07 13:11:10.452 Add Basket MarketNo：2 StockIdx：1935
[32060] 2025/10/07 13:11:10.452 Divide StockNo {ULF00}
[32060] 2025/10/07 13:11:10.452 Add Basket MarketNo：2 StockIdx：1941
[32060] 2025/10/07 13:11:10.452 Divide StockNo {UMF00}
[32060] 2025/10/07 13:11:10.452 Add Basket MarketNo：2 StockIdx：1947
[32060] 2025/10/07 13:11:10.452 Divide StockNo {UOF00}
[32060] 2025/10/07 13:11:10.452 Add Basket MarketNo：2 StockIdx：1953
[32060] 2025/10/07 13:11:10.452 Divide StockNo {UPF00}
[32060] 2025/10/07 13:11:10.452 Add Basket MarketNo：2 StockIdx：1959
[32060] 2025/10/07 13:11:10.452 Divide StockNo {UQF00}
[32060] 2025/10/07 13:11:10.453 Add Basket MarketNo：2 StockIdx：1965
[32060] 2025/10/07 13:11:10.453 Divide StockNo {URF00}
[32060] 2025/10/07 13:11:10.453 Add Basket MarketNo：2 StockIdx：1972
[32060] 2025/10/07 13:11:10.453 Divide StockNo {USF00}
[32060] 2025/10/07 13:11:10.453 Add Basket MarketNo：2 StockIdx：1978
[32060] 2025/10/07 13:11:10.453 Divide StockNo {UTF00}
[32060] 2025/10/07 13:11:10.453 Add Basket MarketNo：2 StockIdx：1984
[32060] 2025/10/07 13:11:10.453 Divide StockNo {UUF00}
[32060] 2025/10/07 13:11:10.453 Add Basket MarketNo：2 StockIdx：1990
[32060] 2025/10/07 13:11:10.453 Divide StockNo {UVF00}
[32060] 2025/10/07 13:11:10.453 Add Basket MarketNo：2 StockIdx：1996
[32060] 2025/10/07 13:11:10.453 Divide StockNo {UWF00}
[32060] 2025/10/07 13:11:10.453 Add Basket MarketNo：2 StockIdx：2002
[32060] 2025/10/07 13:11:10.453 Divide StockNo {0050}
[32060] 2025/10/07 13:11:10.453 Add Basket MarketNo：0 StockIdx：0
[32060] 2025/10/07 13:11:10.453 Divide StockNo {0056}
[32060] 2025/10/07 13:11:10.453 Add Basket MarketNo：0 StockIdx：5
[32060] 2025/10/07 13:11:10.453 Divide StockNo {006205}
[32060] 2025/10/07 13:11:10.453 Add Basket MarketNo：0 StockIdx：10
[32060] 2025/10/07 13:11:10.453 Divide StockNo {006206}
[32060] 2025/10/07 13:11:10.453 Add Basket MarketNo：0 StockIdx：11
[32060] 2025/10/07 13:11:10.453 Divide StockNo {00636}
[32060] 2025/10/07 13:11:10.453 Add Basket MarketNo：0 StockIdx：20
[32060] 2025/10/07 13:11:10.453 Divide StockNo {00639}
[32060] 2025/10/07 13:11:10.453 Add Basket MarketNo：0 StockIdx：24
[32060] 2025/10/07 13:11:10.453 Divide StockNo {00643}
[32060] 2025/10/07 13:11:10.453 Add Basket MarketNo：0 StockIdx：28
[32060] 2025/10/07 13:11:10.453 Divide StockNo {00679B}
[32060] 2025/10/07 13:11:10.453 Add Basket MarketNo：1 StockIdx：1
[32060] 2025/10/07 13:11:10.453 Divide StockNo {00687B}
[32060] 2025/10/07 13:11:10.453 Add Basket MarketNo：1 StockIdx：2
[32060] 2025/10/07 13:11:10.453 Divide StockNo {00719B}
[32060] 2025/10/07 13:11:10.453 Add Basket MarketNo：1 StockIdx：8
[32060] 2025/10/07 13:11:10.453 Divide StockNo {00757}
[32060] 2025/10/07 13:11:10.453 Add Basket MarketNo：0 StockIdx：98
[32060] 2025/10/07 13:11:10.453 Divide StockNo {00772B}
[32060] 2025/10/07 13:11:10.453 Add Basket MarketNo：1 StockIdx：32
[32060] 2025/10/07 13:11:10.453 Divide StockNo {00878}
[32060] 2025/10/07 13:11:10.453 Add Basket MarketNo：0 StockIdx：113
[32060] 2025/10/07 13:11:10.453 Divide StockNo {00885}
[32060] 2025/10/07 13:11:10.453 Add Basket MarketNo：0 StockIdx：116
[32060] 2025/10/07 13:11:10.453 Divide StockNo {00893}
[32060] 2025/10/07 13:11:10.453 Add Basket MarketNo：0 StockIdx：119
[32060] 2025/10/07 13:11:10.453 Divide StockNo {00919}
[32060] 2025/10/07 13:11:10.453 Add Basket MarketNo：0 StockIdx：143
[32060] 2025/10/07 13:11:10.453 Divide StockNo {00923}
[32060] 2025/10/07 13:11:10.453 Add Basket MarketNo：0 StockIdx：147
[32060] 2025/10/07 13:11:10.453 Divide StockNo {00929}
[32060] 2025/10/07 13:11:10.453 Add Basket MarketNo：0 StockIdx：151
[32060] 2025/10/07 13:11:10.453 Divide StockNo {00937B}
[32060] 2025/10/07 13:11:10.453 Add Basket MarketNo：1 StockIdx：82
[32060] 2025/10/07 13:11:10.453 Divide StockNo {00940}
[32060] 2025/10/07 13:11:10.453 Add Basket MarketNo：0 StockIdx：159
[32060] 2025/10/07 13:11:10.453 Divide StockNo {1101}
[32060] 2025/10/07 13:11:10.453 Add Basket MarketNo：0 StockIdx：32137
[32060] 2025/10/07 13:11:10.453 Divide StockNo {1102}
[32060] 2025/10/07 13:11:10.453 Add Basket MarketNo：0 StockIdx：32139
[32060] 2025/10/07 13:11:10.453 Divide StockNo {1210}
[32060] 2025/10/07 13:11:10.454 Add Basket MarketNo：0 StockIdx：32147
[32060] 2025/10/07 13:11:10.454 Divide StockNo {1216}
[32060] 2025/10/07 13:11:10.454 Add Basket MarketNo：0 StockIdx：32150
[32060] 2025/10/07 13:11:10.454 Divide StockNo {1301}
[32060] 2025/10/07 13:11:10.454 Add Basket MarketNo：0 StockIdx：32165
[32060] 2025/10/07 13:11:10.454 Divide StockNo {1303}
[32060] 2025/10/07 13:11:10.454 Add Basket MarketNo：0 StockIdx：32166
[32060] 2025/10/07 13:11:10.454 Divide StockNo {1312}
[32060] 2025/10/07 13:11:10.454 Add Basket MarketNo：0 StockIdx：32173
[32060] 2025/10/07 13:11:10.454 Divide StockNo {1314}
[32060] 2025/10/07 13:11:10.454 Add Basket MarketNo：0 StockIdx：32176
[32060] 2025/10/07 13:11:10.454 Divide StockNo {1319}
[32060] 2025/10/07 13:11:10.454 Add Basket MarketNo：0 StockIdx：32179
[32060] 2025/10/07 13:11:10.454 Divide StockNo {1326}
[32060] 2025/10/07 13:11:10.454 Add Basket MarketNo：0 StockIdx：32184
[32060] 2025/10/07 13:11:10.454 Divide StockNo {1402}
[32060] 2025/10/07 13:11:10.454 Add Basket MarketNo：0 StockIdx：32191
[32060] 2025/10/07 13:11:10.454 Divide StockNo {1440}
[32060] 2025/10/07 13:11:10.454 Add Basket MarketNo：0 StockIdx：32208
[32060] 2025/10/07 13:11:10.454 Divide StockNo {1476}
[32060] 2025/10/07 13:11:10.454 Add Basket MarketNo：0 StockIdx：32238
[32060] 2025/10/07 13:11:10.454 Divide StockNo {1477}
[32060] 2025/10/07 13:11:10.454 Add Basket MarketNo：0 StockIdx：32239
[32060] 2025/10/07 13:11:10.454 Divide StockNo {1503}
[32060] 2025/10/07 13:11:10.454 Add Basket MarketNo：0 StockIdx：32240
[32060] 2025/10/07 13:11:10.454 Divide StockNo {1504}
[32060] 2025/10/07 13:11:10.454 Add Basket MarketNo：0 StockIdx：32241
[32060] 2025/10/07 13:11:10.454 Divide StockNo {1513}
[32060] 2025/10/07 13:11:10.454 Add Basket MarketNo：0 StockIdx：32244
[32060] 2025/10/07 13:11:10.454 Divide StockNo {1536}
[32060] 2025/10/07 13:11:10.454 Add Basket MarketNo：0 StockIdx：32264
[32060] 2025/10/07 13:11:10.454 Divide StockNo {1565}
[32060] 2025/10/07 13:11:10.454 Add Basket MarketNo：1 StockIdx：138
[32060] 2025/10/07 13:11:10.454 Divide StockNo {1590}
[32060] 2025/10/07 13:11:10.454 Add Basket MarketNo：0 StockIdx：32278
[32060] 2025/10/07 13:11:10.454 Divide StockNo {1605}
[32060] 2025/10/07 13:11:10.454 Add Basket MarketNo：0 StockIdx：32283
[32060] 2025/10/07 13:11:10.454 Divide StockNo {1609}
[32060] 2025/10/07 13:11:10.454 Add Basket MarketNo：0 StockIdx：32285
[32060] 2025/10/07 13:11:10.454 Divide StockNo {1707}
[32060] 2025/10/07 13:11:10.454 Add Basket MarketNo：0 StockIdx：32295
[32060] 2025/10/07 13:11:10.454 Divide StockNo {1717}
[32060] 2025/10/07 13:11:10.454 Add Basket MarketNo：0 StockIdx：32303
[32060] 2025/10/07 13:11:10.454 Divide StockNo {1718}
[32060] 2025/10/07 13:11:10.454 Add Basket MarketNo：0 StockIdx：32304
[32060] 2025/10/07 13:11:10.454 Divide StockNo {1722}
[32060] 2025/10/07 13:11:10.454 Add Basket MarketNo：0 StockIdx：32307
[32060] 2025/10/07 13:11:10.454 Divide StockNo {1795}
[32060] 2025/10/07 13:11:10.454 Add Basket MarketNo：0 StockIdx：32328
[32060] 2025/10/07 13:11:10.454 Divide StockNo {1802}
[32060] 2025/10/07 13:11:10.454 Add Basket MarketNo：0 StockIdx：32329
[32060] 2025/10/07 13:11:10.454 Divide StockNo {1904}
[32060] 2025/10/07 13:11:10.454 Add Basket MarketNo：0 StockIdx：32337
[32060] 2025/10/07 13:11:10.454 Divide StockNo {1905}
[32060] 2025/10/07 13:11:10.454 Add Basket MarketNo：0 StockIdx：32338
[32060] 2025/10/07 13:11:10.454 Divide StockNo {1907}
[32060] 2025/10/07 13:11:10.454 Add Basket MarketNo：0 StockIdx：32340
[32060] 2025/10/07 13:11:10.454 Divide StockNo {1909}
[32060] 2025/10/07 13:11:10.454 Add Basket MarketNo：0 StockIdx：32341
[32060] 2025/10/07 13:11:10.454 Divide StockNo {2002}
[32060] 2025/10/07 13:11:10.454 Add Basket MarketNo：0 StockIdx：32342
[32060] 2025/10/07 13:11:10.454 Divide StockNo {2006}
[32060] 2025/10/07 13:11:10.454 Add Basket MarketNo：0 StockIdx：32344
[32060] 2025/10/07 13:11:10.455 Divide StockNo {2014}
[32060] 2025/10/07 13:11:10.455 Add Basket MarketNo：0 StockIdx：32351
[32060] 2025/10/07 13:11:10.455 Divide StockNo {2027}
[32060] 2025/10/07 13:11:10.455 Add Basket MarketNo：0 StockIdx：32359
[32060] 2025/10/07 13:11:10.455 Divide StockNo {2049}
[32060] 2025/10/07 13:11:10.455 Add Basket MarketNo：0 StockIdx：32368
[32060] 2025/10/07 13:11:10.455 Divide StockNo {2059}
[32060] 2025/10/07 13:11:10.455 Add Basket MarketNo：0 StockIdx：32369
[32060] 2025/10/07 13:11:10.455 Divide StockNo {2105}
[32060] 2025/10/07 13:11:10.455 Add Basket MarketNo：0 StockIdx：32376
[32060] 2025/10/07 13:11:10.455 Divide StockNo {2201}
[32060] 2025/10/07 13:11:10.455 Add Basket MarketNo：0 StockIdx：32383
[32060] 2025/10/07 13:11:10.455 Divide StockNo {2231}
[32060] 2025/10/07 13:11:10.455 Add Basket MarketNo：0 StockIdx：32391
[32060] 2025/10/07 13:11:10.455 Divide StockNo {2301}
[32060] 2025/10/07 13:11:10.455 Add Basket MarketNo：0 StockIdx：32402
[32060] 2025/10/07 13:11:10.455 Divide StockNo {2303}
[32060] 2025/10/07 13:11:10.455 Add Basket MarketNo：0 StockIdx：32404
[32060] 2025/10/07 13:11:10.455 Divide StockNo {2308}
[32060] 2025/10/07 13:11:10.455 Add Basket MarketNo：0 StockIdx：32406
[32060] 2025/10/07 13:11:10.455 Divide StockNo {2312}
[32060] 2025/10/07 13:11:10.455 Add Basket MarketNo：0 StockIdx：32407
[32060] 2025/10/07 13:11:10.455 Divide StockNo {2313}
[32060] 2025/10/07 13:11:10.455 Add Basket MarketNo：0 StockIdx：32408
[32060] 2025/10/07 13:11:10.455 Divide StockNo {2317}
[32060] 2025/10/07 13:11:10.455 Add Basket MarketNo：0 StockIdx：32411
[32060] 2025/10/07 13:11:10.455 Divide StockNo {2323}
[32060] 2025/10/07 13:11:10.455 Add Basket MarketNo：0 StockIdx：32413
[32060] 2025/10/07 13:11:10.455 Divide StockNo {2324}
[32060] 2025/10/07 13:11:10.455 Add Basket MarketNo：0 StockIdx：32414
[32060] 2025/10/07 13:11:10.455 Divide StockNo {2327}
[32060] 2025/10/07 13:11:10.455 Add Basket MarketNo：0 StockIdx：32415
[32060] 2025/10/07 13:11:10.455 Divide StockNo {2328}
[32060] 2025/10/07 13:11:10.455 Add Basket MarketNo：0 StockIdx：32416
[32060] 2025/10/07 13:11:10.455 Divide StockNo {2330}
[32060] 2025/10/07 13:11:10.455 Add Basket MarketNo：0 StockIdx：32418
[32060] 2025/10/07 13:11:10.455 Divide StockNo {2331}
[32060] 2025/10/07 13:11:10.455 Add Basket MarketNo：0 StockIdx：32419
[32060] 2025/10/07 13:11:10.455 Divide StockNo {2332}
[32060] 2025/10/07 13:11:10.455 Add Basket MarketNo：0 StockIdx：32420
[32060] 2025/10/07 13:11:10.455 Divide StockNo {2337}
[32060] 2025/10/07 13:11:10.455 Add Basket MarketNo：0 StockIdx：32421
[32060] 2025/10/07 13:11:10.455 Divide StockNo {2338}
[32060] 2025/10/07 13:11:10.455 Add Basket MarketNo：0 StockIdx：32422
[32060] 2025/10/07 13:11:10.455 Divide StockNo {2340}
[32060] 2025/10/07 13:11:10.455 Add Basket MarketNo：0 StockIdx：32423
[32060] 2025/10/07 13:11:10.455 Divide StockNo {2344}
[32060] 2025/10/07 13:11:10.455 Add Basket MarketNo：0 StockIdx：32425
[32060] 2025/10/07 13:11:10.455 Divide StockNo {2345}
[32060] 2025/10/07 13:11:10.455 Add Basket MarketNo：0 StockIdx：32426
[32060] 2025/10/07 13:11:10.455 Divide StockNo {2347}
[32060] 2025/10/07 13:11:10.455 Add Basket MarketNo：0 StockIdx：32427
[32060] 2025/10/07 13:11:10.455 Divide StockNo {2352}
[32060] 2025/10/07 13:11:10.455 Add Basket MarketNo：0 StockIdx：32432
[32060] 2025/10/07 13:11:10.455 Divide StockNo {2353}
[32060] 2025/10/07 13:11:10.455 Add Basket MarketNo：0 StockIdx：32433
[32060] 2025/10/07 13:11:10.455 Divide StockNo {2354}
[32060] 2025/10/07 13:11:10.455 Add Basket MarketNo：0 StockIdx：32434
[32060] 2025/10/07 13:11:10.455 Divide StockNo {2355}
[32060] 2025/10/07 13:11:10.455 Add Basket MarketNo：0 StockIdx：32435
[32060] 2025/10/07 13:11:10.455 Divide StockNo {2356}
[32060] 2025/10/07 13:11:10.455 Add Basket MarketNo：0 StockIdx：32436
[32060] 2025/10/07 13:11:10.455 Divide StockNo {2357}
[32060] 2025/10/07 13:11:10.456 Add Basket MarketNo：0 StockIdx：32437
[32060] 2025/10/07 13:11:10.456 Divide StockNo {2360}
[32060] 2025/10/07 13:11:10.456 Add Basket MarketNo：0 StockIdx：32439
[32060] 2025/10/07 13:11:10.456 Divide StockNo {2368}
[32060] 2025/10/07 13:11:10.456 Add Basket MarketNo：0 StockIdx：32445
[32060] 2025/10/07 13:11:10.456 Divide StockNo {2371}
[32060] 2025/10/07 13:11:10.456 Add Basket MarketNo：0 StockIdx：32447
[32060] 2025/10/07 13:11:10.456 Divide StockNo {2376}
[32060] 2025/10/07 13:11:10.456 Add Basket MarketNo：0 StockIdx：32451
[32060] 2025/10/07 13:11:10.456 Divide StockNo {2377}
[32060] 2025/10/07 13:11:10.456 Add Basket MarketNo：0 StockIdx：32452
[32060] 2025/10/07 13:11:10.456 Divide StockNo {2379}
[32060] 2025/10/07 13:11:10.456 Add Basket MarketNo：0 StockIdx：32453
[32060] 2025/10/07 13:11:10.456 Divide StockNo {2382}
[32060] 2025/10/07 13:11:10.456 Add Basket MarketNo：0 StockIdx：32455
[32060] 2025/10/07 13:11:10.456 Divide StockNo {2383}
[32060] 2025/10/07 13:11:10.456 Add Basket MarketNo：0 StockIdx：32456
[32060] 2025/10/07 13:11:10.456 Divide StockNo {2385}
[32060] 2025/10/07 13:11:10.456 Add Basket MarketNo：0 StockIdx：32457
[32060] 2025/10/07 13:11:10.456 Divide StockNo {2388}
[32060] 2025/10/07 13:11:10.456 Add Basket MarketNo：0 StockIdx：32459
[32060] 2025/10/07 13:11:10.456 Divide StockNo {2392}
[32060] 2025/10/07 13:11:10.456 Add Basket MarketNo：0 StockIdx：32461
[32060] 2025/10/07 13:11:10.456 Divide StockNo {2393}
[32060] 2025/10/07 13:11:10.456 Add Basket MarketNo：0 StockIdx：32462
[32060] 2025/10/07 13:11:10.456 Divide StockNo {2401}
[32060] 2025/10/07 13:11:10.456 Add Basket MarketNo：0 StockIdx：32466
[32060] 2025/10/07 13:11:10.456 Divide StockNo {2404}
[32060] 2025/10/07 13:11:10.456 Add Basket MarketNo：0 StockIdx：32468
[32060] 2025/10/07 13:11:10.456 Divide StockNo {2408}
[32060] 2025/10/07 13:11:10.456 Add Basket MarketNo：0 StockIdx：32471
[32060] 2025/10/07 13:11:10.456 Divide StockNo {2409}
[32060] 2025/10/07 13:11:10.456 Add Basket MarketNo：0 StockIdx：32472
[32060] 2025/10/07 13:11:10.456 Divide StockNo {2412}
[32060] 2025/10/07 13:11:10.456 Add Basket MarketNo：0 StockIdx：32473
[32060] 2025/10/07 13:11:10.456 Divide StockNo {2439}
[32060] 2025/10/07 13:11:10.456 Add Basket MarketNo：0 StockIdx：32495
[32060] 2025/10/07 13:11:10.456 Divide StockNo {2441}
[32060] 2025/10/07 13:11:10.456 Add Basket MarketNo：0 StockIdx：32497
[32060] 2025/10/07 13:11:10.456 Divide StockNo {2449}
[32060] 2025/10/07 13:11:10.456 Add Basket MarketNo：0 StockIdx：32500
[32060] 2025/10/07 13:11:10.456 Divide StockNo {2454}
[32060] 2025/10/07 13:11:10.456 Add Basket MarketNo：0 StockIdx：32504
[32060] 2025/10/07 13:11:10.456 Divide StockNo {2455}
[32060] 2025/10/07 13:11:10.456 Add Basket MarketNo：0 StockIdx：32505
[32060] 2025/10/07 13:11:10.456 Divide StockNo {2457}
[32060] 2025/10/07 13:11:10.456 Add Basket MarketNo：0 StockIdx：32506
[32060] 2025/10/07 13:11:10.456 Divide StockNo {2458}
[32060] 2025/10/07 13:11:10.456 Add Basket MarketNo：0 StockIdx：32507
[32060] 2025/10/07 13:11:10.456 Divide StockNo {2474}
[32060] 2025/10/07 13:11:10.456 Add Basket MarketNo：0 StockIdx：32519
[32060] 2025/10/07 13:11:10.456 Divide StockNo {2481}
[32060] 2025/10/07 13:11:10.456 Add Basket MarketNo：0 StockIdx：32524
[32060] 2025/10/07 13:11:10.456 Divide StockNo {2485}
[32060] 2025/10/07 13:11:10.456 Add Basket MarketNo：0 StockIdx：32528
[32060] 2025/10/07 13:11:10.456 Divide StockNo {2486}
[32060] 2025/10/07 13:11:10.456 Add Basket MarketNo：0 StockIdx：32529
[32060] 2025/10/07 13:11:10.456 Divide StockNo {2489}
[32060] 2025/10/07 13:11:10.456 Add Basket MarketNo：0 StockIdx：32531
[32060] 2025/10/07 13:11:10.456 Divide StockNo {2492}
[32060] 2025/10/07 13:11:10.456 Add Basket MarketNo：0 StockIdx：32533
[32060] 2025/10/07 13:11:10.456 Divide StockNo {2498}
[32060] 2025/10/07 13:11:10.457 Add Basket MarketNo：0 StockIdx：32538
[32060] 2025/10/07 13:11:10.457 Divide StockNo {2515}
[32060] 2025/10/07 13:11:10.457 Add Basket MarketNo：0 StockIdx：32546
[32060] 2025/10/07 13:11:10.457 Divide StockNo {2520}
[32060] 2025/10/07 13:11:10.457 Add Basket MarketNo：0 StockIdx：32548
[32060] 2025/10/07 13:11:10.457 Divide StockNo {2542}
[32060] 2025/10/07 13:11:10.457 Add Basket MarketNo：0 StockIdx：32560
[32060] 2025/10/07 13:11:10.457 Divide StockNo {2548}
[32060] 2025/10/07 13:11:10.457 Add Basket MarketNo：0 StockIdx：32565
[32060] 2025/10/07 13:11:10.457 Divide StockNo {2603}
[32060] 2025/10/07 13:11:10.457 Add Basket MarketNo：0 StockIdx：32568
[32060] 2025/10/07 13:11:10.457 Divide StockNo {2605}
[32060] 2025/10/07 13:11:10.457 Add Basket MarketNo：0 StockIdx：32569
[32060] 2025/10/07 13:11:10.457 Divide StockNo {2606}
[32060] 2025/10/07 13:11:10.457 Add Basket MarketNo：0 StockIdx：32570
[32060] 2025/10/07 13:11:10.457 Divide StockNo {2609}
[32060] 2025/10/07 13:11:10.457 Add Basket MarketNo：0 StockIdx：32573
[32060] 2025/10/07 13:11:10.457 Divide StockNo {2610}
[32060] 2025/10/07 13:11:10.457 Add Basket MarketNo：0 StockIdx：32574
[32060] 2025/10/07 13:11:10.457 Divide StockNo {2615}
[32060] 2025/10/07 13:11:10.457 Add Basket MarketNo：0 StockIdx：32579
[32060] 2025/10/07 13:11:10.457 Divide StockNo {2618}
[32060] 2025/10/07 13:11:10.457 Add Basket MarketNo：0 StockIdx：32582
[32060] 2025/10/07 13:11:10.457 Divide StockNo {2633}
[32060] 2025/10/07 13:11:10.457 Add Basket MarketNo：0 StockIdx：32584
[32060] 2025/10/07 13:11:10.457 Divide StockNo {2634}
[32060] 2025/10/07 13:11:10.457 Add Basket MarketNo：0 StockIdx：32585
[32060] 2025/10/07 13:11:10.457 Divide StockNo {2801}
[32060] 2025/10/07 13:11:10.457 Add Basket MarketNo：0 StockIdx：32606
[32060] 2025/10/07 13:11:10.457 Divide StockNo {2834}
[32060] 2025/10/07 13:11:10.457 Add Basket MarketNo：0 StockIdx：32611
[32060] 2025/10/07 13:11:10.457 Divide StockNo {2880}
[32060] 2025/10/07 13:11:10.457 Add Basket MarketNo：0 StockIdx：32623
[32060] 2025/10/07 13:11:10.457 Divide StockNo {2881}
[32060] 2025/10/07 13:11:10.457 Add Basket MarketNo：0 StockIdx：32624
[32060] 2025/10/07 13:11:10.457 Divide StockNo {2882}
[32060] 2025/10/07 13:11:10.457 Add Basket MarketNo：0 StockIdx：32628
[32060] 2025/10/07 13:11:10.457 Divide StockNo {2883}
[32060] 2025/10/07 13:11:10.457 Add Basket MarketNo：0 StockIdx：32631
[32060] 2025/10/07 13:11:10.457 Divide StockNo {2884}
[32060] 2025/10/07 13:11:10.457 Add Basket MarketNo：0 StockIdx：32633
[32060] 2025/10/07 13:11:10.457 Divide StockNo {2885}
[32060] 2025/10/07 13:11:10.457 Add Basket MarketNo：0 StockIdx：32634
[32060] 2025/10/07 13:11:10.457 Divide StockNo {2886}
[32060] 2025/10/07 13:11:10.457 Add Basket MarketNo：0 StockIdx：32635
[32060] 2025/10/07 13:11:10.457 Divide StockNo {2887}
[32060] 2025/10/07 13:11:10.457 Add Basket MarketNo：0 StockIdx：32636
[32060] 2025/10/07 13:11:10.457 Divide StockNo {2888}
[32060] 2025/10/07 13:11:10.457 Stock Is Not Exist 
[32060] 2025/10/07 13:11:10.457 Divide StockNo {2890}
[32060] 2025/10/07 13:11:10.457 Add Basket MarketNo：0 StockIdx：32644
[32060] 2025/10/07 13:11:10.457 Divide StockNo {2891}
[32060] 2025/10/07 13:11:10.457 Add Basket MarketNo：0 StockIdx：32645
[32060] 2025/10/07 13:11:10.457 Divide StockNo {2892}
[32060] 2025/10/07 13:11:10.458 Add Basket MarketNo：0 StockIdx：32648
[32060] 2025/10/07 13:11:10.458 Divide StockNo {2913}
[32060] 2025/10/07 13:11:10.458 Add Basket MarketNo：0 StockIdx：32660
[32060] 2025/10/07 13:11:10.458 Divide StockNo {2915}
[32060] 2025/10/07 13:11:10.458 Add Basket MarketNo：0 StockIdx：32661
[32060] 2025/10/07 13:11:10.458 Divide StockNo {3005}
[32060] 2025/10/07 13:11:10.458 Add Basket MarketNo：0 StockIdx：32669
[32060] 2025/10/07 13:11:10.458 Divide StockNo {3006}
[32060] 2025/10/07 13:11:10.458 Add Basket MarketNo：0 StockIdx：32670
[32060] 2025/10/07 13:11:10.458 Divide StockNo {3008}
[32060] 2025/10/07 13:11:10.458 Add Basket MarketNo：0 StockIdx：32671
[32060] 2025/10/07 13:11:10.458 Divide StockNo {3017}
[32060] 2025/10/07 13:11:10.458 Add Basket MarketNo：0 StockIdx：32678
[32060] 2025/10/07 13:11:10.458 Divide StockNo {3019}
[32060] 2025/10/07 13:11:10.458 Add Basket MarketNo：0 StockIdx：32680
[32060] 2025/10/07 13:11:10.458 Divide StockNo {3034}
[32060] 2025/10/07 13:11:10.458 Add Basket MarketNo：0 StockIdx：32694
[32060] 2025/10/07 13:11:10.458 Divide StockNo {3035}
[32060] 2025/10/07 13:11:10.458 Add Basket MarketNo：0 StockIdx：32695
[32060] 2025/10/07 13:11:10.458 Divide StockNo {3036}
[32060] 2025/10/07 13:11:10.458 Add Basket MarketNo：0 StockIdx：32696
[32060] 2025/10/07 13:11:10.458 Divide StockNo {3037}
[32060] 2025/10/07 13:11:10.458 Add Basket MarketNo：0 StockIdx：32698
[32060] 2025/10/07 13:11:10.458 Divide StockNo {3042}
[32060] 2025/10/07 13:11:10.458 Add Basket MarketNo：0 StockIdx：32702
[32060] 2025/10/07 13:11:10.458 Divide StockNo {3044}
[32060] 2025/10/07 13:11:10.458 Add Basket MarketNo：0 StockIdx：32704
[32060] 2025/10/07 13:11:10.458 Divide StockNo {3045}
[32060] 2025/10/07 13:11:10.458 Add Basket MarketNo：0 StockIdx：32705
[32060] 2025/10/07 13:11:10.458 Divide StockNo {3078}
[32060] 2025/10/07 13:11:10.458 Add Basket MarketNo：1 StockIdx：266
[32060] 2025/10/07 13:11:10.458 Divide StockNo {3081}
[32060] 2025/10/07 13:11:10.458 Add Basket MarketNo：1 StockIdx：267
[32060] 2025/10/07 13:11:10.458 Divide StockNo {3105}
[32060] 2025/10/07 13:11:10.458 Add Basket MarketNo：1 StockIdx：277
[32060] 2025/10/07 13:11:10.458 Divide StockNo {3152}
[32060] 2025/10/07 13:11:10.458 Add Basket MarketNo：1 StockIdx：292
[32060] 2025/10/07 13:11:10.458 Divide StockNo {3189}
[32060] 2025/10/07 13:11:10.458 Add Basket MarketNo：0 StockIdx：32732
[32060] 2025/10/07 13:11:10.458 Divide StockNo {3227}
[32060] 2025/10/07 13:11:10.458 Add Basket MarketNo：1 StockIdx：315
[32060] 2025/10/07 13:11:10.458 Divide StockNo {3231}
[32060] 2025/10/07 13:11:10.458 Add Basket MarketNo：0 StockIdx：32735
[32060] 2025/10/07 13:11:10.458 Divide StockNo {3260}
[32060] 2025/10/07 13:11:10.458 Add Basket MarketNo：1 StockIdx：324
[32060] 2025/10/07 13:11:10.458 Divide StockNo {3264}
[32060] 2025/10/07 13:11:10.458 Add Basket MarketNo：1 StockIdx：325
[32060] 2025/10/07 13:11:10.458 Divide StockNo {3293}
[32060] 2025/10/07 13:11:10.458 Add Basket MarketNo：1 StockIdx：338
[32060] 2025/10/07 13:11:10.458 Divide StockNo {3324}
[32060] 2025/10/07 13:11:10.458 Add Basket MarketNo：1 StockIdx：354
[32060] 2025/10/07 13:11:10.458 Divide StockNo {3374}
[32060] 2025/10/07 13:11:10.458 Add Basket MarketNo：1 StockIdx：372
[32060] 2025/10/07 13:11:10.458 Divide StockNo {3376}
[32060] 2025/10/07 13:11:10.458 Add Basket MarketNo：0 StockIdx：32747
[32060] 2025/10/07 13:11:10.458 Divide StockNo {3380}
[32060] 2025/10/07 13:11:10.458 Add Basket MarketNo：0 StockIdx：32748
[32060] 2025/10/07 13:11:10.458 Divide StockNo {3406}
[32060] 2025/10/07 13:11:10.458 Add Basket MarketNo：0 StockIdx：32749
[32060] 2025/10/07 13:11:10.458 Divide StockNo {3443}
[32060] 2025/10/07 13:11:10.459 Add Basket MarketNo：0 StockIdx：32755
[32060] 2025/10/07 13:11:10.459 Divide StockNo {3481}
[32060] 2025/10/07 13:11:10.459 Add Basket MarketNo：0 StockIdx：32759
[32060] 2025/10/07 13:11:10.459 Divide StockNo {3529}
[32060] 2025/10/07 13:11:10.459 Add Basket MarketNo：1 StockIdx：422
[32060] 2025/10/07 13:11:10.459 Divide StockNo {3532}
[32060] 2025/10/07 13:11:10.459 Add Basket MarketNo：0 StockIdx：32767
[32060] 2025/10/07 13:11:10.459 Divide StockNo {3533}
[32060] 2025/10/07 13:11:10.459 Add Basket MarketNo：0 StockIdx：32768
[32060] 2025/10/07 13:11:10.459 Divide StockNo {3552}
[32060] 2025/10/07 13:11:10.459 Add Basket MarketNo：1 StockIdx：432
[32060] 2025/10/07 13:11:10.459 Divide StockNo {3653}
[32060] 2025/10/07 13:11:10.459 Add Basket MarketNo：0 StockIdx：32788
[32060] 2025/10/07 13:11:10.459 Divide StockNo {3661}
[32060] 2025/10/07 13:11:10.459 Add Basket MarketNo：0 StockIdx：32789
[32060] 2025/10/07 13:11:10.459 Divide StockNo {3673}
[32060] 2025/10/07 13:11:10.459 Add Basket MarketNo：0 StockIdx：32792
[32060] 2025/10/07 13:11:10.459 Divide StockNo {3680}
[32060] 2025/10/07 13:11:10.459 Add Basket MarketNo：1 StockIdx：471
[32060] 2025/10/07 13:11:10.459 Divide StockNo {3691}
[32060] 2025/10/07 13:11:10.459 Add Basket MarketNo：1 StockIdx：480
[32060] 2025/10/07 13:11:10.459 Divide StockNo {3702}
[32060] 2025/10/07 13:11:10.459 Add Basket MarketNo：0 StockIdx：32797
[32060] 2025/10/07 13:11:10.459 Divide StockNo {3706}
[32060] 2025/10/07 13:11:10.459 Add Basket MarketNo：0 StockIdx：32801
[32060] 2025/10/07 13:11:10.459 Divide StockNo {3711}
[32060] 2025/10/07 13:11:10.459 Add Basket MarketNo：0 StockIdx：32803
[32060] 2025/10/07 13:11:10.459 Divide StockNo {3714}
[32060] 2025/10/07 13:11:10.459 Add Basket MarketNo：0 StockIdx：32805
[32060] 2025/10/07 13:11:10.459 Divide StockNo {4123}
[32060] 2025/10/07 13:11:10.459 Add Basket MarketNo：1 StockIdx：504
[32060] 2025/10/07 13:11:10.459 Divide StockNo {4128}
[32060] 2025/10/07 13:11:10.459 Add Basket MarketNo：1 StockIdx：509
[32060] 2025/10/07 13:11:10.459 Divide StockNo {4162}
[32060] 2025/10/07 13:11:10.459 Add Basket MarketNo：1 StockIdx：523
[32060] 2025/10/07 13:11:10.459 Divide StockNo {4736}
[32060] 2025/10/07 13:11:10.459 Add Basket MarketNo：0 StockIdx：32850
[32060] 2025/10/07 13:11:10.459 Divide StockNo {4743}
[32060] 2025/10/07 13:11:10.459 Add Basket MarketNo：1 StockIdx：615
[32060] 2025/10/07 13:11:10.459 Divide StockNo {4904}
[32060] 2025/10/07 13:11:10.459 Add Basket MarketNo：0 StockIdx：32861
[32060] 2025/10/07 13:11:10.459 Divide StockNo {4919}
[32060] 2025/10/07 13:11:10.459 Add Basket MarketNo：0 StockIdx：32866
[32060] 2025/10/07 13:11:10.459 Divide StockNo {4938}
[32060] 2025/10/07 13:11:10.459 Add Basket MarketNo：0 StockIdx：32871
[32060] 2025/10/07 13:11:10.459 Divide StockNo {4958}
[32060] 2025/10/07 13:11:10.459 Add Basket MarketNo：0 StockIdx：32877
[32060] 2025/10/07 13:11:10.459 Divide StockNo {5009}
[32060] 2025/10/07 13:11:10.459 Add Basket MarketNo：1 StockIdx：659
[32060] 2025/10/07 13:11:10.459 Divide StockNo {5269}
[32060] 2025/10/07 13:11:10.459 Add Basket MarketNo：0 StockIdx：32896
[32060] 2025/10/07 13:11:10.459 Divide StockNo {5274}
[32060] 2025/10/07 13:11:10.459 Add Basket MarketNo：1 StockIdx：693
[32060] 2025/10/07 13:11:10.459 Divide StockNo {5347}
[32060] 2025/10/07 13:11:10.459 Add Basket MarketNo：1 StockIdx：717
[32060] 2025/10/07 13:11:10.459 Divide StockNo {5371}
[32060] 2025/10/07 13:11:10.459 Add Basket MarketNo：1 StockIdx：724
[32060] 2025/10/07 13:11:10.459 Divide StockNo {5388}
[32060] 2025/10/07 13:11:10.459 Add Basket MarketNo：0 StockIdx：32903
[32060] 2025/10/07 13:11:10.460 Divide StockNo {5425}
[32060] 2025/10/07 13:11:10.460 Add Basket MarketNo：1 StockIdx：732
[32060] 2025/10/07 13:11:10.460 Divide StockNo {5457}
[32060] 2025/10/07 13:11:10.460 Add Basket MarketNo：1 StockIdx：744
[32060] 2025/10/07 13:11:10.460 Divide StockNo {5483}
[32060] 2025/10/07 13:11:10.460 Add Basket MarketNo：1 StockIdx：754
[32060] 2025/10/07 13:11:10.460 Divide StockNo {5534}
[32060] 2025/10/07 13:11:10.460 Add Basket MarketNo：0 StockIdx：32915
[32060] 2025/10/07 13:11:10.460 Divide StockNo {5871}
[32060] 2025/10/07 13:11:10.460 Add Basket MarketNo：0 StockIdx：32921
[32060] 2025/10/07 13:11:10.460 Divide StockNo {5876}
[32060] 2025/10/07 13:11:10.460 Add Basket MarketNo：0 StockIdx：32923
[32060] 2025/10/07 13:11:10.460 Divide StockNo {5880}
[32060] 2025/10/07 13:11:10.460 Add Basket MarketNo：0 StockIdx：32924
[32060] 2025/10/07 13:11:10.460 Divide StockNo {5904}
[32060] 2025/10/07 13:11:10.460 Add Basket MarketNo：1 StockIdx：788
[32060] 2025/10/07 13:11:10.460 Divide StockNo {6005}
[32060] 2025/10/07 13:11:10.460 Add Basket MarketNo：0 StockIdx：32927
[32060] 2025/10/07 13:11:10.460 Divide StockNo {6116}
[32060] 2025/10/07 13:11:10.460 Add Basket MarketNo：0 StockIdx：32932
[32060] 2025/10/07 13:11:10.460 Divide StockNo {6121}
[32060] 2025/10/07 13:11:10.460 Add Basket MarketNo：1 StockIdx：811
[32060] 2025/10/07 13:11:10.460 Divide StockNo {6139}
[32060] 2025/10/07 13:11:10.460 Add Basket MarketNo：0 StockIdx：32938
[32060] 2025/10/07 13:11:10.460 Divide StockNo {6147}
[32060] 2025/10/07 13:11:10.460 Add Basket MarketNo：1 StockIdx：829
[32060] 2025/10/07 13:11:10.460 Divide StockNo {6153}
[32060] 2025/10/07 13:11:10.460 Add Basket MarketNo：0 StockIdx：32942
[32060] 2025/10/07 13:11:10.460 Divide StockNo {6173}
[32060] 2025/10/07 13:11:10.460 Add Basket MarketNo：1 StockIdx：845
[32060] 2025/10/07 13:11:10.460 Divide StockNo {6176}
[32060] 2025/10/07 13:11:10.460 Add Basket MarketNo：0 StockIdx：32948
[32060] 2025/10/07 13:11:10.460 Divide StockNo {6182}
[32060] 2025/10/07 13:11:10.460 Add Basket MarketNo：1 StockIdx：853
[32060] 2025/10/07 13:11:10.460 Divide StockNo {6188}
[32060] 2025/10/07 13:11:10.460 Add Basket MarketNo：1 StockIdx：861
[32060] 2025/10/07 13:11:10.460 Divide StockNo {6213}
[32060] 2025/10/07 13:11:10.460 Add Basket MarketNo：0 StockIdx：32962
[32060] 2025/10/07 13:11:10.460 Divide StockNo {6223}
[32060] 2025/10/07 13:11:10.460 Add Basket MarketNo：1 StockIdx：885
[32060] 2025/10/07 13:11:10.460 Divide StockNo {6239}
[32060] 2025/10/07 13:11:10.460 Add Basket MarketNo：0 StockIdx：32971
[32060] 2025/10/07 13:11:10.460 Divide StockNo {6245}
[32060] 2025/10/07 13:11:10.460 Add Basket MarketNo：1 StockIdx：900
[32060] 2025/10/07 13:11:10.460 Divide StockNo {6257}
[32060] 2025/10/07 13:11:10.460 Add Basket MarketNo：0 StockIdx：32973
[32060] 2025/10/07 13:11:10.460 Divide StockNo {6269}
[32060] 2025/10/07 13:11:10.460 Add Basket MarketNo：0 StockIdx：32974
[32060] 2025/10/07 13:11:10.460 Divide StockNo {6271}
[32060] 2025/10/07 13:11:10.460 Add Basket MarketNo：0 StockIdx：32975
[32060] 2025/10/07 13:11:10.460 Divide StockNo {6274}
[32060] 2025/10/07 13:11:10.460 Add Basket MarketNo：1 StockIdx：912
[32060] 2025/10/07 13:11:10.460 Divide StockNo {6278}
[32060] 2025/10/07 13:11:10.460 Add Basket MarketNo：0 StockIdx：32977
[32060] 2025/10/07 13:11:10.460 Divide StockNo {6279}
[32060] 2025/10/07 13:11:10.460 Add Basket MarketNo：1 StockIdx：916
[32060] 2025/10/07 13:11:10.460 Divide StockNo {6282}
[32060] 2025/10/07 13:11:10.460 Add Basket MarketNo：0 StockIdx：32979
[32060] 2025/10/07 13:11:10.460 Divide StockNo {6285}
[32060] 2025/10/07 13:11:10.461 Add Basket MarketNo：0 StockIdx：32981
[32060] 2025/10/07 13:11:10.461 Divide StockNo {6414}
[32060] 2025/10/07 13:11:10.461 Add Basket MarketNo：0 StockIdx：32985
[32060] 2025/10/07 13:11:10.461 Divide StockNo {6443}
[32060] 2025/10/07 13:11:10.461 Add Basket MarketNo：0 StockIdx：32993
[32060] 2025/10/07 13:11:10.461 Divide StockNo {6472}
[32060] 2025/10/07 13:11:10.461 Add Basket MarketNo：0 StockIdx：32999
[32060] 2025/10/07 13:11:10.461 Divide StockNo {6488}
[32060] 2025/10/07 13:11:10.461 Add Basket MarketNo：1 StockIdx：952
[32060] 2025/10/07 13:11:10.461 Divide StockNo {6505}
[32060] 2025/10/07 13:11:10.461 Add Basket MarketNo：0 StockIdx：33003
[32060] 2025/10/07 13:11:10.461 Divide StockNo {6510}
[32060] 2025/10/07 13:11:10.461 Add Basket MarketNo：1 StockIdx：962
[32060] 2025/10/07 13:11:10.461 Divide StockNo {6526}
[32060] 2025/10/07 13:11:10.461 Add Basket MarketNo：0 StockIdx：33006
[32060] 2025/10/07 13:11:10.461 Divide StockNo {6547}
[32060] 2025/10/07 13:11:10.461 Add Basket MarketNo：1 StockIdx：977
[32060] 2025/10/07 13:11:10.461 Divide StockNo {6669}
[32060] 2025/10/07 13:11:10.461 Add Basket MarketNo：0 StockIdx：33035
[32060] 2025/10/07 13:11:10.461 Divide StockNo {6757}
[32060] 2025/10/07 13:11:10.461 Add Basket MarketNo：0 StockIdx：33052
[32060] 2025/10/07 13:11:10.461 Divide StockNo {6770}
[32060] 2025/10/07 13:11:10.461 Add Basket MarketNo：0 StockIdx：33054
[32060] 2025/10/07 13:11:10.461 Divide StockNo {8039}
[32060] 2025/10/07 13:11:10.461 Add Basket MarketNo：0 StockIdx：33126
[32060] 2025/10/07 13:11:10.461 Divide StockNo {8044}
[32060] 2025/10/07 13:11:10.461 Add Basket MarketNo：1 StockIdx：12233
[32060] 2025/10/07 13:11:10.461 Divide StockNo {8046}
[32060] 2025/10/07 13:11:10.461 Add Basket MarketNo：0 StockIdx：33128
[32060] 2025/10/07 13:11:10.461 Divide StockNo {8069}
[32060] 2025/10/07 13:11:10.461 Add Basket MarketNo：1 StockIdx：12245
[32060] 2025/10/07 13:11:10.461 Divide StockNo {8086}
[32060] 2025/10/07 13:11:10.461 Add Basket MarketNo：1 StockIdx：12254
[32060] 2025/10/07 13:11:10.461 Divide StockNo {8112}
[32060] 2025/10/07 13:11:10.461 Add Basket MarketNo：0 StockIdx：33137
[32060] 2025/10/07 13:11:10.461 Divide StockNo {8150}
[32060] 2025/10/07 13:11:10.461 Add Basket MarketNo：0 StockIdx：33141
[32060] 2025/10/07 13:11:10.461 Divide StockNo {8163}
[32060] 2025/10/07 13:11:10.461 Add Basket MarketNo：0 StockIdx：33143
[32060] 2025/10/07 13:11:10.461 Divide StockNo {8299}
[32060] 2025/10/07 13:11:10.461 Add Basket MarketNo：1 StockIdx：12293
[32060] 2025/10/07 13:11:10.461 Divide StockNo {8358}
[32060] 2025/10/07 13:11:10.461 Add Basket MarketNo：1 StockIdx：12299
[32060] 2025/10/07 13:11:10.461 Divide StockNo {8436}
[32060] 2025/10/07 13:11:10.461 Add Basket MarketNo：1 StockIdx：12325
[32060] 2025/10/07 13:11:10.461 Divide StockNo {8454}
[32060] 2025/10/07 13:11:10.461 Add Basket MarketNo：0 StockIdx：33162
[32060] 2025/10/07 13:11:10.461 Divide StockNo {9904}
[32060] 2025/10/07 13:11:10.461 Add Basket MarketNo：0 StockIdx：33191
[32060] 2025/10/07 13:11:10.461 Divide StockNo {9914}
[32060] 2025/10/07 13:11:10.461 Add Basket MarketNo：0 StockIdx：33199
[32060] 2025/10/07 13:11:10.461 Divide StockNo {9938}
[32060] 2025/10/07 13:11:10.461 Add Basket MarketNo：0 StockIdx：33216
[32060] 2025/10/07 13:11:10.461 Divide StockNo {9939}
[32060] 2025/10/07 13:11:10.461 Add Basket MarketNo：0 StockIdx：33217
[32060] 2025/10/07 13:11:10.461 Divide StockNo {9945}
[32060] 2025/10/07 13:11:10.461 Add Basket MarketNo：0 StockIdx：33224
[32060] 2025/10/07 13:11:10.461 Divide StockNo {9958}
[32060] 2025/10/07 13:11:10.461 Add Basket MarketNo：0 StockIdx：33227
[32060] 2025/10/07 13:11:10.462 Divide StockNo {TSE}
[32060] 2025/10/07 13:11:10.462 Stock Is Not Exist 
[32060] 2025/10/07 13:11:10.462 Divide StockNo {TSE23}
[32060] 2025/10/07 13:11:10.462 Add Basket MarketNo：0 StockIdx：33544
[32060] 2025/10/07 13:11:10.462 Divide StockNo {TSE28}
[32060] 2025/10/07 13:11:10.462 Add Basket MarketNo：0 StockIdx：33549
[32060] 2025/10/07 13:11:10.462 Divide StockNo {TWMC}
[32060] 2025/10/07 13:11:10.462 Stock Is Not Exist 
[32060] 2025/10/07 13:11:10.462 Return PageNo： 1 
[32060] 2025/10/07 13:11:22.713 SKQuoteLib_RequestStocks (1 , CAF00, CBF00, CCF00, CDF00, CEF00, CFF00, CGF00, CHF00, CJF00, CKF00, CLF00, CMF00, CNF00, CQF00, CRF00, CSF00, CUF00, CWF00, CXF00, CYF00, CZF00, DAF00, DBF00, DCF00, DEF00, DFF00, DGF00, DHF00, DIF00, DJF00, DKF00, DLF00, DNF00, DOF00, DPF00, DQF00, DSF00, DVF00, DWF00, DXF00, DYF00, DZF00, EEF00, EGF00, EHF00, EKF00, EMF00, EPF00, EYF00, EZF00, FBF00, FCF00, FEF00, FFF00, FGF00, FKF00, FNF00, FQF00, FRF00, FSF00, FTF00, FVF00, FWF00, FYF00, FZF00, GAF00, GCF00, GHF00, GIF00, GJF00, GKF00, GLF00, GMF00, GNF00, GOF00, GRF00, GUF00, GVF00, GWF00, GXF00, GYF00, GZF00, HAF00, HBF00, HCF00, HHF00, HIF00, HLF00, HOF00, HQF00, HSF00, IAF00, IHF00, IIF00, IJF00, IMF00, IOF00, IPF00, IQF00, IRF00, ITF00, IXF00, IYF00, IZF00, JBF00, JFF00, JMF00, JNF00, JPF00, JSF00, JWF00, JXF00, JZF00, KAF00, KBF00, KCF00, KDF00, KEF00, KFF00, KGF00, KIF00, KKF00, KLF00, KOF00, KPF00, KSF00, KUF00, KWF00, LBF00, LCF00, LEF00, LIF00, LMF00, LOF00, LQF00, LRF00, LTF00, LUF00, LVF00, LWF00, LXF00, LYF00, MAF00, MBF00, MJF00, MKF00, MQF00, MVF00, MYF00, NAF00, NBF00, NDF00, NEF00, NGF00, NIF00, NJF00, NLF00, NMF00, NOF00, NQF00, NSF00, NUF00, NVF00, NWF00, NYF00, OAF00, OBF00, ODF00, OEF00, OHF00, OJF00, OKF00, OLF00, OMF00, OOF00, OPF00, OQF00, ORF00, OSF00, OTF00, OUF00, OVF00, OWF00, OXF00, OYF00, OZF00, PAF00, PBF00, PCF00, PDF00, PEF00, PFF00, PGF00, PHF00, PIF00, PJF00, PKF00, PLF00, PMF00, PNF00, PPF00, PQF00, PRF00, PSF00, PTF00, PUF00, PVF00, PWF00, PXF00, PYF00, PZF00, QAF00, QBF00, QCF00, QDF00, QEF00, QFF00, QGF00, QHF00, QIF00, QJF00, QKF00, QLF00, QMF00, QNF00, QOF00, QPF00, QQF00, QRF00, QSF00, QTF00, QUF00, QVF00, QWF00, QXF00, QYF00, QZF00, RAF00, RBF00, RCF00, RDF00, REF00, RFF00, RGF00, RIF00, RJF00, RKF00, RLF00, RMF00, RNF00, ROF00, RPF00, RQF00, RRF00, RSF00, RUF00, RVF00, RWF00, RXF00, RYF00, RZF00, SAF00, SBF00, SCF00, SDF00, SEF00, SFF00, SGF00, SIF00, SJF00, SKF00, SLF00, SMF00, SNF00, SQF00, SRF00, SSF00, SUF00, SVF00, SWF00, SYF00, SZF00, UAF00, UBF00, UCF00, UEF00, UFF00, UGF00, UHF00, UIF00, UJF00, UKF00, ULF00, UMF00, UOF00, UPF00, UQF00, URF00, USF00, UTF00, UUF00, UVF00, UWF00, 0050, 0056, 006205, 006206, 00636, 00639, 00643, 00679B, 00687B, 00719B, 00757, 00772B, 00878, 00885, 00893, 00919, 00923, 00929, 00937B, 00940, 1101, 1102, 1210, 1216, 1301, 1303, 1312, 1314, 1319, 1326, 1402, 1440, 1476, 1477, 1503, 1504, 1513, 1536, 1565, 1590, 1605, 1609, 1707, 1717, 1718, 1722, 1795, 1802, 1904, 1905, 1907, 1909, 2002, 2006, 2014, 2027, 2049, 2059, 2105, 2201, 2231, 2301, 2303, 2308, 2312, 2313, 2317, 2323, 2324, 2327, 2328, 2330, 2331, 2332, 2337, 2338, 2340, 2344, 2345, 2347, 2352, 2353, 2354, 2355, 2356, 2357, 2360, 2368, 2371, 2376, 2377, 2379, 2382, 2383, 2385, 2388, 2392, 2393, 2401, 2404, 2408, 2409, 2412, 2439, 2441, 2449, 2454, 2455, 2457, 2458, 2474, 2481, 2485, 2486, 2489, 2492, 2498, 2515, 2520, 2542, 2548, 2603, 2605, 2606, 2609, 2610, 2615, 2618, 2633, 2634, 2801, 2834, 2880, 2881, 2882, 2883, 2884, 2885, 2886, 2887, 2888, 2890, 2891, 2892, 2913, 2915, 3005, 3006, 3008, 3017, 3019, 3034, 3035, 3036, 3037, 3042, 3044, 3045, 3078, 3081, 3105, 3152, 3189, 3227, 3231, 3260, 3264, 3293, 3324, 3374, 3376, 3380, 3406, 3443, 3481, 3529, 3532, 3533, 3552, 3653, 3661, 3673, 3680, 3691, 3702, 3706, 3711, 3714, 4123, 4128, 4162, 4736, 4743, 4904, 4919, 4938, 4958, 5009, 5269, 5274, 5347, 5371, 5388, 5425, 5457, 5483, 5534, 5871, 5876, 5880, 5904, 6005, 6116, 6121, 6139, 6147, 6153, 6173, 6176, 6182, 6188, 6213, 6223, 6239, 6245, 6257, 6269, 6271, 6274, 6278, 6279, 6282, 6285, 6414, 6443, 6472, 6488, 6505, 6510, 6526, 6547, 6669, 6757, 6770, 8039, 8044, 8046, 8069, 8086, 8112, 8150, 8163, 8299, 8358, 8436, 8454, 9904, 9914, 9938, 9939, 9945, 9958, TSE, TSE23, TSE28, TWMC)
[32060] 2025/10/07 13:11:22.718 Divide StockNo {CAF00}
[32060] 2025/10/07 13:11:22.718 Add Basket MarketNo：2 StockIdx：160
[32060] 2025/10/07 13:11:22.718 Divide StockNo {CBF00}
[32060] 2025/10/07 13:11:22.718 Add Basket MarketNo：2 StockIdx：166
[32060] 2025/10/07 13:11:22.718 Divide StockNo {CCF00}
[32060] 2025/10/07 13:11:22.718 Add Basket MarketNo：2 StockIdx：5597
[32060] 2025/10/07 13:11:22.718 Divide StockNo {CDF00}
[32060] 2025/10/07 13:11:22.718 Add Basket MarketNo：2 StockIdx：5603
[32060] 2025/10/07 13:11:22.718 Divide StockNo {CEF00}
[32060] 2025/10/07 13:11:22.718 Add Basket MarketNo：2 StockIdx：184
[32060] 2025/10/07 13:11:22.718 Divide StockNo {CFF00}
[32060] 2025/10/07 13:11:22.718 Add Basket MarketNo：2 StockIdx：194
[32060] 2025/10/07 13:11:22.718 Divide StockNo {CGF00}
[32060] 2025/10/07 13:11:22.718 Add Basket MarketNo：2 StockIdx：200
[32060] 2025/10/07 13:11:22.718 Divide StockNo {CHF00}
[32060] 2025/10/07 13:11:22.718 Add Basket MarketNo：2 StockIdx：206
[32060] 2025/10/07 13:11:22.718 Divide StockNo {CJF00}
[32060] 2025/10/07 13:11:22.718 Add Basket MarketNo：2 StockIdx：212
[32060] 2025/10/07 13:11:22.718 Divide StockNo {CKF00}
[32060] 2025/10/07 13:11:22.718 Add Basket MarketNo：2 StockIdx：218
[32060] 2025/10/07 13:11:22.718 Divide StockNo {CLF00}
[32060] 2025/10/07 13:11:22.718 Add Basket MarketNo：2 StockIdx：224
[32060] 2025/10/07 13:11:22.718 Divide StockNo {CMF00}
[32060] 2025/10/07 13:11:22.718 Add Basket MarketNo：2 StockIdx：230
[32060] 2025/10/07 13:11:22.718 Divide StockNo {CNF00}
[32060] 2025/10/07 13:11:22.718 Add Basket MarketNo：2 StockIdx：236
[32060] 2025/10/07 13:11:22.718 Divide StockNo {CQF00}
[32060] 2025/10/07 13:11:22.718 Add Basket MarketNo：2 StockIdx：242
[32060] 2025/10/07 13:11:22.718 Divide StockNo {CRF00}
[32060] 2025/10/07 13:11:22.718 Add Basket MarketNo：2 StockIdx：248
[32060] 2025/10/07 13:11:22.718 Divide StockNo {CSF00}
[32060] 2025/10/07 13:11:22.718 Add Basket MarketNo：2 StockIdx：254
[32060] 2025/10/07 13:11:22.718 Divide StockNo {CUF00}
[32060] 2025/10/07 13:11:22.718 Add Basket MarketNo：2 StockIdx：261
[32060] 2025/10/07 13:11:22.718 Divide StockNo {CWF00}
[32060] 2025/10/07 13:11:22.718 Add Basket MarketNo：2 StockIdx：267
[32060] 2025/10/07 13:11:22.718 Divide StockNo {CXF00}
[32060] 2025/10/07 13:11:22.718 Add Basket MarketNo：2 StockIdx：277
[32060] 2025/10/07 13:11:22.718 Divide StockNo {CYF00}
[32060] 2025/10/07 13:11:22.718 Add Basket MarketNo：2 StockIdx：283
[32060] 2025/10/07 13:11:22.718 Divide StockNo {CZF00}
[32060] 2025/10/07 13:11:22.718 Add Basket MarketNo：2 StockIdx：289
[32060] 2025/10/07 13:11:22.718 Divide StockNo {DAF00}
[32060] 2025/10/07 13:11:22.718 Add Basket MarketNo：2 StockIdx：295
[32060] 2025/10/07 13:11:22.718 Divide StockNo {DBF00}
[32060] 2025/10/07 13:11:22.718 Add Basket MarketNo：2 StockIdx：301
[32060] 2025/10/07 13:11:22.718 Divide StockNo {DCF00}
[32060] 2025/10/07 13:11:22.718 Add Basket MarketNo：2 StockIdx：307
[32060] 2025/10/07 13:11:22.718 Divide StockNo {DEF00}
[32060] 2025/10/07 13:11:22.718 Add Basket MarketNo：2 StockIdx：314
[32060] 2025/10/07 13:11:22.718 Divide StockNo {DFF00}
[32060] 2025/10/07 13:11:22.718 Add Basket MarketNo：2 StockIdx：322
[32060] 2025/10/07 13:11:22.718 Divide StockNo {DGF00}
[32060] 2025/10/07 13:11:22.718 Add Basket MarketNo：2 StockIdx：328
[32060] 2025/10/07 13:11:22.718 Divide StockNo {DHF00}
[32060] 2025/10/07 13:11:22.719 Add Basket MarketNo：2 StockIdx：334
[32060] 2025/10/07 13:11:22.719 Divide StockNo {DIF00}
[32060] 2025/10/07 13:11:22.719 Add Basket MarketNo：2 StockIdx：340
[32060] 2025/10/07 13:11:22.719 Divide StockNo {DJF00}
[32060] 2025/10/07 13:11:22.719 Add Basket MarketNo：2 StockIdx：346
[32060] 2025/10/07 13:11:22.719 Divide StockNo {DKF00}
[32060] 2025/10/07 13:11:22.719 Add Basket MarketNo：2 StockIdx：352
[32060] 2025/10/07 13:11:22.719 Divide StockNo {DLF00}
[32060] 2025/10/07 13:11:22.719 Add Basket MarketNo：2 StockIdx：358
[32060] 2025/10/07 13:11:22.719 Divide StockNo {DNF00}
[32060] 2025/10/07 13:11:22.719 Add Basket MarketNo：2 StockIdx：364
[32060] 2025/10/07 13:11:22.719 Divide StockNo {DOF00}
[32060] 2025/10/07 13:11:22.719 Add Basket MarketNo：2 StockIdx：371
[32060] 2025/10/07 13:11:22.719 Divide StockNo {DPF00}
[32060] 2025/10/07 13:11:22.719 Add Basket MarketNo：2 StockIdx：378
[32060] 2025/10/07 13:11:22.719 Divide StockNo {DQF00}
[32060] 2025/10/07 13:11:22.719 Add Basket MarketNo：2 StockIdx：384
[32060] 2025/10/07 13:11:22.719 Divide StockNo {DSF00}
[32060] 2025/10/07 13:11:22.719 Add Basket MarketNo：2 StockIdx：390
[32060] 2025/10/07 13:11:22.719 Divide StockNo {DVF00}
[32060] 2025/10/07 13:11:22.719 Add Basket MarketNo：2 StockIdx：396
[32060] 2025/10/07 13:11:22.719 Divide StockNo {DWF00}
[32060] 2025/10/07 13:11:22.719 Add Basket MarketNo：2 StockIdx：402
[32060] 2025/10/07 13:11:22.719 Divide StockNo {DXF00}
[32060] 2025/10/07 13:11:22.719 Add Basket MarketNo：2 StockIdx：408
[32060] 2025/10/07 13:11:22.719 Divide StockNo {DYF00}
[32060] 2025/10/07 13:11:22.719 Add Basket MarketNo：2 StockIdx：414
[32060] 2025/10/07 13:11:22.719 Divide StockNo {DZF00}
[32060] 2025/10/07 13:11:22.719 Add Basket MarketNo：2 StockIdx：420
[32060] 2025/10/07 13:11:22.719 Divide StockNo {EEF00}
[32060] 2025/10/07 13:11:22.719 Add Basket MarketNo：2 StockIdx：426
[32060] 2025/10/07 13:11:22.719 Divide StockNo {EGF00}
[32060] 2025/10/07 13:11:22.719 Add Basket MarketNo：2 StockIdx：432
[32060] 2025/10/07 13:11:22.719 Divide StockNo {EHF00}
[32060] 2025/10/07 13:11:22.719 Add Basket MarketNo：2 StockIdx：438
[32060] 2025/10/07 13:11:22.719 Divide StockNo {EKF00}
[32060] 2025/10/07 13:11:22.719 Add Basket MarketNo：2 StockIdx：444
[32060] 2025/10/07 13:11:22.719 Divide StockNo {EMF00}
[32060] 2025/10/07 13:11:22.719 Add Basket MarketNo：2 StockIdx：450
[32060] 2025/10/07 13:11:22.719 Divide StockNo {EPF00}
[32060] 2025/10/07 13:11:22.719 Add Basket MarketNo：2 StockIdx：456
[32060] 2025/10/07 13:11:22.719 Divide StockNo {EYF00}
[32060] 2025/10/07 13:11:22.719 Add Basket MarketNo：2 StockIdx：462
[32060] 2025/10/07 13:11:22.719 Divide StockNo {EZF00}
[32060] 2025/10/07 13:11:22.719 Add Basket MarketNo：2 StockIdx：468
[32060] 2025/10/07 13:11:22.719 Divide StockNo {FBF00}
[32060] 2025/10/07 13:11:22.719 Add Basket MarketNo：2 StockIdx：474
[32060] 2025/10/07 13:11:22.719 Divide StockNo {FCF00}
[32060] 2025/10/07 13:11:22.719 Add Basket MarketNo：2 StockIdx：480
[32060] 2025/10/07 13:11:22.719 Divide StockNo {FEF00}
[32060] 2025/10/07 13:11:22.719 Add Basket MarketNo：2 StockIdx：485
[32060] 2025/10/07 13:11:22.719 Divide StockNo {FFF00}
[32060] 2025/10/07 13:11:22.719 Add Basket MarketNo：2 StockIdx：492
[32060] 2025/10/07 13:11:22.719 Divide StockNo {FGF00}
[32060] 2025/10/07 13:11:22.719 Add Basket MarketNo：2 StockIdx：498
[32060] 2025/10/07 13:11:22.720 Divide StockNo {FKF00}
[32060] 2025/10/07 13:11:22.720 Add Basket MarketNo：2 StockIdx：504
[32060] 2025/10/07 13:11:22.720 Divide StockNo {FNF00}
[32060] 2025/10/07 13:11:22.720 Add Basket MarketNo：2 StockIdx：510
[32060] 2025/10/07 13:11:22.720 Divide StockNo {FQF00}
[32060] 2025/10/07 13:11:22.720 Add Basket MarketNo：2 StockIdx：516
[32060] 2025/10/07 13:11:22.720 Divide StockNo {FRF00}
[32060] 2025/10/07 13:11:22.720 Add Basket MarketNo：2 StockIdx：522
[32060] 2025/10/07 13:11:22.720 Divide StockNo {FSF00}
[32060] 2025/10/07 13:11:22.720 Add Basket MarketNo：2 StockIdx：528
[32060] 2025/10/07 13:11:22.720 Divide StockNo {FTF00}
[32060] 2025/10/07 13:11:22.720 Add Basket MarketNo：2 StockIdx：534
[32060] 2025/10/07 13:11:22.720 Divide StockNo {FVF00}
[32060] 2025/10/07 13:11:22.720 Add Basket MarketNo：2 StockIdx：540
[32060] 2025/10/07 13:11:22.720 Divide StockNo {FWF00}
[32060] 2025/10/07 13:11:22.720 Add Basket MarketNo：2 StockIdx：546
[32060] 2025/10/07 13:11:22.720 Divide StockNo {FYF00}
[32060] 2025/10/07 13:11:22.720 Add Basket MarketNo：2 StockIdx：552
[32060] 2025/10/07 13:11:22.720 Divide StockNo {FZF00}
[32060] 2025/10/07 13:11:22.720 Add Basket MarketNo：2 StockIdx：558
[32060] 2025/10/07 13:11:22.720 Divide StockNo {GAF00}
[32060] 2025/10/07 13:11:22.720 Add Basket MarketNo：2 StockIdx：564
[32060] 2025/10/07 13:11:22.720 Divide StockNo {GCF00}
[32060] 2025/10/07 13:11:22.720 Add Basket MarketNo：2 StockIdx：570
[32060] 2025/10/07 13:11:22.720 Divide StockNo {GHF00}
[32060] 2025/10/07 13:11:22.720 Add Basket MarketNo：2 StockIdx：576
[32060] 2025/10/07 13:11:22.720 Divide StockNo {GIF00}
[32060] 2025/10/07 13:11:22.720 Add Basket MarketNo：2 StockIdx：582
[32060] 2025/10/07 13:11:22.720 Divide StockNo {GJF00}
[32060] 2025/10/07 13:11:22.720 Add Basket MarketNo：2 StockIdx：588
[32060] 2025/10/07 13:11:22.720 Divide StockNo {GKF00}
[32060] 2025/10/07 13:11:22.720 Add Basket MarketNo：2 StockIdx：594
[32060] 2025/10/07 13:11:22.720 Divide StockNo {GLF00}
[32060] 2025/10/07 13:11:22.720 Add Basket MarketNo：2 StockIdx：600
[32060] 2025/10/07 13:11:22.720 Divide StockNo {GMF00}
[32060] 2025/10/07 13:11:22.720 Add Basket MarketNo：2 StockIdx：606
[32060] 2025/10/07 13:11:22.720 Divide StockNo {GNF00}
[32060] 2025/10/07 13:11:22.720 Add Basket MarketNo：2 StockIdx：612
[32060] 2025/10/07 13:11:22.720 Divide StockNo {GOF00}
[32060] 2025/10/07 13:11:22.720 Add Basket MarketNo：2 StockIdx：618
[32060] 2025/10/07 13:11:22.720 Divide StockNo {GRF00}
[32060] 2025/10/07 13:11:22.720 Add Basket MarketNo：2 StockIdx：624
[32060] 2025/10/07 13:11:22.720 Divide StockNo {GUF00}
[32060] 2025/10/07 13:11:22.720 Add Basket MarketNo：2 StockIdx：630
[32060] 2025/10/07 13:11:22.720 Divide StockNo {GVF00}
[32060] 2025/10/07 13:11:22.720 Add Basket MarketNo：2 StockIdx：636
[32060] 2025/10/07 13:11:22.720 Divide StockNo {GWF00}
[32060] 2025/10/07 13:11:22.720 Add Basket MarketNo：2 StockIdx：642
[32060] 2025/10/07 13:11:22.720 Divide StockNo {GXF00}
[32060] 2025/10/07 13:11:22.720 Add Basket MarketNo：2 StockIdx：648
[32060] 2025/10/07 13:11:22.720 Divide StockNo {GYF00}
[32060] 2025/10/07 13:11:22.720 Add Basket MarketNo：2 StockIdx：654
[32060] 2025/10/07 13:11:22.720 Divide StockNo {GZF00}
[32060] 2025/10/07 13:11:22.720 Add Basket MarketNo：2 StockIdx：660
[32060] 2025/10/07 13:11:22.720 Divide StockNo {HAF00}
[32060] 2025/10/07 13:11:22.720 Add Basket MarketNo：2 StockIdx：666
[32060] 2025/10/07 13:11:22.720 Divide StockNo {HBF00}
[32060] 2025/10/07 13:11:22.720 Add Basket MarketNo：2 StockIdx：677
[32060] 2025/10/07 13:11:22.720 Divide StockNo {HCF00}
[32060] 2025/10/07 13:11:22.720 Add Basket MarketNo：2 StockIdx：683
[32060] 2025/10/07 13:11:22.720 Divide StockNo {HHF00}
[32060] 2025/10/07 13:11:22.720 Add Basket MarketNo：2 StockIdx：689
[32060] 2025/10/07 13:11:22.720 Divide StockNo {HIF00}
[32060] 2025/10/07 13:11:22.720 Add Basket MarketNo：2 StockIdx：695
[32060] 2025/10/07 13:11:22.721 Divide StockNo {HLF00}
[32060] 2025/10/07 13:11:22.721 Add Basket MarketNo：2 StockIdx：701
[32060] 2025/10/07 13:11:22.721 Divide StockNo {HOF00}
[32060] 2025/10/07 13:11:22.721 Add Basket MarketNo：2 StockIdx：713
[32060] 2025/10/07 13:11:22.721 Divide StockNo {HQF00}
[32060] 2025/10/07 13:11:22.721 Add Basket MarketNo：2 StockIdx：720
[32060] 2025/10/07 13:11:22.721 Divide StockNo {HSF00}
[32060] 2025/10/07 13:11:22.721 Add Basket MarketNo：2 StockIdx：726
[32060] 2025/10/07 13:11:22.721 Divide StockNo {IAF00}
[32060] 2025/10/07 13:11:22.721 Add Basket MarketNo：2 StockIdx：732
[32060] 2025/10/07 13:11:22.721 Divide StockNo {IHF00}
[32060] 2025/10/07 13:11:22.721 Add Basket MarketNo：2 StockIdx：740
[32060] 2025/10/07 13:11:22.721 Divide StockNo {IIF00}
[32060] 2025/10/07 13:11:22.721 Add Basket MarketNo：2 StockIdx：746
[32060] 2025/10/07 13:11:22.721 Divide StockNo {IJF00}
[32060] 2025/10/07 13:11:22.721 Add Basket MarketNo：2 StockIdx：752
[32060] 2025/10/07 13:11:22.721 Divide StockNo {IMF00}
[32060] 2025/10/07 13:11:22.721 Add Basket MarketNo：2 StockIdx：758
[32060] 2025/10/07 13:11:22.721 Divide StockNo {IOF00}
[32060] 2025/10/07 13:11:22.721 Add Basket MarketNo：2 StockIdx：764
[32060] 2025/10/07 13:11:22.721 Divide StockNo {IPF00}
[32060] 2025/10/07 13:11:22.721 Add Basket MarketNo：2 StockIdx：770
[32060] 2025/10/07 13:11:22.721 Divide StockNo {IQF00}
[32060] 2025/10/07 13:11:22.721 Add Basket MarketNo：2 StockIdx：776
[32060] 2025/10/07 13:11:22.721 Divide StockNo {IRF00}
[32060] 2025/10/07 13:11:22.721 Add Basket MarketNo：2 StockIdx：782
[32060] 2025/10/07 13:11:22.721 Divide StockNo {ITF00}
[32060] 2025/10/07 13:11:22.721 Add Basket MarketNo：2 StockIdx：788
[32060] 2025/10/07 13:11:22.721 Divide StockNo {IXF00}
[32060] 2025/10/07 13:11:22.721 Add Basket MarketNo：2 StockIdx：794
[32060] 2025/10/07 13:11:22.721 Divide StockNo {IYF00}
[32060] 2025/10/07 13:11:22.721 Add Basket MarketNo：2 StockIdx：800
[32060] 2025/10/07 13:11:22.721 Divide StockNo {IZF00}
[32060] 2025/10/07 13:11:22.721 Add Basket MarketNo：2 StockIdx：806
[32060] 2025/10/07 13:11:22.721 Divide StockNo {JBF00}
[32060] 2025/10/07 13:11:22.721 Add Basket MarketNo：2 StockIdx：812
[32060] 2025/10/07 13:11:22.721 Divide StockNo {JFF00}
[32060] 2025/10/07 13:11:22.721 Add Basket MarketNo：2 StockIdx：818
[32060] 2025/10/07 13:11:22.721 Divide StockNo {JMF00}
[32060] 2025/10/07 13:11:22.721 Add Basket MarketNo：2 StockIdx：824
[32060] 2025/10/07 13:11:22.721 Divide StockNo {JNF00}
[32060] 2025/10/07 13:11:22.721 Add Basket MarketNo：2 StockIdx：830
[32060] 2025/10/07 13:11:22.721 Divide StockNo {JPF00}
[32060] 2025/10/07 13:11:22.721 Add Basket MarketNo：2 StockIdx：836
[32060] 2025/10/07 13:11:22.721 Divide StockNo {JSF00}
[32060] 2025/10/07 13:11:22.721 Add Basket MarketNo：2 StockIdx：842
[32060] 2025/10/07 13:11:22.721 Divide StockNo {JWF00}
[32060] 2025/10/07 13:11:22.721 Add Basket MarketNo：2 StockIdx：848
[32060] 2025/10/07 13:11:22.721 Divide StockNo {JXF00}
[32060] 2025/10/07 13:11:22.721 Add Basket MarketNo：2 StockIdx：854
[32060] 2025/10/07 13:11:22.721 Divide StockNo {JZF00}
[32060] 2025/10/07 13:11:22.721 Add Basket MarketNo：2 StockIdx：860
[32060] 2025/10/07 13:11:22.721 Divide StockNo {KAF00}
[32060] 2025/10/07 13:11:22.721 Add Basket MarketNo：2 StockIdx：866
[32060] 2025/10/07 13:11:22.721 Divide StockNo {KBF00}
[32060] 2025/10/07 13:11:22.721 Add Basket MarketNo：2 StockIdx：872
[32060] 2025/10/07 13:11:22.721 Divide StockNo {KCF00}
[32060] 2025/10/07 13:11:22.721 Add Basket MarketNo：2 StockIdx：878
[32060] 2025/10/07 13:11:22.721 Divide StockNo {KDF00}
[32060] 2025/10/07 13:11:22.721 Add Basket MarketNo：2 StockIdx：884
[32060] 2025/10/07 13:11:22.721 Divide StockNo {KEF00}
[32060] 2025/10/07 13:11:22.721 Add Basket MarketNo：2 StockIdx：890
[32060] 2025/10/07 13:11:22.721 Divide StockNo {KFF00}
[32060] 2025/10/07 13:11:22.721 Add Basket MarketNo：2 StockIdx：896
[32060] 2025/10/07 13:11:22.721 Divide StockNo {KGF00}
[32060] 2025/10/07 13:11:22.721 Add Basket MarketNo：2 StockIdx：902
[32060] 2025/10/07 13:11:22.722 Divide StockNo {KIF00}
[32060] 2025/10/07 13:11:22.722 Add Basket MarketNo：2 StockIdx：908
[32060] 2025/10/07 13:11:22.722 Divide StockNo {KKF00}
[32060] 2025/10/07 13:11:22.722 Add Basket MarketNo：2 StockIdx：914
[32060] 2025/10/07 13:11:22.722 Divide StockNo {KLF00}
[32060] 2025/10/07 13:11:22.722 Add Basket MarketNo：2 StockIdx：920
[32060] 2025/10/07 13:11:22.722 Divide StockNo {KOF00}
[32060] 2025/10/07 13:11:22.722 Add Basket MarketNo：2 StockIdx：926
[32060] 2025/10/07 13:11:22.722 Divide StockNo {KPF00}
[32060] 2025/10/07 13:11:22.722 Add Basket MarketNo：2 StockIdx：932
[32060] 2025/10/07 13:11:22.722 Divide StockNo {KSF00}
[32060] 2025/10/07 13:11:22.722 Add Basket MarketNo：2 StockIdx：938
[32060] 2025/10/07 13:11:22.722 Divide StockNo {KUF00}
[32060] 2025/10/07 13:11:22.722 Add Basket MarketNo：2 StockIdx：944
[32060] 2025/10/07 13:11:22.722 Divide StockNo {KWF00}
[32060] 2025/10/07 13:11:22.722 Add Basket MarketNo：2 StockIdx：950
[32060] 2025/10/07 13:11:22.722 Divide StockNo {LBF00}
[32060] 2025/10/07 13:11:22.722 Add Basket MarketNo：2 StockIdx：956
[32060] 2025/10/07 13:11:22.722 Divide StockNo {LCF00}
[32060] 2025/10/07 13:11:22.722 Add Basket MarketNo：2 StockIdx：962
[32060] 2025/10/07 13:11:22.722 Divide StockNo {LEF00}
[32060] 2025/10/07 13:11:22.722 Add Basket MarketNo：2 StockIdx：968
[32060] 2025/10/07 13:11:22.722 Divide StockNo {LIF00}
[32060] 2025/10/07 13:11:22.722 Add Basket MarketNo：2 StockIdx：974
[32060] 2025/10/07 13:11:22.722 Divide StockNo {LMF00}
[32060] 2025/10/07 13:11:22.722 Add Basket MarketNo：2 StockIdx：980
[32060] 2025/10/07 13:11:22.722 Divide StockNo {LOF00}
[32060] 2025/10/07 13:11:22.722 Add Basket MarketNo：2 StockIdx：986
[32060] 2025/10/07 13:11:22.722 Divide StockNo {LQF00}
[32060] 2025/10/07 13:11:22.722 Add Basket MarketNo：2 StockIdx：992
[32060] 2025/10/07 13:11:22.722 Divide StockNo {LRF00}
[32060] 2025/10/07 13:11:22.722 Add Basket MarketNo：2 StockIdx：998
[32060] 2025/10/07 13:11:22.722 Divide StockNo {LTF00}
[32060] 2025/10/07 13:11:22.722 Add Basket MarketNo：2 StockIdx：1008
[32060] 2025/10/07 13:11:22.722 Divide StockNo {LUF00}
[32060] 2025/10/07 13:11:22.722 Add Basket MarketNo：2 StockIdx：1014
[32060] 2025/10/07 13:11:22.722 Divide StockNo {LVF00}
[32060] 2025/10/07 13:11:22.722 Add Basket MarketNo：2 StockIdx：1020
[32060] 2025/10/07 13:11:22.722 Divide StockNo {LWF00}
[32060] 2025/10/07 13:11:22.722 Add Basket MarketNo：2 StockIdx：1028
[32060] 2025/10/07 13:11:22.722 Divide StockNo {LXF00}
[32060] 2025/10/07 13:11:22.722 Add Basket MarketNo：2 StockIdx：1034
[32060] 2025/10/07 13:11:22.722 Divide StockNo {LYF00}
[32060] 2025/10/07 13:11:22.722 Add Basket MarketNo：2 StockIdx：1041
[32060] 2025/10/07 13:11:22.722 Divide StockNo {MAF00}
[32060] 2025/10/07 13:11:22.722 Add Basket MarketNo：2 StockIdx：1047
[32060] 2025/10/07 13:11:22.722 Divide StockNo {MBF00}
[32060] 2025/10/07 13:11:22.722 Add Basket MarketNo：2 StockIdx：1050
[32060] 2025/10/07 13:11:22.722 Divide StockNo {MJF00}
[32060] 2025/10/07 13:11:22.722 Add Basket MarketNo：2 StockIdx：1056
[32060] 2025/10/07 13:11:22.722 Divide StockNo {MKF00}
[32060] 2025/10/07 13:11:22.722 Add Basket MarketNo：2 StockIdx：1062
[32060] 2025/10/07 13:11:22.722 Divide StockNo {MQF00}
[32060] 2025/10/07 13:11:22.722 Add Basket MarketNo：2 StockIdx：1068
[32060] 2025/10/07 13:11:22.722 Divide StockNo {MVF00}
[32060] 2025/10/07 13:11:22.722 Add Basket MarketNo：2 StockIdx：1074
[32060] 2025/10/07 13:11:22.722 Divide StockNo {MYF00}
[32060] 2025/10/07 13:11:22.722 Add Basket MarketNo：2 StockIdx：1080
[32060] 2025/10/07 13:11:22.722 Divide StockNo {NAF00}
[32060] 2025/10/07 13:11:22.722 Add Basket MarketNo：2 StockIdx：1086
[32060] 2025/10/07 13:11:22.722 Divide StockNo {NBF00}
[32060] 2025/10/07 13:11:22.722 Add Basket MarketNo：2 StockIdx：1092
[32060] 2025/10/07 13:11:22.722 Divide StockNo {NDF00}
[32060] 2025/10/07 13:11:22.722 Add Basket MarketNo：2 StockIdx：1098
[32060] 2025/10/07 13:11:22.722 Divide StockNo {NEF00}
[32060] 2025/10/07 13:11:22.722 Add Basket MarketNo：2 StockIdx：1104
[32060] 2025/10/07 13:11:22.722 Divide StockNo {NGF00}
[32060] 2025/10/07 13:11:22.723 Add Basket MarketNo：2 StockIdx：1110
[32060] 2025/10/07 13:11:22.723 Divide StockNo {NIF00}
[32060] 2025/10/07 13:11:22.723 Add Basket MarketNo：2 StockIdx：1116
[32060] 2025/10/07 13:11:22.723 Divide StockNo {NJF00}
[32060] 2025/10/07 13:11:22.723 Add Basket MarketNo：2 StockIdx：1125
[32060] 2025/10/07 13:11:22.723 Divide StockNo {NLF00}
[32060] 2025/10/07 13:11:22.723 Add Basket MarketNo：2 StockIdx：1131
[32060] 2025/10/07 13:11:22.723 Divide StockNo {NMF00}
[32060] 2025/10/07 13:11:22.723 Add Basket MarketNo：2 StockIdx：1137
[32060] 2025/10/07 13:11:22.723 Divide StockNo {NOF00}
[32060] 2025/10/07 13:11:22.723 Add Basket MarketNo：2 StockIdx：1143
[32060] 2025/10/07 13:11:22.723 Divide StockNo {NQF00}
[32060] 2025/10/07 13:11:22.723 Add Basket MarketNo：2 StockIdx：1149
[32060] 2025/10/07 13:11:22.723 Divide StockNo {NSF00}
[32060] 2025/10/07 13:11:22.723 Add Basket MarketNo：2 StockIdx：1155
[32060] 2025/10/07 13:11:22.723 Divide StockNo {NUF00}
[32060] 2025/10/07 13:11:22.723 Add Basket MarketNo：2 StockIdx：1161
[32060] 2025/10/07 13:11:22.723 Divide StockNo {NVF00}
[32060] 2025/10/07 13:11:22.723 Add Basket MarketNo：2 StockIdx：1167
[32060] 2025/10/07 13:11:22.723 Divide StockNo {NWF00}
[32060] 2025/10/07 13:11:22.723 Add Basket MarketNo：2 StockIdx：1173
[32060] 2025/10/07 13:11:22.723 Divide StockNo {NYF00}
[32060] 2025/10/07 13:11:22.723 Add Basket MarketNo：2 StockIdx：5609
[32060] 2025/10/07 13:11:22.723 Divide StockNo {OAF00}
[32060] 2025/10/07 13:11:22.723 Add Basket MarketNo：2 StockIdx：1185
[32060] 2025/10/07 13:11:22.723 Divide StockNo {OBF00}
[32060] 2025/10/07 13:11:22.723 Add Basket MarketNo：2 StockIdx：1191
[32060] 2025/10/07 13:11:22.723 Divide StockNo {ODF00}
[32060] 2025/10/07 13:11:22.723 Add Basket MarketNo：2 StockIdx：1197
[32060] 2025/10/07 13:11:22.723 Divide StockNo {OEF00}
[32060] 2025/10/07 13:11:22.723 Add Basket MarketNo：2 StockIdx：1203
[32060] 2025/10/07 13:11:22.723 Divide StockNo {OHF00}
[32060] 2025/10/07 13:11:22.723 Add Basket MarketNo：2 StockIdx：1209
[32060] 2025/10/07 13:11:22.723 Divide StockNo {OJF00}
[32060] 2025/10/07 13:11:22.723 Add Basket MarketNo：2 StockIdx：1217
[32060] 2025/10/07 13:11:22.723 Divide StockNo {OKF00}
[32060] 2025/10/07 13:11:22.723 Add Basket MarketNo：2 StockIdx：1223
[32060] 2025/10/07 13:11:22.723 Divide StockNo {OLF00}
[32060] 2025/10/07 13:11:22.723 Add Basket MarketNo：2 StockIdx：1229
[32060] 2025/10/07 13:11:22.723 Divide StockNo {OMF00}
[32060] 2025/10/07 13:11:22.723 Add Basket MarketNo：2 StockIdx：1235
[32060] 2025/10/07 13:11:22.723 Divide StockNo {OOF00}
[32060] 2025/10/07 13:11:22.723 Add Basket MarketNo：2 StockIdx：1241
[32060] 2025/10/07 13:11:22.723 Divide StockNo {OPF00}
[32060] 2025/10/07 13:11:22.723 Add Basket MarketNo：2 StockIdx：1247
[32060] 2025/10/07 13:11:22.723 Divide StockNo {OQF00}
[32060] 2025/10/07 13:11:22.723 Add Basket MarketNo：2 StockIdx：1253
[32060] 2025/10/07 13:11:22.723 Divide StockNo {ORF00}
[32060] 2025/10/07 13:11:22.723 Add Basket MarketNo：2 StockIdx：1259
[32060] 2025/10/07 13:11:22.723 Divide StockNo {OSF00}
[32060] 2025/10/07 13:11:22.723 Add Basket MarketNo：2 StockIdx：1265
[32060] 2025/10/07 13:11:22.723 Divide StockNo {OTF00}
[32060] 2025/10/07 13:11:22.723 Add Basket MarketNo：2 StockIdx：1271
[32060] 2025/10/07 13:11:22.723 Divide StockNo {OUF00}
[32060] 2025/10/07 13:11:22.723 Add Basket MarketNo：2 StockIdx：1277
[32060] 2025/10/07 13:11:22.723 Divide StockNo {OVF00}
[32060] 2025/10/07 13:11:22.723 Add Basket MarketNo：2 StockIdx：1283
[32060] 2025/10/07 13:11:22.723 Divide StockNo {OWF00}
[32060] 2025/10/07 13:11:22.723 Add Basket MarketNo：2 StockIdx：1289
[32060] 2025/10/07 13:11:22.723 Divide StockNo {OXF00}
[32060] 2025/10/07 13:11:22.723 Add Basket MarketNo：2 StockIdx：1295
[32060] 2025/10/07 13:11:22.723 Divide StockNo {OYF00}
[32060] 2025/10/07 13:11:22.723 Add Basket MarketNo：2 StockIdx：1301
[32060] 2025/10/07 13:11:22.723 Divide StockNo {OZF00}
[32060] 2025/10/07 13:11:22.723 Add Basket MarketNo：2 StockIdx：1307
[32060] 2025/10/07 13:11:22.723 Divide StockNo {PAF00}
[32060] 2025/10/07 13:11:22.724 Add Basket MarketNo：2 StockIdx：1313
[32060] 2025/10/07 13:11:22.724 Divide StockNo {PBF00}
[32060] 2025/10/07 13:11:22.724 Add Basket MarketNo：2 StockIdx：1319
[32060] 2025/10/07 13:11:22.724 Divide StockNo {PCF00}
[32060] 2025/10/07 13:11:22.724 Add Basket MarketNo：2 StockIdx：1325
[32060] 2025/10/07 13:11:22.724 Divide StockNo {PDF00}
[32060] 2025/10/07 13:11:22.724 Add Basket MarketNo：2 StockIdx：1331
[32060] 2025/10/07 13:11:22.724 Divide StockNo {PEF00}
[32060] 2025/10/07 13:11:22.724 Add Basket MarketNo：2 StockIdx：1337
[32060] 2025/10/07 13:11:22.724 Divide StockNo {PFF00}
[32060] 2025/10/07 13:11:22.724 Add Basket MarketNo：2 StockIdx：1343
[32060] 2025/10/07 13:11:22.724 Divide StockNo {PGF00}
[32060] 2025/10/07 13:11:22.724 Add Basket MarketNo：2 StockIdx：1349
[32060] 2025/10/07 13:11:22.724 Divide StockNo {PHF00}
[32060] 2025/10/07 13:11:22.724 Add Basket MarketNo：2 StockIdx：1355
[32060] 2025/10/07 13:11:22.724 Divide StockNo {PIF00}
[32060] 2025/10/07 13:11:22.724 Add Basket MarketNo：2 StockIdx：1361
[32060] 2025/10/07 13:11:22.724 Divide StockNo {PJF00}
[32060] 2025/10/07 13:11:22.724 Add Basket MarketNo：2 StockIdx：1367
[32060] 2025/10/07 13:11:22.724 Divide StockNo {PKF00}
[32060] 2025/10/07 13:11:22.724 Add Basket MarketNo：2 StockIdx：1373
[32060] 2025/10/07 13:11:22.724 Divide StockNo {PLF00}
[32060] 2025/10/07 13:11:22.724 Add Basket MarketNo：2 StockIdx：1379
[32060] 2025/10/07 13:11:22.724 Divide StockNo {PMF00}
[32060] 2025/10/07 13:11:22.724 Add Basket MarketNo：2 StockIdx：1385
[32060] 2025/10/07 13:11:22.724 Divide StockNo {PNF00}
[32060] 2025/10/07 13:11:22.724 Add Basket MarketNo：2 StockIdx：1391
[32060] 2025/10/07 13:11:22.724 Divide StockNo {PPF00}
[32060] 2025/10/07 13:11:22.724 Add Basket MarketNo：2 StockIdx：1397
[32060] 2025/10/07 13:11:22.724 Divide StockNo {PQF00}
[32060] 2025/10/07 13:11:22.724 Add Basket MarketNo：2 StockIdx：1403
[32060] 2025/10/07 13:11:22.724 Divide StockNo {PRF00}
[32060] 2025/10/07 13:11:22.724 Add Basket MarketNo：2 StockIdx：1409
[32060] 2025/10/07 13:11:22.724 Divide StockNo {PSF00}
[32060] 2025/10/07 13:11:22.724 Add Basket MarketNo：2 StockIdx：1415
[32060] 2025/10/07 13:11:22.724 Divide StockNo {PTF00}
[32060] 2025/10/07 13:11:22.724 Add Basket MarketNo：2 StockIdx：1424
[32060] 2025/10/07 13:11:22.724 Divide StockNo {PUF00}
[32060] 2025/10/07 13:11:22.724 Add Basket MarketNo：2 StockIdx：1430
[32060] 2025/10/07 13:11:22.724 Divide StockNo {PVF00}
[32060] 2025/10/07 13:11:22.724 Add Basket MarketNo：2 StockIdx：1436
[32060] 2025/10/07 13:11:22.724 Divide StockNo {PWF00}
[32060] 2025/10/07 13:11:22.724 Add Basket MarketNo：2 StockIdx：1442
[32060] 2025/10/07 13:11:22.724 Divide StockNo {PXF00}
[32060] 2025/10/07 13:11:22.724 Add Basket MarketNo：2 StockIdx：1448
[32060] 2025/10/07 13:11:22.724 Divide StockNo {PYF00}
[32060] 2025/10/07 13:11:22.724 Add Basket MarketNo：2 StockIdx：1454
[32060] 2025/10/07 13:11:22.724 Divide StockNo {PZF00}
[32060] 2025/10/07 13:11:22.724 Add Basket MarketNo：2 StockIdx：1460
[32060] 2025/10/07 13:11:22.724 Divide StockNo {QAF00}
[32060] 2025/10/07 13:11:22.724 Add Basket MarketNo：2 StockIdx：1466
[32060] 2025/10/07 13:11:22.724 Divide StockNo {QBF00}
[32060] 2025/10/07 13:11:22.724 Add Basket MarketNo：2 StockIdx：1472
[32060] 2025/10/07 13:11:22.724 Divide StockNo {QCF00}
[32060] 2025/10/07 13:11:22.724 Add Basket MarketNo：2 StockIdx：1478
[32060] 2025/10/07 13:11:22.724 Divide StockNo {QDF00}
[32060] 2025/10/07 13:11:22.724 Add Basket MarketNo：2 StockIdx：1484
[32060] 2025/10/07 13:11:22.724 Divide StockNo {QEF00}
[32060] 2025/10/07 13:11:22.724 Add Basket MarketNo：2 StockIdx：1490
[32060] 2025/10/07 13:11:22.724 Divide StockNo {QFF00}
[32060] 2025/10/07 13:11:22.724 Add Basket MarketNo：2 StockIdx：5615
[32060] 2025/10/07 13:11:22.724 Divide StockNo {QGF00}
[32060] 2025/10/07 13:11:22.724 Add Basket MarketNo：2 StockIdx：1503
[32060] 2025/10/07 13:11:22.724 Divide StockNo {QHF00}
[32060] 2025/10/07 13:11:22.724 Add Basket MarketNo：2 StockIdx：1509
[32060] 2025/10/07 13:11:22.724 Divide StockNo {QIF00}
[32060] 2025/10/07 13:11:22.724 Add Basket MarketNo：2 StockIdx：1515
[32060] 2025/10/07 13:11:22.724 Divide StockNo {QJF00}
[32060] 2025/10/07 13:11:22.725 Add Basket MarketNo：2 StockIdx：1519
[32060] 2025/10/07 13:11:22.725 Divide StockNo {QKF00}
[32060] 2025/10/07 13:11:22.725 Add Basket MarketNo：2 StockIdx：1525
[32060] 2025/10/07 13:11:22.725 Divide StockNo {QLF00}
[32060] 2025/10/07 13:11:22.725 Add Basket MarketNo：2 StockIdx：1531
[32060] 2025/10/07 13:11:22.725 Divide StockNo {QMF00}
[32060] 2025/10/07 13:11:22.725 Add Basket MarketNo：2 StockIdx：1537
[32060] 2025/10/07 13:11:22.725 Divide StockNo {QNF00}
[32060] 2025/10/07 13:11:22.725 Add Basket MarketNo：2 StockIdx：1543
[32060] 2025/10/07 13:11:22.725 Divide StockNo {QOF00}
[32060] 2025/10/07 13:11:22.725 Add Basket MarketNo：2 StockIdx：1549
[32060] 2025/10/07 13:11:22.725 Divide StockNo {QPF00}
[32060] 2025/10/07 13:11:22.725 Add Basket MarketNo：2 StockIdx：1555
[32060] 2025/10/07 13:11:22.725 Divide StockNo {QQF00}
[32060] 2025/10/07 13:11:22.725 Add Basket MarketNo：2 StockIdx：1561
[32060] 2025/10/07 13:11:22.725 Divide StockNo {QRF00}
[32060] 2025/10/07 13:11:22.725 Add Basket MarketNo：2 StockIdx：1567
[32060] 2025/10/07 13:11:22.725 Divide StockNo {QSF00}
[32060] 2025/10/07 13:11:22.725 Add Basket MarketNo：2 StockIdx：1573
[32060] 2025/10/07 13:11:22.725 Divide StockNo {QTF00}
[32060] 2025/10/07 13:11:22.725 Add Basket MarketNo：2 StockIdx：1579
[32060] 2025/10/07 13:11:22.725 Divide StockNo {QUF00}
[32060] 2025/10/07 13:11:22.725 Add Basket MarketNo：2 StockIdx：1585
[32060] 2025/10/07 13:11:22.725 Divide StockNo {QVF00}
[32060] 2025/10/07 13:11:22.725 Add Basket MarketNo：2 StockIdx：1591
[32060] 2025/10/07 13:11:22.725 Divide StockNo {QWF00}
[32060] 2025/10/07 13:11:22.725 Add Basket MarketNo：2 StockIdx：1597
[32060] 2025/10/07 13:11:22.725 Divide StockNo {QXF00}
[32060] 2025/10/07 13:11:22.725 Add Basket MarketNo：2 StockIdx：1603
[32060] 2025/10/07 13:11:22.725 Divide StockNo {QYF00}
[32060] 2025/10/07 13:11:22.725 Add Basket MarketNo：2 StockIdx：1609
[32060] 2025/10/07 13:11:22.725 Divide StockNo {QZF00}
[32060] 2025/10/07 13:11:22.725 Add Basket MarketNo：2 StockIdx：1615
[32060] 2025/10/07 13:11:22.725 Divide StockNo {RAF00}
[32060] 2025/10/07 13:11:22.725 Add Basket MarketNo：2 StockIdx：1621
[32060] 2025/10/07 13:11:22.725 Divide StockNo {RBF00}
[32060] 2025/10/07 13:11:22.725 Add Basket MarketNo：2 StockIdx：1627
[32060] 2025/10/07 13:11:22.725 Divide StockNo {RCF00}
[32060] 2025/10/07 13:11:22.725 Add Basket MarketNo：2 StockIdx：1633
[32060] 2025/10/07 13:11:22.725 Divide StockNo {RDF00}
[32060] 2025/10/07 13:11:22.725 Add Basket MarketNo：2 StockIdx：1639
[32060] 2025/10/07 13:11:22.725 Divide StockNo {REF00}
[32060] 2025/10/07 13:11:22.725 Add Basket MarketNo：2 StockIdx：1645
[32060] 2025/10/07 13:11:22.725 Divide StockNo {RFF00}
[32060] 2025/10/07 13:11:22.725 Add Basket MarketNo：2 StockIdx：1651
[32060] 2025/10/07 13:11:22.725 Divide StockNo {RGF00}
[32060] 2025/10/07 13:11:22.725 Add Basket MarketNo：2 StockIdx：1657
[32060] 2025/10/07 13:11:22.725 Divide StockNo {RIF00}
[32060] 2025/10/07 13:11:22.725 Add Basket MarketNo：2 StockIdx：1663
[32060] 2025/10/07 13:11:22.725 Divide StockNo {RJF00}
[32060] 2025/10/07 13:11:22.725 Add Basket MarketNo：2 StockIdx：1669
[32060] 2025/10/07 13:11:22.725 Divide StockNo {RKF00}
[32060] 2025/10/07 13:11:22.725 Add Basket MarketNo：2 StockIdx：1675
[32060] 2025/10/07 13:11:22.725 Divide StockNo {RLF00}
[32060] 2025/10/07 13:11:22.725 Add Basket MarketNo：2 StockIdx：1681
[32060] 2025/10/07 13:11:22.725 Divide StockNo {RMF00}
[32060] 2025/10/07 13:11:22.725 Stock Is Not Exist 
[32060] 2025/10/07 13:11:22.725 Divide StockNo {RNF00}
[32060] 2025/10/07 13:11:22.725 Add Basket MarketNo：2 StockIdx：1687
[32060] 2025/10/07 13:11:22.725 Divide StockNo {ROF00}
[32060] 2025/10/07 13:11:22.725 Add Basket MarketNo：2 StockIdx：1693
[32060] 2025/10/07 13:11:22.725 Divide StockNo {RPF00}
[32060] 2025/10/07 13:11:22.725 Add Basket MarketNo：2 StockIdx：1699
[32060] 2025/10/07 13:11:22.725 Divide StockNo {RQF00}
[32060] 2025/10/07 13:11:22.726 Stock Is Not Exist 
[32060] 2025/10/07 13:11:22.726 Divide StockNo {RRF00}
[32060] 2025/10/07 13:11:22.726 Add Basket MarketNo：2 StockIdx：1706
[32060] 2025/10/07 13:11:22.726 Divide StockNo {RSF00}
[32060] 2025/10/07 13:11:22.726 Add Basket MarketNo：2 StockIdx：1712
[32060] 2025/10/07 13:11:22.726 Divide StockNo {RUF00}
[32060] 2025/10/07 13:11:22.726 Add Basket MarketNo：2 StockIdx：1718
[32060] 2025/10/07 13:11:22.726 Divide StockNo {RVF00}
[32060] 2025/10/07 13:11:22.726 Add Basket MarketNo：2 StockIdx：1724
[32060] 2025/10/07 13:11:22.726 Divide StockNo {RWF00}
[32060] 2025/10/07 13:11:22.726 Add Basket MarketNo：2 StockIdx：1730
[32060] 2025/10/07 13:11:22.726 Divide StockNo {RXF00}
[32060] 2025/10/07 13:11:22.726 Add Basket MarketNo：2 StockIdx：1736
[32060] 2025/10/07 13:11:22.726 Divide StockNo {RYF00}
[32060] 2025/10/07 13:11:22.726 Add Basket MarketNo：2 StockIdx：1742
[32060] 2025/10/07 13:11:22.726 Divide StockNo {RZF00}
[32060] 2025/10/07 13:11:22.726 Add Basket MarketNo：2 StockIdx：5621
[32060] 2025/10/07 13:11:22.726 Divide StockNo {SAF00}
[32060] 2025/10/07 13:11:22.726 Add Basket MarketNo：2 StockIdx：1754
[32060] 2025/10/07 13:11:22.726 Divide StockNo {SBF00}
[32060] 2025/10/07 13:11:22.726 Add Basket MarketNo：2 StockIdx：1760
[32060] 2025/10/07 13:11:22.726 Divide StockNo {SCF00}
[32060] 2025/10/07 13:11:22.726 Add Basket MarketNo：2 StockIdx：1766
[32060] 2025/10/07 13:11:22.726 Divide StockNo {SDF00}
[32060] 2025/10/07 13:11:22.726 Add Basket MarketNo：2 StockIdx：1772
[32060] 2025/10/07 13:11:22.726 Divide StockNo {SEF00}
[32060] 2025/10/07 13:11:22.726 Add Basket MarketNo：2 StockIdx：1778
[32060] 2025/10/07 13:11:22.726 Divide StockNo {SFF00}
[32060] 2025/10/07 13:11:22.726 Add Basket MarketNo：2 StockIdx：1784
[32060] 2025/10/07 13:11:22.726 Divide StockNo {SGF00}
[32060] 2025/10/07 13:11:22.726 Add Basket MarketNo：2 StockIdx：1790
[32060] 2025/10/07 13:11:22.726 Divide StockNo {SIF00}
[32060] 2025/10/07 13:11:22.726 Add Basket MarketNo：2 StockIdx：1796
[32060] 2025/10/07 13:11:22.726 Divide StockNo {SJF00}
[32060] 2025/10/07 13:11:22.726 Add Basket MarketNo：2 StockIdx：1802
[32060] 2025/10/07 13:11:22.726 Divide StockNo {SKF00}
[32060] 2025/10/07 13:11:22.726 Add Basket MarketNo：2 StockIdx：1808
[32060] 2025/10/07 13:11:22.726 Divide StockNo {SLF00}
[32060] 2025/10/07 13:11:22.726 Add Basket MarketNo：2 StockIdx：1814
[32060] 2025/10/07 13:11:22.726 Divide StockNo {SMF00}
[32060] 2025/10/07 13:11:22.726 Add Basket MarketNo：2 StockIdx：1820
[32060] 2025/10/07 13:11:22.726 Divide StockNo {SNF00}
[32060] 2025/10/07 13:11:22.726 Add Basket MarketNo：2 StockIdx：1826
[32060] 2025/10/07 13:11:22.726 Divide StockNo {SQF00}
[32060] 2025/10/07 13:11:22.726 Add Basket MarketNo：2 StockIdx：1832
[32060] 2025/10/07 13:11:22.726 Divide StockNo {SRF00}
[32060] 2025/10/07 13:11:22.726 Add Basket MarketNo：2 StockIdx：5627
[32060] 2025/10/07 13:11:22.726 Divide StockNo {SSF00}
[32060] 2025/10/07 13:11:22.726 Add Basket MarketNo：2 StockIdx：1845
[32060] 2025/10/07 13:11:22.726 Divide StockNo {SUF00}
[32060] 2025/10/07 13:11:22.726 Add Basket MarketNo：2 StockIdx：1851
[32060] 2025/10/07 13:11:22.726 Divide StockNo {SVF00}
[32060] 2025/10/07 13:11:22.726 Add Basket MarketNo：2 StockIdx：1857
[32060] 2025/10/07 13:11:22.726 Divide StockNo {SWF00}
[32060] 2025/10/07 13:11:22.726 Add Basket MarketNo：2 StockIdx：1863
[32060] 2025/10/07 13:11:22.726 Divide StockNo {SYF00}
[32060] 2025/10/07 13:11:22.726 Add Basket MarketNo：2 StockIdx：1869
[32060] 2025/10/07 13:11:22.726 Divide StockNo {SZF00}
[32060] 2025/10/07 13:11:22.726 Add Basket MarketNo：2 StockIdx：1875
[32060] 2025/10/07 13:11:22.726 Divide StockNo {UAF00}
[32060] 2025/10/07 13:11:22.726 Add Basket MarketNo：2 StockIdx：1881
[32060] 2025/10/07 13:11:22.726 Divide StockNo {UBF00}
[32060] 2025/10/07 13:11:22.726 Add Basket MarketNo：2 StockIdx：1887
[32060] 2025/10/07 13:11:22.726 Divide StockNo {UCF00}
[32060] 2025/10/07 13:11:22.726 Add Basket MarketNo：2 StockIdx：1893
[32060] 2025/10/07 13:11:22.726 Divide StockNo {UEF00}
[32060] 2025/10/07 13:11:22.727 Add Basket MarketNo：2 StockIdx：1899
[32060] 2025/10/07 13:11:22.727 Divide StockNo {UFF00}
[32060] 2025/10/07 13:11:22.727 Add Basket MarketNo：2 StockIdx：1905
[32060] 2025/10/07 13:11:22.727 Divide StockNo {UGF00}
[32060] 2025/10/07 13:11:22.727 Add Basket MarketNo：2 StockIdx：1911
[32060] 2025/10/07 13:11:22.727 Divide StockNo {UHF00}
[32060] 2025/10/07 13:11:22.727 Add Basket MarketNo：2 StockIdx：1917
[32060] 2025/10/07 13:11:22.727 Divide StockNo {UIF00}
[32060] 2025/10/07 13:11:22.727 Add Basket MarketNo：2 StockIdx：1923
[32060] 2025/10/07 13:11:22.727 Divide StockNo {UJF00}
[32060] 2025/10/07 13:11:22.727 Add Basket MarketNo：2 StockIdx：1929
[32060] 2025/10/07 13:11:22.727 Divide StockNo {UKF00}
[32060] 2025/10/07 13:11:22.727 Add Basket MarketNo：2 StockIdx：1935
[32060] 2025/10/07 13:11:22.727 Divide StockNo {ULF00}
[32060] 2025/10/07 13:11:22.727 Add Basket MarketNo：2 StockIdx：1941
[32060] 2025/10/07 13:11:22.727 Divide StockNo {UMF00}
[32060] 2025/10/07 13:11:22.727 Add Basket MarketNo：2 StockIdx：1947
[32060] 2025/10/07 13:11:22.727 Divide StockNo {UOF00}
[32060] 2025/10/07 13:11:22.727 Add Basket MarketNo：2 StockIdx：1953
[32060] 2025/10/07 13:11:22.727 Divide StockNo {UPF00}
[32060] 2025/10/07 13:11:22.727 Add Basket MarketNo：2 StockIdx：1959
[32060] 2025/10/07 13:11:22.727 Divide StockNo {UQF00}
[32060] 2025/10/07 13:11:22.727 Add Basket MarketNo：2 StockIdx：1965
[32060] 2025/10/07 13:11:22.727 Divide StockNo {URF00}
[32060] 2025/10/07 13:11:22.727 Add Basket MarketNo：2 StockIdx：1972
[32060] 2025/10/07 13:11:22.727 Divide StockNo {USF00}
[32060] 2025/10/07 13:11:22.727 Add Basket MarketNo：2 StockIdx：1978
[32060] 2025/10/07 13:11:22.727 Divide StockNo {UTF00}
[32060] 2025/10/07 13:11:22.727 Add Basket MarketNo：2 StockIdx：1984
[32060] 2025/10/07 13:11:22.727 Divide StockNo {UUF00}
[32060] 2025/10/07 13:11:22.727 Add Basket MarketNo：2 StockIdx：1990
[32060] 2025/10/07 13:11:22.727 Divide StockNo {UVF00}
[32060] 2025/10/07 13:11:22.727 Add Basket MarketNo：2 StockIdx：1996
[32060] 2025/10/07 13:11:22.727 Divide StockNo {UWF00}
[32060] 2025/10/07 13:11:22.727 Add Basket MarketNo：2 StockIdx：2002
[32060] 2025/10/07 13:11:22.727 Divide StockNo {0050}
[32060] 2025/10/07 13:11:22.727 Add Basket MarketNo：0 StockIdx：0
[32060] 2025/10/07 13:11:22.727 Divide StockNo {0056}
[32060] 2025/10/07 13:11:22.727 Add Basket MarketNo：0 StockIdx：5
[32060] 2025/10/07 13:11:22.727 Divide StockNo {006205}
[32060] 2025/10/07 13:11:22.727 Add Basket MarketNo：0 StockIdx：10
[32060] 2025/10/07 13:11:22.727 Divide StockNo {006206}
[32060] 2025/10/07 13:11:22.727 Add Basket MarketNo：0 StockIdx：11
[32060] 2025/10/07 13:11:22.727 Divide StockNo {00636}
[32060] 2025/10/07 13:11:22.727 Add Basket MarketNo：0 StockIdx：20
[32060] 2025/10/07 13:11:22.727 Divide StockNo {00639}
[32060] 2025/10/07 13:11:22.727 Add Basket MarketNo：0 StockIdx：24
[32060] 2025/10/07 13:11:22.727 Divide StockNo {00643}
[32060] 2025/10/07 13:11:22.727 Add Basket MarketNo：0 StockIdx：28
[32060] 2025/10/07 13:11:22.727 Divide StockNo {00679B}
[32060] 2025/10/07 13:11:22.727 Add Basket MarketNo：1 StockIdx：1
[32060] 2025/10/07 13:11:22.727 Divide StockNo {00687B}
[32060] 2025/10/07 13:11:22.727 Add Basket MarketNo：1 StockIdx：2
[32060] 2025/10/07 13:11:22.727 Divide StockNo {00719B}
[32060] 2025/10/07 13:11:22.727 Add Basket MarketNo：1 StockIdx：8
[32060] 2025/10/07 13:11:22.727 Divide StockNo {00757}
[32060] 2025/10/07 13:11:22.727 Add Basket MarketNo：0 StockIdx：98
[32060] 2025/10/07 13:11:22.727 Divide StockNo {00772B}
[32060] 2025/10/07 13:11:22.727 Add Basket MarketNo：1 StockIdx：32
[32060] 2025/10/07 13:11:22.727 Divide StockNo {00878}
[32060] 2025/10/07 13:11:22.728 Add Basket MarketNo：0 StockIdx：113
[32060] 2025/10/07 13:11:22.728 Divide StockNo {00885}
[32060] 2025/10/07 13:11:22.728 Add Basket MarketNo：0 StockIdx：116
[32060] 2025/10/07 13:11:22.728 Divide StockNo {00893}
[32060] 2025/10/07 13:11:22.728 Add Basket MarketNo：0 StockIdx：119
[32060] 2025/10/07 13:11:22.728 Divide StockNo {00919}
[32060] 2025/10/07 13:11:22.728 Add Basket MarketNo：0 StockIdx：143
[32060] 2025/10/07 13:11:22.728 Divide StockNo {00923}
[32060] 2025/10/07 13:11:22.728 Add Basket MarketNo：0 StockIdx：147
[32060] 2025/10/07 13:11:22.728 Divide StockNo {00929}
[32060] 2025/10/07 13:11:22.728 Add Basket MarketNo：0 StockIdx：151
[32060] 2025/10/07 13:11:22.728 Divide StockNo {00937B}
[32060] 2025/10/07 13:11:22.728 Add Basket MarketNo：1 StockIdx：82
[32060] 2025/10/07 13:11:22.728 Divide StockNo {00940}
[32060] 2025/10/07 13:11:22.728 Add Basket MarketNo：0 StockIdx：159
[32060] 2025/10/07 13:11:22.728 Divide StockNo {1101}
[32060] 2025/10/07 13:11:22.728 Add Basket MarketNo：0 StockIdx：32137
[32060] 2025/10/07 13:11:22.728 Divide StockNo {1102}
[32060] 2025/10/07 13:11:22.728 Add Basket MarketNo：0 StockIdx：32139
[32060] 2025/10/07 13:11:22.728 Divide StockNo {1210}
[32060] 2025/10/07 13:11:22.728 Add Basket MarketNo：0 StockIdx：32147
[32060] 2025/10/07 13:11:22.728 Divide StockNo {1216}
[32060] 2025/10/07 13:11:22.728 Add Basket MarketNo：0 StockIdx：32150
[32060] 2025/10/07 13:11:22.728 Divide StockNo {1301}
[32060] 2025/10/07 13:11:22.728 Add Basket MarketNo：0 StockIdx：32165
[32060] 2025/10/07 13:11:22.728 Divide StockNo {1303}
[32060] 2025/10/07 13:11:22.728 Add Basket MarketNo：0 StockIdx：32166
[32060] 2025/10/07 13:11:22.728 Divide StockNo {1312}
[32060] 2025/10/07 13:11:22.728 Add Basket MarketNo：0 StockIdx：32173
[32060] 2025/10/07 13:11:22.728 Divide StockNo {1314}
[32060] 2025/10/07 13:11:22.728 Add Basket MarketNo：0 StockIdx：32176
[32060] 2025/10/07 13:11:22.728 Divide StockNo {1319}
[32060] 2025/10/07 13:11:22.728 Add Basket MarketNo：0 StockIdx：32179
[32060] 2025/10/07 13:11:22.728 Divide StockNo {1326}
[32060] 2025/10/07 13:11:22.728 Add Basket MarketNo：0 StockIdx：32184
[32060] 2025/10/07 13:11:22.728 Divide StockNo {1402}
[32060] 2025/10/07 13:11:22.728 Add Basket MarketNo：0 StockIdx：32191
[32060] 2025/10/07 13:11:22.728 Divide StockNo {1440}
[32060] 2025/10/07 13:11:22.728 Add Basket MarketNo：0 StockIdx：32208
[32060] 2025/10/07 13:11:22.728 Divide StockNo {1476}
[32060] 2025/10/07 13:11:22.728 Add Basket MarketNo：0 StockIdx：32238
[32060] 2025/10/07 13:11:22.728 Divide StockNo {1477}
[32060] 2025/10/07 13:11:22.728 Add Basket MarketNo：0 StockIdx：32239
[32060] 2025/10/07 13:11:22.728 Divide StockNo {1503}
[32060] 2025/10/07 13:11:22.728 Add Basket MarketNo：0 StockIdx：32240
[32060] 2025/10/07 13:11:22.728 Divide StockNo {1504}
[32060] 2025/10/07 13:11:22.728 Add Basket MarketNo：0 StockIdx：32241
[32060] 2025/10/07 13:11:22.728 Divide StockNo {1513}
[32060] 2025/10/07 13:11:22.728 Add Basket MarketNo：0 StockIdx：32244
[32060] 2025/10/07 13:11:22.728 Divide StockNo {1536}
[32060] 2025/10/07 13:11:22.728 Add Basket MarketNo：0 StockIdx：32264
[32060] 2025/10/07 13:11:22.728 Divide StockNo {1565}
[32060] 2025/10/07 13:11:22.728 Add Basket MarketNo：1 StockIdx：138
[32060] 2025/10/07 13:11:22.728 Divide StockNo {1590}
[32060] 2025/10/07 13:11:22.728 Add Basket MarketNo：0 StockIdx：32278
[32060] 2025/10/07 13:11:22.728 Divide StockNo {1605}
[32060] 2025/10/07 13:11:22.728 Add Basket MarketNo：0 StockIdx：32283
[32060] 2025/10/07 13:11:22.728 Divide StockNo {1609}
[32060] 2025/10/07 13:11:22.728 Add Basket MarketNo：0 StockIdx：32285
[32060] 2025/10/07 13:11:22.728 Divide StockNo {1707}
[32060] 2025/10/07 13:11:22.728 Add Basket MarketNo：0 StockIdx：32295
[32060] 2025/10/07 13:11:22.728 Divide StockNo {1717}
[32060] 2025/10/07 13:11:22.728 Add Basket MarketNo：0 StockIdx：32303
[32060] 2025/10/07 13:11:22.728 Divide StockNo {1718}
[32060] 2025/10/07 13:11:22.728 Add Basket MarketNo：0 StockIdx：32304
[32060] 2025/10/07 13:11:22.728 Divide StockNo {1722}
[32060] 2025/10/07 13:11:22.728 Add Basket MarketNo：0 StockIdx：32307
[32060] 2025/10/07 13:11:22.729 Divide StockNo {1795}
[32060] 2025/10/07 13:11:22.729 Add Basket MarketNo：0 StockIdx：32328
[32060] 2025/10/07 13:11:22.729 Divide StockNo {1802}
[32060] 2025/10/07 13:11:22.729 Add Basket MarketNo：0 StockIdx：32329
[32060] 2025/10/07 13:11:22.729 Divide StockNo {1904}
[32060] 2025/10/07 13:11:22.729 Add Basket MarketNo：0 StockIdx：32337
[32060] 2025/10/07 13:11:22.729 Divide StockNo {1905}
[32060] 2025/10/07 13:11:22.729 Add Basket MarketNo：0 StockIdx：32338
[32060] 2025/10/07 13:11:22.729 Divide StockNo {1907}
[32060] 2025/10/07 13:11:22.729 Add Basket MarketNo：0 StockIdx：32340
[32060] 2025/10/07 13:11:22.729 Divide StockNo {1909}
[32060] 2025/10/07 13:11:22.729 Add Basket MarketNo：0 StockIdx：32341
[32060] 2025/10/07 13:11:22.729 Divide StockNo {2002}
[32060] 2025/10/07 13:11:22.729 Add Basket MarketNo：0 StockIdx：32342
[32060] 2025/10/07 13:11:22.729 Divide StockNo {2006}
[32060] 2025/10/07 13:11:22.729 Add Basket MarketNo：0 StockIdx：32344
[32060] 2025/10/07 13:11:22.729 Divide StockNo {2014}
[32060] 2025/10/07 13:11:22.729 Add Basket MarketNo：0 StockIdx：32351
[32060] 2025/10/07 13:11:22.729 Divide StockNo {2027}
[32060] 2025/10/07 13:11:22.729 Add Basket MarketNo：0 StockIdx：32359
[32060] 2025/10/07 13:11:22.729 Divide StockNo {2049}
[32060] 2025/10/07 13:11:22.729 Add Basket MarketNo：0 StockIdx：32368
[32060] 2025/10/07 13:11:22.729 Divide StockNo {2059}
[32060] 2025/10/07 13:11:22.729 Add Basket MarketNo：0 StockIdx：32369
[32060] 2025/10/07 13:11:22.729 Divide StockNo {2105}
[32060] 2025/10/07 13:11:22.729 Add Basket MarketNo：0 StockIdx：32376
[32060] 2025/10/07 13:11:22.729 Divide StockNo {2201}
[32060] 2025/10/07 13:11:22.729 Add Basket MarketNo：0 StockIdx：32383
[32060] 2025/10/07 13:11:22.729 Divide StockNo {2231}
[32060] 2025/10/07 13:11:22.729 Add Basket MarketNo：0 StockIdx：32391
[32060] 2025/10/07 13:11:22.729 Divide StockNo {2301}
[32060] 2025/10/07 13:11:22.729 Add Basket MarketNo：0 StockIdx：32402
[32060] 2025/10/07 13:11:22.729 Divide StockNo {2303}
[32060] 2025/10/07 13:11:22.729 Add Basket MarketNo：0 StockIdx：32404
[32060] 2025/10/07 13:11:22.729 Divide StockNo {2308}
[32060] 2025/10/07 13:11:22.729 Add Basket MarketNo：0 StockIdx：32406
[32060] 2025/10/07 13:11:22.729 Divide StockNo {2312}
[32060] 2025/10/07 13:11:22.729 Add Basket MarketNo：0 StockIdx：32407
[32060] 2025/10/07 13:11:22.729 Divide StockNo {2313}
[32060] 2025/10/07 13:11:22.729 Add Basket MarketNo：0 StockIdx：32408
[32060] 2025/10/07 13:11:22.729 Divide StockNo {2317}
[32060] 2025/10/07 13:11:22.729 Add Basket MarketNo：0 StockIdx：32411
[32060] 2025/10/07 13:11:22.729 Divide StockNo {2323}
[32060] 2025/10/07 13:11:22.729 Add Basket MarketNo：0 StockIdx：32413
[32060] 2025/10/07 13:11:22.729 Divide StockNo {2324}
[32060] 2025/10/07 13:11:22.729 Add Basket MarketNo：0 StockIdx：32414
[32060] 2025/10/07 13:11:22.729 Divide StockNo {2327}
[32060] 2025/10/07 13:11:22.729 Add Basket MarketNo：0 StockIdx：32415
[32060] 2025/10/07 13:11:22.729 Divide StockNo {2328}
[32060] 2025/10/07 13:11:22.729 Add Basket MarketNo：0 StockIdx：32416
[32060] 2025/10/07 13:11:22.729 Divide StockNo {2330}
[32060] 2025/10/07 13:11:22.729 Add Basket MarketNo：0 StockIdx：32418
[32060] 2025/10/07 13:11:22.729 Divide StockNo {2331}
[32060] 2025/10/07 13:11:22.729 Add Basket MarketNo：0 StockIdx：32419
[32060] 2025/10/07 13:11:22.729 Divide StockNo {2332}
[32060] 2025/10/07 13:11:22.729 Add Basket MarketNo：0 StockIdx：32420
[32060] 2025/10/07 13:11:22.729 Divide StockNo {2337}
[32060] 2025/10/07 13:11:22.729 Add Basket MarketNo：0 StockIdx：32421
[32060] 2025/10/07 13:11:22.729 Divide StockNo {2338}
[32060] 2025/10/07 13:11:22.729 Add Basket MarketNo：0 StockIdx：32422
[32060] 2025/10/07 13:11:22.729 Divide StockNo {2340}
[32060] 2025/10/07 13:11:22.729 Add Basket MarketNo：0 StockIdx：32423
[32060] 2025/10/07 13:11:22.729 Divide StockNo {2344}
[32060] 2025/10/07 13:11:22.729 Add Basket MarketNo：0 StockIdx：32425
[32060] 2025/10/07 13:11:22.729 Divide StockNo {2345}
[32060] 2025/10/07 13:11:22.729 Add Basket MarketNo：0 StockIdx：32426
[32060] 2025/10/07 13:11:22.729 Divide StockNo {2347}
[32060] 2025/10/07 13:11:22.729 Add Basket MarketNo：0 StockIdx：32427
[32060] 2025/10/07 13:11:22.729 Divide StockNo {2352}
[32060] 2025/10/07 13:11:22.730 Add Basket MarketNo：0 StockIdx：32432
[32060] 2025/10/07 13:11:22.730 Divide StockNo {2353}
[32060] 2025/10/07 13:11:22.730 Add Basket MarketNo：0 StockIdx：32433
[32060] 2025/10/07 13:11:22.730 Divide StockNo {2354}
[32060] 2025/10/07 13:11:22.730 Add Basket MarketNo：0 StockIdx：32434
[32060] 2025/10/07 13:11:22.730 Divide StockNo {2355}
[32060] 2025/10/07 13:11:22.730 Add Basket MarketNo：0 StockIdx：32435
[32060] 2025/10/07 13:11:22.730 Divide StockNo {2356}
[32060] 2025/10/07 13:11:22.730 Add Basket MarketNo：0 StockIdx：32436
[32060] 2025/10/07 13:11:22.730 Divide StockNo {2357}
[32060] 2025/10/07 13:11:22.730 Add Basket MarketNo：0 StockIdx：32437
[32060] 2025/10/07 13:11:22.730 Divide StockNo {2360}
[32060] 2025/10/07 13:11:22.730 Add Basket MarketNo：0 StockIdx：32439
[32060] 2025/10/07 13:11:22.730 Divide StockNo {2368}
[32060] 2025/10/07 13:11:22.730 Add Basket MarketNo：0 StockIdx：32445
[32060] 2025/10/07 13:11:22.730 Divide StockNo {2371}
[32060] 2025/10/07 13:11:22.730 Add Basket MarketNo：0 StockIdx：32447
[32060] 2025/10/07 13:11:22.730 Divide StockNo {2376}
[32060] 2025/10/07 13:11:22.730 Add Basket MarketNo：0 StockIdx：32451
[32060] 2025/10/07 13:11:22.730 Divide StockNo {2377}
[32060] 2025/10/07 13:11:22.730 Add Basket MarketNo：0 StockIdx：32452
[32060] 2025/10/07 13:11:22.730 Divide StockNo {2379}
[32060] 2025/10/07 13:11:22.730 Add Basket MarketNo：0 StockIdx：32453
[32060] 2025/10/07 13:11:22.730 Divide StockNo {2382}
[32060] 2025/10/07 13:11:22.730 Add Basket MarketNo：0 StockIdx：32455
[32060] 2025/10/07 13:11:22.730 Divide StockNo {2383}
[32060] 2025/10/07 13:11:22.730 Add Basket MarketNo：0 StockIdx：32456
[32060] 2025/10/07 13:11:22.730 Divide StockNo {2385}
[32060] 2025/10/07 13:11:22.730 Add Basket MarketNo：0 StockIdx：32457
[32060] 2025/10/07 13:11:22.730 Divide StockNo {2388}
[32060] 2025/10/07 13:11:22.730 Add Basket MarketNo：0 StockIdx：32459
[32060] 2025/10/07 13:11:22.730 Divide StockNo {2392}
[32060] 2025/10/07 13:11:22.730 Add Basket MarketNo：0 StockIdx：32461
[32060] 2025/10/07 13:11:22.730 Divide StockNo {2393}
[32060] 2025/10/07 13:11:22.730 Add Basket MarketNo：0 StockIdx：32462
[32060] 2025/10/07 13:11:22.730 Divide StockNo {2401}
[32060] 2025/10/07 13:11:22.730 Add Basket MarketNo：0 StockIdx：32466
[32060] 2025/10/07 13:11:22.730 Divide StockNo {2404}
[32060] 2025/10/07 13:11:22.730 Add Basket MarketNo：0 StockIdx：32468
[32060] 2025/10/07 13:11:22.730 Divide StockNo {2408}
[32060] 2025/10/07 13:11:22.730 Add Basket MarketNo：0 StockIdx：32471
[32060] 2025/10/07 13:11:22.730 Divide StockNo {2409}
[32060] 2025/10/07 13:11:22.730 Add Basket MarketNo：0 StockIdx：32472
[32060] 2025/10/07 13:11:22.730 Divide StockNo {2412}
[32060] 2025/10/07 13:11:22.730 Add Basket MarketNo：0 StockIdx：32473
[32060] 2025/10/07 13:11:22.730 Divide StockNo {2439}
[32060] 2025/10/07 13:11:22.730 Add Basket MarketNo：0 StockIdx：32495
[32060] 2025/10/07 13:11:22.730 Divide StockNo {2441}
[32060] 2025/10/07 13:11:22.730 Add Basket MarketNo：0 StockIdx：32497
[32060] 2025/10/07 13:11:22.730 Divide StockNo {2449}
[32060] 2025/10/07 13:11:22.730 Add Basket MarketNo：0 StockIdx：32500
[32060] 2025/10/07 13:11:22.730 Divide StockNo {2454}
[32060] 2025/10/07 13:11:22.730 Add Basket MarketNo：0 StockIdx：32504
[32060] 2025/10/07 13:11:22.730 Divide StockNo {2455}
[32060] 2025/10/07 13:11:22.730 Add Basket MarketNo：0 StockIdx：32505
[32060] 2025/10/07 13:11:22.730 Divide StockNo {2457}
[32060] 2025/10/07 13:11:22.730 Add Basket MarketNo：0 StockIdx：32506
[32060] 2025/10/07 13:11:22.730 Divide StockNo {2458}
[32060] 2025/10/07 13:11:22.730 Add Basket MarketNo：0 StockIdx：32507
[32060] 2025/10/07 13:11:22.730 Divide StockNo {2474}
[32060] 2025/10/07 13:11:22.730 Add Basket MarketNo：0 StockIdx：32519
[32060] 2025/10/07 13:11:22.730 Divide StockNo {2481}
[32060] 2025/10/07 13:11:22.730 Add Basket MarketNo：0 StockIdx：32524
[32060] 2025/10/07 13:11:22.730 Divide StockNo {2485}
[32060] 2025/10/07 13:11:22.730 Add Basket MarketNo：0 StockIdx：32528
[32060] 2025/10/07 13:11:22.730 Divide StockNo {2486}
[32060] 2025/10/07 13:11:22.730 Add Basket MarketNo：0 StockIdx：32529
[32060] 2025/10/07 13:11:22.730 Divide StockNo {2489}
[32060] 2025/10/07 13:11:22.730 Add Basket MarketNo：0 StockIdx：32531
[32060] 2025/10/07 13:11:22.730 Divide StockNo {2492}
[32060] 2025/10/07 13:11:22.730 Add Basket MarketNo：0 StockIdx：32533
[32060] 2025/10/07 13:11:22.731 Divide StockNo {2498}
[32060] 2025/10/07 13:11:22.731 Add Basket MarketNo：0 StockIdx：32538
[32060] 2025/10/07 13:11:22.731 Divide StockNo {2515}
[32060] 2025/10/07 13:11:22.731 Add Basket MarketNo：0 StockIdx：32546
[32060] 2025/10/07 13:11:22.731 Divide StockNo {2520}
[32060] 2025/10/07 13:11:22.731 Add Basket MarketNo：0 StockIdx：32548
[32060] 2025/10/07 13:11:22.731 Divide StockNo {2542}
[32060] 2025/10/07 13:11:22.731 Add Basket MarketNo：0 StockIdx：32560
[32060] 2025/10/07 13:11:22.731 Divide StockNo {2548}
[32060] 2025/10/07 13:11:22.731 Add Basket MarketNo：0 StockIdx：32565
[32060] 2025/10/07 13:11:22.731 Divide StockNo {2603}
[32060] 2025/10/07 13:11:22.731 Add Basket MarketNo：0 StockIdx：32568
[32060] 2025/10/07 13:11:22.731 Divide StockNo {2605}
[32060] 2025/10/07 13:11:22.731 Add Basket MarketNo：0 StockIdx：32569
[32060] 2025/10/07 13:11:22.731 Divide StockNo {2606}
[32060] 2025/10/07 13:11:22.731 Add Basket MarketNo：0 StockIdx：32570
[32060] 2025/10/07 13:11:22.731 Divide StockNo {2609}
[32060] 2025/10/07 13:11:22.731 Add Basket MarketNo：0 StockIdx：32573
[32060] 2025/10/07 13:11:22.731 Divide StockNo {2610}
[32060] 2025/10/07 13:11:22.731 Add Basket MarketNo：0 StockIdx：32574
[32060] 2025/10/07 13:11:22.731 Divide StockNo {2615}
[32060] 2025/10/07 13:11:22.731 Add Basket MarketNo：0 StockIdx：32579
[32060] 2025/10/07 13:11:22.731 Divide StockNo {2618}
[32060] 2025/10/07 13:11:22.731 Add Basket MarketNo：0 StockIdx：32582
[32060] 2025/10/07 13:11:22.731 Divide StockNo {2633}
[32060] 2025/10/07 13:11:22.731 Add Basket MarketNo：0 StockIdx：32584
[32060] 2025/10/07 13:11:22.731 Divide StockNo {2634}
[32060] 2025/10/07 13:11:22.731 Add Basket MarketNo：0 StockIdx：32585
[32060] 2025/10/07 13:11:22.731 Divide StockNo {2801}
[32060] 2025/10/07 13:11:22.731 Add Basket MarketNo：0 StockIdx：32606
[32060] 2025/10/07 13:11:22.731 Divide StockNo {2834}
[32060] 2025/10/07 13:11:22.731 Add Basket MarketNo：0 StockIdx：32611
[32060] 2025/10/07 13:11:22.731 Divide StockNo {2880}
[32060] 2025/10/07 13:11:22.731 Add Basket MarketNo：0 StockIdx：32623
[32060] 2025/10/07 13:11:22.731 Divide StockNo {2881}
[32060] 2025/10/07 13:11:22.731 Add Basket MarketNo：0 StockIdx：32624
[32060] 2025/10/07 13:11:22.731 Divide StockNo {2882}
[32060] 2025/10/07 13:11:22.731 Add Basket MarketNo：0 StockIdx：32628
[32060] 2025/10/07 13:11:22.731 Divide StockNo {2883}
[32060] 2025/10/07 13:11:22.731 Add Basket MarketNo：0 StockIdx：32631
[32060] 2025/10/07 13:11:22.731 Divide StockNo {2884}
[32060] 2025/10/07 13:11:22.731 Add Basket MarketNo：0 StockIdx：32633
[32060] 2025/10/07 13:11:22.731 Divide StockNo {2885}
[32060] 2025/10/07 13:11:22.731 Add Basket MarketNo：0 StockIdx：32634
[32060] 2025/10/07 13:11:22.731 Divide StockNo {2886}
[32060] 2025/10/07 13:11:22.731 Add Basket MarketNo：0 StockIdx：32635
[32060] 2025/10/07 13:11:22.731 Divide StockNo {2887}
[32060] 2025/10/07 13:11:22.731 Add Basket MarketNo：0 StockIdx：32636
[32060] 2025/10/07 13:11:22.731 Divide StockNo {2888}
[32060] 2025/10/07 13:11:22.731 Stock Is Not Exist 
[32060] 2025/10/07 13:11:22.731 Divide StockNo {2890}
[32060] 2025/10/07 13:11:22.731 Add Basket MarketNo：0 StockIdx：32644
[32060] 2025/10/07 13:11:22.731 Divide StockNo {2891}
[32060] 2025/10/07 13:11:22.731 Add Basket MarketNo：0 StockIdx：32645
[32060] 2025/10/07 13:11:22.731 Divide StockNo {2892}
[32060] 2025/10/07 13:11:22.731 Add Basket MarketNo：0 StockIdx：32648
[32060] 2025/10/07 13:11:22.731 Divide StockNo {2913}
[32060] 2025/10/07 13:11:22.731 Add Basket MarketNo：0 StockIdx：32660
[32060] 2025/10/07 13:11:22.731 Divide StockNo {2915}
[32060] 2025/10/07 13:11:22.731 Add Basket MarketNo：0 StockIdx：32661
[32060] 2025/10/07 13:11:22.731 Divide StockNo {3005}
[32060] 2025/10/07 13:11:22.731 Add Basket MarketNo：0 StockIdx：32669
[32060] 2025/10/07 13:11:22.731 Divide StockNo {3006}
[32060] 2025/10/07 13:11:22.731 Add Basket MarketNo：0 StockIdx：32670
[32060] 2025/10/07 13:11:22.731 Divide StockNo {3008}
[32060] 2025/10/07 13:11:22.731 Add Basket MarketNo：0 StockIdx：32671
[32060] 2025/10/07 13:11:22.731 Divide StockNo {3017}
[32060] 2025/10/07 13:11:22.731 Add Basket MarketNo：0 StockIdx：32678
[32060] 2025/10/07 13:11:22.732 Divide StockNo {3019}
[32060] 2025/10/07 13:11:22.732 Add Basket MarketNo：0 StockIdx：32680
[32060] 2025/10/07 13:11:22.732 Divide StockNo {3034}
[32060] 2025/10/07 13:11:22.732 Add Basket MarketNo：0 StockIdx：32694
[32060] 2025/10/07 13:11:22.732 Divide StockNo {3035}
[32060] 2025/10/07 13:11:22.732 Add Basket MarketNo：0 StockIdx：32695
[32060] 2025/10/07 13:11:22.732 Divide StockNo {3036}
[32060] 2025/10/07 13:11:22.732 Add Basket MarketNo：0 StockIdx：32696
[32060] 2025/10/07 13:11:22.732 Divide StockNo {3037}
[32060] 2025/10/07 13:11:22.732 Add Basket MarketNo：0 StockIdx：32698
[32060] 2025/10/07 13:11:22.732 Divide StockNo {3042}
[32060] 2025/10/07 13:11:22.732 Add Basket MarketNo：0 StockIdx：32702
[32060] 2025/10/07 13:11:22.732 Divide StockNo {3044}
[32060] 2025/10/07 13:11:22.732 Add Basket MarketNo：0 StockIdx：32704
[32060] 2025/10/07 13:11:22.732 Divide StockNo {3045}
[32060] 2025/10/07 13:11:22.732 Add Basket MarketNo：0 StockIdx：32705
[32060] 2025/10/07 13:11:22.732 Divide StockNo {3078}
[32060] 2025/10/07 13:11:22.732 Add Basket MarketNo：1 StockIdx：266
[32060] 2025/10/07 13:11:22.732 Divide StockNo {3081}
[32060] 2025/10/07 13:11:22.732 Add Basket MarketNo：1 StockIdx：267
[32060] 2025/10/07 13:11:22.732 Divide StockNo {3105}
[32060] 2025/10/07 13:11:22.732 Add Basket MarketNo：1 StockIdx：277
[32060] 2025/10/07 13:11:22.732 Divide StockNo {3152}
[32060] 2025/10/07 13:11:22.732 Add Basket MarketNo：1 StockIdx：292
[32060] 2025/10/07 13:11:22.732 Divide StockNo {3189}
[32060] 2025/10/07 13:11:22.732 Add Basket MarketNo：0 StockIdx：32732
[32060] 2025/10/07 13:11:22.732 Divide StockNo {3227}
[32060] 2025/10/07 13:11:22.732 Add Basket MarketNo：1 StockIdx：315
[32060] 2025/10/07 13:11:22.732 Divide StockNo {3231}
[32060] 2025/10/07 13:11:22.732 Add Basket MarketNo：0 StockIdx：32735
[32060] 2025/10/07 13:11:22.732 Divide StockNo {3260}
[32060] 2025/10/07 13:11:22.732 Add Basket MarketNo：1 StockIdx：324
[32060] 2025/10/07 13:11:22.732 Divide StockNo {3264}
[32060] 2025/10/07 13:11:22.732 Add Basket MarketNo：1 StockIdx：325
[32060] 2025/10/07 13:11:22.732 Divide StockNo {3293}
[32060] 2025/10/07 13:11:22.732 Add Basket MarketNo：1 StockIdx：338
[32060] 2025/10/07 13:11:22.732 Divide StockNo {3324}
[32060] 2025/10/07 13:11:22.732 Add Basket MarketNo：1 StockIdx：354
[32060] 2025/10/07 13:11:22.732 Divide StockNo {3374}
[32060] 2025/10/07 13:11:22.732 Add Basket MarketNo：1 StockIdx：372
[32060] 2025/10/07 13:11:22.732 Divide StockNo {3376}
[32060] 2025/10/07 13:11:22.732 Add Basket MarketNo：0 StockIdx：32747
[32060] 2025/10/07 13:11:22.732 Divide StockNo {3380}
[32060] 2025/10/07 13:11:22.732 Add Basket MarketNo：0 StockIdx：32748
[32060] 2025/10/07 13:11:22.732 Divide StockNo {3406}
[32060] 2025/10/07 13:11:22.732 Add Basket MarketNo：0 StockIdx：32749
[32060] 2025/10/07 13:11:22.732 Divide StockNo {3443}
[32060] 2025/10/07 13:11:22.732 Add Basket MarketNo：0 StockIdx：32755
[32060] 2025/10/07 13:11:22.732 Divide StockNo {3481}
[32060] 2025/10/07 13:11:22.732 Add Basket MarketNo：0 StockIdx：32759
[32060] 2025/10/07 13:11:22.732 Divide StockNo {3529}
[32060] 2025/10/07 13:11:22.732 Add Basket MarketNo：1 StockIdx：422
[32060] 2025/10/07 13:11:22.732 Divide StockNo {3532}
[32060] 2025/10/07 13:11:22.732 Add Basket MarketNo：0 StockIdx：32767
[32060] 2025/10/07 13:11:22.732 Divide StockNo {3533}
[32060] 2025/10/07 13:11:22.732 Add Basket MarketNo：0 StockIdx：32768
[32060] 2025/10/07 13:11:22.732 Divide StockNo {3552}
[32060] 2025/10/07 13:11:22.732 Add Basket MarketNo：1 StockIdx：432
[32060] 2025/10/07 13:11:22.732 Divide StockNo {3653}
[32060] 2025/10/07 13:11:22.732 Add Basket MarketNo：0 StockIdx：32788
[32060] 2025/10/07 13:11:22.732 Divide StockNo {3661}
[32060] 2025/10/07 13:11:22.732 Add Basket MarketNo：0 StockIdx：32789
[32060] 2025/10/07 13:11:22.732 Divide StockNo {3673}
[32060] 2025/10/07 13:11:22.732 Add Basket MarketNo：0 StockIdx：32792
[32060] 2025/10/07 13:11:22.732 Divide StockNo {3680}
[32060] 2025/10/07 13:11:22.732 Add Basket MarketNo：1 StockIdx：471
[32060] 2025/10/07 13:11:22.732 Divide StockNo {3691}
[32060] 2025/10/07 13:11:22.732 Add Basket MarketNo：1 StockIdx：480
[32060] 2025/10/07 13:11:22.733 Divide StockNo {3702}
[32060] 2025/10/07 13:11:22.733 Add Basket MarketNo：0 StockIdx：32797
[32060] 2025/10/07 13:11:22.733 Divide StockNo {3706}
[32060] 2025/10/07 13:11:22.733 Add Basket MarketNo：0 StockIdx：32801
[32060] 2025/10/07 13:11:22.733 Divide StockNo {3711}
[32060] 2025/10/07 13:11:22.733 Add Basket MarketNo：0 StockIdx：32803
[32060] 2025/10/07 13:11:22.733 Divide StockNo {3714}
[32060] 2025/10/07 13:11:22.733 Add Basket MarketNo：0 StockIdx：32805
[32060] 2025/10/07 13:11:22.733 Divide StockNo {4123}
[32060] 2025/10/07 13:11:22.733 Add Basket MarketNo：1 StockIdx：504
[32060] 2025/10/07 13:11:22.733 Divide StockNo {4128}
[32060] 2025/10/07 13:11:22.733 Add Basket MarketNo：1 StockIdx：509
[32060] 2025/10/07 13:11:22.733 Divide StockNo {4162}
[32060] 2025/10/07 13:11:22.733 Add Basket MarketNo：1 StockIdx：523
[32060] 2025/10/07 13:11:22.733 Divide StockNo {4736}
[32060] 2025/10/07 13:11:22.733 Add Basket MarketNo：0 StockIdx：32850
[32060] 2025/10/07 13:11:22.733 Divide StockNo {4743}
[32060] 2025/10/07 13:11:22.733 Add Basket MarketNo：1 StockIdx：615
[32060] 2025/10/07 13:11:22.733 Divide StockNo {4904}
[32060] 2025/10/07 13:11:22.733 Add Basket MarketNo：0 StockIdx：32861
[32060] 2025/10/07 13:11:22.733 Divide StockNo {4919}
[32060] 2025/10/07 13:11:22.733 Add Basket MarketNo：0 StockIdx：32866
[32060] 2025/10/07 13:11:22.733 Divide StockNo {4938}
[32060] 2025/10/07 13:11:22.733 Add Basket MarketNo：0 StockIdx：32871
[32060] 2025/10/07 13:11:22.733 Divide StockNo {4958}
[32060] 2025/10/07 13:11:22.733 Add Basket MarketNo：0 StockIdx：32877
[32060] 2025/10/07 13:11:22.733 Divide StockNo {5009}
[32060] 2025/10/07 13:11:22.733 Add Basket MarketNo：1 StockIdx：659
[32060] 2025/10/07 13:11:22.733 Divide StockNo {5269}
[32060] 2025/10/07 13:11:22.733 Add Basket MarketNo：0 StockIdx：32896
[32060] 2025/10/07 13:11:22.733 Divide StockNo {5274}
[32060] 2025/10/07 13:11:22.733 Add Basket MarketNo：1 StockIdx：693
[32060] 2025/10/07 13:11:22.733 Divide StockNo {5347}
[32060] 2025/10/07 13:11:22.733 Add Basket MarketNo：1 StockIdx：717
[32060] 2025/10/07 13:11:22.733 Divide StockNo {5371}
[32060] 2025/10/07 13:11:22.733 Add Basket MarketNo：1 StockIdx：724
[32060] 2025/10/07 13:11:22.733 Divide StockNo {5388}
[32060] 2025/10/07 13:11:22.733 Add Basket MarketNo：0 StockIdx：32903
[32060] 2025/10/07 13:11:22.733 Divide StockNo {5425}
[32060] 2025/10/07 13:11:22.733 Add Basket MarketNo：1 StockIdx：732
[32060] 2025/10/07 13:11:22.733 Divide StockNo {5457}
[32060] 2025/10/07 13:11:22.733 Add Basket MarketNo：1 StockIdx：744
[32060] 2025/10/07 13:11:22.733 Divide StockNo {5483}
[32060] 2025/10/07 13:11:22.733 Add Basket MarketNo：1 StockIdx：754
[32060] 2025/10/07 13:11:22.733 Divide StockNo {5534}
[32060] 2025/10/07 13:11:22.733 Add Basket MarketNo：0 StockIdx：32915
[32060] 2025/10/07 13:11:22.734 Divide StockNo {5871}
[32060] 2025/10/07 13:11:22.734 Add Basket MarketNo：0 StockIdx：32921
[32060] 2025/10/07 13:11:22.734 Divide StockNo {5876}
[32060] 2025/10/07 13:11:22.734 Add Basket MarketNo：0 StockIdx：32923
[32060] 2025/10/07 13:11:22.734 Divide StockNo {5880}
[32060] 2025/10/07 13:11:22.734 Add Basket MarketNo：0 StockIdx：32924
[32060] 2025/10/07 13:11:22.734 Divide StockNo {5904}
[32060] 2025/10/07 13:11:22.734 Add Basket MarketNo：1 StockIdx：788
[32060] 2025/10/07 13:11:22.734 Divide StockNo {6005}
[32060] 2025/10/07 13:11:22.734 Add Basket MarketNo：0 StockIdx：32927
[32060] 2025/10/07 13:11:22.734 Divide StockNo {6116}
[32060] 2025/10/07 13:11:22.734 Add Basket MarketNo：0 StockIdx：32932
[32060] 2025/10/07 13:11:22.734 Divide StockNo {6121}
[32060] 2025/10/07 13:11:22.734 Add Basket MarketNo：1 StockIdx：811
[32060] 2025/10/07 13:11:22.734 Divide StockNo {6139}
[32060] 2025/10/07 13:11:22.734 Add Basket MarketNo：0 StockIdx：32938
[32060] 2025/10/07 13:11:22.734 Divide StockNo {6147}
[32060] 2025/10/07 13:11:22.734 Add Basket MarketNo：1 StockIdx：829
[32060] 2025/10/07 13:11:22.734 Divide StockNo {6153}
[32060] 2025/10/07 13:11:22.734 Add Basket MarketNo：0 StockIdx：32942
[32060] 2025/10/07 13:11:22.734 Divide StockNo {6173}
[32060] 2025/10/07 13:11:22.734 Add Basket MarketNo：1 StockIdx：845
[32060] 2025/10/07 13:11:22.734 Divide StockNo {6176}
[32060] 2025/10/07 13:11:22.734 Add Basket MarketNo：0 StockIdx：32948
[32060] 2025/10/07 13:11:22.734 Divide StockNo {6182}
[32060] 2025/10/07 13:11:22.734 Add Basket MarketNo：1 StockIdx：853
[32060] 2025/10/07 13:11:22.734 Divide StockNo {6188}
[32060] 2025/10/07 13:11:22.734 Add Basket MarketNo：1 StockIdx：861
[32060] 2025/10/07 13:11:22.734 Divide StockNo {6213}
[32060] 2025/10/07 13:11:22.734 Add Basket MarketNo：0 StockIdx：32962
[32060] 2025/10/07 13:11:22.734 Divide StockNo {6223}
[32060] 2025/10/07 13:11:22.734 Add Basket MarketNo：1 StockIdx：885
[32060] 2025/10/07 13:11:22.734 Divide StockNo {6239}
[32060] 2025/10/07 13:11:22.734 Add Basket MarketNo：0 StockIdx：32971
[32060] 2025/10/07 13:11:22.734 Divide StockNo {6245}
[32060] 2025/10/07 13:11:22.734 Add Basket MarketNo：1 StockIdx：900
[32060] 2025/10/07 13:11:22.734 Divide StockNo {6257}
[32060] 2025/10/07 13:11:22.734 Add Basket MarketNo：0 StockIdx：32973
[32060] 2025/10/07 13:11:22.734 Divide StockNo {6269}
[32060] 2025/10/07 13:11:22.734 Add Basket MarketNo：0 StockIdx：32974
[32060] 2025/10/07 13:11:22.734 Divide StockNo {6271}
[32060] 2025/10/07 13:11:22.734 Add Basket MarketNo：0 StockIdx：32975
[32060] 2025/10/07 13:11:22.734 Divide StockNo {6274}
[32060] 2025/10/07 13:11:22.734 Add Basket MarketNo：1 StockIdx：912
[32060] 2025/10/07 13:11:22.734 Divide StockNo {6278}
[32060] 2025/10/07 13:11:22.734 Add Basket MarketNo：0 StockIdx：32977
[32060] 2025/10/07 13:11:22.734 Divide StockNo {6279}
[32060] 2025/10/07 13:11:22.734 Add Basket MarketNo：1 StockIdx：916
[32060] 2025/10/07 13:11:22.734 Divide StockNo {6282}
[32060] 2025/10/07 13:11:22.734 Add Basket MarketNo：0 StockIdx：32979
[32060] 2025/10/07 13:11:22.734 Divide StockNo {6285}
[32060] 2025/10/07 13:11:22.734 Add Basket MarketNo：0 StockIdx：32981
[32060] 2025/10/07 13:11:22.734 Divide StockNo {6414}
[32060] 2025/10/07 13:11:22.734 Add Basket MarketNo：0 StockIdx：32985
[32060] 2025/10/07 13:11:22.734 Divide StockNo {6443}
[32060] 2025/10/07 13:11:22.734 Add Basket MarketNo：0 StockIdx：32993
[32060] 2025/10/07 13:11:22.734 Divide StockNo {6472}
[32060] 2025/10/07 13:11:22.734 Add Basket MarketNo：0 StockIdx：32999
[32060] 2025/10/07 13:11:22.734 Divide StockNo {6488}
[32060] 2025/10/07 13:11:22.734 Add Basket MarketNo：1 StockIdx：952
[32060] 2025/10/07 13:11:22.734 Divide StockNo {6505}
[32060] 2025/10/07 13:11:22.734 Add Basket MarketNo：0 StockIdx：33003
[32060] 2025/10/07 13:11:22.734 Divide StockNo {6510}
[32060] 2025/10/07 13:11:22.734 Add Basket MarketNo：1 StockIdx：962
[32060] 2025/10/07 13:11:22.734 Divide StockNo {6526}
[32060] 2025/10/07 13:11:22.734 Add Basket MarketNo：0 StockIdx：33006
[32060] 2025/10/07 13:11:22.734 Divide StockNo {6547}
[32060] 2025/10/07 13:11:22.734 Add Basket MarketNo：1 StockIdx：977
[32060] 2025/10/07 13:11:22.735 Divide StockNo {6669}
[32060] 2025/10/07 13:11:22.735 Add Basket MarketNo：0 StockIdx：33035
[32060] 2025/10/07 13:11:22.735 Divide StockNo {6757}
[32060] 2025/10/07 13:11:22.735 Add Basket MarketNo：0 StockIdx：33052
[32060] 2025/10/07 13:11:22.735 Divide StockNo {6770}
[32060] 2025/10/07 13:11:22.735 Add Basket MarketNo：0 StockIdx：33054
[32060] 2025/10/07 13:11:22.735 Divide StockNo {8039}
[32060] 2025/10/07 13:11:22.735 Add Basket MarketNo：0 StockIdx：33126
[32060] 2025/10/07 13:11:22.735 Divide StockNo {8044}
[32060] 2025/10/07 13:11:22.735 Add Basket MarketNo：1 StockIdx：12233
[32060] 2025/10/07 13:11:22.735 Divide StockNo {8046}
[32060] 2025/10/07 13:11:22.735 Add Basket MarketNo：0 StockIdx：33128
[32060] 2025/10/07 13:11:22.735 Divide StockNo {8069}
[32060] 2025/10/07 13:11:22.735 Add Basket MarketNo：1 StockIdx：12245
[32060] 2025/10/07 13:11:22.735 Divide StockNo {8086}
[32060] 2025/10/07 13:11:22.735 Add Basket MarketNo：1 StockIdx：12254
[32060] 2025/10/07 13:11:22.735 Divide StockNo {8112}
[32060] 2025/10/07 13:11:22.735 Add Basket MarketNo：0 StockIdx：33137
[32060] 2025/10/07 13:11:22.735 Divide StockNo {8150}
[32060] 2025/10/07 13:11:22.735 Add Basket MarketNo：0 StockIdx：33141
[32060] 2025/10/07 13:11:22.735 Divide StockNo {8163}
[32060] 2025/10/07 13:11:22.735 Add Basket MarketNo：0 StockIdx：33143
[32060] 2025/10/07 13:11:22.735 Divide StockNo {8299}
[32060] 2025/10/07 13:11:22.735 Add Basket MarketNo：1 StockIdx：12293
[32060] 2025/10/07 13:11:22.735 Divide StockNo {8358}
[32060] 2025/10/07 13:11:22.735 Add Basket MarketNo：1 StockIdx：12299
[32060] 2025/10/07 13:11:22.735 Divide StockNo {8436}
[32060] 2025/10/07 13:11:22.735 Add Basket MarketNo：1 StockIdx：12325
[32060] 2025/10/07 13:11:22.735 Divide StockNo {8454}
[32060] 2025/10/07 13:11:22.735 Add Basket MarketNo：0 StockIdx：33162
[32060] 2025/10/07 13:11:22.735 Divide StockNo {9904}
[32060] 2025/10/07 13:11:22.735 Add Basket MarketNo：0 StockIdx：33191
[32060] 2025/10/07 13:11:22.735 Divide StockNo {9914}
[32060] 2025/10/07 13:11:22.735 Add Basket MarketNo：0 StockIdx：33199
[32060] 2025/10/07 13:11:22.735 Divide StockNo {9938}
[32060] 2025/10/07 13:11:22.735 Add Basket MarketNo：0 StockIdx：33216
[32060] 2025/10/07 13:11:22.735 Divide StockNo {9939}
[32060] 2025/10/07 13:11:22.735 Add Basket MarketNo：0 StockIdx：33217
[32060] 2025/10/07 13:11:22.735 Divide StockNo {9945}
[32060] 2025/10/07 13:11:22.735 Add Basket MarketNo：0 StockIdx：33224
[32060] 2025/10/07 13:11:22.735 Divide StockNo {9958}
[32060] 2025/10/07 13:11:22.735 Add Basket MarketNo：0 StockIdx：33227
[32060] 2025/10/07 13:11:22.735 Divide StockNo {TSE}
[32060] 2025/10/07 13:11:22.735 Stock Is Not Exist 
[32060] 2025/10/07 13:11:22.735 Divide StockNo {TSE23}
[32060] 2025/10/07 13:11:22.735 Add Basket MarketNo：0 StockIdx：33544
[32060] 2025/10/07 13:11:22.735 Divide StockNo {TSE28}
[32060] 2025/10/07 13:11:22.735 Add Basket MarketNo：0 StockIdx：33549
[32060] 2025/10/07 13:11:22.735 Divide StockNo {TWMC}
[32060] 2025/10/07 13:11:22.735 Stock Is Not Exist 
[32060] 2025/10/07 13:11:22.735 Return PageNo： 1 
[32060] 2025/10/07 13:11:37.193 OnSessionDisconnect，Code: 3033, Error code: 0
[32060] 2025/10/07 13:11:37.510 OnConnection ( 3033 , 0 ) 
[13644] 2025/10/07 14:53:55.822 Precheck/DistributedServer Query result is 000,分配成功
[13644] 2025/10/07 14:53:55.822 >> Host srvsolace-tpa.capital.com.tw
[13644] 2025/10/07 14:53:55.886 SKQuoteLib_EnterMonitor IP：srvsolace-tpa.capital.com.tw
[13644] 2025/10/07 14:53:55.931 OnSessionConnect，Code: 3001, Error Code:0.
[13644] 2025/10/07 14:53:55.989 SKQuoteLib_EnterMonitorLONG starting
[13644] 2025/10/07 14:53:55.990 OnConnection ( 3001 , 0 ) 
[13644] 2025/10/07 14:53:56.809 Market Info is OK!
[13644] 2025/10/07 14:53:56.857 Catalog info is OK!
[13644] 2025/10/07 14:54:00.668 Solace RequestInitializeData (TO_S_19,S_1F)
[13644] 2025/10/07 14:54:00.668 Solace RequestInitializeData (TO_S_19,S_1F)
[13644] 2025/10/07 14:54:00.668 OnConnection ( 3003 , 0 ) 
[13644] 2025/10/07 14:54:27.767 OnSessionDisconnect，Code: 3033, Error code: 0
[13644] 2025/10/07 14:54:27.771 OnConnection ( 3033 , 0 ) 
[21428] 2025/10/07 14:54:51.017 Precheck/DistributedServer Query result is 000,分配成功
[21428] 2025/10/07 14:54:51.017 >> Host srvsolace-tpa.capital.com.tw
[21428] 2025/10/07 14:54:51.069 SKQuoteLib_EnterMonitor IP：srvsolace-tpa.capital.com.tw
[21428] 2025/10/07 14:54:51.219 OnSessionConnect，Code: 3001, Error Code:0.
[21428] 2025/10/07 14:54:51.272 SKQuoteLib_EnterMonitorLONG starting
[21428] 2025/10/07 14:54:51.273 OnConnection ( 3001 , 0 ) 
[21428] 2025/10/07 14:54:52.519 Market Info is OK!
[21428] 2025/10/07 14:54:52.688 Catalog info is OK!
[21428] 2025/10/07 14:54:57.420 Solace RequestInitializeData (TO_S_19,S_1F)
[21428] 2025/10/07 14:54:57.420 Solace RequestInitializeData (TO_S_19,S_1F)
[21428] 2025/10/07 14:54:57.420 OnConnection ( 3003 , 0 ) 
[21428] 2025/10/07 14:55:25.375 SKQuoteLib_RequestStocks (1 , CAF00, CBF00, CCF00, CDF00, CEF00, CFF00, CGF00, CHF00, CJF00, CKF00, CLF00, CMF00, CNF00, CQF00, CRF00, CSF00, CUF00, CWF00, CXF00, CYF00, CZF00, DAF00, DBF00, DCF00, DEF00, DFF00, DGF00, DHF00, DIF00, DJF00, DKF00, DLF00, DNF00, DOF00, DPF00, DQF00, DSF00, DVF00, DWF00, DXF00, DYF00, DZF00, EEF00, EGF00, EHF00, EKF00, EMF00, EPF00, EYF00, EZF00, FBF00, FCF00, FEF00, FFF00, FGF00, FKF00, FNF00, FQF00, FRF00, FSF00, FTF00, FVF00, FWF00, FYF00, FZF00, GAF00, GCF00, GHF00, GIF00, GJF00, GKF00, GLF00, GMF00, GNF00, GOF00, GRF00, GUF00, GVF00, GWF00, GXF00, GYF00, GZF00, HAF00, HBF00, HCF00, HHF00, HIF00, HLF00, HOF00, HQF00, HSF00, IAF00, IHF00, IIF00, IJF00, IMF00, IOF00, IPF00, IQF00, IRF00, ITF00, IXF00, IYF00, IZF00, JBF00, JFF00, JMF00, JNF00, JPF00, JSF00, JWF00, JXF00, JZF00, KAF00, KBF00, KCF00, KDF00, KEF00, KFF00, KGF00, KIF00, KKF00, KLF00, KOF00, KPF00, KSF00, KUF00, KWF00, LBF00, LCF00, LEF00, LIF00, LMF00, LOF00, LQF00, LRF00, LTF00, LUF00, LVF00, LWF00, LXF00, LYF00, MAF00, MBF00, MJF00, MKF00, MQF00, MVF00, MYF00, NAF00, NBF00, NDF00, NEF00, NGF00, NIF00, NJF00, NLF00, NMF00, NOF00, NQF00, NSF00, NUF00, NVF00, NWF00, NYF00, OAF00, OBF00, ODF00, OEF00, OHF00, OJF00, OKF00, OLF00, OMF00, OOF00, OPF00, OQF00, ORF00, OSF00, OTF00, OUF00, OVF00, OWF00, OXF00, OYF00, OZF00, PAF00, PBF00, PCF00, PDF00, PEF00, PFF00, PGF00, PHF00, PIF00, PJF00, PKF00, PLF00, PMF00, PNF00, PPF00, PQF00, PRF00, PSF00, PTF00, PUF00, PVF00, PWF00, PXF00, PYF00, PZF00, QAF00, QBF00, QCF00, QDF00, QEF00, QFF00, QGF00, QHF00, QIF00, QJF00, QKF00, QLF00, QMF00, QNF00, QOF00, QPF00, QQF00, QRF00, QSF00, QTF00, QUF00, QVF00, QWF00, QXF00, QYF00, QZF00, RAF00, RBF00, RCF00, RDF00, REF00, RFF00, RGF00, RIF00, RJF00, RKF00, RLF00, RMF00, RNF00, ROF00, RPF00, RQF00, RRF00, RSF00, RUF00, RVF00, RWF00, RXF00, RYF00, RZF00, SAF00, SBF00, SCF00, SDF00, SEF00, SFF00, SGF00, SIF00, SJF00, SKF00, SLF00, SMF00, SNF00, SQF00, SRF00, SSF00, SUF00, SVF00, SWF00, SYF00, SZF00, UAF00, UBF00, UCF00, UEF00, UFF00, UGF00, UHF00, UIF00, UJF00, UKF00, ULF00, UMF00, UOF00, UPF00, UQF00, URF00, USF00, UTF00, UUF00, UVF00, UWF00, 0050, 0056, 006205, 006206, 00636, 00639, 00643, 00679B, 00687B, 00719B, 00757, 00772B, 00878, 00885, 00893, 00919, 00923, 00929, 00937B, 00940, 1101, 1102, 1210, 1216, 1301, 1303, 1312, 1314, 1319, 1326, 1402, 1440, 1476, 1477, 1503, 1504, 1513, 1536, 1565, 1590, 1605, 1609, 1707, 1717, 1718, 1722, 1795, 1802, 1904, 1905, 1907, 1909, 2002, 2006, 2014, 2027, 2049, 2059, 2105, 2201, 2231, 2301, 2303, 2308, 2312, 2313, 2317, 2323, 2324, 2327, 2328, 2330, 2331, 2332, 2337, 2338, 2340, 2344, 2345, 2347, 2352, 2353, 2354, 2355, 2356, 2357, 2360, 2368, 2371, 2376, 2377, 2379, 2382, 2383, 2385, 2388, 2392, 2393, 2401, 2404, 2408, 2409, 2412, 2439, 2441, 2449, 2454, 2455, 2457, 2458, 2474, 2481, 2485, 2486, 2489, 2492, 2498, 2515, 2520, 2542, 2548, 2603, 2605, 2606, 2609, 2610, 2615, 2618, 2633, 2634, 2801, 2834, 2880, 2881, 2882, 2883, 2884, 2885, 2886, 2887, 2888, 2890, 2891, 2892, 2913, 2915, 3005, 3006, 3008, 3017, 3019, 3034, 3035, 3036, 3037, 3042, 3044, 3045, 3078, 3081, 3105, 3152, 3189, 3227, 3231, 3260, 3264, 3293, 3324, 3374, 3376, 3380, 3406, 3443, 3481, 3529, 3532, 3533, 3552, 3653, 3661, 3673, 3680, 3691, 3702, 3706, 3711, 3714, 4123, 4128, 4162, 4736, 4743, 4904, 4919, 4938, 4958, 5009, 5269, 5274, 5347, 5371, 5388, 5425, 5457, 5483, 5534, 5871, 5876, 5880, 5904, 6005, 6116, 6121, 6139, 6147, 6153, 6173, 6176, 6182, 6188, 6213, 6223, 6239, 6245, 6257, 6269, 6271, 6274, 6278, 6279, 6282, 6285, 6414, 6443, 6472, 6488, 6505, 6510, 6526, 6547, 6669, 6757, 6770, 8039, 8044, 8046, 8069, 8086, 8112, 8150, 8163, 8299, 8358, 8436, 8454, 9904, 9914, 9938, 9939, 9945, 9958, TSE, TSE23, TSE28, TWMC)
[21428] 2025/10/07 14:55:25.379 Divide StockNo {CAF00}
[21428] 2025/10/07 14:55:25.379 Add Basket MarketNo：2 StockIdx：160
[21428] 2025/10/07 14:55:25.379 Divide StockNo {CBF00}
[21428] 2025/10/07 14:55:25.379 Add Basket MarketNo：2 StockIdx：166
[21428] 2025/10/07 14:55:25.379 Divide StockNo {CCF00}
[21428] 2025/10/07 14:55:25.379 Add Basket MarketNo：2 StockIdx：5597
[21428] 2025/10/07 14:55:25.379 Divide StockNo {CDF00}
[21428] 2025/10/07 14:55:25.379 Add Basket MarketNo：2 StockIdx：5603
[21428] 2025/10/07 14:55:25.379 Divide StockNo {CEF00}
[21428] 2025/10/07 14:55:25.379 Add Basket MarketNo：2 StockIdx：184
[21428] 2025/10/07 14:55:25.379 Divide StockNo {CFF00}
[21428] 2025/10/07 14:55:25.379 Add Basket MarketNo：2 StockIdx：194
[21428] 2025/10/07 14:55:25.379 Divide StockNo {CGF00}
[21428] 2025/10/07 14:55:25.379 Add Basket MarketNo：2 StockIdx：200
[21428] 2025/10/07 14:55:25.379 Divide StockNo {CHF00}
[21428] 2025/10/07 14:55:25.379 Add Basket MarketNo：2 StockIdx：206
[21428] 2025/10/07 14:55:25.379 Divide StockNo {CJF00}
[21428] 2025/10/07 14:55:25.379 Add Basket MarketNo：2 StockIdx：212
[21428] 2025/10/07 14:55:25.379 Divide StockNo {CKF00}
[21428] 2025/10/07 14:55:25.379 Add Basket MarketNo：2 StockIdx：218
[21428] 2025/10/07 14:55:25.379 Divide StockNo {CLF00}
[21428] 2025/10/07 14:55:25.379 Add Basket MarketNo：2 StockIdx：224
[21428] 2025/10/07 14:55:25.379 Divide StockNo {CMF00}
[21428] 2025/10/07 14:55:25.379 Add Basket MarketNo：2 StockIdx：230
[21428] 2025/10/07 14:55:25.379 Divide StockNo {CNF00}
[21428] 2025/10/07 14:55:25.379 Add Basket MarketNo：2 StockIdx：236
[21428] 2025/10/07 14:55:25.379 Divide StockNo {CQF00}
[21428] 2025/10/07 14:55:25.379 Add Basket MarketNo：2 StockIdx：242
[21428] 2025/10/07 14:55:25.379 Divide StockNo {CRF00}
[21428] 2025/10/07 14:55:25.379 Add Basket MarketNo：2 StockIdx：248
[21428] 2025/10/07 14:55:25.379 Divide StockNo {CSF00}
[21428] 2025/10/07 14:55:25.379 Add Basket MarketNo：2 StockIdx：254
[21428] 2025/10/07 14:55:25.379 Divide StockNo {CUF00}
[21428] 2025/10/07 14:55:25.379 Add Basket MarketNo：2 StockIdx：261
[21428] 2025/10/07 14:55:25.379 Divide StockNo {CWF00}
[21428] 2025/10/07 14:55:25.379 Add Basket MarketNo：2 StockIdx：267
[21428] 2025/10/07 14:55:25.379 Divide StockNo {CXF00}
[21428] 2025/10/07 14:55:25.379 Add Basket MarketNo：2 StockIdx：277
[21428] 2025/10/07 14:55:25.379 Divide StockNo {CYF00}
[21428] 2025/10/07 14:55:25.379 Add Basket MarketNo：2 StockIdx：283
[21428] 2025/10/07 14:55:25.379 Divide StockNo {CZF00}
[21428] 2025/10/07 14:55:25.379 Add Basket MarketNo：2 StockIdx：289
[21428] 2025/10/07 14:55:25.379 Divide StockNo {DAF00}
[21428] 2025/10/07 14:55:25.379 Add Basket MarketNo：2 StockIdx：295
[21428] 2025/10/07 14:55:25.379 Divide StockNo {DBF00}
[21428] 2025/10/07 14:55:25.379 Add Basket MarketNo：2 StockIdx：301
[21428] 2025/10/07 14:55:25.379 Divide StockNo {DCF00}
[21428] 2025/10/07 14:55:25.379 Add Basket MarketNo：2 StockIdx：307
[21428] 2025/10/07 14:55:25.379 Divide StockNo {DEF00}
[21428] 2025/10/07 14:55:25.379 Add Basket MarketNo：2 StockIdx：314
[21428] 2025/10/07 14:55:25.379 Divide StockNo {DFF00}
[21428] 2025/10/07 14:55:25.380 Add Basket MarketNo：2 StockIdx：322
[21428] 2025/10/07 14:55:25.380 Divide StockNo {DGF00}
[21428] 2025/10/07 14:55:25.380 Add Basket MarketNo：2 StockIdx：328
[21428] 2025/10/07 14:55:25.380 Divide StockNo {DHF00}
[21428] 2025/10/07 14:55:25.380 Add Basket MarketNo：2 StockIdx：334
[21428] 2025/10/07 14:55:25.380 Divide StockNo {DIF00}
[21428] 2025/10/07 14:55:25.380 Add Basket MarketNo：2 StockIdx：340
[21428] 2025/10/07 14:55:25.380 Divide StockNo {DJF00}
[21428] 2025/10/07 14:55:25.380 Add Basket MarketNo：2 StockIdx：346
[21428] 2025/10/07 14:55:25.380 Divide StockNo {DKF00}
[21428] 2025/10/07 14:55:25.380 Add Basket MarketNo：2 StockIdx：352
[21428] 2025/10/07 14:55:25.380 Divide StockNo {DLF00}
[21428] 2025/10/07 14:55:25.380 Add Basket MarketNo：2 StockIdx：358
[21428] 2025/10/07 14:55:25.380 Divide StockNo {DNF00}
[21428] 2025/10/07 14:55:25.380 Add Basket MarketNo：2 StockIdx：364
[21428] 2025/10/07 14:55:25.380 Divide StockNo {DOF00}
[21428] 2025/10/07 14:55:25.380 Add Basket MarketNo：2 StockIdx：371
[21428] 2025/10/07 14:55:25.380 Divide StockNo {DPF00}
[21428] 2025/10/07 14:55:25.380 Add Basket MarketNo：2 StockIdx：378
[21428] 2025/10/07 14:55:25.380 Divide StockNo {DQF00}
[21428] 2025/10/07 14:55:25.380 Add Basket MarketNo：2 StockIdx：384
[21428] 2025/10/07 14:55:25.380 Divide StockNo {DSF00}
[21428] 2025/10/07 14:55:25.380 Add Basket MarketNo：2 StockIdx：390
[21428] 2025/10/07 14:55:25.380 Divide StockNo {DVF00}
[21428] 2025/10/07 14:55:25.380 Add Basket MarketNo：2 StockIdx：396
[21428] 2025/10/07 14:55:25.380 Divide StockNo {DWF00}
[21428] 2025/10/07 14:55:25.380 Add Basket MarketNo：2 StockIdx：402
[21428] 2025/10/07 14:55:25.380 Divide StockNo {DXF00}
[21428] 2025/10/07 14:55:25.380 Add Basket MarketNo：2 StockIdx：408
[21428] 2025/10/07 14:55:25.380 Divide StockNo {DYF00}
[21428] 2025/10/07 14:55:25.380 Add Basket MarketNo：2 StockIdx：414
[21428] 2025/10/07 14:55:25.380 Divide StockNo {DZF00}
[21428] 2025/10/07 14:55:25.380 Add Basket MarketNo：2 StockIdx：420
[21428] 2025/10/07 14:55:25.380 Divide StockNo {EEF00}
[21428] 2025/10/07 14:55:25.380 Add Basket MarketNo：2 StockIdx：426
[21428] 2025/10/07 14:55:25.380 Divide StockNo {EGF00}
[21428] 2025/10/07 14:55:25.380 Add Basket MarketNo：2 StockIdx：432
[21428] 2025/10/07 14:55:25.380 Divide StockNo {EHF00}
[21428] 2025/10/07 14:55:25.380 Add Basket MarketNo：2 StockIdx：438
[21428] 2025/10/07 14:55:25.380 Divide StockNo {EKF00}
[21428] 2025/10/07 14:55:25.380 Add Basket MarketNo：2 StockIdx：444
[21428] 2025/10/07 14:55:25.380 Divide StockNo {EMF00}
[21428] 2025/10/07 14:55:25.380 Add Basket MarketNo：2 StockIdx：450
[21428] 2025/10/07 14:55:25.380 Divide StockNo {EPF00}
[21428] 2025/10/07 14:55:25.380 Add Basket MarketNo：2 StockIdx：456
[21428] 2025/10/07 14:55:25.380 Divide StockNo {EYF00}
[21428] 2025/10/07 14:55:25.380 Add Basket MarketNo：2 StockIdx：462
[21428] 2025/10/07 14:55:25.380 Divide StockNo {EZF00}
[21428] 2025/10/07 14:55:25.380 Add Basket MarketNo：2 StockIdx：468
[21428] 2025/10/07 14:55:25.380 Divide StockNo {FBF00}
[21428] 2025/10/07 14:55:25.380 Add Basket MarketNo：2 StockIdx：474
[21428] 2025/10/07 14:55:25.380 Divide StockNo {FCF00}
[21428] 2025/10/07 14:55:25.380 Add Basket MarketNo：2 StockIdx：480
[21428] 2025/10/07 14:55:25.380 Divide StockNo {FEF00}
[21428] 2025/10/07 14:55:25.380 Add Basket MarketNo：2 StockIdx：485
[21428] 2025/10/07 14:55:25.380 Divide StockNo {FFF00}
[21428] 2025/10/07 14:55:25.380 Add Basket MarketNo：2 StockIdx：492
[21428] 2025/10/07 14:55:25.380 Divide StockNo {FGF00}
[21428] 2025/10/07 14:55:25.380 Add Basket MarketNo：2 StockIdx：498
[21428] 2025/10/07 14:55:25.380 Divide StockNo {FKF00}
[21428] 2025/10/07 14:55:25.380 Add Basket MarketNo：2 StockIdx：504
[21428] 2025/10/07 14:55:25.380 Divide StockNo {FNF00}
[21428] 2025/10/07 14:55:25.380 Add Basket MarketNo：2 StockIdx：510
[21428] 2025/10/07 14:55:25.380 Divide StockNo {FQF00}
[21428] 2025/10/07 14:55:25.380 Add Basket MarketNo：2 StockIdx：516
[21428] 2025/10/07 14:55:25.381 Divide StockNo {FRF00}
[21428] 2025/10/07 14:55:25.381 Add Basket MarketNo：2 StockIdx：522
[21428] 2025/10/07 14:55:25.381 Divide StockNo {FSF00}
[21428] 2025/10/07 14:55:25.381 Add Basket MarketNo：2 StockIdx：528
[21428] 2025/10/07 14:55:25.381 Divide StockNo {FTF00}
[21428] 2025/10/07 14:55:25.381 Add Basket MarketNo：2 StockIdx：534
[21428] 2025/10/07 14:55:25.381 Divide StockNo {FVF00}
[21428] 2025/10/07 14:55:25.381 Add Basket MarketNo：2 StockIdx：540
[21428] 2025/10/07 14:55:25.381 Divide StockNo {FWF00}
[21428] 2025/10/07 14:55:25.381 Add Basket MarketNo：2 StockIdx：546
[21428] 2025/10/07 14:55:25.381 Divide StockNo {FYF00}
[21428] 2025/10/07 14:55:25.381 Add Basket MarketNo：2 StockIdx：552
[21428] 2025/10/07 14:55:25.381 Divide StockNo {FZF00}
[21428] 2025/10/07 14:55:25.381 Add Basket MarketNo：2 StockIdx：558
[21428] 2025/10/07 14:55:25.381 Divide StockNo {GAF00}
[21428] 2025/10/07 14:55:25.381 Add Basket MarketNo：2 StockIdx：564
[21428] 2025/10/07 14:55:25.381 Divide StockNo {GCF00}
[21428] 2025/10/07 14:55:25.381 Add Basket MarketNo：2 StockIdx：570
[21428] 2025/10/07 14:55:25.381 Divide StockNo {GHF00}
[21428] 2025/10/07 14:55:25.381 Add Basket MarketNo：2 StockIdx：576
[21428] 2025/10/07 14:55:25.381 Divide StockNo {GIF00}
[21428] 2025/10/07 14:55:25.381 Add Basket MarketNo：2 StockIdx：582
[21428] 2025/10/07 14:55:25.381 Divide StockNo {GJF00}
[21428] 2025/10/07 14:55:25.381 Add Basket MarketNo：2 StockIdx：588
[21428] 2025/10/07 14:55:25.381 Divide StockNo {GKF00}
[21428] 2025/10/07 14:55:25.381 Add Basket MarketNo：2 StockIdx：594
[21428] 2025/10/07 14:55:25.381 Divide StockNo {GLF00}
[21428] 2025/10/07 14:55:25.381 Add Basket MarketNo：2 StockIdx：600
[21428] 2025/10/07 14:55:25.381 Divide StockNo {GMF00}
[21428] 2025/10/07 14:55:25.381 Add Basket MarketNo：2 StockIdx：606
[21428] 2025/10/07 14:55:25.381 Divide StockNo {GNF00}
[21428] 2025/10/07 14:55:25.381 Add Basket MarketNo：2 StockIdx：612
[21428] 2025/10/07 14:55:25.381 Divide StockNo {GOF00}
[21428] 2025/10/07 14:55:25.381 Add Basket MarketNo：2 StockIdx：618
[21428] 2025/10/07 14:55:25.381 Divide StockNo {GRF00}
[21428] 2025/10/07 14:55:25.381 Add Basket MarketNo：2 StockIdx：624
[21428] 2025/10/07 14:55:25.381 Divide StockNo {GUF00}
[21428] 2025/10/07 14:55:25.381 Add Basket MarketNo：2 StockIdx：630
[21428] 2025/10/07 14:55:25.381 Divide StockNo {GVF00}
[21428] 2025/10/07 14:55:25.381 Add Basket MarketNo：2 StockIdx：636
[21428] 2025/10/07 14:55:25.381 Divide StockNo {GWF00}
[21428] 2025/10/07 14:55:25.381 Add Basket MarketNo：2 StockIdx：642
[21428] 2025/10/07 14:55:25.381 Divide StockNo {GXF00}
[21428] 2025/10/07 14:55:25.381 Add Basket MarketNo：2 StockIdx：648
[21428] 2025/10/07 14:55:25.381 Divide StockNo {GYF00}
[21428] 2025/10/07 14:55:25.381 Add Basket MarketNo：2 StockIdx：654
[21428] 2025/10/07 14:55:25.381 Divide StockNo {GZF00}
[21428] 2025/10/07 14:55:25.381 Add Basket MarketNo：2 StockIdx：660
[21428] 2025/10/07 14:55:25.381 Divide StockNo {HAF00}
[21428] 2025/10/07 14:55:25.381 Add Basket MarketNo：2 StockIdx：666
[21428] 2025/10/07 14:55:25.381 Divide StockNo {HBF00}
[21428] 2025/10/07 14:55:25.381 Add Basket MarketNo：2 StockIdx：677
[21428] 2025/10/07 14:55:25.381 Divide StockNo {HCF00}
[21428] 2025/10/07 14:55:25.381 Add Basket MarketNo：2 StockIdx：683
[21428] 2025/10/07 14:55:25.381 Divide StockNo {HHF00}
[21428] 2025/10/07 14:55:25.381 Add Basket MarketNo：2 StockIdx：689
[21428] 2025/10/07 14:55:25.381 Divide StockNo {HIF00}
[21428] 2025/10/07 14:55:25.381 Add Basket MarketNo：2 StockIdx：695
[21428] 2025/10/07 14:55:25.381 Divide StockNo {HLF00}
[21428] 2025/10/07 14:55:25.381 Add Basket MarketNo：2 StockIdx：701
[21428] 2025/10/07 14:55:25.381 Divide StockNo {HOF00}
[21428] 2025/10/07 14:55:25.381 Add Basket MarketNo：2 StockIdx：713
[21428] 2025/10/07 14:55:25.381 Divide StockNo {HQF00}
[21428] 2025/10/07 14:55:25.381 Add Basket MarketNo：2 StockIdx：720
[21428] 2025/10/07 14:55:25.382 Divide StockNo {HSF00}
[21428] 2025/10/07 14:55:25.382 Add Basket MarketNo：2 StockIdx：726
[21428] 2025/10/07 14:55:25.382 Divide StockNo {IAF00}
[21428] 2025/10/07 14:55:25.382 Add Basket MarketNo：2 StockIdx：732
[21428] 2025/10/07 14:55:25.382 Divide StockNo {IHF00}
[21428] 2025/10/07 14:55:25.382 Add Basket MarketNo：2 StockIdx：740
[21428] 2025/10/07 14:55:25.382 Divide StockNo {IIF00}
[21428] 2025/10/07 14:55:25.382 Add Basket MarketNo：2 StockIdx：746
[21428] 2025/10/07 14:55:25.382 Divide StockNo {IJF00}
[21428] 2025/10/07 14:55:25.382 Add Basket MarketNo：2 StockIdx：752
[21428] 2025/10/07 14:55:25.382 Divide StockNo {IMF00}
[21428] 2025/10/07 14:55:25.382 Add Basket MarketNo：2 StockIdx：758
[21428] 2025/10/07 14:55:25.382 Divide StockNo {IOF00}
[21428] 2025/10/07 14:55:25.382 Add Basket MarketNo：2 StockIdx：764
[21428] 2025/10/07 14:55:25.382 Divide StockNo {IPF00}
[21428] 2025/10/07 14:55:25.382 Add Basket MarketNo：2 StockIdx：770
[21428] 2025/10/07 14:55:25.382 Divide StockNo {IQF00}
[21428] 2025/10/07 14:55:25.382 Add Basket MarketNo：2 StockIdx：776
[21428] 2025/10/07 14:55:25.382 Divide StockNo {IRF00}
[21428] 2025/10/07 14:55:25.382 Add Basket MarketNo：2 StockIdx：782
[21428] 2025/10/07 14:55:25.382 Divide StockNo {ITF00}
[21428] 2025/10/07 14:55:25.382 Add Basket MarketNo：2 StockIdx：788
[21428] 2025/10/07 14:55:25.382 Divide StockNo {IXF00}
[21428] 2025/10/07 14:55:25.382 Add Basket MarketNo：2 StockIdx：794
[21428] 2025/10/07 14:55:25.382 Divide StockNo {IYF00}
[21428] 2025/10/07 14:55:25.382 Add Basket MarketNo：2 StockIdx：800
[21428] 2025/10/07 14:55:25.382 Divide StockNo {IZF00}
[21428] 2025/10/07 14:55:25.382 Add Basket MarketNo：2 StockIdx：806
[21428] 2025/10/07 14:55:25.382 Divide StockNo {JBF00}
[21428] 2025/10/07 14:55:25.382 Add Basket MarketNo：2 StockIdx：812
[21428] 2025/10/07 14:55:25.382 Divide StockNo {JFF00}
[21428] 2025/10/07 14:55:25.382 Add Basket MarketNo：2 StockIdx：818
[21428] 2025/10/07 14:55:25.382 Divide StockNo {JMF00}
[21428] 2025/10/07 14:55:25.382 Add Basket MarketNo：2 StockIdx：824
[21428] 2025/10/07 14:55:25.382 Divide StockNo {JNF00}
[21428] 2025/10/07 14:55:25.382 Add Basket MarketNo：2 StockIdx：830
[21428] 2025/10/07 14:55:25.382 Divide StockNo {JPF00}
[21428] 2025/10/07 14:55:25.382 Add Basket MarketNo：2 StockIdx：836
[21428] 2025/10/07 14:55:25.382 Divide StockNo {JSF00}
[21428] 2025/10/07 14:55:25.382 Add Basket MarketNo：2 StockIdx：842
[21428] 2025/10/07 14:55:25.382 Divide StockNo {JWF00}
[21428] 2025/10/07 14:55:25.382 Add Basket MarketNo：2 StockIdx：848
[21428] 2025/10/07 14:55:25.382 Divide StockNo {JXF00}
[21428] 2025/10/07 14:55:25.382 Add Basket MarketNo：2 StockIdx：854
[21428] 2025/10/07 14:55:25.382 Divide StockNo {JZF00}
[21428] 2025/10/07 14:55:25.382 Add Basket MarketNo：2 StockIdx：860
[21428] 2025/10/07 14:55:25.382 Divide StockNo {KAF00}
[21428] 2025/10/07 14:55:25.382 Add Basket MarketNo：2 StockIdx：866
[21428] 2025/10/07 14:55:25.382 Divide StockNo {KBF00}
[21428] 2025/10/07 14:55:25.382 Add Basket MarketNo：2 StockIdx：872
[21428] 2025/10/07 14:55:25.382 Divide StockNo {KCF00}
[21428] 2025/10/07 14:55:25.382 Add Basket MarketNo：2 StockIdx：878
[21428] 2025/10/07 14:55:25.382 Divide StockNo {KDF00}
[21428] 2025/10/07 14:55:25.382 Add Basket MarketNo：2 StockIdx：884
[21428] 2025/10/07 14:55:25.382 Divide StockNo {KEF00}
[21428] 2025/10/07 14:55:25.382 Add Basket MarketNo：2 StockIdx：890
[21428] 2025/10/07 14:55:25.382 Divide StockNo {KFF00}
[21428] 2025/10/07 14:55:25.382 Add Basket MarketNo：2 StockIdx：896
[21428] 2025/10/07 14:55:25.382 Divide StockNo {KGF00}
[21428] 2025/10/07 14:55:25.382 Add Basket MarketNo：2 StockIdx：902
[21428] 2025/10/07 14:55:25.382 Divide StockNo {KIF00}
[21428] 2025/10/07 14:55:25.382 Add Basket MarketNo：2 StockIdx：908
[21428] 2025/10/07 14:55:25.382 Divide StockNo {KKF00}
[21428] 2025/10/07 14:55:25.382 Add Basket MarketNo：2 StockIdx：914
[21428] 2025/10/07 14:55:25.382 Divide StockNo {KLF00}
[21428] 2025/10/07 14:55:25.382 Add Basket MarketNo：2 StockIdx：920
[21428] 2025/10/07 14:55:25.383 Divide StockNo {KOF00}
[21428] 2025/10/07 14:55:25.383 Add Basket MarketNo：2 StockIdx：926
[21428] 2025/10/07 14:55:25.383 Divide StockNo {KPF00}
[21428] 2025/10/07 14:55:25.383 Add Basket MarketNo：2 StockIdx：932
[21428] 2025/10/07 14:55:25.383 Divide StockNo {KSF00}
[21428] 2025/10/07 14:55:25.383 Add Basket MarketNo：2 StockIdx：938
[21428] 2025/10/07 14:55:25.383 Divide StockNo {KUF00}
[21428] 2025/10/07 14:55:25.383 Add Basket MarketNo：2 StockIdx：944
[21428] 2025/10/07 14:55:25.383 Divide StockNo {KWF00}
[21428] 2025/10/07 14:55:25.383 Add Basket MarketNo：2 StockIdx：950
[21428] 2025/10/07 14:55:25.383 Divide StockNo {LBF00}
[21428] 2025/10/07 14:55:25.383 Add Basket MarketNo：2 StockIdx：956
[21428] 2025/10/07 14:55:25.383 Divide StockNo {LCF00}
[21428] 2025/10/07 14:55:25.383 Add Basket MarketNo：2 StockIdx：962
[21428] 2025/10/07 14:55:25.383 Divide StockNo {LEF00}
[21428] 2025/10/07 14:55:25.383 Add Basket MarketNo：2 StockIdx：968
[21428] 2025/10/07 14:55:25.383 Divide StockNo {LIF00}
[21428] 2025/10/07 14:55:25.383 Add Basket MarketNo：2 StockIdx：974
[21428] 2025/10/07 14:55:25.383 Divide StockNo {LMF00}
[21428] 2025/10/07 14:55:25.383 Add Basket MarketNo：2 StockIdx：980
[21428] 2025/10/07 14:55:25.383 Divide StockNo {LOF00}
[21428] 2025/10/07 14:55:25.383 Add Basket MarketNo：2 StockIdx：986
[21428] 2025/10/07 14:55:25.383 Divide StockNo {LQF00}
[21428] 2025/10/07 14:55:25.383 Add Basket MarketNo：2 StockIdx：992
[21428] 2025/10/07 14:55:25.383 Divide StockNo {LRF00}
[21428] 2025/10/07 14:55:25.383 Add Basket MarketNo：2 StockIdx：998
[21428] 2025/10/07 14:55:25.383 Divide StockNo {LTF00}
[21428] 2025/10/07 14:55:25.383 Add Basket MarketNo：2 StockIdx：1008
[21428] 2025/10/07 14:55:25.383 Divide StockNo {LUF00}
[21428] 2025/10/07 14:55:25.383 Add Basket MarketNo：2 StockIdx：1014
[21428] 2025/10/07 14:55:25.383 Divide StockNo {LVF00}
[21428] 2025/10/07 14:55:25.383 Add Basket MarketNo：2 StockIdx：1020
[21428] 2025/10/07 14:55:25.383 Divide StockNo {LWF00}
[21428] 2025/10/07 14:55:25.383 Add Basket MarketNo：2 StockIdx：1028
[21428] 2025/10/07 14:55:25.383 Divide StockNo {LXF00}
[21428] 2025/10/07 14:55:25.383 Add Basket MarketNo：2 StockIdx：1034
[21428] 2025/10/07 14:55:25.383 Divide StockNo {LYF00}
[21428] 2025/10/07 14:55:25.383 Add Basket MarketNo：2 StockIdx：1041
[21428] 2025/10/07 14:55:25.383 Divide StockNo {MAF00}
[21428] 2025/10/07 14:55:25.383 Add Basket MarketNo：2 StockIdx：1047
[21428] 2025/10/07 14:55:25.383 Divide StockNo {MBF00}
[21428] 2025/10/07 14:55:25.383 Add Basket MarketNo：2 StockIdx：1050
[21428] 2025/10/07 14:55:25.383 Divide StockNo {MJF00}
[21428] 2025/10/07 14:55:25.383 Add Basket MarketNo：2 StockIdx：1056
[21428] 2025/10/07 14:55:25.383 Divide StockNo {MKF00}
[21428] 2025/10/07 14:55:25.383 Add Basket MarketNo：2 StockIdx：1062
[21428] 2025/10/07 14:55:25.383 Divide StockNo {MQF00}
[21428] 2025/10/07 14:55:25.383 Add Basket MarketNo：2 StockIdx：1068
[21428] 2025/10/07 14:55:25.383 Divide StockNo {MVF00}
[21428] 2025/10/07 14:55:25.383 Add Basket MarketNo：2 StockIdx：1074
[21428] 2025/10/07 14:55:25.383 Divide StockNo {MYF00}
[21428] 2025/10/07 14:55:25.383 Add Basket MarketNo：2 StockIdx：1080
[21428] 2025/10/07 14:55:25.383 Divide StockNo {NAF00}
[21428] 2025/10/07 14:55:25.383 Add Basket MarketNo：2 StockIdx：1086
[21428] 2025/10/07 14:55:25.383 Divide StockNo {NBF00}
[21428] 2025/10/07 14:55:25.383 Add Basket MarketNo：2 StockIdx：1092
[21428] 2025/10/07 14:55:25.383 Divide StockNo {NDF00}
[21428] 2025/10/07 14:55:25.383 Add Basket MarketNo：2 StockIdx：1098
[21428] 2025/10/07 14:55:25.383 Divide StockNo {NEF00}
[21428] 2025/10/07 14:55:25.383 Add Basket MarketNo：2 StockIdx：1104
[21428] 2025/10/07 14:55:25.383 Divide StockNo {NGF00}
[21428] 2025/10/07 14:55:25.383 Add Basket MarketNo：2 StockIdx：1110
[21428] 2025/10/07 14:55:25.383 Divide StockNo {NIF00}
[21428] 2025/10/07 14:55:25.383 Add Basket MarketNo：2 StockIdx：1116
[21428] 2025/10/07 14:55:25.383 Divide StockNo {NJF00}
[21428] 2025/10/07 14:55:25.383 Add Basket MarketNo：2 StockIdx：1125
[21428] 2025/10/07 14:55:25.383 Divide StockNo {NLF00}
[21428] 2025/10/07 14:55:25.384 Add Basket MarketNo：2 StockIdx：1131
[21428] 2025/10/07 14:55:25.384 Divide StockNo {NMF00}
[21428] 2025/10/07 14:55:25.384 Add Basket MarketNo：2 StockIdx：1137
[21428] 2025/10/07 14:55:25.384 Divide StockNo {NOF00}
[21428] 2025/10/07 14:55:25.384 Add Basket MarketNo：2 StockIdx：1143
[21428] 2025/10/07 14:55:25.384 Divide StockNo {NQF00}
[21428] 2025/10/07 14:55:25.384 Add Basket MarketNo：2 StockIdx：1149
[21428] 2025/10/07 14:55:25.384 Divide StockNo {NSF00}
[21428] 2025/10/07 14:55:25.384 Add Basket MarketNo：2 StockIdx：1155
[21428] 2025/10/07 14:55:25.384 Divide StockNo {NUF00}
[21428] 2025/10/07 14:55:25.384 Add Basket MarketNo：2 StockIdx：1161
[21428] 2025/10/07 14:55:25.384 Divide StockNo {NVF00}
[21428] 2025/10/07 14:55:25.384 Add Basket MarketNo：2 StockIdx：1167
[21428] 2025/10/07 14:55:25.384 Divide StockNo {NWF00}
[21428] 2025/10/07 14:55:25.384 Add Basket MarketNo：2 StockIdx：1173
[21428] 2025/10/07 14:55:25.384 Divide StockNo {NYF00}
[21428] 2025/10/07 14:55:25.384 Add Basket MarketNo：2 StockIdx：5609
[21428] 2025/10/07 14:55:25.384 Divide StockNo {OAF00}
[21428] 2025/10/07 14:55:25.384 Add Basket MarketNo：2 StockIdx：1185
[21428] 2025/10/07 14:55:25.384 Divide StockNo {OBF00}
[21428] 2025/10/07 14:55:25.384 Add Basket MarketNo：2 StockIdx：1191
[21428] 2025/10/07 14:55:25.384 Divide StockNo {ODF00}
[21428] 2025/10/07 14:55:25.384 Add Basket MarketNo：2 StockIdx：1197
[21428] 2025/10/07 14:55:25.384 Divide StockNo {OEF00}
[21428] 2025/10/07 14:55:25.384 Add Basket MarketNo：2 StockIdx：1203
[21428] 2025/10/07 14:55:25.384 Divide StockNo {OHF00}
[21428] 2025/10/07 14:55:25.384 Add Basket MarketNo：2 StockIdx：1209
[21428] 2025/10/07 14:55:25.384 Divide StockNo {OJF00}
[21428] 2025/10/07 14:55:25.384 Add Basket MarketNo：2 StockIdx：1217
[21428] 2025/10/07 14:55:25.384 Divide StockNo {OKF00}
[21428] 2025/10/07 14:55:25.384 Add Basket MarketNo：2 StockIdx：1223
[21428] 2025/10/07 14:55:25.384 Divide StockNo {OLF00}
[21428] 2025/10/07 14:55:25.384 Add Basket MarketNo：2 StockIdx：1229
[21428] 2025/10/07 14:55:25.384 Divide StockNo {OMF00}
[21428] 2025/10/07 14:55:25.384 Add Basket MarketNo：2 StockIdx：1235
[21428] 2025/10/07 14:55:25.384 Divide StockNo {OOF00}
[21428] 2025/10/07 14:55:25.384 Add Basket MarketNo：2 StockIdx：1241
[21428] 2025/10/07 14:55:25.384 Divide StockNo {OPF00}
[21428] 2025/10/07 14:55:25.384 Add Basket MarketNo：2 StockIdx：1247
[21428] 2025/10/07 14:55:25.384 Divide StockNo {OQF00}
[21428] 2025/10/07 14:55:25.384 Add Basket MarketNo：2 StockIdx：1253
[21428] 2025/10/07 14:55:25.384 Divide StockNo {ORF00}
[21428] 2025/10/07 14:55:25.384 Add Basket MarketNo：2 StockIdx：1259
[21428] 2025/10/07 14:55:25.384 Divide StockNo {OSF00}
[21428] 2025/10/07 14:55:25.384 Add Basket MarketNo：2 StockIdx：1265
[21428] 2025/10/07 14:55:25.384 Divide StockNo {OTF00}
[21428] 2025/10/07 14:55:25.384 Add Basket MarketNo：2 StockIdx：1271
[21428] 2025/10/07 14:55:25.384 Divide StockNo {OUF00}
[21428] 2025/10/07 14:55:25.384 Add Basket MarketNo：2 StockIdx：1277
[21428] 2025/10/07 14:55:25.384 Divide StockNo {OVF00}
[21428] 2025/10/07 14:55:25.384 Add Basket MarketNo：2 StockIdx：1283
[21428] 2025/10/07 14:55:25.384 Divide StockNo {OWF00}
[21428] 2025/10/07 14:55:25.384 Add Basket MarketNo：2 StockIdx：1289
[21428] 2025/10/07 14:55:25.384 Divide StockNo {OXF00}
[21428] 2025/10/07 14:55:25.385 Add Basket MarketNo：2 StockIdx：1295
[21428] 2025/10/07 14:55:25.385 Divide StockNo {OYF00}
[21428] 2025/10/07 14:55:25.385 Add Basket MarketNo：2 StockIdx：1301
[21428] 2025/10/07 14:55:25.385 Divide StockNo {OZF00}
[21428] 2025/10/07 14:55:25.385 Add Basket MarketNo：2 StockIdx：1307
[21428] 2025/10/07 14:55:25.385 Divide StockNo {PAF00}
[21428] 2025/10/07 14:55:25.385 Add Basket MarketNo：2 StockIdx：1313
[21428] 2025/10/07 14:55:25.385 Divide StockNo {PBF00}
[21428] 2025/10/07 14:55:25.385 Add Basket MarketNo：2 StockIdx：1319
[21428] 2025/10/07 14:55:25.385 Divide StockNo {PCF00}
[21428] 2025/10/07 14:55:25.385 Add Basket MarketNo：2 StockIdx：1325
[21428] 2025/10/07 14:55:25.385 Divide StockNo {PDF00}
[21428] 2025/10/07 14:55:25.385 Add Basket MarketNo：2 StockIdx：1331
[21428] 2025/10/07 14:55:25.385 Divide StockNo {PEF00}
[21428] 2025/10/07 14:55:25.385 Add Basket MarketNo：2 StockIdx：1337
[21428] 2025/10/07 14:55:25.385 Divide StockNo {PFF00}
[21428] 2025/10/07 14:55:25.385 Add Basket MarketNo：2 StockIdx：1343
[21428] 2025/10/07 14:55:25.385 Divide StockNo {PGF00}
[21428] 2025/10/07 14:55:25.385 Add Basket MarketNo：2 StockIdx：1349
[21428] 2025/10/07 14:55:25.385 Divide StockNo {PHF00}
[21428] 2025/10/07 14:55:25.385 Add Basket MarketNo：2 StockIdx：1355
[21428] 2025/10/07 14:55:25.385 Divide StockNo {PIF00}
[21428] 2025/10/07 14:55:25.385 Add Basket MarketNo：2 StockIdx：1361
[21428] 2025/10/07 14:55:25.385 Divide StockNo {PJF00}
[21428] 2025/10/07 14:55:25.385 Add Basket MarketNo：2 StockIdx：1367
[21428] 2025/10/07 14:55:25.385 Divide StockNo {PKF00}
[21428] 2025/10/07 14:55:25.385 Add Basket MarketNo：2 StockIdx：1373
[21428] 2025/10/07 14:55:25.385 Divide StockNo {PLF00}
[21428] 2025/10/07 14:55:25.385 Add Basket MarketNo：2 StockIdx：1379
[21428] 2025/10/07 14:55:25.385 Divide StockNo {PMF00}
[21428] 2025/10/07 14:55:25.385 Add Basket MarketNo：2 StockIdx：1385
[21428] 2025/10/07 14:55:25.385 Divide StockNo {PNF00}
[21428] 2025/10/07 14:55:25.385 Add Basket MarketNo：2 StockIdx：1391
[21428] 2025/10/07 14:55:25.385 Divide StockNo {PPF00}
[21428] 2025/10/07 14:55:25.385 Add Basket MarketNo：2 StockIdx：1397
[21428] 2025/10/07 14:55:25.385 Divide StockNo {PQF00}
[21428] 2025/10/07 14:55:25.385 Add Basket MarketNo：2 StockIdx：1403
[21428] 2025/10/07 14:55:25.385 Divide StockNo {PRF00}
[21428] 2025/10/07 14:55:25.385 Add Basket MarketNo：2 StockIdx：1409
[21428] 2025/10/07 14:55:25.385 Divide StockNo {PSF00}
[21428] 2025/10/07 14:55:25.385 Add Basket MarketNo：2 StockIdx：1415
[21428] 2025/10/07 14:55:25.385 Divide StockNo {PTF00}
[21428] 2025/10/07 14:55:25.385 Add Basket MarketNo：2 StockIdx：1424
[21428] 2025/10/07 14:55:25.385 Divide StockNo {PUF00}
[21428] 2025/10/07 14:55:25.385 Add Basket MarketNo：2 StockIdx：1430
[21428] 2025/10/07 14:55:25.385 Divide StockNo {PVF00}
[21428] 2025/10/07 14:55:25.385 Add Basket MarketNo：2 StockIdx：1436
[21428] 2025/10/07 14:55:25.385 Divide StockNo {PWF00}
[21428] 2025/10/07 14:55:25.385 Add Basket MarketNo：2 StockIdx：1442
[21428] 2025/10/07 14:55:25.385 Divide StockNo {PXF00}
[21428] 2025/10/07 14:55:25.385 Add Basket MarketNo：2 StockIdx：1448
[21428] 2025/10/07 14:55:25.385 Divide StockNo {PYF00}
[21428] 2025/10/07 14:55:25.385 Add Basket MarketNo：2 StockIdx：1454
[21428] 2025/10/07 14:55:25.385 Divide StockNo {PZF00}
[21428] 2025/10/07 14:55:25.385 Add Basket MarketNo：2 StockIdx：1460
[21428] 2025/10/07 14:55:25.385 Divide StockNo {QAF00}
[21428] 2025/10/07 14:55:25.385 Add Basket MarketNo：2 StockIdx：1466
[21428] 2025/10/07 14:55:25.385 Divide StockNo {QBF00}
[21428] 2025/10/07 14:55:25.386 Add Basket MarketNo：2 StockIdx：1472
[21428] 2025/10/07 14:55:25.386 Divide StockNo {QCF00}
[21428] 2025/10/07 14:55:25.386 Add Basket MarketNo：2 StockIdx：1478
[21428] 2025/10/07 14:55:25.386 Divide StockNo {QDF00}
[21428] 2025/10/07 14:55:25.386 Add Basket MarketNo：2 StockIdx：1484
[21428] 2025/10/07 14:55:25.386 Divide StockNo {QEF00}
[21428] 2025/10/07 14:55:25.386 Add Basket MarketNo：2 StockIdx：1490
[21428] 2025/10/07 14:55:25.386 Divide StockNo {QFF00}
[21428] 2025/10/07 14:55:25.386 Add Basket MarketNo：2 StockIdx：5615
[21428] 2025/10/07 14:55:25.386 Divide StockNo {QGF00}
[21428] 2025/10/07 14:55:25.386 Add Basket MarketNo：2 StockIdx：1503
[21428] 2025/10/07 14:55:25.386 Divide StockNo {QHF00}
[21428] 2025/10/07 14:55:25.386 Add Basket MarketNo：2 StockIdx：1509
[21428] 2025/10/07 14:55:25.386 Divide StockNo {QIF00}
[21428] 2025/10/07 14:55:25.386 Add Basket MarketNo：2 StockIdx：1515
[21428] 2025/10/07 14:55:25.386 Divide StockNo {QJF00}
[21428] 2025/10/07 14:55:25.386 Add Basket MarketNo：2 StockIdx：1519
[21428] 2025/10/07 14:55:25.386 Divide StockNo {QKF00}
[21428] 2025/10/07 14:55:25.386 Add Basket MarketNo：2 StockIdx：1525
[21428] 2025/10/07 14:55:25.386 Divide StockNo {QLF00}
[21428] 2025/10/07 14:55:25.386 Add Basket MarketNo：2 StockIdx：1531
[21428] 2025/10/07 14:55:25.386 Divide StockNo {QMF00}
[21428] 2025/10/07 14:55:25.386 Add Basket MarketNo：2 StockIdx：1537
[21428] 2025/10/07 14:55:25.386 Divide StockNo {QNF00}
[21428] 2025/10/07 14:55:25.386 Add Basket MarketNo：2 StockIdx：1543
[21428] 2025/10/07 14:55:25.386 Divide StockNo {QOF00}
[21428] 2025/10/07 14:55:25.386 Add Basket MarketNo：2 StockIdx：1549
[21428] 2025/10/07 14:55:25.386 Divide StockNo {QPF00}
[21428] 2025/10/07 14:55:25.386 Add Basket MarketNo：2 StockIdx：1555
[21428] 2025/10/07 14:55:25.386 Divide StockNo {QQF00}
[21428] 2025/10/07 14:55:25.386 Add Basket MarketNo：2 StockIdx：1561
[21428] 2025/10/07 14:55:25.386 Divide StockNo {QRF00}
[21428] 2025/10/07 14:55:25.386 Add Basket MarketNo：2 StockIdx：1567
[21428] 2025/10/07 14:55:25.386 Divide StockNo {QSF00}
[21428] 2025/10/07 14:55:25.386 Add Basket MarketNo：2 StockIdx：1573
[21428] 2025/10/07 14:55:25.386 Divide StockNo {QTF00}
[21428] 2025/10/07 14:55:25.386 Add Basket MarketNo：2 StockIdx：1579
[21428] 2025/10/07 14:55:25.386 Divide StockNo {QUF00}
[21428] 2025/10/07 14:55:25.386 Add Basket MarketNo：2 StockIdx：1585
[21428] 2025/10/07 14:55:25.386 Divide StockNo {QVF00}
[21428] 2025/10/07 14:55:25.386 Add Basket MarketNo：2 StockIdx：1591
[21428] 2025/10/07 14:55:25.386 Divide StockNo {QWF00}
[21428] 2025/10/07 14:55:25.386 Add Basket MarketNo：2 StockIdx：1597
[21428] 2025/10/07 14:55:25.386 Divide StockNo {QXF00}
[21428] 2025/10/07 14:55:25.386 Add Basket MarketNo：2 StockIdx：1603
[21428] 2025/10/07 14:55:25.386 Divide StockNo {QYF00}
[21428] 2025/10/07 14:55:25.386 Add Basket MarketNo：2 StockIdx：1609
[21428] 2025/10/07 14:55:25.386 Divide StockNo {QZF00}
[21428] 2025/10/07 14:55:25.386 Add Basket MarketNo：2 StockIdx：1615
[21428] 2025/10/07 14:55:25.386 Divide StockNo {RAF00}
[21428] 2025/10/07 14:55:25.386 Add Basket MarketNo：2 StockIdx：1621
[21428] 2025/10/07 14:55:25.386 Divide StockNo {RBF00}
[21428] 2025/10/07 14:55:25.386 Add Basket MarketNo：2 StockIdx：1627
[21428] 2025/10/07 14:55:25.386 Divide StockNo {RCF00}
[21428] 2025/10/07 14:55:25.386 Add Basket MarketNo：2 StockIdx：1633
[21428] 2025/10/07 14:55:25.386 Divide StockNo {RDF00}
[21428] 2025/10/07 14:55:25.386 Add Basket MarketNo：2 StockIdx：1639
[21428] 2025/10/07 14:55:25.387 Divide StockNo {REF00}
[21428] 2025/10/07 14:55:25.387 Add Basket MarketNo：2 StockIdx：1645
[21428] 2025/10/07 14:55:25.387 Divide StockNo {RFF00}
[21428] 2025/10/07 14:55:25.387 Add Basket MarketNo：2 StockIdx：1651
[21428] 2025/10/07 14:55:25.387 Divide StockNo {RGF00}
[21428] 2025/10/07 14:55:25.387 Add Basket MarketNo：2 StockIdx：1657
[21428] 2025/10/07 14:55:25.387 Divide StockNo {RIF00}
[21428] 2025/10/07 14:55:25.387 Add Basket MarketNo：2 StockIdx：1663
[21428] 2025/10/07 14:55:25.387 Divide StockNo {RJF00}
[21428] 2025/10/07 14:55:25.387 Add Basket MarketNo：2 StockIdx：1669
[21428] 2025/10/07 14:55:25.387 Divide StockNo {RKF00}
[21428] 2025/10/07 14:55:25.387 Add Basket MarketNo：2 StockIdx：1675
[21428] 2025/10/07 14:55:25.387 Divide StockNo {RLF00}
[21428] 2025/10/07 14:55:25.387 Add Basket MarketNo：2 StockIdx：1681
[21428] 2025/10/07 14:55:25.387 Divide StockNo {RMF00}
[21428] 2025/10/07 14:55:25.387 Stock Is Not Exist 
[21428] 2025/10/07 14:55:25.387 Divide StockNo {RNF00}
[21428] 2025/10/07 14:55:25.387 Add Basket MarketNo：2 StockIdx：1687
[21428] 2025/10/07 14:55:25.387 Divide StockNo {ROF00}
[21428] 2025/10/07 14:55:25.387 Add Basket MarketNo：2 StockIdx：1693
[21428] 2025/10/07 14:55:25.387 Divide StockNo {RPF00}
[21428] 2025/10/07 14:55:25.387 Add Basket MarketNo：2 StockIdx：1699
[21428] 2025/10/07 14:55:25.387 Divide StockNo {RQF00}
[21428] 2025/10/07 14:55:25.387 Stock Is Not Exist 
[21428] 2025/10/07 14:55:25.387 Divide StockNo {RRF00}
[21428] 2025/10/07 14:55:25.387 Add Basket MarketNo：2 StockIdx：1706
[21428] 2025/10/07 14:55:25.387 Divide StockNo {RSF00}
[21428] 2025/10/07 14:55:25.387 Add Basket MarketNo：2 StockIdx：1712
[21428] 2025/10/07 14:55:25.387 Divide StockNo {RUF00}
[21428] 2025/10/07 14:55:25.387 Add Basket MarketNo：2 StockIdx：1718
[21428] 2025/10/07 14:55:25.387 Divide StockNo {RVF00}
[21428] 2025/10/07 14:55:25.387 Add Basket MarketNo：2 StockIdx：1724
[21428] 2025/10/07 14:55:25.387 Divide StockNo {RWF00}
[21428] 2025/10/07 14:55:25.387 Add Basket MarketNo：2 StockIdx：1730
[21428] 2025/10/07 14:55:25.387 Divide StockNo {RXF00}
[21428] 2025/10/07 14:55:25.387 Add Basket MarketNo：2 StockIdx：1736
[21428] 2025/10/07 14:55:25.387 Divide StockNo {RYF00}
[21428] 2025/10/07 14:55:25.387 Add Basket MarketNo：2 StockIdx：1742
[21428] 2025/10/07 14:55:25.387 Divide StockNo {RZF00}
[21428] 2025/10/07 14:55:25.387 Add Basket MarketNo：2 StockIdx：5621
[21428] 2025/10/07 14:55:25.387 Divide StockNo {SAF00}
[21428] 2025/10/07 14:55:25.387 Add Basket MarketNo：2 StockIdx：1754
[21428] 2025/10/07 14:55:25.387 Divide StockNo {SBF00}
[21428] 2025/10/07 14:55:25.387 Add Basket MarketNo：2 StockIdx：1760
[21428] 2025/10/07 14:55:25.387 Divide StockNo {SCF00}
[21428] 2025/10/07 14:55:25.387 Add Basket MarketNo：2 StockIdx：1766
[21428] 2025/10/07 14:55:25.387 Divide StockNo {SDF00}
[21428] 2025/10/07 14:55:25.387 Add Basket MarketNo：2 StockIdx：1772
[21428] 2025/10/07 14:55:25.387 Divide StockNo {SEF00}
[21428] 2025/10/07 14:55:25.387 Add Basket MarketNo：2 StockIdx：1778
[21428] 2025/10/07 14:55:25.387 Divide StockNo {SFF00}
[21428] 2025/10/07 14:55:25.387 Add Basket MarketNo：2 StockIdx：1784
[21428] 2025/10/07 14:55:25.387 Divide StockNo {SGF00}
[21428] 2025/10/07 14:55:25.387 Add Basket MarketNo：2 StockIdx：1790
[21428] 2025/10/07 14:55:25.387 Divide StockNo {SIF00}
[21428] 2025/10/07 14:55:25.387 Add Basket MarketNo：2 StockIdx：1796
[21428] 2025/10/07 14:55:25.387 Divide StockNo {SJF00}
[21428] 2025/10/07 14:55:25.388 Add Basket MarketNo：2 StockIdx：1802
[21428] 2025/10/07 14:55:25.388 Divide StockNo {SKF00}
[21428] 2025/10/07 14:55:25.388 Add Basket MarketNo：2 StockIdx：1808
[21428] 2025/10/07 14:55:25.388 Divide StockNo {SLF00}
[21428] 2025/10/07 14:55:25.388 Add Basket MarketNo：2 StockIdx：1814
[21428] 2025/10/07 14:55:25.388 Divide StockNo {SMF00}
[21428] 2025/10/07 14:55:25.388 Add Basket MarketNo：2 StockIdx：1820
[21428] 2025/10/07 14:55:25.388 Divide StockNo {SNF00}
[21428] 2025/10/07 14:55:25.388 Add Basket MarketNo：2 StockIdx：1826
[21428] 2025/10/07 14:55:25.388 Divide StockNo {SQF00}
[21428] 2025/10/07 14:55:25.388 Add Basket MarketNo：2 StockIdx：1832
[21428] 2025/10/07 14:55:25.388 Divide StockNo {SRF00}
[21428] 2025/10/07 14:55:25.388 Add Basket MarketNo：2 StockIdx：5627
[21428] 2025/10/07 14:55:25.388 Divide StockNo {SSF00}
[21428] 2025/10/07 14:55:25.388 Add Basket MarketNo：2 StockIdx：1845
[21428] 2025/10/07 14:55:25.388 Divide StockNo {SUF00}
[21428] 2025/10/07 14:55:25.388 Add Basket MarketNo：2 StockIdx：1851
[21428] 2025/10/07 14:55:25.388 Divide StockNo {SVF00}
[21428] 2025/10/07 14:55:25.388 Add Basket MarketNo：2 StockIdx：1857
[21428] 2025/10/07 14:55:25.388 Divide StockNo {SWF00}
[21428] 2025/10/07 14:55:25.388 Add Basket MarketNo：2 StockIdx：1863
[21428] 2025/10/07 14:55:25.388 Divide StockNo {SYF00}
[21428] 2025/10/07 14:55:25.388 Add Basket MarketNo：2 StockIdx：1869
[21428] 2025/10/07 14:55:25.388 Divide StockNo {SZF00}
[21428] 2025/10/07 14:55:25.388 Add Basket MarketNo：2 StockIdx：1875
[21428] 2025/10/07 14:55:25.388 Divide StockNo {UAF00}
[21428] 2025/10/07 14:55:25.388 Add Basket MarketNo：2 StockIdx：1881
[21428] 2025/10/07 14:55:25.388 Divide StockNo {UBF00}
[21428] 2025/10/07 14:55:25.388 Add Basket MarketNo：2 StockIdx：1887
[21428] 2025/10/07 14:55:25.388 Divide StockNo {UCF00}
[21428] 2025/10/07 14:55:25.388 Add Basket MarketNo：2 StockIdx：1893
[21428] 2025/10/07 14:55:25.388 Divide StockNo {UEF00}
[21428] 2025/10/07 14:55:25.388 Add Basket MarketNo：2 StockIdx：1899
[21428] 2025/10/07 14:55:25.388 Divide StockNo {UFF00}
[21428] 2025/10/07 14:55:25.388 Add Basket MarketNo：2 StockIdx：1905
[21428] 2025/10/07 14:55:25.388 Divide StockNo {UGF00}
[21428] 2025/10/07 14:55:25.388 Add Basket MarketNo：2 StockIdx：1911
[21428] 2025/10/07 14:55:25.388 Divide StockNo {UHF00}
[21428] 2025/10/07 14:55:25.388 Add Basket MarketNo：2 StockIdx：1917
[21428] 2025/10/07 14:55:25.388 Divide StockNo {UIF00}
[21428] 2025/10/07 14:55:25.388 Add Basket MarketNo：2 StockIdx：1923
[21428] 2025/10/07 14:55:25.388 Divide StockNo {UJF00}
[21428] 2025/10/07 14:55:25.388 Add Basket MarketNo：2 StockIdx：1929
[21428] 2025/10/07 14:55:25.388 Divide StockNo {UKF00}
[21428] 2025/10/07 14:55:25.388 Add Basket MarketNo：2 StockIdx：1935
[21428] 2025/10/07 14:55:25.388 Divide StockNo {ULF00}
[21428] 2025/10/07 14:55:25.388 Add Basket MarketNo：2 StockIdx：1941
[21428] 2025/10/07 14:55:25.388 Divide StockNo {UMF00}
[21428] 2025/10/07 14:55:25.388 Add Basket MarketNo：2 StockIdx：1947
[21428] 2025/10/07 14:55:25.388 Divide StockNo {UOF00}
[21428] 2025/10/07 14:55:25.388 Add Basket MarketNo：2 StockIdx：1953
[21428] 2025/10/07 14:55:25.388 Divide StockNo {UPF00}
[21428] 2025/10/07 14:55:25.388 Add Basket MarketNo：2 StockIdx：1959
[21428] 2025/10/07 14:55:25.388 Divide StockNo {UQF00}
[21428] 2025/10/07 14:55:25.389 Add Basket MarketNo：2 StockIdx：1965
[21428] 2025/10/07 14:55:25.389 Divide StockNo {URF00}
[21428] 2025/10/07 14:55:25.389 Add Basket MarketNo：2 StockIdx：1972
[21428] 2025/10/07 14:55:25.389 Divide StockNo {USF00}
[21428] 2025/10/07 14:55:25.389 Add Basket MarketNo：2 StockIdx：1978
[21428] 2025/10/07 14:55:25.389 Divide StockNo {UTF00}
[21428] 2025/10/07 14:55:25.389 Add Basket MarketNo：2 StockIdx：1984
[21428] 2025/10/07 14:55:25.389 Divide StockNo {UUF00}
[21428] 2025/10/07 14:55:25.389 Add Basket MarketNo：2 StockIdx：1990
[21428] 2025/10/07 14:55:25.389 Divide StockNo {UVF00}
[21428] 2025/10/07 14:55:25.389 Add Basket MarketNo：2 StockIdx：1996
[21428] 2025/10/07 14:55:25.389 Divide StockNo {UWF00}
[21428] 2025/10/07 14:55:25.389 Add Basket MarketNo：2 StockIdx：2002
[21428] 2025/10/07 14:55:25.389 Divide StockNo {0050}
[21428] 2025/10/07 14:55:25.389 Add Basket MarketNo：0 StockIdx：0
[21428] 2025/10/07 14:55:25.389 Divide StockNo {0056}
[21428] 2025/10/07 14:55:25.389 Add Basket MarketNo：0 StockIdx：5
[21428] 2025/10/07 14:55:25.389 Divide StockNo {006205}
[21428] 2025/10/07 14:55:25.389 Add Basket MarketNo：0 StockIdx：10
[21428] 2025/10/07 14:55:25.389 Divide StockNo {006206}
[21428] 2025/10/07 14:55:25.389 Add Basket MarketNo：0 StockIdx：11
[21428] 2025/10/07 14:55:25.389 Divide StockNo {00636}
[21428] 2025/10/07 14:55:25.389 Add Basket MarketNo：0 StockIdx：20
[21428] 2025/10/07 14:55:25.389 Divide StockNo {00639}
[21428] 2025/10/07 14:55:25.389 Add Basket MarketNo：0 StockIdx：24
[21428] 2025/10/07 14:55:25.389 Divide StockNo {00643}
[21428] 2025/10/07 14:55:25.389 Add Basket MarketNo：0 StockIdx：28
[21428] 2025/10/07 14:55:25.389 Divide StockNo {00679B}
[21428] 2025/10/07 14:55:25.389 Add Basket MarketNo：1 StockIdx：1
[21428] 2025/10/07 14:55:25.389 Divide StockNo {00687B}
[21428] 2025/10/07 14:55:25.389 Add Basket MarketNo：1 StockIdx：2
[21428] 2025/10/07 14:55:25.389 Divide StockNo {00719B}
[21428] 2025/10/07 14:55:25.389 Add Basket MarketNo：1 StockIdx：8
[21428] 2025/10/07 14:55:25.389 Divide StockNo {00757}
[21428] 2025/10/07 14:55:25.389 Add Basket MarketNo：0 StockIdx：98
[21428] 2025/10/07 14:55:25.389 Divide StockNo {00772B}
[21428] 2025/10/07 14:55:25.389 Add Basket MarketNo：1 StockIdx：32
[21428] 2025/10/07 14:55:25.389 Divide StockNo {00878}
[21428] 2025/10/07 14:55:25.389 Add Basket MarketNo：0 StockIdx：113
[21428] 2025/10/07 14:55:25.389 Divide StockNo {00885}
[21428] 2025/10/07 14:55:25.389 Add Basket MarketNo：0 StockIdx：116
[21428] 2025/10/07 14:55:25.389 Divide StockNo {00893}
[21428] 2025/10/07 14:55:25.389 Add Basket MarketNo：0 StockIdx：119
[21428] 2025/10/07 14:55:25.389 Divide StockNo {00919}
[21428] 2025/10/07 14:55:25.389 Add Basket MarketNo：0 StockIdx：143
[21428] 2025/10/07 14:55:25.389 Divide StockNo {00923}
[21428] 2025/10/07 14:55:25.389 Add Basket MarketNo：0 StockIdx：147
[21428] 2025/10/07 14:55:25.389 Divide StockNo {00929}
[21428] 2025/10/07 14:55:25.389 Add Basket MarketNo：0 StockIdx：151
[21428] 2025/10/07 14:55:25.389 Divide StockNo {00937B}
[21428] 2025/10/07 14:55:25.389 Add Basket MarketNo：1 StockIdx：82
[21428] 2025/10/07 14:55:25.389 Divide StockNo {00940}
[21428] 2025/10/07 14:55:25.389 Add Basket MarketNo：0 StockIdx：159
[21428] 2025/10/07 14:55:25.389 Divide StockNo {1101}
[21428] 2025/10/07 14:55:25.389 Add Basket MarketNo：0 StockIdx：32137
[21428] 2025/10/07 14:55:25.389 Divide StockNo {1102}
[21428] 2025/10/07 14:55:25.389 Add Basket MarketNo：0 StockIdx：32139
[21428] 2025/10/07 14:55:25.389 Divide StockNo {1210}
[21428] 2025/10/07 14:55:25.390 Add Basket MarketNo：0 StockIdx：32147
[21428] 2025/10/07 14:55:25.390 Divide StockNo {1216}
[21428] 2025/10/07 14:55:25.390 Add Basket MarketNo：0 StockIdx：32150
[21428] 2025/10/07 14:55:25.390 Divide StockNo {1301}
[21428] 2025/10/07 14:55:25.390 Add Basket MarketNo：0 StockIdx：32165
[21428] 2025/10/07 14:55:25.390 Divide StockNo {1303}
[21428] 2025/10/07 14:55:25.390 Add Basket MarketNo：0 StockIdx：32166
[21428] 2025/10/07 14:55:25.390 Divide StockNo {1312}
[21428] 2025/10/07 14:55:25.390 Add Basket MarketNo：0 StockIdx：32173
[21428] 2025/10/07 14:55:25.390 Divide StockNo {1314}
[21428] 2025/10/07 14:55:25.390 Add Basket MarketNo：0 StockIdx：32176
[21428] 2025/10/07 14:55:25.390 Divide StockNo {1319}
[21428] 2025/10/07 14:55:25.390 Add Basket MarketNo：0 StockIdx：32179
[21428] 2025/10/07 14:55:25.390 Divide StockNo {1326}
[21428] 2025/10/07 14:55:25.390 Add Basket MarketNo：0 StockIdx：32184
[21428] 2025/10/07 14:55:25.390 Divide StockNo {1402}
[21428] 2025/10/07 14:55:25.390 Add Basket MarketNo：0 StockIdx：32191
[21428] 2025/10/07 14:55:25.390 Divide StockNo {1440}
[21428] 2025/10/07 14:55:25.390 Add Basket MarketNo：0 StockIdx：32208
[21428] 2025/10/07 14:55:25.390 Divide StockNo {1476}
[21428] 2025/10/07 14:55:25.390 Add Basket MarketNo：0 StockIdx：32238
[21428] 2025/10/07 14:55:25.390 Divide StockNo {1477}
[21428] 2025/10/07 14:55:25.390 Add Basket MarketNo：0 StockIdx：32239
[21428] 2025/10/07 14:55:25.390 Divide StockNo {1503}
[21428] 2025/10/07 14:55:25.390 Add Basket MarketNo：0 StockIdx：32240
[21428] 2025/10/07 14:55:25.390 Divide StockNo {1504}
[21428] 2025/10/07 14:55:25.390 Add Basket MarketNo：0 StockIdx：32241
[21428] 2025/10/07 14:55:25.390 Divide StockNo {1513}
[21428] 2025/10/07 14:55:25.390 Add Basket MarketNo：0 StockIdx：32244
[21428] 2025/10/07 14:55:25.390 Divide StockNo {1536}
[21428] 2025/10/07 14:55:25.390 Add Basket MarketNo：0 StockIdx：32264
[21428] 2025/10/07 14:55:25.390 Divide StockNo {1565}
[21428] 2025/10/07 14:55:25.390 Add Basket MarketNo：1 StockIdx：138
[21428] 2025/10/07 14:55:25.390 Divide StockNo {1590}
[21428] 2025/10/07 14:55:25.390 Add Basket MarketNo：0 StockIdx：32278
[21428] 2025/10/07 14:55:25.390 Divide StockNo {1605}
[21428] 2025/10/07 14:55:25.390 Add Basket MarketNo：0 StockIdx：32283
[21428] 2025/10/07 14:55:25.390 Divide StockNo {1609}
[21428] 2025/10/07 14:55:25.390 Add Basket MarketNo：0 StockIdx：32285
[21428] 2025/10/07 14:55:25.390 Divide StockNo {1707}
[21428] 2025/10/07 14:55:25.390 Add Basket MarketNo：0 StockIdx：32295
[21428] 2025/10/07 14:55:25.390 Divide StockNo {1717}
[21428] 2025/10/07 14:55:25.390 Add Basket MarketNo：0 StockIdx：32303
[21428] 2025/10/07 14:55:25.390 Divide StockNo {1718}
[21428] 2025/10/07 14:55:25.390 Add Basket MarketNo：0 StockIdx：32304
[21428] 2025/10/07 14:55:25.390 Divide StockNo {1722}
[21428] 2025/10/07 14:55:25.390 Add Basket MarketNo：0 StockIdx：32307
[21428] 2025/10/07 14:55:25.390 Divide StockNo {1795}
[21428] 2025/10/07 14:55:25.390 Add Basket MarketNo：0 StockIdx：32328
[21428] 2025/10/07 14:55:25.390 Divide StockNo {1802}
[21428] 2025/10/07 14:55:25.390 Add Basket MarketNo：0 StockIdx：32329
[21428] 2025/10/07 14:55:25.390 Divide StockNo {1904}
[21428] 2025/10/07 14:55:25.390 Add Basket MarketNo：0 StockIdx：32337
[21428] 2025/10/07 14:55:25.390 Divide StockNo {1905}
[21428] 2025/10/07 14:55:25.390 Add Basket MarketNo：0 StockIdx：32338
[21428] 2025/10/07 14:55:25.390 Divide StockNo {1907}
[21428] 2025/10/07 14:55:25.390 Add Basket MarketNo：0 StockIdx：32340
[21428] 2025/10/07 14:55:25.390 Divide StockNo {1909}
[21428] 2025/10/07 14:55:25.390 Add Basket MarketNo：0 StockIdx：32341
[21428] 2025/10/07 14:55:25.390 Divide StockNo {2002}
[21428] 2025/10/07 14:55:25.390 Add Basket MarketNo：0 StockIdx：32342
[21428] 2025/10/07 14:55:25.390 Divide StockNo {2006}
[21428] 2025/10/07 14:55:25.390 Add Basket MarketNo：0 StockIdx：32344
[21428] 2025/10/07 14:55:25.390 Divide StockNo {2014}
[21428] 2025/10/07 14:55:25.390 Add Basket MarketNo：0 StockIdx：32351
[21428] 2025/10/07 14:55:25.390 Divide StockNo {2027}
[21428] 2025/10/07 14:55:25.390 Add Basket MarketNo：0 StockIdx：32359
[21428] 2025/10/07 14:55:25.390 Divide StockNo {2049}
[21428] 2025/10/07 14:55:25.390 Add Basket MarketNo：0 StockIdx：32368
[21428] 2025/10/07 14:55:25.391 Divide StockNo {2059}
[21428] 2025/10/07 14:55:25.391 Add Basket MarketNo：0 StockIdx：32369
[21428] 2025/10/07 14:55:25.391 Divide StockNo {2105}
[21428] 2025/10/07 14:55:25.391 Add Basket MarketNo：0 StockIdx：32376
[21428] 2025/10/07 14:55:25.391 Divide StockNo {2201}
[21428] 2025/10/07 14:55:25.391 Add Basket MarketNo：0 StockIdx：32383
[21428] 2025/10/07 14:55:25.391 Divide StockNo {2231}
[21428] 2025/10/07 14:55:25.391 Add Basket MarketNo：0 StockIdx：32391
[21428] 2025/10/07 14:55:25.391 Divide StockNo {2301}
[21428] 2025/10/07 14:55:25.391 Add Basket MarketNo：0 StockIdx：32402
[21428] 2025/10/07 14:55:25.391 Divide StockNo {2303}
[21428] 2025/10/07 14:55:25.391 Add Basket MarketNo：0 StockIdx：32404
[21428] 2025/10/07 14:55:25.391 Divide StockNo {2308}
[21428] 2025/10/07 14:55:25.391 Add Basket MarketNo：0 StockIdx：32406
[21428] 2025/10/07 14:55:25.391 Divide StockNo {2312}
[21428] 2025/10/07 14:55:25.391 Add Basket MarketNo：0 StockIdx：32407
[21428] 2025/10/07 14:55:25.391 Divide StockNo {2313}
[21428] 2025/10/07 14:55:25.391 Add Basket MarketNo：0 StockIdx：32408
[21428] 2025/10/07 14:55:25.391 Divide StockNo {2317}
[21428] 2025/10/07 14:55:25.391 Add Basket MarketNo：0 StockIdx：32411
[21428] 2025/10/07 14:55:25.391 Divide StockNo {2323}
[21428] 2025/10/07 14:55:25.391 Add Basket MarketNo：0 StockIdx：32413
[21428] 2025/10/07 14:55:25.391 Divide StockNo {2324}
[21428] 2025/10/07 14:55:25.391 Add Basket MarketNo：0 StockIdx：32414
[21428] 2025/10/07 14:55:25.391 Divide StockNo {2327}
[21428] 2025/10/07 14:55:25.391 Add Basket MarketNo：0 StockIdx：32415
[21428] 2025/10/07 14:55:25.391 Divide StockNo {2328}
[21428] 2025/10/07 14:55:25.391 Add Basket MarketNo：0 StockIdx：32416
[21428] 2025/10/07 14:55:25.391 Divide StockNo {2330}
[21428] 2025/10/07 14:55:25.391 Add Basket MarketNo：0 StockIdx：32418
[21428] 2025/10/07 14:55:25.391 Divide StockNo {2331}
[21428] 2025/10/07 14:55:25.391 Add Basket MarketNo：0 StockIdx：32419
[21428] 2025/10/07 14:55:25.391 Divide StockNo {2332}
[21428] 2025/10/07 14:55:25.391 Add Basket MarketNo：0 StockIdx：32420
[21428] 2025/10/07 14:55:25.391 Divide StockNo {2337}
[21428] 2025/10/07 14:55:25.391 Add Basket MarketNo：0 StockIdx：32421
[21428] 2025/10/07 14:55:25.391 Divide StockNo {2338}
[21428] 2025/10/07 14:55:25.391 Add Basket MarketNo：0 StockIdx：32422
[21428] 2025/10/07 14:55:25.391 Divide StockNo {2340}
[21428] 2025/10/07 14:55:25.391 Add Basket MarketNo：0 StockIdx：32423
[21428] 2025/10/07 14:55:25.391 Divide StockNo {2344}
[21428] 2025/10/07 14:55:25.391 Add Basket MarketNo：0 StockIdx：32425
[21428] 2025/10/07 14:55:25.391 Divide StockNo {2345}
[21428] 2025/10/07 14:55:25.391 Add Basket MarketNo：0 StockIdx：32426
[21428] 2025/10/07 14:55:25.391 Divide StockNo {2347}
[21428] 2025/10/07 14:55:25.391 Add Basket MarketNo：0 StockIdx：32427
[21428] 2025/10/07 14:55:25.391 Divide StockNo {2352}
[21428] 2025/10/07 14:55:25.391 Add Basket MarketNo：0 StockIdx：32432
[21428] 2025/10/07 14:55:25.391 Divide StockNo {2353}
[21428] 2025/10/07 14:55:25.391 Add Basket MarketNo：0 StockIdx：32433
[21428] 2025/10/07 14:55:25.391 Divide StockNo {2354}
[21428] 2025/10/07 14:55:25.391 Add Basket MarketNo：0 StockIdx：32434
[21428] 2025/10/07 14:55:25.391 Divide StockNo {2355}
[21428] 2025/10/07 14:55:25.391 Add Basket MarketNo：0 StockIdx：32435
[21428] 2025/10/07 14:55:25.391 Divide StockNo {2356}
[21428] 2025/10/07 14:55:25.391 Add Basket MarketNo：0 StockIdx：32436
[21428] 2025/10/07 14:55:25.391 Divide StockNo {2357}
[21428] 2025/10/07 14:55:25.391 Add Basket MarketNo：0 StockIdx：32437
[21428] 2025/10/07 14:55:25.391 Divide StockNo {2360}
[21428] 2025/10/07 14:55:25.391 Add Basket MarketNo：0 StockIdx：32439
[21428] 2025/10/07 14:55:25.391 Divide StockNo {2368}
[21428] 2025/10/07 14:55:25.391 Add Basket MarketNo：0 StockIdx：32445
[21428] 2025/10/07 14:55:25.391 Divide StockNo {2371}
[21428] 2025/10/07 14:55:25.392 Add Basket MarketNo：0 StockIdx：32447
[21428] 2025/10/07 14:55:25.392 Divide StockNo {2376}
[21428] 2025/10/07 14:55:25.392 Add Basket MarketNo：0 StockIdx：32451
[21428] 2025/10/07 14:55:25.392 Divide StockNo {2377}
[21428] 2025/10/07 14:55:25.392 Add Basket MarketNo：0 StockIdx：32452
[21428] 2025/10/07 14:55:25.392 Divide StockNo {2379}
[21428] 2025/10/07 14:55:25.392 Add Basket MarketNo：0 StockIdx：32453
[21428] 2025/10/07 14:55:25.392 Divide StockNo {2382}
[21428] 2025/10/07 14:55:25.392 Add Basket MarketNo：0 StockIdx：32455
[21428] 2025/10/07 14:55:25.392 Divide StockNo {2383}
[21428] 2025/10/07 14:55:25.392 Add Basket MarketNo：0 StockIdx：32456
[21428] 2025/10/07 14:55:25.392 Divide StockNo {2385}
[21428] 2025/10/07 14:55:25.392 Add Basket MarketNo：0 StockIdx：32457
[21428] 2025/10/07 14:55:25.392 Divide StockNo {2388}
[21428] 2025/10/07 14:55:25.392 Add Basket MarketNo：0 StockIdx：32459
[21428] 2025/10/07 14:55:25.392 Divide StockNo {2392}
[21428] 2025/10/07 14:55:25.392 Add Basket MarketNo：0 StockIdx：32461
[21428] 2025/10/07 14:55:25.392 Divide StockNo {2393}
[21428] 2025/10/07 14:55:25.392 Add Basket MarketNo：0 StockIdx：32462
[21428] 2025/10/07 14:55:25.392 Divide StockNo {2401}
[21428] 2025/10/07 14:55:25.392 Add Basket MarketNo：0 StockIdx：32466
[21428] 2025/10/07 14:55:25.392 Divide StockNo {2404}
[21428] 2025/10/07 14:55:25.392 Add Basket MarketNo：0 StockIdx：32468
[21428] 2025/10/07 14:55:25.392 Divide StockNo {2408}
[21428] 2025/10/07 14:55:25.392 Add Basket MarketNo：0 StockIdx：32471
[21428] 2025/10/07 14:55:25.392 Divide StockNo {2409}
[21428] 2025/10/07 14:55:25.392 Add Basket MarketNo：0 StockIdx：32472
[21428] 2025/10/07 14:55:25.392 Divide StockNo {2412}
[21428] 2025/10/07 14:55:25.392 Add Basket MarketNo：0 StockIdx：32473
[21428] 2025/10/07 14:55:25.392 Divide StockNo {2439}
[21428] 2025/10/07 14:55:25.392 Add Basket MarketNo：0 StockIdx：32495
[21428] 2025/10/07 14:55:25.392 Divide StockNo {2441}
[21428] 2025/10/07 14:55:25.392 Add Basket MarketNo：0 StockIdx：32497
[21428] 2025/10/07 14:55:25.392 Divide StockNo {2449}
[21428] 2025/10/07 14:55:25.392 Add Basket MarketNo：0 StockIdx：32500
[21428] 2025/10/07 14:55:25.392 Divide StockNo {2454}
[21428] 2025/10/07 14:55:25.392 Add Basket MarketNo：0 StockIdx：32504
[21428] 2025/10/07 14:55:25.392 Divide StockNo {2455}
[21428] 2025/10/07 14:55:25.392 Add Basket MarketNo：0 StockIdx：32505
[21428] 2025/10/07 14:55:25.392 Divide StockNo {2457}
[21428] 2025/10/07 14:55:25.392 Add Basket MarketNo：0 StockIdx：32506
[21428] 2025/10/07 14:55:25.392 Divide StockNo {2458}
[21428] 2025/10/07 14:55:25.392 Add Basket MarketNo：0 StockIdx：32507
[21428] 2025/10/07 14:55:25.392 Divide StockNo {2474}
[21428] 2025/10/07 14:55:25.392 Add Basket MarketNo：0 StockIdx：32519
[21428] 2025/10/07 14:55:25.392 Divide StockNo {2481}
[21428] 2025/10/07 14:55:25.392 Add Basket MarketNo：0 StockIdx：32524
[21428] 2025/10/07 14:55:25.392 Divide StockNo {2485}
[21428] 2025/10/07 14:55:25.392 Add Basket MarketNo：0 StockIdx：32528
[21428] 2025/10/07 14:55:25.392 Divide StockNo {2486}
[21428] 2025/10/07 14:55:25.392 Add Basket MarketNo：0 StockIdx：32529
[21428] 2025/10/07 14:55:25.392 Divide StockNo {2489}
[21428] 2025/10/07 14:55:25.392 Add Basket MarketNo：0 StockIdx：32531
[21428] 2025/10/07 14:55:25.392 Divide StockNo {2492}
[21428] 2025/10/07 14:55:25.392 Add Basket MarketNo：0 StockIdx：32533
[21428] 2025/10/07 14:55:25.392 Divide StockNo {2498}
[21428] 2025/10/07 14:55:25.392 Add Basket MarketNo：0 StockIdx：32538
[21428] 2025/10/07 14:55:25.392 Divide StockNo {2515}
[21428] 2025/10/07 14:55:25.392 Add Basket MarketNo：0 StockIdx：32546
[21428] 2025/10/07 14:55:25.392 Divide StockNo {2520}
[21428] 2025/10/07 14:55:25.392 Add Basket MarketNo：0 StockIdx：32548
[21428] 2025/10/07 14:55:25.392 Divide StockNo {2542}
[21428] 2025/10/07 14:55:25.392 Add Basket MarketNo：0 StockIdx：32560
[21428] 2025/10/07 14:55:25.393 Divide StockNo {2548}
[21428] 2025/10/07 14:55:25.393 Add Basket MarketNo：0 StockIdx：32565
[21428] 2025/10/07 14:55:25.393 Divide StockNo {2603}
[21428] 2025/10/07 14:55:25.393 Add Basket MarketNo：0 StockIdx：32568
[21428] 2025/10/07 14:55:25.393 Divide StockNo {2605}
[21428] 2025/10/07 14:55:25.393 Add Basket MarketNo：0 StockIdx：32569
[21428] 2025/10/07 14:55:25.393 Divide StockNo {2606}
[21428] 2025/10/07 14:55:25.393 Add Basket MarketNo：0 StockIdx：32570
[21428] 2025/10/07 14:55:25.393 Divide StockNo {2609}
[21428] 2025/10/07 14:55:25.393 Add Basket MarketNo：0 StockIdx：32573
[21428] 2025/10/07 14:55:25.393 Divide StockNo {2610}
[21428] 2025/10/07 14:55:25.393 Add Basket MarketNo：0 StockIdx：32574
[21428] 2025/10/07 14:55:25.393 Divide StockNo {2615}
[21428] 2025/10/07 14:55:25.393 Add Basket MarketNo：0 StockIdx：32579
[21428] 2025/10/07 14:55:25.393 Divide StockNo {2618}
[21428] 2025/10/07 14:55:25.393 Add Basket MarketNo：0 StockIdx：32582
[21428] 2025/10/07 14:55:25.393 Divide StockNo {2633}
[21428] 2025/10/07 14:55:25.393 Add Basket MarketNo：0 StockIdx：32584
[21428] 2025/10/07 14:55:25.393 Divide StockNo {2634}
[21428] 2025/10/07 14:55:25.393 Add Basket MarketNo：0 StockIdx：32585
[21428] 2025/10/07 14:55:25.393 Divide StockNo {2801}
[21428] 2025/10/07 14:55:25.393 Add Basket MarketNo：0 StockIdx：32606
[21428] 2025/10/07 14:55:25.393 Divide StockNo {2834}
[21428] 2025/10/07 14:55:25.393 Add Basket MarketNo：0 StockIdx：32611
[21428] 2025/10/07 14:55:25.393 Divide StockNo {2880}
[21428] 2025/10/07 14:55:25.393 Add Basket MarketNo：0 StockIdx：32623
[21428] 2025/10/07 14:55:25.393 Divide StockNo {2881}
[21428] 2025/10/07 14:55:25.393 Add Basket MarketNo：0 StockIdx：32624
[21428] 2025/10/07 14:55:25.393 Divide StockNo {2882}
[21428] 2025/10/07 14:55:25.393 Add Basket MarketNo：0 StockIdx：32628
[21428] 2025/10/07 14:55:25.393 Divide StockNo {2883}
[21428] 2025/10/07 14:55:25.393 Add Basket MarketNo：0 StockIdx：32631
[21428] 2025/10/07 14:55:25.393 Divide StockNo {2884}
[21428] 2025/10/07 14:55:25.393 Add Basket MarketNo：0 StockIdx：32633
[21428] 2025/10/07 14:55:25.393 Divide StockNo {2885}
[21428] 2025/10/07 14:55:25.393 Add Basket MarketNo：0 StockIdx：32634
[21428] 2025/10/07 14:55:25.393 Divide StockNo {2886}
[21428] 2025/10/07 14:55:25.393 Add Basket MarketNo：0 StockIdx：32635
[21428] 2025/10/07 14:55:25.393 Divide StockNo {2887}
[21428] 2025/10/07 14:55:25.393 Add Basket MarketNo：0 StockIdx：32636
[21428] 2025/10/07 14:55:25.393 Divide StockNo {2888}
[21428] 2025/10/07 14:55:25.393 Stock Is Not Exist 
[21428] 2025/10/07 14:55:25.393 Divide StockNo {2890}
[21428] 2025/10/07 14:55:25.393 Add Basket MarketNo：0 StockIdx：32644
[21428] 2025/10/07 14:55:25.393 Divide StockNo {2891}
[21428] 2025/10/07 14:55:25.393 Add Basket MarketNo：0 StockIdx：32645
[21428] 2025/10/07 14:55:25.393 Divide StockNo {2892}
[21428] 2025/10/07 14:55:25.393 Add Basket MarketNo：0 StockIdx：32648
[21428] 2025/10/07 14:55:25.393 Divide StockNo {2913}
[21428] 2025/10/07 14:55:25.393 Add Basket MarketNo：0 StockIdx：32660
[21428] 2025/10/07 14:55:25.393 Divide StockNo {2915}
[21428] 2025/10/07 14:55:25.393 Add Basket MarketNo：0 StockIdx：32661
[21428] 2025/10/07 14:55:25.393 Divide StockNo {3005}
[21428] 2025/10/07 14:55:25.393 Add Basket MarketNo：0 StockIdx：32669
[21428] 2025/10/07 14:55:25.393 Divide StockNo {3006}
[21428] 2025/10/07 14:55:25.393 Add Basket MarketNo：0 StockIdx：32670
[21428] 2025/10/07 14:55:25.393 Divide StockNo {3008}
[21428] 2025/10/07 14:55:25.393 Add Basket MarketNo：0 StockIdx：32671
[21428] 2025/10/07 14:55:25.393 Divide StockNo {3017}
[21428] 2025/10/07 14:55:25.393 Add Basket MarketNo：0 StockIdx：32678
[21428] 2025/10/07 14:55:25.393 Divide StockNo {3019}
[21428] 2025/10/07 14:55:25.393 Add Basket MarketNo：0 StockIdx：32680
[21428] 2025/10/07 14:55:25.393 Divide StockNo {3034}
[21428] 2025/10/07 14:55:25.393 Add Basket MarketNo：0 StockIdx：32694
[21428] 2025/10/07 14:55:25.393 Divide StockNo {3035}
[21428] 2025/10/07 14:55:25.393 Add Basket MarketNo：0 StockIdx：32695
[21428] 2025/10/07 14:55:25.393 Divide StockNo {3036}
[21428] 2025/10/07 14:55:25.393 Add Basket MarketNo：0 StockIdx：32696
[21428] 2025/10/07 14:55:25.394 Divide StockNo {3037}
[21428] 2025/10/07 14:55:25.394 Add Basket MarketNo：0 StockIdx：32698
[21428] 2025/10/07 14:55:25.394 Divide StockNo {3042}
[21428] 2025/10/07 14:55:25.394 Add Basket MarketNo：0 StockIdx：32702
[21428] 2025/10/07 14:55:25.394 Divide StockNo {3044}
[21428] 2025/10/07 14:55:25.394 Add Basket MarketNo：0 StockIdx：32704
[21428] 2025/10/07 14:55:25.394 Divide StockNo {3045}
[21428] 2025/10/07 14:55:25.394 Add Basket MarketNo：0 StockIdx：32705
[21428] 2025/10/07 14:55:25.394 Divide StockNo {3078}
[21428] 2025/10/07 14:55:25.394 Add Basket MarketNo：1 StockIdx：266
[21428] 2025/10/07 14:55:25.394 Divide StockNo {3081}
[21428] 2025/10/07 14:55:25.394 Add Basket MarketNo：1 StockIdx：267
[21428] 2025/10/07 14:55:25.394 Divide StockNo {3105}
[21428] 2025/10/07 14:55:25.394 Add Basket MarketNo：1 StockIdx：277
[21428] 2025/10/07 14:55:25.394 Divide StockNo {3152}
[21428] 2025/10/07 14:55:25.394 Add Basket MarketNo：1 StockIdx：292
[21428] 2025/10/07 14:55:25.394 Divide StockNo {3189}
[21428] 2025/10/07 14:55:25.394 Add Basket MarketNo：0 StockIdx：32732
[21428] 2025/10/07 14:55:25.394 Divide StockNo {3227}
[21428] 2025/10/07 14:55:25.394 Add Basket MarketNo：1 StockIdx：315
[21428] 2025/10/07 14:55:25.394 Divide StockNo {3231}
[21428] 2025/10/07 14:55:25.394 Add Basket MarketNo：0 StockIdx：32735
[21428] 2025/10/07 14:55:25.394 Divide StockNo {3260}
[21428] 2025/10/07 14:55:25.394 Add Basket MarketNo：1 StockIdx：324
[21428] 2025/10/07 14:55:25.394 Divide StockNo {3264}
[21428] 2025/10/07 14:55:25.394 Add Basket MarketNo：1 StockIdx：325
[21428] 2025/10/07 14:55:25.394 Divide StockNo {3293}
[21428] 2025/10/07 14:55:25.394 Add Basket MarketNo：1 StockIdx：338
[21428] 2025/10/07 14:55:25.394 Divide StockNo {3324}
[21428] 2025/10/07 14:55:25.394 Add Basket MarketNo：1 StockIdx：354
[21428] 2025/10/07 14:55:25.394 Divide StockNo {3374}
[21428] 2025/10/07 14:55:25.394 Add Basket MarketNo：1 StockIdx：372
[21428] 2025/10/07 14:55:25.394 Divide StockNo {3376}
[21428] 2025/10/07 14:55:25.394 Add Basket MarketNo：0 StockIdx：32747
[21428] 2025/10/07 14:55:25.394 Divide StockNo {3380}
[21428] 2025/10/07 14:55:25.394 Add Basket MarketNo：0 StockIdx：32748
[21428] 2025/10/07 14:55:25.394 Divide StockNo {3406}
[21428] 2025/10/07 14:55:25.394 Add Basket MarketNo：0 StockIdx：32749
[21428] 2025/10/07 14:55:25.394 Divide StockNo {3443}
[21428] 2025/10/07 14:55:25.394 Add Basket MarketNo：0 StockIdx：32755
[21428] 2025/10/07 14:55:25.394 Divide StockNo {3481}
[21428] 2025/10/07 14:55:25.394 Add Basket MarketNo：0 StockIdx：32759
[21428] 2025/10/07 14:55:25.394 Divide StockNo {3529}
[21428] 2025/10/07 14:55:25.394 Add Basket MarketNo：1 StockIdx：422
[21428] 2025/10/07 14:55:25.394 Divide StockNo {3532}
[21428] 2025/10/07 14:55:25.394 Add Basket MarketNo：0 StockIdx：32767
[21428] 2025/10/07 14:55:25.394 Divide StockNo {3533}
[21428] 2025/10/07 14:55:25.394 Add Basket MarketNo：0 StockIdx：32768
[21428] 2025/10/07 14:55:25.394 Divide StockNo {3552}
[21428] 2025/10/07 14:55:25.394 Add Basket MarketNo：1 StockIdx：432
[21428] 2025/10/07 14:55:25.394 Divide StockNo {3653}
[21428] 2025/10/07 14:55:25.394 Add Basket MarketNo：0 StockIdx：32788
[21428] 2025/10/07 14:55:25.394 Divide StockNo {3661}
[21428] 2025/10/07 14:55:25.394 Add Basket MarketNo：0 StockIdx：32789
[21428] 2025/10/07 14:55:25.394 Divide StockNo {3673}
[21428] 2025/10/07 14:55:25.394 Add Basket MarketNo：0 StockIdx：32792
[21428] 2025/10/07 14:55:25.394 Divide StockNo {3680}
[21428] 2025/10/07 14:55:25.394 Add Basket MarketNo：1 StockIdx：471
[21428] 2025/10/07 14:55:25.394 Divide StockNo {3691}
[21428] 2025/10/07 14:55:25.394 Add Basket MarketNo：1 StockIdx：480
[21428] 2025/10/07 14:55:25.394 Divide StockNo {3702}
[21428] 2025/10/07 14:55:25.394 Add Basket MarketNo：0 StockIdx：32797
[21428] 2025/10/07 14:55:25.394 Divide StockNo {3706}
[21428] 2025/10/07 14:55:25.394 Add Basket MarketNo：0 StockIdx：32801
[21428] 2025/10/07 14:55:25.394 Divide StockNo {3711}
[21428] 2025/10/07 14:55:25.394 Add Basket MarketNo：0 StockIdx：32803
[21428] 2025/10/07 14:55:25.394 Divide StockNo {3714}
[21428] 2025/10/07 14:55:25.394 Add Basket MarketNo：0 StockIdx：32805
[21428] 2025/10/07 14:55:25.395 Divide StockNo {4123}
[21428] 2025/10/07 14:55:25.395 Add Basket MarketNo：1 StockIdx：504
[21428] 2025/10/07 14:55:25.395 Divide StockNo {4128}
[21428] 2025/10/07 14:55:25.395 Add Basket MarketNo：1 StockIdx：509
[21428] 2025/10/07 14:55:25.395 Divide StockNo {4162}
[21428] 2025/10/07 14:55:25.395 Add Basket MarketNo：1 StockIdx：523
[21428] 2025/10/07 14:55:25.395 Divide StockNo {4736}
[21428] 2025/10/07 14:55:25.395 Add Basket MarketNo：0 StockIdx：32850
[21428] 2025/10/07 14:55:25.395 Divide StockNo {4743}
[21428] 2025/10/07 14:55:25.395 Add Basket MarketNo：1 StockIdx：615
[21428] 2025/10/07 14:55:25.395 Divide StockNo {4904}
[21428] 2025/10/07 14:55:25.395 Add Basket MarketNo：0 StockIdx：32861
[21428] 2025/10/07 14:55:25.395 Divide StockNo {4919}
[21428] 2025/10/07 14:55:25.395 Add Basket MarketNo：0 StockIdx：32866
[21428] 2025/10/07 14:55:25.395 Divide StockNo {4938}
[21428] 2025/10/07 14:55:25.395 Add Basket MarketNo：0 StockIdx：32871
[21428] 2025/10/07 14:55:25.395 Divide StockNo {4958}
[21428] 2025/10/07 14:55:25.395 Add Basket MarketNo：0 StockIdx：32877
[21428] 2025/10/07 14:55:25.395 Divide StockNo {5009}
[21428] 2025/10/07 14:55:25.395 Add Basket MarketNo：1 StockIdx：659
[21428] 2025/10/07 14:55:25.395 Divide StockNo {5269}
[21428] 2025/10/07 14:55:25.395 Add Basket MarketNo：0 StockIdx：32896
[21428] 2025/10/07 14:55:25.395 Divide StockNo {5274}
[21428] 2025/10/07 14:55:25.395 Add Basket MarketNo：1 StockIdx：693
[21428] 2025/10/07 14:55:25.395 Divide StockNo {5347}
[21428] 2025/10/07 14:55:25.395 Add Basket MarketNo：1 StockIdx：717
[21428] 2025/10/07 14:55:25.395 Divide StockNo {5371}
[21428] 2025/10/07 14:55:25.395 Add Basket MarketNo：1 StockIdx：724
[21428] 2025/10/07 14:55:25.395 Divide StockNo {5388}
[21428] 2025/10/07 14:55:25.395 Add Basket MarketNo：0 StockIdx：32903
[21428] 2025/10/07 14:55:25.395 Divide StockNo {5425}
[21428] 2025/10/07 14:55:25.395 Add Basket MarketNo：1 StockIdx：732
[21428] 2025/10/07 14:55:25.395 Divide StockNo {5457}
[21428] 2025/10/07 14:55:25.395 Add Basket MarketNo：1 StockIdx：744
[21428] 2025/10/07 14:55:25.395 Divide StockNo {5483}
[21428] 2025/10/07 14:55:25.395 Add Basket MarketNo：1 StockIdx：754
[21428] 2025/10/07 14:55:25.395 Divide StockNo {5534}
[21428] 2025/10/07 14:55:25.395 Add Basket MarketNo：0 StockIdx：32915
[21428] 2025/10/07 14:55:25.395 Divide StockNo {5871}
[21428] 2025/10/07 14:55:25.395 Add Basket MarketNo：0 StockIdx：32921
[21428] 2025/10/07 14:55:25.395 Divide StockNo {5876}
[21428] 2025/10/07 14:55:25.395 Add Basket MarketNo：0 StockIdx：32923
[21428] 2025/10/07 14:55:25.395 Divide StockNo {5880}
[21428] 2025/10/07 14:55:25.395 Add Basket MarketNo：0 StockIdx：32924
[21428] 2025/10/07 14:55:25.395 Divide StockNo {5904}
[21428] 2025/10/07 14:55:25.395 Add Basket MarketNo：1 StockIdx：788
[21428] 2025/10/07 14:55:25.395 Divide StockNo {6005}
[21428] 2025/10/07 14:55:25.395 Add Basket MarketNo：0 StockIdx：32927
[21428] 2025/10/07 14:55:25.395 Divide StockNo {6116}
[21428] 2025/10/07 14:55:25.395 Add Basket MarketNo：0 StockIdx：32932
[21428] 2025/10/07 14:55:25.395 Divide StockNo {6121}
[21428] 2025/10/07 14:55:25.395 Add Basket MarketNo：1 StockIdx：811
[21428] 2025/10/07 14:55:25.395 Divide StockNo {6139}
[21428] 2025/10/07 14:55:25.395 Add Basket MarketNo：0 StockIdx：32938
[21428] 2025/10/07 14:55:25.395 Divide StockNo {6147}
[21428] 2025/10/07 14:55:25.395 Add Basket MarketNo：1 StockIdx：829
[21428] 2025/10/07 14:55:25.395 Divide StockNo {6153}
[21428] 2025/10/07 14:55:25.395 Add Basket MarketNo：0 StockIdx：32942
[21428] 2025/10/07 14:55:25.395 Divide StockNo {6173}
[21428] 2025/10/07 14:55:25.395 Add Basket MarketNo：1 StockIdx：845
[21428] 2025/10/07 14:55:25.395 Divide StockNo {6176}
[21428] 2025/10/07 14:55:25.395 Add Basket MarketNo：0 StockIdx：32948
[21428] 2025/10/07 14:55:25.395 Divide StockNo {6182}
[21428] 2025/10/07 14:55:25.395 Add Basket MarketNo：1 StockIdx：853
[21428] 2025/10/07 14:55:25.395 Divide StockNo {6188}
[21428] 2025/10/07 14:55:25.395 Add Basket MarketNo：1 StockIdx：861
[21428] 2025/10/07 14:55:25.395 Divide StockNo {6213}
[21428] 2025/10/07 14:55:25.395 Add Basket MarketNo：0 StockIdx：32962
[21428] 2025/10/07 14:55:25.396 Divide StockNo {6223}
[21428] 2025/10/07 14:55:25.396 Add Basket MarketNo：1 StockIdx：885
[21428] 2025/10/07 14:55:25.396 Divide StockNo {6239}
[21428] 2025/10/07 14:55:25.396 Add Basket MarketNo：0 StockIdx：32971
[21428] 2025/10/07 14:55:25.396 Divide StockNo {6245}
[21428] 2025/10/07 14:55:25.396 Add Basket MarketNo：1 StockIdx：900
[21428] 2025/10/07 14:55:25.396 Divide StockNo {6257}
[21428] 2025/10/07 14:55:25.396 Add Basket MarketNo：0 StockIdx：32973
[21428] 2025/10/07 14:55:25.396 Divide StockNo {6269}
[21428] 2025/10/07 14:55:25.396 Add Basket MarketNo：0 StockIdx：32974
[21428] 2025/10/07 14:55:25.396 Divide StockNo {6271}
[21428] 2025/10/07 14:55:25.396 Add Basket MarketNo：0 StockIdx：32975
[21428] 2025/10/07 14:55:25.396 Divide StockNo {6274}
[21428] 2025/10/07 14:55:25.396 Add Basket MarketNo：1 StockIdx：912
[21428] 2025/10/07 14:55:25.396 Divide StockNo {6278}
[21428] 2025/10/07 14:55:25.396 Add Basket MarketNo：0 StockIdx：32977
[21428] 2025/10/07 14:55:25.396 Divide StockNo {6279}
[21428] 2025/10/07 14:55:25.396 Add Basket MarketNo：1 StockIdx：916
[21428] 2025/10/07 14:55:25.396 Divide StockNo {6282}
[21428] 2025/10/07 14:55:25.396 Add Basket MarketNo：0 StockIdx：32979
[21428] 2025/10/07 14:55:25.396 Divide StockNo {6285}
[21428] 2025/10/07 14:55:25.396 Add Basket MarketNo：0 StockIdx：32981
[21428] 2025/10/07 14:55:25.396 Divide StockNo {6414}
[21428] 2025/10/07 14:55:25.396 Add Basket MarketNo：0 StockIdx：32985
[21428] 2025/10/07 14:55:25.396 Divide StockNo {6443}
[21428] 2025/10/07 14:55:25.396 Add Basket MarketNo：0 StockIdx：32993
[21428] 2025/10/07 14:55:25.396 Divide StockNo {6472}
[21428] 2025/10/07 14:55:25.396 Add Basket MarketNo：0 StockIdx：32999
[21428] 2025/10/07 14:55:25.396 Divide StockNo {6488}
[21428] 2025/10/07 14:55:25.396 Add Basket MarketNo：1 StockIdx：952
[21428] 2025/10/07 14:55:25.396 Divide StockNo {6505}
[21428] 2025/10/07 14:55:25.396 Add Basket MarketNo：0 StockIdx：33003
[21428] 2025/10/07 14:55:25.396 Divide StockNo {6510}
[21428] 2025/10/07 14:55:25.396 Add Basket MarketNo：1 StockIdx：962
[21428] 2025/10/07 14:55:25.396 Divide StockNo {6526}
[21428] 2025/10/07 14:55:25.396 Add Basket MarketNo：0 StockIdx：33006
[21428] 2025/10/07 14:55:25.396 Divide StockNo {6547}
[21428] 2025/10/07 14:55:25.396 Add Basket MarketNo：1 StockIdx：977
[21428] 2025/10/07 14:55:25.396 Divide StockNo {6669}
[21428] 2025/10/07 14:55:25.396 Add Basket MarketNo：0 StockIdx：33035
[21428] 2025/10/07 14:55:25.396 Divide StockNo {6757}
[21428] 2025/10/07 14:55:25.396 Add Basket MarketNo：0 StockIdx：33052
[21428] 2025/10/07 14:55:25.396 Divide StockNo {6770}
[21428] 2025/10/07 14:55:25.396 Add Basket MarketNo：0 StockIdx：33054
[21428] 2025/10/07 14:55:25.396 Divide StockNo {8039}
[21428] 2025/10/07 14:55:25.396 Add Basket MarketNo：0 StockIdx：33126
[21428] 2025/10/07 14:55:25.396 Divide StockNo {8044}
[21428] 2025/10/07 14:55:25.396 Add Basket MarketNo：1 StockIdx：12233
[21428] 2025/10/07 14:55:25.396 Divide StockNo {8046}
[21428] 2025/10/07 14:55:25.396 Add Basket MarketNo：0 StockIdx：33128
[21428] 2025/10/07 14:55:25.396 Divide StockNo {8069}
[21428] 2025/10/07 14:55:25.396 Add Basket MarketNo：1 StockIdx：12245
[21428] 2025/10/07 14:55:25.396 Divide StockNo {8086}
[21428] 2025/10/07 14:55:25.396 Add Basket MarketNo：1 StockIdx：12254
[21428] 2025/10/07 14:55:25.396 Divide StockNo {8112}
[21428] 2025/10/07 14:55:25.396 Add Basket MarketNo：0 StockIdx：33137
[21428] 2025/10/07 14:55:25.396 Divide StockNo {8150}
[21428] 2025/10/07 14:55:25.396 Add Basket MarketNo：0 StockIdx：33141
[21428] 2025/10/07 14:55:25.396 Divide StockNo {8163}
[21428] 2025/10/07 14:55:25.396 Add Basket MarketNo：0 StockIdx：33143
[21428] 2025/10/07 14:55:25.396 Divide StockNo {8299}
[21428] 2025/10/07 14:55:25.396 Add Basket MarketNo：1 StockIdx：12293
[21428] 2025/10/07 14:55:25.396 Divide StockNo {8358}
[21428] 2025/10/07 14:55:25.396 Add Basket MarketNo：1 StockIdx：12299
[21428] 2025/10/07 14:55:25.396 Divide StockNo {8436}
[21428] 2025/10/07 14:55:25.396 Add Basket MarketNo：1 StockIdx：12325
[21428] 2025/10/07 14:55:25.396 Divide StockNo {8454}
[21428] 2025/10/07 14:55:25.396 Add Basket MarketNo：0 StockIdx：33162
[21428] 2025/10/07 14:55:25.397 Divide StockNo {9904}
[21428] 2025/10/07 14:55:25.397 Add Basket MarketNo：0 StockIdx：33191
[21428] 2025/10/07 14:55:25.397 Divide StockNo {9914}
[21428] 2025/10/07 14:55:25.397 Add Basket MarketNo：0 StockIdx：33199
[21428] 2025/10/07 14:55:25.397 Divide StockNo {9938}
[21428] 2025/10/07 14:55:25.397 Add Basket MarketNo：0 StockIdx：33216
[21428] 2025/10/07 14:55:25.397 Divide StockNo {9939}
[21428] 2025/10/07 14:55:25.397 Add Basket MarketNo：0 StockIdx：33217
[21428] 2025/10/07 14:55:25.397 Divide StockNo {9945}
[21428] 2025/10/07 14:55:25.397 Add Basket MarketNo：0 StockIdx：33224
[21428] 2025/10/07 14:55:25.397 Divide StockNo {9958}
[21428] 2025/10/07 14:55:25.397 Add Basket MarketNo：0 StockIdx：33227
[21428] 2025/10/07 14:55:25.397 Divide StockNo {TSE}
[21428] 2025/10/07 14:55:25.397 Stock Is Not Exist 
[21428] 2025/10/07 14:55:25.397 Divide StockNo {TSE23}
[21428] 2025/10/07 14:55:25.397 Add Basket MarketNo：0 StockIdx：33544
[21428] 2025/10/07 14:55:25.397 Divide StockNo {TSE28}
[21428] 2025/10/07 14:55:25.397 Add Basket MarketNo：0 StockIdx：33549
[21428] 2025/10/07 14:55:25.397 Divide StockNo {TWMC}
[21428] 2025/10/07 14:55:25.397 Stock Is Not Exist 
[21428] 2025/10/07 14:55:25.397 Return PageNo： 1 
[26308] 2025/10/07 14:56:59.536 Precheck/DistributedServer Query result is 000,分配成功
[26308] 2025/10/07 14:56:59.537 >> Host srvsolace-tpa.capital.com.tw
[26308] 2025/10/07 14:56:59.541 SKQuoteLib_EnterMonitor IP：srvsolace-tpa.capital.com.tw
[26308] 2025/10/07 14:56:59.678 OnSessionConnect，Code: 3001, Error Code:0.
[26308] 2025/10/07 14:56:59.732 SKQuoteLib_EnterMonitorLONG starting
[26308] 2025/10/07 14:56:59.734 OnConnection ( 3001 , 0 ) 
[26308] 2025/10/07 14:57:01.384 Market Info is OK!
[26308] 2025/10/07 14:57:01.630 Catalog info is OK!
[26308] 2025/10/07 14:57:06.108 Solace RequestInitializeData (TO_S_19,S_1F)
[26308] 2025/10/07 14:57:06.108 Solace RequestInitializeData (TO_S_19,S_1F)
[26308] 2025/10/07 14:57:06.110 OnConnection ( 3003 , 0 ) 
[13024] 2025/10/07 14:58:38.518 Precheck/DistributedServer Query result is 000,分配成功
[13024] 2025/10/07 14:58:38.518 >> Host srvsolace-tpa.capital.com.tw
[13024] 2025/10/07 14:58:38.523 SKQuoteLib_EnterMonitor IP：srvsolace-tpa.capital.com.tw
[13024] 2025/10/07 14:58:38.652 OnSessionConnect，Code: 3001, Error Code:0.
[13024] 2025/10/07 14:58:38.711 SKQuoteLib_EnterMonitorLONG starting
[13024] 2025/10/07 14:58:38.712 OnConnection ( 3001 , 0 ) 
[13024] 2025/10/07 14:58:39.820 Market Info is OK!
[13024] 2025/10/07 14:58:40.028 Catalog info is OK!
[13024] 2025/10/07 14:58:44.354 Solace RequestInitializeData (TO_S_19,S_1F)
[13024] 2025/10/07 14:58:44.354 Solace RequestInitializeData (TO_S_19,S_1F)
[13024] 2025/10/07 14:58:44.355 OnConnection ( 3003 , 0 ) 
[13024] 2025/10/07 14:58:47.212 SKQuoteLib_RequestStocks (1 , CAF00, CBF00, CCF00, CDF00, CEF00, CFF00, CGF00, CHF00, CJF00, CKF00, CLF00, CMF00, CNF00, CQF00, CRF00, CSF00, CUF00, CWF00, CXF00, CYF00, CZF00, DAF00, DBF00, DCF00, DEF00, DFF00, DGF00, DHF00, DIF00, DJF00, DKF00, DLF00, DNF00, DOF00, DPF00, DQF00, DSF00, DVF00, DWF00, DXF00, DYF00, DZF00, EEF00, EGF00, EHF00, EKF00, EMF00, EPF00, EYF00, EZF00, FBF00, FCF00, FEF00, FFF00, FGF00, FKF00, FNF00, FQF00, FRF00, FSF00, FTF00, FVF00, FWF00, FYF00, FZF00, GAF00, GCF00, GHF00, GIF00, GJF00, GKF00, GLF00, GMF00, GNF00, GOF00, GRF00, GUF00, GVF00, GWF00, GXF00, GYF00, GZF00, HAF00, HBF00, HCF00, HHF00, HIF00, HLF00, HOF00, HQF00, HSF00, IAF00, IHF00, IIF00, IJF00, IMF00, IOF00, IPF00, IQF00, IRF00, ITF00, IXF00, IYF00, IZF00, JBF00, JFF00, JMF00, JNF00, JPF00, JSF00, JWF00, JXF00, JZF00, KAF00, KBF00, KCF00, KDF00, KEF00, KFF00, KGF00, KIF00, KKF00, KLF00, KOF00, KPF00, KSF00, KUF00, KWF00, LBF00, LCF00, LEF00, LIF00, LMF00, LOF00, LQF00, LRF00, LTF00, LUF00, LVF00, LWF00, LXF00, LYF00, MAF00, MBF00, MJF00, MKF00, MQF00, MVF00, MYF00, NAF00, NBF00, NDF00, NEF00, NGF00, NIF00, NJF00, NLF00, NMF00, NOF00, NQF00, NSF00, NUF00, NVF00, NWF00, NYF00, OAF00, OBF00, ODF00, OEF00, OHF00, OJF00, OKF00, OLF00, OMF00, OOF00, OPF00, OQF00, ORF00, OSF00, OTF00, OUF00, OVF00, OWF00, OXF00, OYF00, OZF00, PAF00, PBF00, PCF00, PDF00, PEF00, PFF00, PGF00, PHF00, PIF00, PJF00, PKF00, PLF00, PMF00, PNF00, PPF00, PQF00, PRF00, PSF00, PTF00, PUF00, PVF00, PWF00, PXF00, PYF00, PZF00, QAF00, QBF00, QCF00, QDF00, QEF00, QFF00, QGF00, QHF00, QIF00, QJF00, QKF00, QLF00, QMF00, QNF00, QOF00, QPF00, QQF00, QRF00, QSF00, QTF00, QUF00, QVF00, QWF00, QXF00, QYF00, QZF00, RAF00, RBF00, RCF00, RDF00, REF00, RFF00, RGF00, RIF00, RJF00, RKF00, RLF00, RMF00, RNF00, ROF00, RPF00, RQF00, RRF00, RSF00, RUF00, RVF00, RWF00, RXF00, RYF00, RZF00, SAF00, SBF00, SCF00, SDF00, SEF00, SFF00, SGF00, SIF00, SJF00, SKF00, SLF00, SMF00, SNF00, SQF00, SRF00, SSF00, SUF00, SVF00, SWF00, SYF00, SZF00, UAF00, UBF00, UCF00, UEF00, UFF00, UGF00, UHF00, UIF00, UJF00, UKF00, ULF00, UMF00, UOF00, UPF00, UQF00, URF00, USF00, UTF00, UUF00, UVF00, UWF00, 0050, 0056, 006205, 006206, 00636, 00639, 00643, 00679B, 00687B, 00719B, 00757, 00772B, 00878, 00885, 00893, 00919, 00923, 00929, 00937B, 00940, 1101, 1102, 1210, 1216, 1301, 1303, 1312, 1314, 1319, 1326, 1402, 1440, 1476, 1477, 1503, 1504, 1513, 1536, 1565, 1590, 1605, 1609, 1707, 1717, 1718, 1722, 1795, 1802, 1904, 1905, 1907, 1909, 2002, 2006, 2014, 2027, 2049, 2059, 2105, 2201, 2231, 2301, 2303, 2308, 2312, 2313, 2317, 2323, 2324, 2327, 2328, 2330, 2331, 2332, 2337, 2338, 2340, 2344, 2345, 2347, 2352, 2353, 2354, 2355, 2356, 2357, 2360, 2368, 2371, 2376, 2377, 2379, 2382, 2383, 2385, 2388, 2392, 2393, 2401, 2404, 2408, 2409, 2412, 2439, 2441, 2449, 2454, 2455, 2457, 2458, 2474, 2481, 2485, 2486, 2489, 2492, 2498, 2515, 2520, 2542, 2548, 2603, 2605, 2606, 2609, 2610, 2615, 2618, 2633, 2634, 2801, 2834, 2880, 2881, 2882, 2883, 2884, 2885, 2886, 2887, 2888, 2890, 2891, 2892, 2913, 2915, 3005, 3006, 3008, 3017, 3019, 3034, 3035, 3036, 3037, 3042, 3044, 3045, 3078, 3081, 3105, 3152, 3189, 3227, 3231, 3260, 3264, 3293, 3324, 3374, 3376, 3380, 3406, 3443, 3481, 3529, 3532, 3533, 3552, 3653, 3661, 3673, 3680, 3691, 3702, 3706, 3711, 3714, 4123, 4128, 4162, 4736, 4743, 4904, 4919, 4938, 4958, 5009, 5269, 5274, 5347, 5371, 5388, 5425, 5457, 5483, 5534, 5871, 5876, 5880, 5904, 6005, 6116, 6121, 6139, 6147, 6153, 6173, 6176, 6182, 6188, 6213, 6223, 6239, 6245, 6257, 6269, 6271, 6274, 6278, 6279, 6282, 6285, 6414, 6443, 6472, 6488, 6505, 6510, 6526, 6547, 6669, 6757, 6770, 8039, 8044, 8046, 8069, 8086, 8112, 8150, 8163, 8299, 8358, 8436, 8454, 9904, 9914, 9938, 9939, 9945, 9958, TSE, TSE23, TSE28, TWMC)
[13024] 2025/10/07 14:58:47.216 Divide StockNo {CAF00}
[13024] 2025/10/07 14:58:47.216 Add Basket MarketNo：2 StockIdx：160
[13024] 2025/10/07 14:58:47.216 Divide StockNo {CBF00}
[13024] 2025/10/07 14:58:47.216 Add Basket MarketNo：2 StockIdx：166
[13024] 2025/10/07 14:58:47.216 Divide StockNo {CCF00}
[13024] 2025/10/07 14:58:47.216 Add Basket MarketNo：2 StockIdx：5597
[13024] 2025/10/07 14:58:47.216 Divide StockNo {CDF00}
[13024] 2025/10/07 14:58:47.216 Add Basket MarketNo：2 StockIdx：5603
[13024] 2025/10/07 14:58:47.216 Divide StockNo {CEF00}
[13024] 2025/10/07 14:58:47.216 Add Basket MarketNo：2 StockIdx：184
[13024] 2025/10/07 14:58:47.216 Divide StockNo {CFF00}
[13024] 2025/10/07 14:58:47.216 Add Basket MarketNo：2 StockIdx：194
[13024] 2025/10/07 14:58:47.216 Divide StockNo {CGF00}
[13024] 2025/10/07 14:58:47.216 Add Basket MarketNo：2 StockIdx：200
[13024] 2025/10/07 14:58:47.216 Divide StockNo {CHF00}
[13024] 2025/10/07 14:58:47.216 Add Basket MarketNo：2 StockIdx：206
[13024] 2025/10/07 14:58:47.216 Divide StockNo {CJF00}
[13024] 2025/10/07 14:58:47.216 Add Basket MarketNo：2 StockIdx：212
[13024] 2025/10/07 14:58:47.216 Divide StockNo {CKF00}
[13024] 2025/10/07 14:58:47.216 Add Basket MarketNo：2 StockIdx：218
[13024] 2025/10/07 14:58:47.216 Divide StockNo {CLF00}
[13024] 2025/10/07 14:58:47.216 Add Basket MarketNo：2 StockIdx：224
[13024] 2025/10/07 14:58:47.216 Divide StockNo {CMF00}
[13024] 2025/10/07 14:58:47.216 Add Basket MarketNo：2 StockIdx：230
[13024] 2025/10/07 14:58:47.216 Divide StockNo {CNF00}
[13024] 2025/10/07 14:58:47.216 Add Basket MarketNo：2 StockIdx：236
[13024] 2025/10/07 14:58:47.216 Divide StockNo {CQF00}
[13024] 2025/10/07 14:58:47.216 Add Basket MarketNo：2 StockIdx：242
[13024] 2025/10/07 14:58:47.216 Divide StockNo {CRF00}
[13024] 2025/10/07 14:58:47.216 Add Basket MarketNo：2 StockIdx：248
[13024] 2025/10/07 14:58:47.216 Divide StockNo {CSF00}
[13024] 2025/10/07 14:58:47.216 Add Basket MarketNo：2 StockIdx：254
[13024] 2025/10/07 14:58:47.216 Divide StockNo {CUF00}
[13024] 2025/10/07 14:58:47.216 Add Basket MarketNo：2 StockIdx：261
[13024] 2025/10/07 14:58:47.216 Divide StockNo {CWF00}
[13024] 2025/10/07 14:58:47.216 Add Basket MarketNo：2 StockIdx：267
[13024] 2025/10/07 14:58:47.216 Divide StockNo {CXF00}
[13024] 2025/10/07 14:58:47.216 Add Basket MarketNo：2 StockIdx：277
[13024] 2025/10/07 14:58:47.216 Divide StockNo {CYF00}
[13024] 2025/10/07 14:58:47.216 Add Basket MarketNo：2 StockIdx：283
[13024] 2025/10/07 14:58:47.216 Divide StockNo {CZF00}
[13024] 2025/10/07 14:58:47.216 Add Basket MarketNo：2 StockIdx：289
[13024] 2025/10/07 14:58:47.216 Divide StockNo {DAF00}
[13024] 2025/10/07 14:58:47.217 Add Basket MarketNo：2 StockIdx：295
[13024] 2025/10/07 14:58:47.217 Divide StockNo {DBF00}
[13024] 2025/10/07 14:58:47.217 Add Basket MarketNo：2 StockIdx：301
[13024] 2025/10/07 14:58:47.217 Divide StockNo {DCF00}
[13024] 2025/10/07 14:58:47.217 Add Basket MarketNo：2 StockIdx：307
[13024] 2025/10/07 14:58:47.217 Divide StockNo {DEF00}
[13024] 2025/10/07 14:58:47.217 Add Basket MarketNo：2 StockIdx：314
[13024] 2025/10/07 14:58:47.217 Divide StockNo {DFF00}
[13024] 2025/10/07 14:58:47.217 Add Basket MarketNo：2 StockIdx：322
[13024] 2025/10/07 14:58:47.217 Divide StockNo {DGF00}
[13024] 2025/10/07 14:58:47.217 Add Basket MarketNo：2 StockIdx：328
[13024] 2025/10/07 14:58:47.217 Divide StockNo {DHF00}
[13024] 2025/10/07 14:58:47.217 Add Basket MarketNo：2 StockIdx：334
[13024] 2025/10/07 14:58:47.217 Divide StockNo {DIF00}
[13024] 2025/10/07 14:58:47.217 Add Basket MarketNo：2 StockIdx：340
[13024] 2025/10/07 14:58:47.217 Divide StockNo {DJF00}
[13024] 2025/10/07 14:58:47.217 Add Basket MarketNo：2 StockIdx：346
[13024] 2025/10/07 14:58:47.217 Divide StockNo {DKF00}
[13024] 2025/10/07 14:58:47.217 Add Basket MarketNo：2 StockIdx：352
[13024] 2025/10/07 14:58:47.217 Divide StockNo {DLF00}
[13024] 2025/10/07 14:58:47.217 Add Basket MarketNo：2 StockIdx：358
[13024] 2025/10/07 14:58:47.217 Divide StockNo {DNF00}
[13024] 2025/10/07 14:58:47.217 Add Basket MarketNo：2 StockIdx：364
[13024] 2025/10/07 14:58:47.217 Divide StockNo {DOF00}
[13024] 2025/10/07 14:58:47.217 Add Basket MarketNo：2 StockIdx：371
[13024] 2025/10/07 14:58:47.217 Divide StockNo {DPF00}
[13024] 2025/10/07 14:58:47.217 Add Basket MarketNo：2 StockIdx：378
[13024] 2025/10/07 14:58:47.217 Divide StockNo {DQF00}
[13024] 2025/10/07 14:58:47.217 Add Basket MarketNo：2 StockIdx：384
[13024] 2025/10/07 14:58:47.217 Divide StockNo {DSF00}
[13024] 2025/10/07 14:58:47.217 Add Basket MarketNo：2 StockIdx：390
[13024] 2025/10/07 14:58:47.217 Divide StockNo {DVF00}
[13024] 2025/10/07 14:58:47.217 Add Basket MarketNo：2 StockIdx：396
[13024] 2025/10/07 14:58:47.217 Divide StockNo {DWF00}
[13024] 2025/10/07 14:58:47.217 Add Basket MarketNo：2 StockIdx：402
[13024] 2025/10/07 14:58:47.217 Divide StockNo {DXF00}
[13024] 2025/10/07 14:58:47.217 Add Basket MarketNo：2 StockIdx：408
[13024] 2025/10/07 14:58:47.217 Divide StockNo {DYF00}
[13024] 2025/10/07 14:58:47.217 Add Basket MarketNo：2 StockIdx：414
[13024] 2025/10/07 14:58:47.217 Divide StockNo {DZF00}
[13024] 2025/10/07 14:58:47.217 Add Basket MarketNo：2 StockIdx：420
[13024] 2025/10/07 14:58:47.217 Divide StockNo {EEF00}
[13024] 2025/10/07 14:58:47.217 Add Basket MarketNo：2 StockIdx：426
[13024] 2025/10/07 14:58:47.217 Divide StockNo {EGF00}
[13024] 2025/10/07 14:58:47.217 Add Basket MarketNo：2 StockIdx：432
[13024] 2025/10/07 14:58:47.217 Divide StockNo {EHF00}
[13024] 2025/10/07 14:58:47.217 Add Basket MarketNo：2 StockIdx：438
[13024] 2025/10/07 14:58:47.217 Divide StockNo {EKF00}
[13024] 2025/10/07 14:58:47.217 Add Basket MarketNo：2 StockIdx：444
[13024] 2025/10/07 14:58:47.217 Divide StockNo {EMF00}
[13024] 2025/10/07 14:58:47.217 Add Basket MarketNo：2 StockIdx：450
[13024] 2025/10/07 14:58:47.217 Divide StockNo {EPF00}
[13024] 2025/10/07 14:58:47.217 Add Basket MarketNo：2 StockIdx：456
[13024] 2025/10/07 14:58:47.217 Divide StockNo {EYF00}
[13024] 2025/10/07 14:58:47.218 Add Basket MarketNo：2 StockIdx：462
[13024] 2025/10/07 14:58:47.218 Divide StockNo {EZF00}
[13024] 2025/10/07 14:58:47.218 Add Basket MarketNo：2 StockIdx：468
[13024] 2025/10/07 14:58:47.218 Divide StockNo {FBF00}
[13024] 2025/10/07 14:58:47.218 Add Basket MarketNo：2 StockIdx：474
[13024] 2025/10/07 14:58:47.218 Divide StockNo {FCF00}
[13024] 2025/10/07 14:58:47.218 Add Basket MarketNo：2 StockIdx：480
[13024] 2025/10/07 14:58:47.218 Divide StockNo {FEF00}
[13024] 2025/10/07 14:58:47.218 Add Basket MarketNo：2 StockIdx：485
[13024] 2025/10/07 14:58:47.218 Divide StockNo {FFF00}
[13024] 2025/10/07 14:58:47.218 Add Basket MarketNo：2 StockIdx：492
[13024] 2025/10/07 14:58:47.218 Divide StockNo {FGF00}
[13024] 2025/10/07 14:58:47.218 Add Basket MarketNo：2 StockIdx：498
[13024] 2025/10/07 14:58:47.218 Divide StockNo {FKF00}
[13024] 2025/10/07 14:58:47.218 Add Basket MarketNo：2 StockIdx：504
[13024] 2025/10/07 14:58:47.218 Divide StockNo {FNF00}
[13024] 2025/10/07 14:58:47.218 Add Basket MarketNo：2 StockIdx：510
[13024] 2025/10/07 14:58:47.218 Divide StockNo {FQF00}
[13024] 2025/10/07 14:58:47.218 Add Basket MarketNo：2 StockIdx：516
[13024] 2025/10/07 14:58:47.218 Divide StockNo {FRF00}
[13024] 2025/10/07 14:58:47.218 Add Basket MarketNo：2 StockIdx：522
[13024] 2025/10/07 14:58:47.218 Divide StockNo {FSF00}
[13024] 2025/10/07 14:58:47.218 Add Basket MarketNo：2 StockIdx：528
[13024] 2025/10/07 14:58:47.218 Divide StockNo {FTF00}
[13024] 2025/10/07 14:58:47.218 Add Basket MarketNo：2 StockIdx：534
[13024] 2025/10/07 14:58:47.218 Divide StockNo {FVF00}
[13024] 2025/10/07 14:58:47.218 Add Basket MarketNo：2 StockIdx：540
[13024] 2025/10/07 14:58:47.218 Divide StockNo {FWF00}
[13024] 2025/10/07 14:58:47.218 Add Basket MarketNo：2 StockIdx：546
[13024] 2025/10/07 14:58:47.218 Divide StockNo {FYF00}
[13024] 2025/10/07 14:58:47.218 Add Basket MarketNo：2 StockIdx：552
[13024] 2025/10/07 14:58:47.218 Divide StockNo {FZF00}
[13024] 2025/10/07 14:58:47.218 Add Basket MarketNo：2 StockIdx：558
[13024] 2025/10/07 14:58:47.218 Divide StockNo {GAF00}
[13024] 2025/10/07 14:58:47.218 Add Basket MarketNo：2 StockIdx：564
[13024] 2025/10/07 14:58:47.218 Divide StockNo {GCF00}
[13024] 2025/10/07 14:58:47.218 Add Basket MarketNo：2 StockIdx：570
[13024] 2025/10/07 14:58:47.218 Divide StockNo {GHF00}
[13024] 2025/10/07 14:58:47.218 Add Basket MarketNo：2 StockIdx：576
[13024] 2025/10/07 14:58:47.218 Divide StockNo {GIF00}
[13024] 2025/10/07 14:58:47.218 Add Basket MarketNo：2 StockIdx：582
[13024] 2025/10/07 14:58:47.218 Divide StockNo {GJF00}
[13024] 2025/10/07 14:58:47.218 Add Basket MarketNo：2 StockIdx：588
[13024] 2025/10/07 14:58:47.219 Divide StockNo {GKF00}
[13024] 2025/10/07 14:58:47.219 Add Basket MarketNo：2 StockIdx：594
[13024] 2025/10/07 14:58:47.219 Divide StockNo {GLF00}
[13024] 2025/10/07 14:58:47.219 Add Basket MarketNo：2 StockIdx：600
[13024] 2025/10/07 14:58:47.219 Divide StockNo {GMF00}
[13024] 2025/10/07 14:58:47.219 Add Basket MarketNo：2 StockIdx：606
[13024] 2025/10/07 14:58:47.219 Divide StockNo {GNF00}
[13024] 2025/10/07 14:58:47.219 Add Basket MarketNo：2 StockIdx：612
[13024] 2025/10/07 14:58:47.219 Divide StockNo {GOF00}
[13024] 2025/10/07 14:58:47.219 Add Basket MarketNo：2 StockIdx：618
[13024] 2025/10/07 14:58:47.219 Divide StockNo {GRF00}
[13024] 2025/10/07 14:58:47.219 Add Basket MarketNo：2 StockIdx：624
[13024] 2025/10/07 14:58:47.219 Divide StockNo {GUF00}
[13024] 2025/10/07 14:58:47.219 Add Basket MarketNo：2 StockIdx：630
[13024] 2025/10/07 14:58:47.219 Divide StockNo {GVF00}
[13024] 2025/10/07 14:58:47.219 Add Basket MarketNo：2 StockIdx：636
[13024] 2025/10/07 14:58:47.219 Divide StockNo {GWF00}
[13024] 2025/10/07 14:58:47.219 Add Basket MarketNo：2 StockIdx：642
[13024] 2025/10/07 14:58:47.219 Divide StockNo {GXF00}
[13024] 2025/10/07 14:58:47.219 Add Basket MarketNo：2 StockIdx：648
[13024] 2025/10/07 14:58:47.219 Divide StockNo {GYF00}
[13024] 2025/10/07 14:58:47.219 Add Basket MarketNo：2 StockIdx：654
[13024] 2025/10/07 14:58:47.219 Divide StockNo {GZF00}
[13024] 2025/10/07 14:58:47.219 Add Basket MarketNo：2 StockIdx：660
[13024] 2025/10/07 14:58:47.219 Divide StockNo {HAF00}
[13024] 2025/10/07 14:58:47.219 Add Basket MarketNo：2 StockIdx：666
[13024] 2025/10/07 14:58:47.219 Divide StockNo {HBF00}
[13024] 2025/10/07 14:58:47.219 Add Basket MarketNo：2 StockIdx：677
[13024] 2025/10/07 14:58:47.219 Divide StockNo {HCF00}
[13024] 2025/10/07 14:58:47.219 Add Basket MarketNo：2 StockIdx：683
[13024] 2025/10/07 14:58:47.219 Divide StockNo {HHF00}
[13024] 2025/10/07 14:58:47.219 Add Basket MarketNo：2 StockIdx：689
[13024] 2025/10/07 14:58:47.219 Divide StockNo {HIF00}
[13024] 2025/10/07 14:58:47.219 Add Basket MarketNo：2 StockIdx：695
[13024] 2025/10/07 14:58:47.219 Divide StockNo {HLF00}
[13024] 2025/10/07 14:58:47.219 Add Basket MarketNo：2 StockIdx：701
[13024] 2025/10/07 14:58:47.219 Divide StockNo {HOF00}
[13024] 2025/10/07 14:58:47.219 Add Basket MarketNo：2 StockIdx：713
[13024] 2025/10/07 14:58:47.219 Divide StockNo {HQF00}
[13024] 2025/10/07 14:58:47.219 Add Basket MarketNo：2 StockIdx：720
[13024] 2025/10/07 14:58:47.219 Divide StockNo {HSF00}
[13024] 2025/10/07 14:58:47.220 Add Basket MarketNo：2 StockIdx：726
[13024] 2025/10/07 14:58:47.220 Divide StockNo {IAF00}
[13024] 2025/10/07 14:58:47.220 Add Basket MarketNo：2 StockIdx：732
[13024] 2025/10/07 14:58:47.220 Divide StockNo {IHF00}
[13024] 2025/10/07 14:58:47.220 Add Basket MarketNo：2 StockIdx：740
[13024] 2025/10/07 14:58:47.220 Divide StockNo {IIF00}
[13024] 2025/10/07 14:58:47.220 Add Basket MarketNo：2 StockIdx：746
[13024] 2025/10/07 14:58:47.220 Divide StockNo {IJF00}
[13024] 2025/10/07 14:58:47.220 Add Basket MarketNo：2 StockIdx：752
[13024] 2025/10/07 14:58:47.220 Divide StockNo {IMF00}
[13024] 2025/10/07 14:58:47.220 Add Basket MarketNo：2 StockIdx：758
[13024] 2025/10/07 14:58:47.220 Divide StockNo {IOF00}
[13024] 2025/10/07 14:58:47.220 Add Basket MarketNo：2 StockIdx：764
[13024] 2025/10/07 14:58:47.220 Divide StockNo {IPF00}
[13024] 2025/10/07 14:58:47.220 Add Basket MarketNo：2 StockIdx：770
[13024] 2025/10/07 14:58:47.220 Divide StockNo {IQF00}
[13024] 2025/10/07 14:58:47.220 Add Basket MarketNo：2 StockIdx：776
[13024] 2025/10/07 14:58:47.220 Divide StockNo {IRF00}
[13024] 2025/10/07 14:58:47.220 Add Basket MarketNo：2 StockIdx：782
[13024] 2025/10/07 14:58:47.220 Divide StockNo {ITF00}
[13024] 2025/10/07 14:58:47.220 Add Basket MarketNo：2 StockIdx：788
[13024] 2025/10/07 14:58:47.220 Divide StockNo {IXF00}
[13024] 2025/10/07 14:58:47.220 Add Basket MarketNo：2 StockIdx：794
[13024] 2025/10/07 14:58:47.220 Divide StockNo {IYF00}
[13024] 2025/10/07 14:58:47.220 Add Basket MarketNo：2 StockIdx：800
[13024] 2025/10/07 14:58:47.220 Divide StockNo {IZF00}
[13024] 2025/10/07 14:58:47.220 Add Basket MarketNo：2 StockIdx：806
[13024] 2025/10/07 14:58:47.220 Divide StockNo {JBF00}
[13024] 2025/10/07 14:58:47.220 Add Basket MarketNo：2 StockIdx：812
[13024] 2025/10/07 14:58:47.220 Divide StockNo {JFF00}
[13024] 2025/10/07 14:58:47.220 Add Basket MarketNo：2 StockIdx：818
[13024] 2025/10/07 14:58:47.220 Divide StockNo {JMF00}
[13024] 2025/10/07 14:58:47.220 Add Basket MarketNo：2 StockIdx：824
[13024] 2025/10/07 14:58:47.220 Divide StockNo {JNF00}
[13024] 2025/10/07 14:58:47.220 Add Basket MarketNo：2 StockIdx：830
[13024] 2025/10/07 14:58:47.220 Divide StockNo {JPF00}
[13024] 2025/10/07 14:58:47.220 Add Basket MarketNo：2 StockIdx：836
[13024] 2025/10/07 14:58:47.220 Divide StockNo {JSF00}
[13024] 2025/10/07 14:58:47.220 Add Basket MarketNo：2 StockIdx：842
[13024] 2025/10/07 14:58:47.220 Divide StockNo {JWF00}
[13024] 2025/10/07 14:58:47.220 Add Basket MarketNo：2 StockIdx：848
[13024] 2025/10/07 14:58:47.220 Divide StockNo {JXF00}
[13024] 2025/10/07 14:58:47.220 Add Basket MarketNo：2 StockIdx：854
[13024] 2025/10/07 14:58:47.220 Divide StockNo {JZF00}
[13024] 2025/10/07 14:58:47.220 Add Basket MarketNo：2 StockIdx：860
[13024] 2025/10/07 14:58:47.221 Divide StockNo {KAF00}
[13024] 2025/10/07 14:58:47.221 Add Basket MarketNo：2 StockIdx：866
[13024] 2025/10/07 14:58:47.221 Divide StockNo {KBF00}
[13024] 2025/10/07 14:58:47.221 Add Basket MarketNo：2 StockIdx：872
[13024] 2025/10/07 14:58:47.221 Divide StockNo {KCF00}
[13024] 2025/10/07 14:58:47.221 Add Basket MarketNo：2 StockIdx：878
[13024] 2025/10/07 14:58:47.221 Divide StockNo {KDF00}
[13024] 2025/10/07 14:58:47.221 Add Basket MarketNo：2 StockIdx：884
[13024] 2025/10/07 14:58:47.221 Divide StockNo {KEF00}
[13024] 2025/10/07 14:58:47.221 Add Basket MarketNo：2 StockIdx：890
[13024] 2025/10/07 14:58:47.221 Divide StockNo {KFF00}
[13024] 2025/10/07 14:58:47.221 Add Basket MarketNo：2 StockIdx：896
[13024] 2025/10/07 14:58:47.221 Divide StockNo {KGF00}
[13024] 2025/10/07 14:58:47.221 Add Basket MarketNo：2 StockIdx：902
[13024] 2025/10/07 14:58:47.221 Divide StockNo {KIF00}
[13024] 2025/10/07 14:58:47.221 Add Basket MarketNo：2 StockIdx：908
[13024] 2025/10/07 14:58:47.221 Divide StockNo {KKF00}
[13024] 2025/10/07 14:58:47.221 Add Basket MarketNo：2 StockIdx：914
[13024] 2025/10/07 14:58:47.221 Divide StockNo {KLF00}
[13024] 2025/10/07 14:58:47.221 Add Basket MarketNo：2 StockIdx：920
[13024] 2025/10/07 14:58:47.221 Divide StockNo {KOF00}
[13024] 2025/10/07 14:58:47.221 Add Basket MarketNo：2 StockIdx：926
[13024] 2025/10/07 14:58:47.221 Divide StockNo {KPF00}
[13024] 2025/10/07 14:58:47.221 Add Basket MarketNo：2 StockIdx：932
[13024] 2025/10/07 14:58:47.221 Divide StockNo {KSF00}
[13024] 2025/10/07 14:58:47.221 Add Basket MarketNo：2 StockIdx：938
[13024] 2025/10/07 14:58:47.221 Divide StockNo {KUF00}
[13024] 2025/10/07 14:58:47.221 Add Basket MarketNo：2 StockIdx：944
[13024] 2025/10/07 14:58:47.221 Divide StockNo {KWF00}
[13024] 2025/10/07 14:58:47.221 Add Basket MarketNo：2 StockIdx：950
[13024] 2025/10/07 14:58:47.221 Divide StockNo {LBF00}
[13024] 2025/10/07 14:58:47.221 Add Basket MarketNo：2 StockIdx：956
[13024] 2025/10/07 14:58:47.221 Divide StockNo {LCF00}
[13024] 2025/10/07 14:58:47.221 Add Basket MarketNo：2 StockIdx：962
[13024] 2025/10/07 14:58:47.221 Divide StockNo {LEF00}
[13024] 2025/10/07 14:58:47.221 Add Basket MarketNo：2 StockIdx：968
[13024] 2025/10/07 14:58:47.221 Divide StockNo {LIF00}
[13024] 2025/10/07 14:58:47.221 Add Basket MarketNo：2 StockIdx：974
[13024] 2025/10/07 14:58:47.221 Divide StockNo {LMF00}
[13024] 2025/10/07 14:58:47.221 Add Basket MarketNo：2 StockIdx：980
[13024] 2025/10/07 14:58:47.221 Divide StockNo {LOF00}
[13024] 2025/10/07 14:58:47.221 Add Basket MarketNo：2 StockIdx：986
[13024] 2025/10/07 14:58:47.221 Divide StockNo {LQF00}
[13024] 2025/10/07 14:58:47.221 Add Basket MarketNo：2 StockIdx：992
[13024] 2025/10/07 14:58:47.221 Divide StockNo {LRF00}
[13024] 2025/10/07 14:58:47.221 Add Basket MarketNo：2 StockIdx：998
[13024] 2025/10/07 14:58:47.221 Divide StockNo {LTF00}
[13024] 2025/10/07 14:58:47.221 Add Basket MarketNo：2 StockIdx：1008
[13024] 2025/10/07 14:58:47.221 Divide StockNo {LUF00}
[13024] 2025/10/07 14:58:47.221 Add Basket MarketNo：2 StockIdx：1014
[13024] 2025/10/07 14:58:47.221 Divide StockNo {LVF00}
[13024] 2025/10/07 14:58:47.221 Add Basket MarketNo：2 StockIdx：1020
[13024] 2025/10/07 14:58:47.221 Divide StockNo {LWF00}
[13024] 2025/10/07 14:58:47.222 Add Basket MarketNo：2 StockIdx：1028
[13024] 2025/10/07 14:58:47.222 Divide StockNo {LXF00}
[13024] 2025/10/07 14:58:47.222 Add Basket MarketNo：2 StockIdx：1034
[13024] 2025/10/07 14:58:47.222 Divide StockNo {LYF00}
[13024] 2025/10/07 14:58:47.222 Add Basket MarketNo：2 StockIdx：1041
[13024] 2025/10/07 14:58:47.222 Divide StockNo {MAF00}
[13024] 2025/10/07 14:58:47.222 Add Basket MarketNo：2 StockIdx：1047
[13024] 2025/10/07 14:58:47.222 Divide StockNo {MBF00}
[13024] 2025/10/07 14:58:47.222 Add Basket MarketNo：2 StockIdx：1050
[13024] 2025/10/07 14:58:47.222 Divide StockNo {MJF00}
[13024] 2025/10/07 14:58:47.222 Add Basket MarketNo：2 StockIdx：1056
[13024] 2025/10/07 14:58:47.222 Divide StockNo {MKF00}
[13024] 2025/10/07 14:58:47.222 Add Basket MarketNo：2 StockIdx：1062
[13024] 2025/10/07 14:58:47.222 Divide StockNo {MQF00}
[13024] 2025/10/07 14:58:47.222 Add Basket MarketNo：2 StockIdx：1068
[13024] 2025/10/07 14:58:47.222 Divide StockNo {MVF00}
[13024] 2025/10/07 14:58:47.222 Add Basket MarketNo：2 StockIdx：1074
[13024] 2025/10/07 14:58:47.222 Divide StockNo {MYF00}
[13024] 2025/10/07 14:58:47.222 Add Basket MarketNo：2 StockIdx：1080
[13024] 2025/10/07 14:58:47.222 Divide StockNo {NAF00}
[13024] 2025/10/07 14:58:47.222 Add Basket MarketNo：2 StockIdx：1086
[13024] 2025/10/07 14:58:47.222 Divide StockNo {NBF00}
[13024] 2025/10/07 14:58:47.222 Add Basket MarketNo：2 StockIdx：1092
[13024] 2025/10/07 14:58:47.222 Divide StockNo {NDF00}
[13024] 2025/10/07 14:58:47.222 Add Basket MarketNo：2 StockIdx：1098
[13024] 2025/10/07 14:58:47.222 Divide StockNo {NEF00}
[13024] 2025/10/07 14:58:47.222 Add Basket MarketNo：2 StockIdx：1104
[13024] 2025/10/07 14:58:47.222 Divide StockNo {NGF00}
[13024] 2025/10/07 14:58:47.222 Add Basket MarketNo：2 StockIdx：1110
[13024] 2025/10/07 14:58:47.222 Divide StockNo {NIF00}
[13024] 2025/10/07 14:58:47.222 Add Basket MarketNo：2 StockIdx：1116
[13024] 2025/10/07 14:58:47.222 Divide StockNo {NJF00}
[13024] 2025/10/07 14:58:47.222 Add Basket MarketNo：2 StockIdx：1125
[13024] 2025/10/07 14:58:47.222 Divide StockNo {NLF00}
[13024] 2025/10/07 14:58:47.222 Add Basket MarketNo：2 StockIdx：1131
[13024] 2025/10/07 14:58:47.222 Divide StockNo {NMF00}
[13024] 2025/10/07 14:58:47.222 Add Basket MarketNo：2 StockIdx：1137
[13024] 2025/10/07 14:58:47.222 Divide StockNo {NOF00}
[13024] 2025/10/07 14:58:47.222 Add Basket MarketNo：2 StockIdx：1143
[13024] 2025/10/07 14:58:47.222 Divide StockNo {NQF00}
[13024] 2025/10/07 14:58:47.222 Add Basket MarketNo：2 StockIdx：1149
[13024] 2025/10/07 14:58:47.222 Divide StockNo {NSF00}
[13024] 2025/10/07 14:58:47.222 Add Basket MarketNo：2 StockIdx：1155
[13024] 2025/10/07 14:58:47.222 Divide StockNo {NUF00}
[13024] 2025/10/07 14:58:47.222 Add Basket MarketNo：2 StockIdx：1161
[13024] 2025/10/07 14:58:47.222 Divide StockNo {NVF00}
[13024] 2025/10/07 14:58:47.222 Add Basket MarketNo：2 StockIdx：1167
[13024] 2025/10/07 14:58:47.222 Divide StockNo {NWF00}
[13024] 2025/10/07 14:58:47.222 Add Basket MarketNo：2 StockIdx：1173
[13024] 2025/10/07 14:58:47.222 Divide StockNo {NYF00}
[13024] 2025/10/07 14:58:47.222 Add Basket MarketNo：2 StockIdx：5609
[13024] 2025/10/07 14:58:47.222 Divide StockNo {OAF00}
[13024] 2025/10/07 14:58:47.222 Add Basket MarketNo：2 StockIdx：1185
[13024] 2025/10/07 14:58:47.222 Divide StockNo {OBF00}
[13024] 2025/10/07 14:58:47.222 Add Basket MarketNo：2 StockIdx：1191
[13024] 2025/10/07 14:58:47.223 Divide StockNo {ODF00}
[13024] 2025/10/07 14:58:47.223 Add Basket MarketNo：2 StockIdx：1197
[13024] 2025/10/07 14:58:47.223 Divide StockNo {OEF00}
[13024] 2025/10/07 14:58:47.223 Add Basket MarketNo：2 StockIdx：1203
[13024] 2025/10/07 14:58:47.223 Divide StockNo {OHF00}
[13024] 2025/10/07 14:58:47.223 Add Basket MarketNo：2 StockIdx：1209
[13024] 2025/10/07 14:58:47.223 Divide StockNo {OJF00}
[13024] 2025/10/07 14:58:47.223 Add Basket MarketNo：2 StockIdx：1217
[13024] 2025/10/07 14:58:47.223 Divide StockNo {OKF00}
[13024] 2025/10/07 14:58:47.223 Add Basket MarketNo：2 StockIdx：1223
[13024] 2025/10/07 14:58:47.223 Divide StockNo {OLF00}
[13024] 2025/10/07 14:58:47.223 Add Basket MarketNo：2 StockIdx：1229
[13024] 2025/10/07 14:58:47.223 Divide StockNo {OMF00}
[13024] 2025/10/07 14:58:47.223 Add Basket MarketNo：2 StockIdx：1235
[13024] 2025/10/07 14:58:47.223 Divide StockNo {OOF00}
[13024] 2025/10/07 14:58:47.223 Add Basket MarketNo：2 StockIdx：1241
[13024] 2025/10/07 14:58:47.223 Divide StockNo {OPF00}
[13024] 2025/10/07 14:58:47.223 Add Basket MarketNo：2 StockIdx：1247
[13024] 2025/10/07 14:58:47.223 Divide StockNo {OQF00}
[13024] 2025/10/07 14:58:47.223 Add Basket MarketNo：2 StockIdx：1253
[13024] 2025/10/07 14:58:47.223 Divide StockNo {ORF00}
[13024] 2025/10/07 14:58:47.223 Add Basket MarketNo：2 StockIdx：1259
[13024] 2025/10/07 14:58:47.223 Divide StockNo {OSF00}
[13024] 2025/10/07 14:58:47.223 Add Basket MarketNo：2 StockIdx：1265
[13024] 2025/10/07 14:58:47.223 Divide StockNo {OTF00}
[13024] 2025/10/07 14:58:47.223 Add Basket MarketNo：2 StockIdx：1271
[13024] 2025/10/07 14:58:47.223 Divide StockNo {OUF00}
[13024] 2025/10/07 14:58:47.223 Add Basket MarketNo：2 StockIdx：1277
[13024] 2025/10/07 14:58:47.223 Divide StockNo {OVF00}
[13024] 2025/10/07 14:58:47.223 Add Basket MarketNo：2 StockIdx：1283
[13024] 2025/10/07 14:58:47.223 Divide StockNo {OWF00}
[13024] 2025/10/07 14:58:47.223 Add Basket MarketNo：2 StockIdx：1289
[13024] 2025/10/07 14:58:47.223 Divide StockNo {OXF00}
[13024] 2025/10/07 14:58:47.223 Add Basket MarketNo：2 StockIdx：1295
[13024] 2025/10/07 14:58:47.223 Divide StockNo {OYF00}
[13024] 2025/10/07 14:58:47.223 Add Basket MarketNo：2 StockIdx：1301
[13024] 2025/10/07 14:58:47.223 Divide StockNo {OZF00}
[13024] 2025/10/07 14:58:47.223 Add Basket MarketNo：2 StockIdx：1307
[13024] 2025/10/07 14:58:47.223 Divide StockNo {PAF00}
[13024] 2025/10/07 14:58:47.223 Add Basket MarketNo：2 StockIdx：1313
[13024] 2025/10/07 14:58:47.223 Divide StockNo {PBF00}
[13024] 2025/10/07 14:58:47.223 Add Basket MarketNo：2 StockIdx：1319
[13024] 2025/10/07 14:58:47.223 Divide StockNo {PCF00}
[13024] 2025/10/07 14:58:47.223 Add Basket MarketNo：2 StockIdx：1325
[13024] 2025/10/07 14:58:47.223 Divide StockNo {PDF00}
[13024] 2025/10/07 14:58:47.223 Add Basket MarketNo：2 StockIdx：1331
[13024] 2025/10/07 14:58:47.223 Divide StockNo {PEF00}
[13024] 2025/10/07 14:58:47.223 Add Basket MarketNo：2 StockIdx：1337
[13024] 2025/10/07 14:58:47.223 Divide StockNo {PFF00}
[13024] 2025/10/07 14:58:47.223 Add Basket MarketNo：2 StockIdx：1343
[13024] 2025/10/07 14:58:47.223 Divide StockNo {PGF00}
[13024] 2025/10/07 14:58:47.223 Add Basket MarketNo：2 StockIdx：1349
[13024] 2025/10/07 14:58:47.223 Divide StockNo {PHF00}
[13024] 2025/10/07 14:58:47.223 Add Basket MarketNo：2 StockIdx：1355
[13024] 2025/10/07 14:58:47.223 Divide StockNo {PIF00}
[13024] 2025/10/07 14:58:47.223 Add Basket MarketNo：2 StockIdx：1361
[13024] 2025/10/07 14:58:47.224 Divide StockNo {PJF00}
[13024] 2025/10/07 14:58:47.224 Add Basket MarketNo：2 StockIdx：1367
[13024] 2025/10/07 14:58:47.224 Divide StockNo {PKF00}
[13024] 2025/10/07 14:58:47.224 Add Basket MarketNo：2 StockIdx：1373
[13024] 2025/10/07 14:58:47.224 Divide StockNo {PLF00}
[13024] 2025/10/07 14:58:47.224 Add Basket MarketNo：2 StockIdx：1379
[13024] 2025/10/07 14:58:47.224 Divide StockNo {PMF00}
[13024] 2025/10/07 14:58:47.224 Add Basket MarketNo：2 StockIdx：1385
[13024] 2025/10/07 14:58:47.224 Divide StockNo {PNF00}
[13024] 2025/10/07 14:58:47.224 Add Basket MarketNo：2 StockIdx：1391
[13024] 2025/10/07 14:58:47.224 Divide StockNo {PPF00}
[13024] 2025/10/07 14:58:47.224 Add Basket MarketNo：2 StockIdx：1397
[13024] 2025/10/07 14:58:47.224 Divide StockNo {PQF00}
[13024] 2025/10/07 14:58:47.224 Add Basket MarketNo：2 StockIdx：1403
[13024] 2025/10/07 14:58:47.224 Divide StockNo {PRF00}
[13024] 2025/10/07 14:58:47.224 Add Basket MarketNo：2 StockIdx：1409
[13024] 2025/10/07 14:58:47.224 Divide StockNo {PSF00}
[13024] 2025/10/07 14:58:47.224 Add Basket MarketNo：2 StockIdx：1415
[13024] 2025/10/07 14:58:47.224 Divide StockNo {PTF00}
[13024] 2025/10/07 14:58:47.224 Add Basket MarketNo：2 StockIdx：1424
[13024] 2025/10/07 14:58:47.224 Divide StockNo {PUF00}
[13024] 2025/10/07 14:58:47.224 Add Basket MarketNo：2 StockIdx：1430
[13024] 2025/10/07 14:58:47.224 Divide StockNo {PVF00}
[13024] 2025/10/07 14:58:47.224 Add Basket MarketNo：2 StockIdx：1436
[13024] 2025/10/07 14:58:47.224 Divide StockNo {PWF00}
[13024] 2025/10/07 14:58:47.224 Add Basket MarketNo：2 StockIdx：1442
[13024] 2025/10/07 14:58:47.224 Divide StockNo {PXF00}
[13024] 2025/10/07 14:58:47.224 Add Basket MarketNo：2 StockIdx：1448
[13024] 2025/10/07 14:58:47.224 Divide StockNo {PYF00}
[13024] 2025/10/07 14:58:47.224 Add Basket MarketNo：2 StockIdx：1454
[13024] 2025/10/07 14:58:47.224 Divide StockNo {PZF00}
[13024] 2025/10/07 14:58:47.224 Add Basket MarketNo：2 StockIdx：1460
[13024] 2025/10/07 14:58:47.224 Divide StockNo {QAF00}
[13024] 2025/10/07 14:58:47.224 Add Basket MarketNo：2 StockIdx：1466
[13024] 2025/10/07 14:58:47.224 Divide StockNo {QBF00}
[13024] 2025/10/07 14:58:47.224 Add Basket MarketNo：2 StockIdx：1472
[13024] 2025/10/07 14:58:47.224 Divide StockNo {QCF00}
[13024] 2025/10/07 14:58:47.224 Add Basket MarketNo：2 StockIdx：1478
[13024] 2025/10/07 14:58:47.224 Divide StockNo {QDF00}
[13024] 2025/10/07 14:58:47.224 Add Basket MarketNo：2 StockIdx：1484
[13024] 2025/10/07 14:58:47.224 Divide StockNo {QEF00}
[13024] 2025/10/07 14:58:47.224 Add Basket MarketNo：2 StockIdx：1490
[13024] 2025/10/07 14:58:47.224 Divide StockNo {QFF00}
[13024] 2025/10/07 14:58:47.224 Add Basket MarketNo：2 StockIdx：5615
[13024] 2025/10/07 14:58:47.224 Divide StockNo {QGF00}
[13024] 2025/10/07 14:58:47.224 Add Basket MarketNo：2 StockIdx：1503
[13024] 2025/10/07 14:58:47.224 Divide StockNo {QHF00}
[13024] 2025/10/07 14:58:47.224 Add Basket MarketNo：2 StockIdx：1509
[13024] 2025/10/07 14:58:47.224 Divide StockNo {QIF00}
[13024] 2025/10/07 14:58:47.224 Add Basket MarketNo：2 StockIdx：1515
[13024] 2025/10/07 14:58:47.224 Divide StockNo {QJF00}
[13024] 2025/10/07 14:58:47.224 Add Basket MarketNo：2 StockIdx：1519
[13024] 2025/10/07 14:58:47.224 Divide StockNo {QKF00}
[13024] 2025/10/07 14:58:47.224 Add Basket MarketNo：2 StockIdx：1525
[13024] 2025/10/07 14:58:47.224 Divide StockNo {QLF00}
[13024] 2025/10/07 14:58:47.224 Add Basket MarketNo：2 StockIdx：1531
[13024] 2025/10/07 14:58:47.224 Divide StockNo {QMF00}
[13024] 2025/10/07 14:58:47.225 Add Basket MarketNo：2 StockIdx：1537
[13024] 2025/10/07 14:58:47.225 Divide StockNo {QNF00}
[13024] 2025/10/07 14:58:47.225 Add Basket MarketNo：2 StockIdx：1543
[13024] 2025/10/07 14:58:47.225 Divide StockNo {QOF00}
[13024] 2025/10/07 14:58:47.225 Add Basket MarketNo：2 StockIdx：1549
[13024] 2025/10/07 14:58:47.225 Divide StockNo {QPF00}
[13024] 2025/10/07 14:58:47.225 Add Basket MarketNo：2 StockIdx：1555
[13024] 2025/10/07 14:58:47.225 Divide StockNo {QQF00}
[13024] 2025/10/07 14:58:47.225 Add Basket MarketNo：2 StockIdx：1561
[13024] 2025/10/07 14:58:47.225 Divide StockNo {QRF00}
[13024] 2025/10/07 14:58:47.225 Add Basket MarketNo：2 StockIdx：1567
[13024] 2025/10/07 14:58:47.225 Divide StockNo {QSF00}
[13024] 2025/10/07 14:58:47.225 Add Basket MarketNo：2 StockIdx：1573
[13024] 2025/10/07 14:58:47.225 Divide StockNo {QTF00}
[13024] 2025/10/07 14:58:47.225 Add Basket MarketNo：2 StockIdx：1579
[13024] 2025/10/07 14:58:47.225 Divide StockNo {QUF00}
[13024] 2025/10/07 14:58:47.225 Add Basket MarketNo：2 StockIdx：1585
[13024] 2025/10/07 14:58:47.225 Divide StockNo {QVF00}
[13024] 2025/10/07 14:58:47.225 Add Basket MarketNo：2 StockIdx：1591
[13024] 2025/10/07 14:58:47.225 Divide StockNo {QWF00}
[13024] 2025/10/07 14:58:47.225 Add Basket MarketNo：2 StockIdx：1597
[13024] 2025/10/07 14:58:47.225 Divide StockNo {QXF00}
[13024] 2025/10/07 14:58:47.225 Add Basket MarketNo：2 StockIdx：1603
[13024] 2025/10/07 14:58:47.225 Divide StockNo {QYF00}
[13024] 2025/10/07 14:58:47.225 Add Basket MarketNo：2 StockIdx：1609
[13024] 2025/10/07 14:58:47.225 Divide StockNo {QZF00}
[13024] 2025/10/07 14:58:47.225 Add Basket MarketNo：2 StockIdx：1615
[13024] 2025/10/07 14:58:47.225 Divide StockNo {RAF00}
[13024] 2025/10/07 14:58:47.225 Add Basket MarketNo：2 StockIdx：1621
[13024] 2025/10/07 14:58:47.225 Divide StockNo {RBF00}
[13024] 2025/10/07 14:58:47.225 Add Basket MarketNo：2 StockIdx：1627
[13024] 2025/10/07 14:58:47.225 Divide StockNo {RCF00}
[13024] 2025/10/07 14:58:47.225 Add Basket MarketNo：2 StockIdx：1633
[13024] 2025/10/07 14:58:47.225 Divide StockNo {RDF00}
[13024] 2025/10/07 14:58:47.225 Add Basket MarketNo：2 StockIdx：1639
[13024] 2025/10/07 14:58:47.225 Divide StockNo {REF00}
[13024] 2025/10/07 14:58:47.225 Add Basket MarketNo：2 StockIdx：1645
[13024] 2025/10/07 14:58:47.225 Divide StockNo {RFF00}
[13024] 2025/10/07 14:58:47.225 Add Basket MarketNo：2 StockIdx：1651
[13024] 2025/10/07 14:58:47.225 Divide StockNo {RGF00}
[13024] 2025/10/07 14:58:47.225 Add Basket MarketNo：2 StockIdx：1657
[13024] 2025/10/07 14:58:47.225 Divide StockNo {RIF00}
[13024] 2025/10/07 14:58:47.225 Add Basket MarketNo：2 StockIdx：1663
[13024] 2025/10/07 14:58:47.225 Divide StockNo {RJF00}
[13024] 2025/10/07 14:58:47.225 Add Basket MarketNo：2 StockIdx：1669
[13024] 2025/10/07 14:58:47.225 Divide StockNo {RKF00}
[13024] 2025/10/07 14:58:47.225 Add Basket MarketNo：2 StockIdx：1675
[13024] 2025/10/07 14:58:47.225 Divide StockNo {RLF00}
[13024] 2025/10/07 14:58:47.225 Add Basket MarketNo：2 StockIdx：1681
[13024] 2025/10/07 14:58:47.225 Divide StockNo {RMF00}
[13024] 2025/10/07 14:58:47.226 Stock Is Not Exist 
[13024] 2025/10/07 14:58:47.226 Divide StockNo {RNF00}
[13024] 2025/10/07 14:58:47.226 Add Basket MarketNo：2 StockIdx：1687
[13024] 2025/10/07 14:58:47.226 Divide StockNo {ROF00}
[13024] 2025/10/07 14:58:47.226 Add Basket MarketNo：2 StockIdx：1693
[13024] 2025/10/07 14:58:47.226 Divide StockNo {RPF00}
[13024] 2025/10/07 14:58:47.226 Add Basket MarketNo：2 StockIdx：1699
[13024] 2025/10/07 14:58:47.226 Divide StockNo {RQF00}
[13024] 2025/10/07 14:58:47.226 Stock Is Not Exist 
[13024] 2025/10/07 14:58:47.226 Divide StockNo {RRF00}
[13024] 2025/10/07 14:58:47.226 Add Basket MarketNo：2 StockIdx：1706
[13024] 2025/10/07 14:58:47.226 Divide StockNo {RSF00}
[13024] 2025/10/07 14:58:47.226 Add Basket MarketNo：2 StockIdx：1712
[13024] 2025/10/07 14:58:47.226 Divide StockNo {RUF00}
[13024] 2025/10/07 14:58:47.226 Add Basket MarketNo：2 StockIdx：1718
[13024] 2025/10/07 14:58:47.226 Divide StockNo {RVF00}
[13024] 2025/10/07 14:58:47.226 Add Basket MarketNo：2 StockIdx：1724
[13024] 2025/10/07 14:58:47.226 Divide StockNo {RWF00}
[13024] 2025/10/07 14:58:47.226 Add Basket MarketNo：2 StockIdx：1730
[13024] 2025/10/07 14:58:47.226 Divide StockNo {RXF00}
[13024] 2025/10/07 14:58:47.226 Add Basket MarketNo：2 StockIdx：1736
[13024] 2025/10/07 14:58:47.226 Divide StockNo {RYF00}
[13024] 2025/10/07 14:58:47.226 Add Basket MarketNo：2 StockIdx：1742
[13024] 2025/10/07 14:58:47.226 Divide StockNo {RZF00}
[13024] 2025/10/07 14:58:47.226 Add Basket MarketNo：2 StockIdx：5621
[13024] 2025/10/07 14:58:47.226 Divide StockNo {SAF00}
[13024] 2025/10/07 14:58:47.226 Add Basket MarketNo：2 StockIdx：1754
[13024] 2025/10/07 14:58:47.226 Divide StockNo {SBF00}
[13024] 2025/10/07 14:58:47.226 Add Basket MarketNo：2 StockIdx：1760
[13024] 2025/10/07 14:58:47.226 Divide StockNo {SCF00}
[13024] 2025/10/07 14:58:47.226 Add Basket MarketNo：2 StockIdx：1766
[13024] 2025/10/07 14:58:47.226 Divide StockNo {SDF00}
[13024] 2025/10/07 14:58:47.226 Add Basket MarketNo：2 StockIdx：1772
[13024] 2025/10/07 14:58:47.226 Divide StockNo {SEF00}
[13024] 2025/10/07 14:58:47.227 Add Basket MarketNo：2 StockIdx：1778
[13024] 2025/10/07 14:58:47.227 Divide StockNo {SFF00}
[13024] 2025/10/07 14:58:47.227 Add Basket MarketNo：2 StockIdx：1784
[13024] 2025/10/07 14:58:47.227 Divide StockNo {SGF00}
[13024] 2025/10/07 14:58:47.227 Add Basket MarketNo：2 StockIdx：1790
[13024] 2025/10/07 14:58:47.227 Divide StockNo {SIF00}
[13024] 2025/10/07 14:58:47.227 Add Basket MarketNo：2 StockIdx：1796
[13024] 2025/10/07 14:58:47.227 Divide StockNo {SJF00}
[13024] 2025/10/07 14:58:47.227 Add Basket MarketNo：2 StockIdx：1802
[13024] 2025/10/07 14:58:47.227 Divide StockNo {SKF00}
[13024] 2025/10/07 14:58:47.227 Add Basket MarketNo：2 StockIdx：1808
[13024] 2025/10/07 14:58:47.227 Divide StockNo {SLF00}
[13024] 2025/10/07 14:58:47.227 Add Basket MarketNo：2 StockIdx：1814
[13024] 2025/10/07 14:58:47.227 Divide StockNo {SMF00}
[13024] 2025/10/07 14:58:47.227 Add Basket MarketNo：2 StockIdx：1820
[13024] 2025/10/07 14:58:47.227 Divide StockNo {SNF00}
[13024] 2025/10/07 14:58:47.227 Add Basket MarketNo：2 StockIdx：1826
[13024] 2025/10/07 14:58:47.227 Divide StockNo {SQF00}
[13024] 2025/10/07 14:58:47.227 Add Basket MarketNo：2 StockIdx：1832
[13024] 2025/10/07 14:58:47.227 Divide StockNo {SRF00}
[13024] 2025/10/07 14:58:47.227 Add Basket MarketNo：2 StockIdx：5627
[13024] 2025/10/07 14:58:47.227 Divide StockNo {SSF00}
[13024] 2025/10/07 14:58:47.227 Add Basket MarketNo：2 StockIdx：1845
[13024] 2025/10/07 14:58:47.227 Divide StockNo {SUF00}
[13024] 2025/10/07 14:58:47.227 Add Basket MarketNo：2 StockIdx：1851
[13024] 2025/10/07 14:58:47.227 Divide StockNo {SVF00}
[13024] 2025/10/07 14:58:47.227 Add Basket MarketNo：2 StockIdx：1857
[13024] 2025/10/07 14:58:47.227 Divide StockNo {SWF00}
[13024] 2025/10/07 14:58:47.227 Add Basket MarketNo：2 StockIdx：1863
[13024] 2025/10/07 14:58:47.227 Divide StockNo {SYF00}
[13024] 2025/10/07 14:58:47.227 Add Basket MarketNo：2 StockIdx：1869
[13024] 2025/10/07 14:58:47.227 Divide StockNo {SZF00}
[13024] 2025/10/07 14:58:47.227 Add Basket MarketNo：2 StockIdx：1875
[13024] 2025/10/07 14:58:47.227 Divide StockNo {UAF00}
[13024] 2025/10/07 14:58:47.227 Add Basket MarketNo：2 StockIdx：1881
[13024] 2025/10/07 14:58:47.227 Divide StockNo {UBF00}
[13024] 2025/10/07 14:58:47.227 Add Basket MarketNo：2 StockIdx：1887
[13024] 2025/10/07 14:58:47.227 Divide StockNo {UCF00}
[13024] 2025/10/07 14:58:47.227 Add Basket MarketNo：2 StockIdx：1893
[13024] 2025/10/07 14:58:47.227 Divide StockNo {UEF00}
[13024] 2025/10/07 14:58:47.227 Add Basket MarketNo：2 StockIdx：1899
[13024] 2025/10/07 14:58:47.227 Divide StockNo {UFF00}
[13024] 2025/10/07 14:58:47.227 Add Basket MarketNo：2 StockIdx：1905
[13024] 2025/10/07 14:58:47.227 Divide StockNo {UGF00}
[13024] 2025/10/07 14:58:47.227 Add Basket MarketNo：2 StockIdx：1911
[13024] 2025/10/07 14:58:47.227 Divide StockNo {UHF00}
[13024] 2025/10/07 14:58:47.227 Add Basket MarketNo：2 StockIdx：1917
[13024] 2025/10/07 14:58:47.227 Divide StockNo {UIF00}
[13024] 2025/10/07 14:58:47.227 Add Basket MarketNo：2 StockIdx：1923
[13024] 2025/10/07 14:58:47.227 Divide StockNo {UJF00}
[13024] 2025/10/07 14:58:47.227 Add Basket MarketNo：2 StockIdx：1929
[13024] 2025/10/07 14:58:47.227 Divide StockNo {UKF00}
[13024] 2025/10/07 14:58:47.227 Add Basket MarketNo：2 StockIdx：1935
[13024] 2025/10/07 14:58:47.227 Divide StockNo {ULF00}
[13024] 2025/10/07 14:58:47.228 Add Basket MarketNo：2 StockIdx：1941
[13024] 2025/10/07 14:58:47.228 Divide StockNo {UMF00}
[13024] 2025/10/07 14:58:47.228 Add Basket MarketNo：2 StockIdx：1947
[13024] 2025/10/07 14:58:47.228 Divide StockNo {UOF00}
[13024] 2025/10/07 14:58:47.228 Add Basket MarketNo：2 StockIdx：1953
[13024] 2025/10/07 14:58:47.228 Divide StockNo {UPF00}
[13024] 2025/10/07 14:58:47.228 Add Basket MarketNo：2 StockIdx：1959
[13024] 2025/10/07 14:58:47.228 Divide StockNo {UQF00}
[13024] 2025/10/07 14:58:47.228 Add Basket MarketNo：2 StockIdx：1965
[13024] 2025/10/07 14:58:47.228 Divide StockNo {URF00}
[13024] 2025/10/07 14:58:47.228 Add Basket MarketNo：2 StockIdx：1972
[13024] 2025/10/07 14:58:47.228 Divide StockNo {USF00}
[13024] 2025/10/07 14:58:47.228 Add Basket MarketNo：2 StockIdx：1978
[13024] 2025/10/07 14:58:47.228 Divide StockNo {UTF00}
[13024] 2025/10/07 14:58:47.228 Add Basket MarketNo：2 StockIdx：1984
[13024] 2025/10/07 14:58:47.228 Divide StockNo {UUF00}
[13024] 2025/10/07 14:58:47.228 Add Basket MarketNo：2 StockIdx：1990
[13024] 2025/10/07 14:58:47.228 Divide StockNo {UVF00}
[13024] 2025/10/07 14:58:47.228 Add Basket MarketNo：2 StockIdx：1996
[13024] 2025/10/07 14:58:47.228 Divide StockNo {UWF00}
[13024] 2025/10/07 14:58:47.228 Add Basket MarketNo：2 StockIdx：2002
[13024] 2025/10/07 14:58:47.228 Divide StockNo {0050}
[13024] 2025/10/07 14:58:47.228 Add Basket MarketNo：0 StockIdx：0
[13024] 2025/10/07 14:58:47.228 Divide StockNo {0056}
[13024] 2025/10/07 14:58:47.228 Add Basket MarketNo：0 StockIdx：5
[13024] 2025/10/07 14:58:47.228 Divide StockNo {006205}
[13024] 2025/10/07 14:58:47.228 Add Basket MarketNo：0 StockIdx：10
[13024] 2025/10/07 14:58:47.228 Divide StockNo {006206}
[13024] 2025/10/07 14:58:47.228 Add Basket MarketNo：0 StockIdx：11
[13024] 2025/10/07 14:58:47.228 Divide StockNo {00636}
[13024] 2025/10/07 14:58:47.228 Add Basket MarketNo：0 StockIdx：20
[13024] 2025/10/07 14:58:47.228 Divide StockNo {00639}
[13024] 2025/10/07 14:58:47.228 Add Basket MarketNo：0 StockIdx：24
[13024] 2025/10/07 14:58:47.228 Divide StockNo {00643}
[13024] 2025/10/07 14:58:47.228 Add Basket MarketNo：0 StockIdx：28
[13024] 2025/10/07 14:58:47.228 Divide StockNo {00679B}
[13024] 2025/10/07 14:58:47.228 Add Basket MarketNo：1 StockIdx：1
[13024] 2025/10/07 14:58:47.228 Divide StockNo {00687B}
[13024] 2025/10/07 14:58:47.228 Add Basket MarketNo：1 StockIdx：2
[13024] 2025/10/07 14:58:47.228 Divide StockNo {00719B}
[13024] 2025/10/07 14:58:47.228 Add Basket MarketNo：1 StockIdx：8
[13024] 2025/10/07 14:58:47.228 Divide StockNo {00757}
[13024] 2025/10/07 14:58:47.228 Add Basket MarketNo：0 StockIdx：98
[13024] 2025/10/07 14:58:47.228 Divide StockNo {00772B}
[13024] 2025/10/07 14:58:47.228 Add Basket MarketNo：1 StockIdx：32
[13024] 2025/10/07 14:58:47.228 Divide StockNo {00878}
[13024] 2025/10/07 14:58:47.228 Add Basket MarketNo：0 StockIdx：113
[13024] 2025/10/07 14:58:47.228 Divide StockNo {00885}
[13024] 2025/10/07 14:58:47.228 Add Basket MarketNo：0 StockIdx：116
[13024] 2025/10/07 14:58:47.228 Divide StockNo {00893}
[13024] 2025/10/07 14:58:47.228 Add Basket MarketNo：0 StockIdx：119
[13024] 2025/10/07 14:58:47.228 Divide StockNo {00919}
[13024] 2025/10/07 14:58:47.228 Add Basket MarketNo：0 StockIdx：143
[13024] 2025/10/07 14:58:47.228 Divide StockNo {00923}
[13024] 2025/10/07 14:58:47.228 Add Basket MarketNo：0 StockIdx：147
[13024] 2025/10/07 14:58:47.228 Divide StockNo {00929}
[13024] 2025/10/07 14:58:47.229 Add Basket MarketNo：0 StockIdx：151
[13024] 2025/10/07 14:58:47.229 Divide StockNo {00937B}
[13024] 2025/10/07 14:58:47.229 Add Basket MarketNo：1 StockIdx：82
[13024] 2025/10/07 14:58:47.229 Divide StockNo {00940}
[13024] 2025/10/07 14:58:47.229 Add Basket MarketNo：0 StockIdx：159
[13024] 2025/10/07 14:58:47.229 Divide StockNo {1101}
[13024] 2025/10/07 14:58:47.229 Add Basket MarketNo：0 StockIdx：32137
[13024] 2025/10/07 14:58:47.229 Divide StockNo {1102}
[13024] 2025/10/07 14:58:47.229 Add Basket MarketNo：0 StockIdx：32139
[13024] 2025/10/07 14:58:47.229 Divide StockNo {1210}
[13024] 2025/10/07 14:58:47.229 Add Basket MarketNo：0 StockIdx：32147
[13024] 2025/10/07 14:58:47.229 Divide StockNo {1216}
[13024] 2025/10/07 14:58:47.229 Add Basket MarketNo：0 StockIdx：32150
[13024] 2025/10/07 14:58:47.229 Divide StockNo {1301}
[13024] 2025/10/07 14:58:47.229 Add Basket MarketNo：0 StockIdx：32165
[13024] 2025/10/07 14:58:47.229 Divide StockNo {1303}
[13024] 2025/10/07 14:58:47.229 Add Basket MarketNo：0 StockIdx：32166
[13024] 2025/10/07 14:58:47.229 Divide StockNo {1312}
[13024] 2025/10/07 14:58:47.229 Add Basket MarketNo：0 StockIdx：32173
[13024] 2025/10/07 14:58:47.229 Divide StockNo {1314}
[13024] 2025/10/07 14:58:47.229 Add Basket MarketNo：0 StockIdx：32176
[13024] 2025/10/07 14:58:47.229 Divide StockNo {1319}
[13024] 2025/10/07 14:58:47.229 Add Basket MarketNo：0 StockIdx：32179
[13024] 2025/10/07 14:58:47.229 Divide StockNo {1326}
[13024] 2025/10/07 14:58:47.229 Add Basket MarketNo：0 StockIdx：32184
[13024] 2025/10/07 14:58:47.229 Divide StockNo {1402}
[13024] 2025/10/07 14:58:47.229 Add Basket MarketNo：0 StockIdx：32191
[13024] 2025/10/07 14:58:47.229 Divide StockNo {1440}
[13024] 2025/10/07 14:58:47.229 Add Basket MarketNo：0 StockIdx：32208
[13024] 2025/10/07 14:58:47.229 Divide StockNo {1476}
[13024] 2025/10/07 14:58:47.229 Add Basket MarketNo：0 StockIdx：32238
[13024] 2025/10/07 14:58:47.229 Divide StockNo {1477}
[13024] 2025/10/07 14:58:47.229 Add Basket MarketNo：0 StockIdx：32239
[13024] 2025/10/07 14:58:47.229 Divide StockNo {1503}
[13024] 2025/10/07 14:58:47.229 Add Basket MarketNo：0 StockIdx：32240
[13024] 2025/10/07 14:58:47.229 Divide StockNo {1504}
[13024] 2025/10/07 14:58:47.229 Add Basket MarketNo：0 StockIdx：32241
[13024] 2025/10/07 14:58:47.229 Divide StockNo {1513}
[13024] 2025/10/07 14:58:47.229 Add Basket MarketNo：0 StockIdx：32244
[13024] 2025/10/07 14:58:47.229 Divide StockNo {1536}
[13024] 2025/10/07 14:58:47.229 Add Basket MarketNo：0 StockIdx：32264
[13024] 2025/10/07 14:58:47.229 Divide StockNo {1565}
[13024] 2025/10/07 14:58:47.229 Add Basket MarketNo：1 StockIdx：138
[13024] 2025/10/07 14:58:47.229 Divide StockNo {1590}
[13024] 2025/10/07 14:58:47.229 Add Basket MarketNo：0 StockIdx：32278
[13024] 2025/10/07 14:58:47.229 Divide StockNo {1605}
[13024] 2025/10/07 14:58:47.229 Add Basket MarketNo：0 StockIdx：32283
[13024] 2025/10/07 14:58:47.229 Divide StockNo {1609}
[13024] 2025/10/07 14:58:47.229 Add Basket MarketNo：0 StockIdx：32285
[13024] 2025/10/07 14:58:47.229 Divide StockNo {1707}
[13024] 2025/10/07 14:58:47.229 Add Basket MarketNo：0 StockIdx：32295
[13024] 2025/10/07 14:58:47.229 Divide StockNo {1717}
[13024] 2025/10/07 14:58:47.229 Add Basket MarketNo：0 StockIdx：32303
[13024] 2025/10/07 14:58:47.229 Divide StockNo {1718}
[13024] 2025/10/07 14:58:47.229 Add Basket MarketNo：0 StockIdx：32304
[13024] 2025/10/07 14:58:47.229 Divide StockNo {1722}
[13024] 2025/10/07 14:58:47.230 Add Basket MarketNo：0 StockIdx：32307
[13024] 2025/10/07 14:58:47.230 Divide StockNo {1795}
[13024] 2025/10/07 14:58:47.230 Add Basket MarketNo：0 StockIdx：32328
[13024] 2025/10/07 14:58:47.230 Divide StockNo {1802}
[13024] 2025/10/07 14:58:47.230 Add Basket MarketNo：0 StockIdx：32329
[13024] 2025/10/07 14:58:47.230 Divide StockNo {1904}
[13024] 2025/10/07 14:58:47.230 Add Basket MarketNo：0 StockIdx：32337
[13024] 2025/10/07 14:58:47.230 Divide StockNo {1905}
[13024] 2025/10/07 14:58:47.230 Add Basket MarketNo：0 StockIdx：32338
[13024] 2025/10/07 14:58:47.230 Divide StockNo {1907}
[13024] 2025/10/07 14:58:47.230 Add Basket MarketNo：0 StockIdx：32340
[13024] 2025/10/07 14:58:47.230 Divide StockNo {1909}
[13024] 2025/10/07 14:58:47.230 Add Basket MarketNo：0 StockIdx：32341
[13024] 2025/10/07 14:58:47.230 Divide StockNo {2002}
[13024] 2025/10/07 14:58:47.230 Add Basket MarketNo：0 StockIdx：32342
[13024] 2025/10/07 14:58:47.230 Divide StockNo {2006}
[13024] 2025/10/07 14:58:47.230 Add Basket MarketNo：0 StockIdx：32344
[13024] 2025/10/07 14:58:47.230 Divide StockNo {2014}
[13024] 2025/10/07 14:58:47.230 Add Basket MarketNo：0 StockIdx：32351
[13024] 2025/10/07 14:58:47.230 Divide StockNo {2027}
[13024] 2025/10/07 14:58:47.230 Add Basket MarketNo：0 StockIdx：32359
[13024] 2025/10/07 14:58:47.230 Divide StockNo {2049}
[13024] 2025/10/07 14:58:47.230 Add Basket MarketNo：0 StockIdx：32368
[13024] 2025/10/07 14:58:47.230 Divide StockNo {2059}
[13024] 2025/10/07 14:58:47.230 Add Basket MarketNo：0 StockIdx：32369
[13024] 2025/10/07 14:58:47.230 Divide StockNo {2105}
[13024] 2025/10/07 14:58:47.230 Add Basket MarketNo：0 StockIdx：32376
[13024] 2025/10/07 14:58:47.230 Divide StockNo {2201}
[13024] 2025/10/07 14:58:47.230 Add Basket MarketNo：0 StockIdx：32383
[13024] 2025/10/07 14:58:47.230 Divide StockNo {2231}
[13024] 2025/10/07 14:58:47.230 Add Basket MarketNo：0 StockIdx：32391
[13024] 2025/10/07 14:58:47.230 Divide StockNo {2301}
[13024] 2025/10/07 14:58:47.230 Add Basket MarketNo：0 StockIdx：32402
[13024] 2025/10/07 14:58:47.230 Divide StockNo {2303}
[13024] 2025/10/07 14:58:47.230 Add Basket MarketNo：0 StockIdx：32404
[13024] 2025/10/07 14:58:47.230 Divide StockNo {2308}
[13024] 2025/10/07 14:58:47.230 Add Basket MarketNo：0 StockIdx：32406
[13024] 2025/10/07 14:58:47.230 Divide StockNo {2312}
[13024] 2025/10/07 14:58:47.230 Add Basket MarketNo：0 StockIdx：32407
[13024] 2025/10/07 14:58:47.230 Divide StockNo {2313}
[13024] 2025/10/07 14:58:47.230 Add Basket MarketNo：0 StockIdx：32408
[13024] 2025/10/07 14:58:47.230 Divide StockNo {2317}
[13024] 2025/10/07 14:58:47.230 Add Basket MarketNo：0 StockIdx：32411
[13024] 2025/10/07 14:58:47.230 Divide StockNo {2323}
[13024] 2025/10/07 14:58:47.230 Add Basket MarketNo：0 StockIdx：32413
[13024] 2025/10/07 14:58:47.230 Divide StockNo {2324}
[13024] 2025/10/07 14:58:47.230 Add Basket MarketNo：0 StockIdx：32414
[13024] 2025/10/07 14:58:47.230 Divide StockNo {2327}
[13024] 2025/10/07 14:58:47.230 Add Basket MarketNo：0 StockIdx：32415
[13024] 2025/10/07 14:58:47.230 Divide StockNo {2328}
[13024] 2025/10/07 14:58:47.230 Add Basket MarketNo：0 StockIdx：32416
[13024] 2025/10/07 14:58:47.230 Divide StockNo {2330}
[13024] 2025/10/07 14:58:47.230 Add Basket MarketNo：0 StockIdx：32418
[13024] 2025/10/07 14:58:47.230 Divide StockNo {2331}
[13024] 2025/10/07 14:58:47.231 Add Basket MarketNo：0 StockIdx：32419
[13024] 2025/10/07 14:58:47.231 Divide StockNo {2332}
[13024] 2025/10/07 14:58:47.231 Add Basket MarketNo：0 StockIdx：32420
[13024] 2025/10/07 14:58:47.231 Divide StockNo {2337}
[13024] 2025/10/07 14:58:47.231 Add Basket MarketNo：0 StockIdx：32421
[13024] 2025/10/07 14:58:47.231 Divide StockNo {2338}
[13024] 2025/10/07 14:58:47.231 Add Basket MarketNo：0 StockIdx：32422
[13024] 2025/10/07 14:58:47.231 Divide StockNo {2340}
[13024] 2025/10/07 14:58:47.231 Add Basket MarketNo：0 StockIdx：32423
[13024] 2025/10/07 14:58:47.231 Divide StockNo {2344}
[13024] 2025/10/07 14:58:47.231 Add Basket MarketNo：0 StockIdx：32425
[13024] 2025/10/07 14:58:47.231 Divide StockNo {2345}
[13024] 2025/10/07 14:58:47.231 Add Basket MarketNo：0 StockIdx：32426
[13024] 2025/10/07 14:58:47.231 Divide StockNo {2347}
[13024] 2025/10/07 14:58:47.231 Add Basket MarketNo：0 StockIdx：32427
[13024] 2025/10/07 14:58:47.231 Divide StockNo {2352}
[13024] 2025/10/07 14:58:47.231 Add Basket MarketNo：0 StockIdx：32432
[13024] 2025/10/07 14:58:47.231 Divide StockNo {2353}
[13024] 2025/10/07 14:58:47.231 Add Basket MarketNo：0 StockIdx：32433
[13024] 2025/10/07 14:58:47.231 Divide StockNo {2354}
[13024] 2025/10/07 14:58:47.231 Add Basket MarketNo：0 StockIdx：32434
[13024] 2025/10/07 14:58:47.231 Divide StockNo {2355}
[13024] 2025/10/07 14:58:47.231 Add Basket MarketNo：0 StockIdx：32435
[13024] 2025/10/07 14:58:47.231 Divide StockNo {2356}
[13024] 2025/10/07 14:58:47.231 Add Basket MarketNo：0 StockIdx：32436
[13024] 2025/10/07 14:58:47.231 Divide StockNo {2357}
[13024] 2025/10/07 14:58:47.231 Add Basket MarketNo：0 StockIdx：32437
[13024] 2025/10/07 14:58:47.231 Divide StockNo {2360}
[13024] 2025/10/07 14:58:47.231 Add Basket MarketNo：0 StockIdx：32439
[13024] 2025/10/07 14:58:47.231 Divide StockNo {2368}
[13024] 2025/10/07 14:58:47.231 Add Basket MarketNo：0 StockIdx：32445
[13024] 2025/10/07 14:58:47.231 Divide StockNo {2371}
[13024] 2025/10/07 14:58:47.231 Add Basket MarketNo：0 StockIdx：32447
[13024] 2025/10/07 14:58:47.231 Divide StockNo {2376}
[13024] 2025/10/07 14:58:47.231 Add Basket MarketNo：0 StockIdx：32451
[13024] 2025/10/07 14:58:47.231 Divide StockNo {2377}
[13024] 2025/10/07 14:58:47.231 Add Basket MarketNo：0 StockIdx：32452
[13024] 2025/10/07 14:58:47.231 Divide StockNo {2379}
[13024] 2025/10/07 14:58:47.231 Add Basket MarketNo：0 StockIdx：32453
[13024] 2025/10/07 14:58:47.231 Divide StockNo {2382}
[13024] 2025/10/07 14:58:47.231 Add Basket MarketNo：0 StockIdx：32455
[13024] 2025/10/07 14:58:47.231 Divide StockNo {2383}
[13024] 2025/10/07 14:58:47.231 Add Basket MarketNo：0 StockIdx：32456
[13024] 2025/10/07 14:58:47.231 Divide StockNo {2385}
[13024] 2025/10/07 14:58:47.231 Add Basket MarketNo：0 StockIdx：32457
[13024] 2025/10/07 14:58:47.231 Divide StockNo {2388}
[13024] 2025/10/07 14:58:47.231 Add Basket MarketNo：0 StockIdx：32459
[13024] 2025/10/07 14:58:47.231 Divide StockNo {2392}
[13024] 2025/10/07 14:58:47.231 Add Basket MarketNo：0 StockIdx：32461
[13024] 2025/10/07 14:58:47.231 Divide StockNo {2393}
[13024] 2025/10/07 14:58:47.231 Add Basket MarketNo：0 StockIdx：32462
[13024] 2025/10/07 14:58:47.231 Divide StockNo {2401}
[13024] 2025/10/07 14:58:47.231 Add Basket MarketNo：0 StockIdx：32466
[13024] 2025/10/07 14:58:47.231 Divide StockNo {2404}
[13024] 2025/10/07 14:58:47.231 Add Basket MarketNo：0 StockIdx：32468
[13024] 2025/10/07 14:58:47.231 Divide StockNo {2408}
[13024] 2025/10/07 14:58:47.231 Add Basket MarketNo：0 StockIdx：32471
[13024] 2025/10/07 14:58:47.231 Divide StockNo {2409}
[13024] 2025/10/07 14:58:47.231 Add Basket MarketNo：0 StockIdx：32472
[13024] 2025/10/07 14:58:47.232 Divide StockNo {2412}
[13024] 2025/10/07 14:58:47.232 Add Basket MarketNo：0 StockIdx：32473
[13024] 2025/10/07 14:58:47.232 Divide StockNo {2439}
[13024] 2025/10/07 14:58:47.232 Add Basket MarketNo：0 StockIdx：32495
[13024] 2025/10/07 14:58:47.232 Divide StockNo {2441}
[13024] 2025/10/07 14:58:47.232 Add Basket MarketNo：0 StockIdx：32497
[13024] 2025/10/07 14:58:47.232 Divide StockNo {2449}
[13024] 2025/10/07 14:58:47.232 Add Basket MarketNo：0 StockIdx：32500
[13024] 2025/10/07 14:58:47.232 Divide StockNo {2454}
[13024] 2025/10/07 14:58:47.232 Add Basket MarketNo：0 StockIdx：32504
[13024] 2025/10/07 14:58:47.232 Divide StockNo {2455}
[13024] 2025/10/07 14:58:47.232 Add Basket MarketNo：0 StockIdx：32505
[13024] 2025/10/07 14:58:47.232 Divide StockNo {2457}
[13024] 2025/10/07 14:58:47.232 Add Basket MarketNo：0 StockIdx：32506
[13024] 2025/10/07 14:58:47.232 Divide StockNo {2458}
[13024] 2025/10/07 14:58:47.232 Add Basket MarketNo：0 StockIdx：32507
[13024] 2025/10/07 14:58:47.232 Divide StockNo {2474}
[13024] 2025/10/07 14:58:47.232 Add Basket MarketNo：0 StockIdx：32519
[13024] 2025/10/07 14:58:47.232 Divide StockNo {2481}
[13024] 2025/10/07 14:58:47.232 Add Basket MarketNo：0 StockIdx：32524
[13024] 2025/10/07 14:58:47.232 Divide StockNo {2485}
[13024] 2025/10/07 14:58:47.232 Add Basket MarketNo：0 StockIdx：32528
[13024] 2025/10/07 14:58:47.232 Divide StockNo {2486}
[13024] 2025/10/07 14:58:47.232 Add Basket MarketNo：0 StockIdx：32529
[13024] 2025/10/07 14:58:47.232 Divide StockNo {2489}
[13024] 2025/10/07 14:58:47.232 Add Basket MarketNo：0 StockIdx：32531
[13024] 2025/10/07 14:58:47.232 Divide StockNo {2492}
[13024] 2025/10/07 14:58:47.232 Add Basket MarketNo：0 StockIdx：32533
[13024] 2025/10/07 14:58:47.232 Divide StockNo {2498}
[13024] 2025/10/07 14:58:47.232 Add Basket MarketNo：0 StockIdx：32538
[13024] 2025/10/07 14:58:47.232 Divide StockNo {2515}
[13024] 2025/10/07 14:58:47.232 Add Basket MarketNo：0 StockIdx：32546
[13024] 2025/10/07 14:58:47.232 Divide StockNo {2520}
[13024] 2025/10/07 14:58:47.232 Add Basket MarketNo：0 StockIdx：32548
[13024] 2025/10/07 14:58:47.232 Divide StockNo {2542}
[13024] 2025/10/07 14:58:47.232 Add Basket MarketNo：0 StockIdx：32560
[13024] 2025/10/07 14:58:47.232 Divide StockNo {2548}
[13024] 2025/10/07 14:58:47.232 Add Basket MarketNo：0 StockIdx：32565
[13024] 2025/10/07 14:58:47.232 Divide StockNo {2603}
[13024] 2025/10/07 14:58:47.232 Add Basket MarketNo：0 StockIdx：32568
[13024] 2025/10/07 14:58:47.232 Divide StockNo {2605}
[13024] 2025/10/07 14:58:47.232 Add Basket MarketNo：0 StockIdx：32569
[13024] 2025/10/07 14:58:47.232 Divide StockNo {2606}
[13024] 2025/10/07 14:58:47.232 Add Basket MarketNo：0 StockIdx：32570
[13024] 2025/10/07 14:58:47.232 Divide StockNo {2609}
[13024] 2025/10/07 14:58:47.232 Add Basket MarketNo：0 StockIdx：32573
[13024] 2025/10/07 14:58:47.232 Divide StockNo {2610}
[13024] 2025/10/07 14:58:47.232 Add Basket MarketNo：0 StockIdx：32574
[13024] 2025/10/07 14:58:47.232 Divide StockNo {2615}
[13024] 2025/10/07 14:58:47.232 Add Basket MarketNo：0 StockIdx：32579
[13024] 2025/10/07 14:58:47.232 Divide StockNo {2618}
[13024] 2025/10/07 14:58:47.232 Add Basket MarketNo：0 StockIdx：32582
[13024] 2025/10/07 14:58:47.232 Divide StockNo {2633}
[13024] 2025/10/07 14:58:47.232 Add Basket MarketNo：0 StockIdx：32584
[13024] 2025/10/07 14:58:47.232 Divide StockNo {2634}
[13024] 2025/10/07 14:58:47.232 Add Basket MarketNo：0 StockIdx：32585
[13024] 2025/10/07 14:58:47.232 Divide StockNo {2801}
[13024] 2025/10/07 14:58:47.233 Add Basket MarketNo：0 StockIdx：32606
[13024] 2025/10/07 14:58:47.233 Divide StockNo {2834}
[13024] 2025/10/07 14:58:47.233 Add Basket MarketNo：0 StockIdx：32611
[13024] 2025/10/07 14:58:47.233 Divide StockNo {2880}
[13024] 2025/10/07 14:58:47.233 Add Basket MarketNo：0 StockIdx：32623
[13024] 2025/10/07 14:58:47.233 Divide StockNo {2881}
[13024] 2025/10/07 14:58:47.233 Add Basket MarketNo：0 StockIdx：32624
[13024] 2025/10/07 14:58:47.233 Divide StockNo {2882}
[13024] 2025/10/07 14:58:47.233 Add Basket MarketNo：0 StockIdx：32628
[13024] 2025/10/07 14:58:47.233 Divide StockNo {2883}
[13024] 2025/10/07 14:58:47.233 Add Basket MarketNo：0 StockIdx：32631
[13024] 2025/10/07 14:58:47.233 Divide StockNo {2884}
[13024] 2025/10/07 14:58:47.233 Add Basket MarketNo：0 StockIdx：32633
[13024] 2025/10/07 14:58:47.233 Divide StockNo {2885}
[13024] 2025/10/07 14:58:47.233 Add Basket MarketNo：0 StockIdx：32634
[13024] 2025/10/07 14:58:47.233 Divide StockNo {2886}
[13024] 2025/10/07 14:58:47.233 Add Basket MarketNo：0 StockIdx：32635
[13024] 2025/10/07 14:58:47.233 Divide StockNo {2887}
[13024] 2025/10/07 14:58:47.233 Add Basket MarketNo：0 StockIdx：32636
[13024] 2025/10/07 14:58:47.233 Divide StockNo {2888}
[13024] 2025/10/07 14:58:47.233 Stock Is Not Exist 
[13024] 2025/10/07 14:58:47.233 Divide StockNo {2890}
[13024] 2025/10/07 14:58:47.233 Add Basket MarketNo：0 StockIdx：32644
[13024] 2025/10/07 14:58:47.233 Divide StockNo {2891}
[13024] 2025/10/07 14:58:47.233 Add Basket MarketNo：0 StockIdx：32645
[13024] 2025/10/07 14:58:47.233 Divide StockNo {2892}
[13024] 2025/10/07 14:58:47.233 Add Basket MarketNo：0 StockIdx：32648
[13024] 2025/10/07 14:58:47.233 Divide StockNo {2913}
[13024] 2025/10/07 14:58:47.233 Add Basket MarketNo：0 StockIdx：32660
[13024] 2025/10/07 14:58:47.233 Divide StockNo {2915}
[13024] 2025/10/07 14:58:47.233 Add Basket MarketNo：0 StockIdx：32661
[13024] 2025/10/07 14:58:47.233 Divide StockNo {3005}
[13024] 2025/10/07 14:58:47.233 Add Basket MarketNo：0 StockIdx：32669
[13024] 2025/10/07 14:58:47.233 Divide StockNo {3006}
[13024] 2025/10/07 14:58:47.233 Add Basket MarketNo：0 StockIdx：32670
[13024] 2025/10/07 14:58:47.233 Divide StockNo {3008}
[13024] 2025/10/07 14:58:47.233 Add Basket MarketNo：0 StockIdx：32671
[13024] 2025/10/07 14:58:47.233 Divide StockNo {3017}
[13024] 2025/10/07 14:58:47.233 Add Basket MarketNo：0 StockIdx：32678
[13024] 2025/10/07 14:58:47.233 Divide StockNo {3019}
[13024] 2025/10/07 14:58:47.233 Add Basket MarketNo：0 StockIdx：32680
[13024] 2025/10/07 14:58:47.233 Divide StockNo {3034}
[13024] 2025/10/07 14:58:47.233 Add Basket MarketNo：0 StockIdx：32694
[13024] 2025/10/07 14:58:47.233 Divide StockNo {3035}
[13024] 2025/10/07 14:58:47.233 Add Basket MarketNo：0 StockIdx：32695
[13024] 2025/10/07 14:58:47.233 Divide StockNo {3036}
[13024] 2025/10/07 14:58:47.233 Add Basket MarketNo：0 StockIdx：32696
[13024] 2025/10/07 14:58:47.233 Divide StockNo {3037}
[13024] 2025/10/07 14:58:47.233 Add Basket MarketNo：0 StockIdx：32698
[13024] 2025/10/07 14:58:47.233 Divide StockNo {3042}
[13024] 2025/10/07 14:58:47.233 Add Basket MarketNo：0 StockIdx：32702
[13024] 2025/10/07 14:58:47.233 Divide StockNo {3044}
[13024] 2025/10/07 14:58:47.233 Add Basket MarketNo：0 StockIdx：32704
[13024] 2025/10/07 14:58:47.233 Divide StockNo {3045}
[13024] 2025/10/07 14:58:47.233 Add Basket MarketNo：0 StockIdx：32705
[13024] 2025/10/07 14:58:47.233 Divide StockNo {3078}
[13024] 2025/10/07 14:58:47.233 Add Basket MarketNo：1 StockIdx：266
[13024] 2025/10/07 14:58:47.233 Divide StockNo {3081}
[13024] 2025/10/07 14:58:47.234 Add Basket MarketNo：1 StockIdx：267
[13024] 2025/10/07 14:58:47.234 Divide StockNo {3105}
[13024] 2025/10/07 14:58:47.234 Add Basket MarketNo：1 StockIdx：277
[13024] 2025/10/07 14:58:47.234 Divide StockNo {3152}
[13024] 2025/10/07 14:58:47.234 Add Basket MarketNo：1 StockIdx：292
[13024] 2025/10/07 14:58:47.234 Divide StockNo {3189}
[13024] 2025/10/07 14:58:47.234 Add Basket MarketNo：0 StockIdx：32732
[13024] 2025/10/07 14:58:47.234 Divide StockNo {3227}
[13024] 2025/10/07 14:58:47.234 Add Basket MarketNo：1 StockIdx：315
[13024] 2025/10/07 14:58:47.234 Divide StockNo {3231}
[13024] 2025/10/07 14:58:47.234 Add Basket MarketNo：0 StockIdx：32735
[13024] 2025/10/07 14:58:47.234 Divide StockNo {3260}
[13024] 2025/10/07 14:58:47.234 Add Basket MarketNo：1 StockIdx：324
[13024] 2025/10/07 14:58:47.234 Divide StockNo {3264}
[13024] 2025/10/07 14:58:47.234 Add Basket MarketNo：1 StockIdx：325
[13024] 2025/10/07 14:58:47.234 Divide StockNo {3293}
[13024] 2025/10/07 14:58:47.234 Add Basket MarketNo：1 StockIdx：338
[13024] 2025/10/07 14:58:47.234 Divide StockNo {3324}
[13024] 2025/10/07 14:58:47.234 Add Basket MarketNo：1 StockIdx：354
[13024] 2025/10/07 14:58:47.234 Divide StockNo {3374}
[13024] 2025/10/07 14:58:47.234 Add Basket MarketNo：1 StockIdx：372
[13024] 2025/10/07 14:58:47.234 Divide StockNo {3376}
[13024] 2025/10/07 14:58:47.234 Add Basket MarketNo：0 StockIdx：32747
[13024] 2025/10/07 14:58:47.234 Divide StockNo {3380}
[13024] 2025/10/07 14:58:47.234 Add Basket MarketNo：0 StockIdx：32748
[13024] 2025/10/07 14:58:47.234 Divide StockNo {3406}
[13024] 2025/10/07 14:58:47.234 Add Basket MarketNo：0 StockIdx：32749
[13024] 2025/10/07 14:58:47.234 Divide StockNo {3443}
[13024] 2025/10/07 14:58:47.234 Add Basket MarketNo：0 StockIdx：32755
[13024] 2025/10/07 14:58:47.234 Divide StockNo {3481}
[13024] 2025/10/07 14:58:47.234 Add Basket MarketNo：0 StockIdx：32759
[13024] 2025/10/07 14:58:47.234 Divide StockNo {3529}
[13024] 2025/10/07 14:58:47.234 Add Basket MarketNo：1 StockIdx：422
[13024] 2025/10/07 14:58:47.234 Divide StockNo {3532}
[13024] 2025/10/07 14:58:47.234 Add Basket MarketNo：0 StockIdx：32767
[13024] 2025/10/07 14:58:47.234 Divide StockNo {3533}
[13024] 2025/10/07 14:58:47.234 Add Basket MarketNo：0 StockIdx：32768
[13024] 2025/10/07 14:58:47.234 Divide StockNo {3552}
[13024] 2025/10/07 14:58:47.234 Add Basket MarketNo：1 StockIdx：432
[13024] 2025/10/07 14:58:47.234 Divide StockNo {3653}
[13024] 2025/10/07 14:58:47.234 Add Basket MarketNo：0 StockIdx：32788
[13024] 2025/10/07 14:58:47.234 Divide StockNo {3661}
[13024] 2025/10/07 14:58:47.234 Add Basket MarketNo：0 StockIdx：32789
[13024] 2025/10/07 14:58:47.234 Divide StockNo {3673}
[13024] 2025/10/07 14:58:47.234 Add Basket MarketNo：0 StockIdx：32792
[13024] 2025/10/07 14:58:47.234 Divide StockNo {3680}
[13024] 2025/10/07 14:58:47.234 Add Basket MarketNo：1 StockIdx：471
[13024] 2025/10/07 14:58:47.234 Divide StockNo {3691}
[13024] 2025/10/07 14:58:47.234 Add Basket MarketNo：1 StockIdx：480
[13024] 2025/10/07 14:58:47.234 Divide StockNo {3702}
[13024] 2025/10/07 14:58:47.234 Add Basket MarketNo：0 StockIdx：32797
[13024] 2025/10/07 14:58:47.234 Divide StockNo {3706}
[13024] 2025/10/07 14:58:47.234 Add Basket MarketNo：0 StockIdx：32801
[13024] 2025/10/07 14:58:47.234 Divide StockNo {3711}
[13024] 2025/10/07 14:58:47.234 Add Basket MarketNo：0 StockIdx：32803
[13024] 2025/10/07 14:58:47.234 Divide StockNo {3714}
[13024] 2025/10/07 14:58:47.235 Add Basket MarketNo：0 StockIdx：32805
[13024] 2025/10/07 14:58:47.235 Divide StockNo {4123}
[13024] 2025/10/07 14:58:47.235 Add Basket MarketNo：1 StockIdx：504
[13024] 2025/10/07 14:58:47.235 Divide StockNo {4128}
[13024] 2025/10/07 14:58:47.235 Add Basket MarketNo：1 StockIdx：509
[13024] 2025/10/07 14:58:47.235 Divide StockNo {4162}
[13024] 2025/10/07 14:58:47.235 Add Basket MarketNo：1 StockIdx：523
[13024] 2025/10/07 14:58:47.235 Divide StockNo {4736}
[13024] 2025/10/07 14:58:47.235 Add Basket MarketNo：0 StockIdx：32850
[13024] 2025/10/07 14:58:47.235 Divide StockNo {4743}
[13024] 2025/10/07 14:58:47.235 Add Basket MarketNo：1 StockIdx：615
[13024] 2025/10/07 14:58:47.235 Divide StockNo {4904}
[13024] 2025/10/07 14:58:47.235 Add Basket MarketNo：0 StockIdx：32861
[13024] 2025/10/07 14:58:47.235 Divide StockNo {4919}
[13024] 2025/10/07 14:58:47.235 Add Basket MarketNo：0 StockIdx：32866
[13024] 2025/10/07 14:58:47.235 Divide StockNo {4938}
[13024] 2025/10/07 14:58:47.235 Add Basket MarketNo：0 StockIdx：32871
[13024] 2025/10/07 14:58:47.235 Divide StockNo {4958}
[13024] 2025/10/07 14:58:47.235 Add Basket MarketNo：0 StockIdx：32877
[13024] 2025/10/07 14:58:47.235 Divide StockNo {5009}
[13024] 2025/10/07 14:58:47.235 Add Basket MarketNo：1 StockIdx：659
[13024] 2025/10/07 14:58:47.235 Divide StockNo {5269}
[13024] 2025/10/07 14:58:47.235 Add Basket MarketNo：0 StockIdx：32896
[13024] 2025/10/07 14:58:47.235 Divide StockNo {5274}
[13024] 2025/10/07 14:58:47.235 Add Basket MarketNo：1 StockIdx：693
[13024] 2025/10/07 14:58:47.235 Divide StockNo {5347}
[13024] 2025/10/07 14:58:47.235 Add Basket MarketNo：1 StockIdx：717
[13024] 2025/10/07 14:58:47.235 Divide StockNo {5371}
[13024] 2025/10/07 14:58:47.235 Add Basket MarketNo：1 StockIdx：724
[13024] 2025/10/07 14:58:47.235 Divide StockNo {5388}
[13024] 2025/10/07 14:58:47.235 Add Basket MarketNo：0 StockIdx：32903
[13024] 2025/10/07 14:58:47.235 Divide StockNo {5425}
[13024] 2025/10/07 14:58:47.235 Add Basket MarketNo：1 StockIdx：732
[13024] 2025/10/07 14:58:47.235 Divide StockNo {5457}
[13024] 2025/10/07 14:58:47.235 Add Basket MarketNo：1 StockIdx：744
[13024] 2025/10/07 14:58:47.235 Divide StockNo {5483}
[13024] 2025/10/07 14:58:47.235 Add Basket MarketNo：1 StockIdx：754
[13024] 2025/10/07 14:58:47.235 Divide StockNo {5534}
[13024] 2025/10/07 14:58:47.236 Add Basket MarketNo：0 StockIdx：32915
[13024] 2025/10/07 14:58:47.236 Divide StockNo {5871}
[13024] 2025/10/07 14:58:47.236 Add Basket MarketNo：0 StockIdx：32921
[13024] 2025/10/07 14:58:47.236 Divide StockNo {5876}
[13024] 2025/10/07 14:58:47.236 Add Basket MarketNo：0 StockIdx：32923
[13024] 2025/10/07 14:58:47.236 Divide StockNo {5880}
[13024] 2025/10/07 14:58:47.236 Add Basket MarketNo：0 StockIdx：32924
[13024] 2025/10/07 14:58:47.236 Divide StockNo {5904}
[13024] 2025/10/07 14:58:47.236 Add Basket MarketNo：1 StockIdx：788
[13024] 2025/10/07 14:58:47.236 Divide StockNo {6005}
[13024] 2025/10/07 14:58:47.236 Add Basket MarketNo：0 StockIdx：32927
[13024] 2025/10/07 14:58:47.236 Divide StockNo {6116}
[13024] 2025/10/07 14:58:47.236 Add Basket MarketNo：0 StockIdx：32932
[13024] 2025/10/07 14:58:47.236 Divide StockNo {6121}
[13024] 2025/10/07 14:58:47.236 Add Basket MarketNo：1 StockIdx：811
[13024] 2025/10/07 14:58:47.236 Divide StockNo {6139}
[13024] 2025/10/07 14:58:47.236 Add Basket MarketNo：0 StockIdx：32938
[13024] 2025/10/07 14:58:47.236 Divide StockNo {6147}
[13024] 2025/10/07 14:58:47.236 Add Basket MarketNo：1 StockIdx：829
[13024] 2025/10/07 14:58:47.236 Divide StockNo {6153}
[13024] 2025/10/07 14:58:47.236 Add Basket MarketNo：0 StockIdx：32942
[13024] 2025/10/07 14:58:47.236 Divide StockNo {6173}
[13024] 2025/10/07 14:58:47.236 Add Basket MarketNo：1 StockIdx：845
[13024] 2025/10/07 14:58:47.236 Divide StockNo {6176}
[13024] 2025/10/07 14:58:47.236 Add Basket MarketNo：0 StockIdx：32948
[13024] 2025/10/07 14:58:47.236 Divide StockNo {6182}
[13024] 2025/10/07 14:58:47.236 Add Basket MarketNo：1 StockIdx：853
[13024] 2025/10/07 14:58:47.236 Divide StockNo {6188}
[13024] 2025/10/07 14:58:47.236 Add Basket MarketNo：1 StockIdx：861
[13024] 2025/10/07 14:58:47.236 Divide StockNo {6213}
[13024] 2025/10/07 14:58:47.236 Add Basket MarketNo：0 StockIdx：32962
[13024] 2025/10/07 14:58:47.236 Divide StockNo {6223}
[13024] 2025/10/07 14:58:47.236 Add Basket MarketNo：1 StockIdx：885
[13024] 2025/10/07 14:58:47.236 Divide StockNo {6239}
[13024] 2025/10/07 14:58:47.236 Add Basket MarketNo：0 StockIdx：32971
[13024] 2025/10/07 14:58:47.236 Divide StockNo {6245}
[13024] 2025/10/07 14:58:47.236 Add Basket MarketNo：1 StockIdx：900
[13024] 2025/10/07 14:58:47.236 Divide StockNo {6257}
[13024] 2025/10/07 14:58:47.236 Add Basket MarketNo：0 StockIdx：32973
[13024] 2025/10/07 14:58:47.236 Divide StockNo {6269}
[13024] 2025/10/07 14:58:47.236 Add Basket MarketNo：0 StockIdx：32974
[13024] 2025/10/07 14:58:47.236 Divide StockNo {6271}
[13024] 2025/10/07 14:58:47.236 Add Basket MarketNo：0 StockIdx：32975
[13024] 2025/10/07 14:58:47.236 Divide StockNo {6274}
[13024] 2025/10/07 14:58:47.236 Add Basket MarketNo：1 StockIdx：912
[13024] 2025/10/07 14:58:47.236 Divide StockNo {6278}
[13024] 2025/10/07 14:58:47.236 Add Basket MarketNo：0 StockIdx：32977
[13024] 2025/10/07 14:58:47.236 Divide StockNo {6279}
[13024] 2025/10/07 14:58:47.236 Add Basket MarketNo：1 StockIdx：916
[13024] 2025/10/07 14:58:47.236 Divide StockNo {6282}
[13024] 2025/10/07 14:58:47.236 Add Basket MarketNo：0 StockIdx：32979
[13024] 2025/10/07 14:58:47.236 Divide StockNo {6285}
[13024] 2025/10/07 14:58:47.236 Add Basket MarketNo：0 StockIdx：32981
[13024] 2025/10/07 14:58:47.236 Divide StockNo {6414}
[13024] 2025/10/07 14:58:47.236 Add Basket MarketNo：0 StockIdx：32985
[13024] 2025/10/07 14:58:47.236 Divide StockNo {6443}
[13024] 2025/10/07 14:58:47.236 Add Basket MarketNo：0 StockIdx：32993
[13024] 2025/10/07 14:58:47.237 Divide StockNo {6472}
[13024] 2025/10/07 14:58:47.237 Add Basket MarketNo：0 StockIdx：32999
[13024] 2025/10/07 14:58:47.237 Divide StockNo {6488}
[13024] 2025/10/07 14:58:47.237 Add Basket MarketNo：1 StockIdx：952
[13024] 2025/10/07 14:58:47.237 Divide StockNo {6505}
[13024] 2025/10/07 14:58:47.237 Add Basket MarketNo：0 StockIdx：33003
[13024] 2025/10/07 14:58:47.237 Divide StockNo {6510}
[13024] 2025/10/07 14:58:47.237 Add Basket MarketNo：1 StockIdx：962
[13024] 2025/10/07 14:58:47.237 Divide StockNo {6526}
[13024] 2025/10/07 14:58:47.237 Add Basket MarketNo：0 StockIdx：33006
[13024] 2025/10/07 14:58:47.237 Divide StockNo {6547}
[13024] 2025/10/07 14:58:47.237 Add Basket MarketNo：1 StockIdx：977
[13024] 2025/10/07 14:58:47.237 Divide StockNo {6669}
[13024] 2025/10/07 14:58:47.237 Add Basket MarketNo：0 StockIdx：33035
[13024] 2025/10/07 14:58:47.237 Divide StockNo {6757}
[13024] 2025/10/07 14:58:47.237 Add Basket MarketNo：0 StockIdx：33052
[13024] 2025/10/07 14:58:47.237 Divide StockNo {6770}
[13024] 2025/10/07 14:58:47.237 Add Basket MarketNo：0 StockIdx：33054
[13024] 2025/10/07 14:58:47.237 Divide StockNo {8039}
[13024] 2025/10/07 14:58:47.237 Add Basket MarketNo：0 StockIdx：33126
[13024] 2025/10/07 14:58:47.237 Divide StockNo {8044}
[13024] 2025/10/07 14:58:47.237 Add Basket MarketNo：1 StockIdx：12233
[13024] 2025/10/07 14:58:47.237 Divide StockNo {8046}
[13024] 2025/10/07 14:58:47.237 Add Basket MarketNo：0 StockIdx：33128
[13024] 2025/10/07 14:58:47.237 Divide StockNo {8069}
[13024] 2025/10/07 14:58:47.237 Add Basket MarketNo：1 StockIdx：12245
[13024] 2025/10/07 14:58:47.237 Divide StockNo {8086}
[13024] 2025/10/07 14:58:47.237 Add Basket MarketNo：1 StockIdx：12254
[13024] 2025/10/07 14:58:47.237 Divide StockNo {8112}
[13024] 2025/10/07 14:58:47.237 Add Basket MarketNo：0 StockIdx：33137
[13024] 2025/10/07 14:58:47.237 Divide StockNo {8150}
[13024] 2025/10/07 14:58:47.237 Add Basket MarketNo：0 StockIdx：33141
[13024] 2025/10/07 14:58:47.237 Divide StockNo {8163}
[13024] 2025/10/07 14:58:47.237 Add Basket MarketNo：0 StockIdx：33143
[13024] 2025/10/07 14:58:47.237 Divide StockNo {8299}
[13024] 2025/10/07 14:58:47.237 Add Basket MarketNo：1 StockIdx：12293
[13024] 2025/10/07 14:58:47.237 Divide StockNo {8358}
[13024] 2025/10/07 14:58:47.237 Add Basket MarketNo：1 StockIdx：12299
[13024] 2025/10/07 14:58:47.237 Divide StockNo {8436}
[13024] 2025/10/07 14:58:47.237 Add Basket MarketNo：1 StockIdx：12325
[13024] 2025/10/07 14:58:47.237 Divide StockNo {8454}
[13024] 2025/10/07 14:58:47.237 Add Basket MarketNo：0 StockIdx：33162
[13024] 2025/10/07 14:58:47.237 Divide StockNo {9904}
[13024] 2025/10/07 14:58:47.237 Add Basket MarketNo：0 StockIdx：33191
[13024] 2025/10/07 14:58:47.237 Divide StockNo {9914}
[13024] 2025/10/07 14:58:47.237 Add Basket MarketNo：0 StockIdx：33199
[13024] 2025/10/07 14:58:47.237 Divide StockNo {9938}
[13024] 2025/10/07 14:58:47.237 Add Basket MarketNo：0 StockIdx：33216
[13024] 2025/10/07 14:58:47.237 Divide StockNo {9939}
[13024] 2025/10/07 14:58:47.237 Add Basket MarketNo：0 StockIdx：33217
[13024] 2025/10/07 14:58:47.237 Divide StockNo {9945}
[13024] 2025/10/07 14:58:47.237 Add Basket MarketNo：0 StockIdx：33224
[13024] 2025/10/07 14:58:47.237 Divide StockNo {9958}
[13024] 2025/10/07 14:58:47.237 Add Basket MarketNo：0 StockIdx：33227
[13024] 2025/10/07 14:58:47.237 Divide StockNo {TSE}
[13024] 2025/10/07 14:58:47.237 Stock Is Not Exist 
[13024] 2025/10/07 14:58:47.238 Divide StockNo {TSE23}
[13024] 2025/10/07 14:58:47.238 Add Basket MarketNo：0 StockIdx：33544
[13024] 2025/10/07 14:58:47.238 Divide StockNo {TSE28}
[13024] 2025/10/07 14:58:47.238 Add Basket MarketNo：0 StockIdx：33549
[13024] 2025/10/07 14:58:47.238 Divide StockNo {TWMC}
[13024] 2025/10/07 14:58:47.238 Stock Is Not Exist 
[13024] 2025/10/07 14:58:47.238 Return PageNo： 1 
[31720] 2025/10/07 14:59:39.789 Precheck/DistributedServer Query result is 000,分配成功
[31720] 2025/10/07 14:59:39.790 >> Host srvsolace-tpa.capital.com.tw
[31720] 2025/10/07 14:59:39.795 SKQuoteLib_EnterMonitor IP：srvsolace-tpa.capital.com.tw
[31720] 2025/10/07 14:59:39.952 OnSessionConnect，Code: 3001, Error Code:0.
[31720] 2025/10/07 14:59:40.015 SKQuoteLib_EnterMonitorLONG starting
[31720] 2025/10/07 14:59:40.017 OnConnection ( 3001 , 0 ) 
[31720] 2025/10/07 14:59:41.398 Market Info is OK!
[31720] 2025/10/07 14:59:41.556 Catalog info is OK!
[31720] 2025/10/07 14:59:45.843 Solace RequestInitializeData (TO_S_19,S_1F)
[31720] 2025/10/07 14:59:45.843 Solace RequestInitializeData (TO_S_19,S_1F)
[31720] 2025/10/07 14:59:45.846 OnConnection ( 3003 , 0 ) 
[20028] 2025/10/07 15:19:20.426 Precheck/DistributedServer Query result is 000,分配成功
[20028] 2025/10/07 15:19:20.426 >> Host srvsolace-tpa.capital.com.tw
[20028] 2025/10/07 15:19:20.430 SKQuoteLib_EnterMonitor IP：srvsolace-tpa.capital.com.tw
[20028] 2025/10/07 15:19:20.577 OnSessionConnect，Code: 3001, Error Code:0.
[20028] 2025/10/07 15:19:20.637 SKQuoteLib_EnterMonitorLONG starting
[20028] 2025/10/07 15:19:20.638 OnConnection ( 3001 , 0 ) 
[20028] 2025/10/07 15:19:21.772 Market Info is OK!
[20028] 2025/10/07 15:19:21.908 Catalog info is OK!
[20028] 2025/10/07 15:19:26.416 Solace RequestInitializeData (TO_S_19,S_1F)
[20028] 2025/10/07 15:19:26.416 Solace RequestInitializeData (TO_S_19,S_1F)
[20028] 2025/10/07 15:19:26.417 OnConnection ( 3003 , 0 ) 
[20028] 2025/10/07 15:20:30.501 SKQuoteLib_RequestStocks (1 , CAF00, CBF00, CCF00, CDF00, CEF00, CFF00, CGF00, CHF00, CJF00, CKF00, CLF00, CMF00, CNF00, CQF00, CRF00, CSF00, CUF00, CWF00, CXF00, CYF00, CZF00, DAF00, DBF00, DCF00, DEF00, DFF00, DGF00, DHF00, DIF00, DJF00, DKF00, DLF00, DNF00, DOF00, DPF00, DQF00, DSF00, DVF00, DWF00, DXF00, DYF00, DZF00, EEF00, EGF00, EHF00, EKF00, EMF00, EPF00, EYF00, EZF00, FBF00, FCF00, FEF00, FFF00, FGF00, FKF00, FNF00, FQF00, FRF00, FSF00, FTF00, FVF00, FWF00, FYF00, FZF00, GAF00, GCF00, GHF00, GIF00, GJF00, GKF00, GLF00, GMF00, GNF00, GOF00, GRF00, GUF00, GVF00, GWF00, GXF00, GYF00, GZF00, HAF00, HBF00, HCF00, HHF00, HIF00, HLF00, HOF00, HQF00, HSF00, IAF00, IHF00, IIF00, IJF00, IMF00, IOF00, IPF00, IQF00, IRF00, ITF00, IXF00, IYF00, IZF00, JBF00, JFF00, JMF00, JNF00, JPF00, JSF00, JWF00, JXF00, JZF00, KAF00, KBF00, KCF00, KDF00, KEF00, KFF00, KGF00, KIF00, KKF00, KLF00, KOF00, KPF00, KSF00, KUF00, KWF00, LBF00, LCF00, LEF00, LIF00, LMF00, LOF00, LQF00, LRF00, LTF00, LUF00, LVF00, LWF00, LXF00, LYF00, MAF00, MBF00, MJF00, MKF00, MQF00, MVF00, MYF00, NAF00, NBF00, NDF00, NEF00, NGF00, NIF00, NJF00, NLF00, NMF00, NOF00, NQF00, NSF00, NUF00, NVF00, NWF00, NYF00, OAF00, OBF00, ODF00, OEF00, OHF00, OJF00, OKF00, OLF00, OMF00, OOF00, OPF00, OQF00, ORF00, OSF00, OTF00, OUF00, OVF00, OWF00, OXF00, OYF00, OZF00, PAF00, PBF00, PCF00, PDF00, PEF00, PFF00, PGF00, PHF00, PIF00, PJF00, PKF00, PLF00, PMF00, PNF00, PPF00, PQF00, PRF00, PSF00, PTF00, PUF00, PVF00, PWF00, PXF00, PYF00, PZF00, QAF00, QBF00, QCF00, QDF00, QEF00, QFF00, QGF00, QHF00, QIF00, QJF00, QKF00, QLF00, QMF00, QNF00, QOF00, QPF00, QQF00, QRF00, QSF00, QTF00, QUF00, QVF00, QWF00, QXF00, QYF00, QZF00, RAF00, RBF00, RCF00, RDF00, REF00, RFF00, RGF00, RIF00, RJF00, RKF00, RLF00, RMF00, RNF00, ROF00, RPF00, RQF00, RRF00, RSF00, RUF00, RVF00, RWF00, RXF00, RYF00, RZF00, SAF00, SBF00, SCF00, SDF00, SEF00, SFF00, SGF00, SIF00, SJF00, SKF00, SLF00, SMF00, SNF00, SQF00, SRF00, SSF00, SUF00, SVF00, SWF00, SYF00, SZF00, UAF00, UBF00, UCF00, UEF00, UFF00, UGF00, UHF00, UIF00, UJF00, UKF00, ULF00, UMF00, UOF00, UPF00, UQF00, URF00, USF00, UTF00, UUF00, UVF00, UWF00, 0050, 0056, 006205, 006206, 00636, 00639, 00643, 00679B, 00687B, 00719B, 00757, 00772B, 00878, 00885, 00893, 00919, 00923, 00929, 00937B, 00940, 1101, 1102, 1210, 1216, 1301, 1303, 1312, 1314, 1319, 1326, 1402, 1440, 1476, 1477, 1503, 1504, 1513, 1536, 1565, 1590, 1605, 1609, 1707, 1717, 1718, 1722, 1795, 1802, 1904, 1905, 1907, 1909, 2002, 2006, 2014, 2027, 2049, 2059, 2105, 2201, 2231, 2301, 2303, 2308, 2312, 2313, 2317, 2323, 2324, 2327, 2328, 2330, 2331, 2332, 2337, 2338, 2340, 2344, 2345, 2347, 2352, 2353, 2354, 2355, 2356, 2357, 2360, 2368, 2371, 2376, 2377, 2379, 2382, 2383, 2385, 2388, 2392, 2393, 2401, 2404, 2408, 2409, 2412, 2439, 2441, 2449, 2454, 2455, 2457, 2458, 2474, 2481, 2485, 2486, 2489, 2492, 2498, 2515, 2520, 2542, 2548, 2603, 2605, 2606, 2609, 2610, 2615, 2618, 2633, 2634, 2801, 2834, 2880, 2881, 2882, 2883, 2884, 2885, 2886, 2887, 2888, 2890, 2891, 2892, 2913, 2915, 3005, 3006, 3008, 3017, 3019, 3034, 3035, 3036, 3037, 3042, 3044, 3045, 3078, 3081, 3105, 3152, 3189, 3227, 3231, 3260, 3264, 3293, 3324, 3374, 3376, 3380, 3406, 3443, 3481, 3529, 3532, 3533, 3552, 3653, 3661, 3673, 3680, 3691, 3702, 3706, 3711, 3714, 4123, 4128, 4162, 4736, 4743, 4904, 4919, 4938, 4958, 5009, 5269, 5274, 5347, 5371, 5388, 5425, 5457, 5483, 5534, 5871, 5876, 5880, 5904, 6005, 6116, 6121, 6139, 6147, 6153, 6173, 6176, 6182, 6188, 6213, 6223, 6239, 6245, 6257, 6269, 6271, 6274, 6278, 6279, 6282, 6285, 6414, 6443, 6472, 6488, 6505, 6510, 6526, 6547, 6669, 6757, 6770, 8039, 8044, 8046, 8069, 8086, 8112, 8150, 8163, 8299, 8358, 8436, 8454, 9904, 9914, 9938, 9939, 9945, 9958, TSE, TSE23, TSE28, TWMC)
[20028] 2025/10/07 15:20:30.511 Divide StockNo {CAF00}
[20028] 2025/10/07 15:20:30.511 Add Basket MarketNo：2 StockIdx：160
[20028] 2025/10/07 15:20:30.511 Divide StockNo {CBF00}
[20028] 2025/10/07 15:20:30.511 Add Basket MarketNo：2 StockIdx：166
[20028] 2025/10/07 15:20:30.511 Divide StockNo {CCF00}
[20028] 2025/10/07 15:20:30.511 Add Basket MarketNo：2 StockIdx：5597
[20028] 2025/10/07 15:20:30.511 Divide StockNo {CDF00}
[20028] 2025/10/07 15:20:30.511 Add Basket MarketNo：2 StockIdx：5603
[20028] 2025/10/07 15:20:30.511 Divide StockNo {CEF00}
[20028] 2025/10/07 15:20:30.511 Add Basket MarketNo：2 StockIdx：184
[20028] 2025/10/07 15:20:30.511 Divide StockNo {CFF00}
[20028] 2025/10/07 15:20:30.511 Add Basket MarketNo：2 StockIdx：194
[20028] 2025/10/07 15:20:30.511 Divide StockNo {CGF00}
[20028] 2025/10/07 15:20:30.511 Add Basket MarketNo：2 StockIdx：200
[20028] 2025/10/07 15:20:30.511 Divide StockNo {CHF00}
[20028] 2025/10/07 15:20:30.511 Add Basket MarketNo：2 StockIdx：206
[20028] 2025/10/07 15:20:30.511 Divide StockNo {CJF00}
[20028] 2025/10/07 15:20:30.511 Add Basket MarketNo：2 StockIdx：212
[20028] 2025/10/07 15:20:30.511 Divide StockNo {CKF00}
[20028] 2025/10/07 15:20:30.511 Add Basket MarketNo：2 StockIdx：218
[20028] 2025/10/07 15:20:30.511 Divide StockNo {CLF00}
[20028] 2025/10/07 15:20:30.511 Add Basket MarketNo：2 StockIdx：224
[20028] 2025/10/07 15:20:30.511 Divide StockNo {CMF00}
[20028] 2025/10/07 15:20:30.511 Add Basket MarketNo：2 StockIdx：230
[20028] 2025/10/07 15:20:30.511 Divide StockNo {CNF00}
[20028] 2025/10/07 15:20:30.511 Add Basket MarketNo：2 StockIdx：236
[20028] 2025/10/07 15:20:30.511 Divide StockNo {CQF00}
[20028] 2025/10/07 15:20:30.511 Add Basket MarketNo：2 StockIdx：242
[20028] 2025/10/07 15:20:30.511 Divide StockNo {CRF00}
[20028] 2025/10/07 15:20:30.511 Add Basket MarketNo：2 StockIdx：248
[20028] 2025/10/07 15:20:30.511 Divide StockNo {CSF00}
[20028] 2025/10/07 15:20:30.511 Add Basket MarketNo：2 StockIdx：254
[20028] 2025/10/07 15:20:30.511 Divide StockNo {CUF00}
[20028] 2025/10/07 15:20:30.511 Add Basket MarketNo：2 StockIdx：261
[20028] 2025/10/07 15:20:30.511 Divide StockNo {CWF00}
[20028] 2025/10/07 15:20:30.511 Add Basket MarketNo：2 StockIdx：267
[20028] 2025/10/07 15:20:30.511 Divide StockNo {CXF00}
[20028] 2025/10/07 15:20:30.512 Add Basket MarketNo：2 StockIdx：277
[20028] 2025/10/07 15:20:30.512 Divide StockNo {CYF00}
[20028] 2025/10/07 15:20:30.512 Add Basket MarketNo：2 StockIdx：283
[20028] 2025/10/07 15:20:30.512 Divide StockNo {CZF00}
[20028] 2025/10/07 15:20:30.512 Add Basket MarketNo：2 StockIdx：289
[20028] 2025/10/07 15:20:30.512 Divide StockNo {DAF00}
[20028] 2025/10/07 15:20:30.512 Add Basket MarketNo：2 StockIdx：295
[20028] 2025/10/07 15:20:30.512 Divide StockNo {DBF00}
[20028] 2025/10/07 15:20:30.512 Add Basket MarketNo：2 StockIdx：301
[20028] 2025/10/07 15:20:30.512 Divide StockNo {DCF00}
[20028] 2025/10/07 15:20:30.512 Add Basket MarketNo：2 StockIdx：307
[20028] 2025/10/07 15:20:30.512 Divide StockNo {DEF00}
[20028] 2025/10/07 15:20:30.512 Add Basket MarketNo：2 StockIdx：314
[20028] 2025/10/07 15:20:30.512 Divide StockNo {DFF00}
[20028] 2025/10/07 15:20:30.512 Add Basket MarketNo：2 StockIdx：322
[20028] 2025/10/07 15:20:30.512 Divide StockNo {DGF00}
[20028] 2025/10/07 15:20:30.512 Add Basket MarketNo：2 StockIdx：328
[20028] 2025/10/07 15:20:30.512 Divide StockNo {DHF00}
[20028] 2025/10/07 15:20:30.512 Add Basket MarketNo：2 StockIdx：334
[20028] 2025/10/07 15:20:30.512 Divide StockNo {DIF00}
[20028] 2025/10/07 15:20:30.512 Add Basket MarketNo：2 StockIdx：340
[20028] 2025/10/07 15:20:30.512 Divide StockNo {DJF00}
[20028] 2025/10/07 15:20:30.512 Add Basket MarketNo：2 StockIdx：346
[20028] 2025/10/07 15:20:30.512 Divide StockNo {DKF00}
[20028] 2025/10/07 15:20:30.512 Add Basket MarketNo：2 StockIdx：352
[20028] 2025/10/07 15:20:30.512 Divide StockNo {DLF00}
[20028] 2025/10/07 15:20:30.512 Add Basket MarketNo：2 StockIdx：358
[20028] 2025/10/07 15:20:30.512 Divide StockNo {DNF00}
[20028] 2025/10/07 15:20:30.512 Add Basket MarketNo：2 StockIdx：364
[20028] 2025/10/07 15:20:30.512 Divide StockNo {DOF00}
[20028] 2025/10/07 15:20:30.512 Add Basket MarketNo：2 StockIdx：371
[20028] 2025/10/07 15:20:30.512 Divide StockNo {DPF00}
[20028] 2025/10/07 15:20:30.513 Add Basket MarketNo：2 StockIdx：378
[20028] 2025/10/07 15:20:30.513 Divide StockNo {DQF00}
[20028] 2025/10/07 15:20:30.513 Add Basket MarketNo：2 StockIdx：384
[20028] 2025/10/07 15:20:30.513 Divide StockNo {DSF00}
[20028] 2025/10/07 15:20:30.513 Add Basket MarketNo：2 StockIdx：390
[20028] 2025/10/07 15:20:30.513 Divide StockNo {DVF00}
[20028] 2025/10/07 15:20:30.513 Add Basket MarketNo：2 StockIdx：396
[20028] 2025/10/07 15:20:30.513 Divide StockNo {DWF00}
[20028] 2025/10/07 15:20:30.513 Add Basket MarketNo：2 StockIdx：402
[20028] 2025/10/07 15:20:30.513 Divide StockNo {DXF00}
[20028] 2025/10/07 15:20:30.513 Add Basket MarketNo：2 StockIdx：408
[20028] 2025/10/07 15:20:30.513 Divide StockNo {DYF00}
[20028] 2025/10/07 15:20:30.513 Add Basket MarketNo：2 StockIdx：414
[20028] 2025/10/07 15:20:30.513 Divide StockNo {DZF00}
[20028] 2025/10/07 15:20:30.513 Add Basket MarketNo：2 StockIdx：420
[20028] 2025/10/07 15:20:30.513 Divide StockNo {EEF00}
[20028] 2025/10/07 15:20:30.513 Add Basket MarketNo：2 StockIdx：426
[20028] 2025/10/07 15:20:30.513 Divide StockNo {EGF00}
[20028] 2025/10/07 15:20:30.513 Add Basket MarketNo：2 StockIdx：432
[20028] 2025/10/07 15:20:30.513 Divide StockNo {EHF00}
[20028] 2025/10/07 15:20:30.513 Add Basket MarketNo：2 StockIdx：438
[20028] 2025/10/07 15:20:30.513 Divide StockNo {EKF00}
[20028] 2025/10/07 15:20:30.513 Add Basket MarketNo：2 StockIdx：444
[20028] 2025/10/07 15:20:30.513 Divide StockNo {EMF00}
[20028] 2025/10/07 15:20:30.513 Add Basket MarketNo：2 StockIdx：450
[20028] 2025/10/07 15:20:30.513 Divide StockNo {EPF00}
[20028] 2025/10/07 15:20:30.513 Add Basket MarketNo：2 StockIdx：456
[20028] 2025/10/07 15:20:30.513 Divide StockNo {EYF00}
[20028] 2025/10/07 15:20:30.513 Add Basket MarketNo：2 StockIdx：462
[20028] 2025/10/07 15:20:30.513 Divide StockNo {EZF00}
[20028] 2025/10/07 15:20:30.513 Add Basket MarketNo：2 StockIdx：468
[20028] 2025/10/07 15:20:30.513 Divide StockNo {FBF00}
[20028] 2025/10/07 15:20:30.513 Add Basket MarketNo：2 StockIdx：474
[20028] 2025/10/07 15:20:30.513 Divide StockNo {FCF00}
[20028] 2025/10/07 15:20:30.513 Add Basket MarketNo：2 StockIdx：480
[20028] 2025/10/07 15:20:30.513 Divide StockNo {FEF00}
[20028] 2025/10/07 15:20:30.513 Add Basket MarketNo：2 StockIdx：485
[20028] 2025/10/07 15:20:30.513 Divide StockNo {FFF00}
[20028] 2025/10/07 15:20:30.513 Add Basket MarketNo：2 StockIdx：492
[20028] 2025/10/07 15:20:30.513 Divide StockNo {FGF00}
[20028] 2025/10/07 15:20:30.513 Add Basket MarketNo：2 StockIdx：498
[20028] 2025/10/07 15:20:30.513 Divide StockNo {FKF00}
[20028] 2025/10/07 15:20:30.513 Add Basket MarketNo：2 StockIdx：504
[20028] 2025/10/07 15:20:30.513 Divide StockNo {FNF00}
[20028] 2025/10/07 15:20:30.513 Add Basket MarketNo：2 StockIdx：510
[20028] 2025/10/07 15:20:30.513 Divide StockNo {FQF00}
[20028] 2025/10/07 15:20:30.513 Add Basket MarketNo：2 StockIdx：516
[20028] 2025/10/07 15:20:30.513 Divide StockNo {FRF00}
[20028] 2025/10/07 15:20:30.513 Add Basket MarketNo：2 StockIdx：522
[20028] 2025/10/07 15:20:30.513 Divide StockNo {FSF00}
[20028] 2025/10/07 15:20:30.513 Add Basket MarketNo：2 StockIdx：528
[20028] 2025/10/07 15:20:30.513 Divide StockNo {FTF00}
[20028] 2025/10/07 15:20:30.513 Add Basket MarketNo：2 StockIdx：534
[20028] 2025/10/07 15:20:30.513 Divide StockNo {FVF00}
[20028] 2025/10/07 15:20:30.513 Add Basket MarketNo：2 StockIdx：540
[20028] 2025/10/07 15:20:30.513 Divide StockNo {FWF00}
[20028] 2025/10/07 15:20:30.514 Add Basket MarketNo：2 StockIdx：546
[20028] 2025/10/07 15:20:30.514 Divide StockNo {FYF00}
[20028] 2025/10/07 15:20:30.514 Add Basket MarketNo：2 StockIdx：552
[20028] 2025/10/07 15:20:30.514 Divide StockNo {FZF00}
[20028] 2025/10/07 15:20:30.514 Add Basket MarketNo：2 StockIdx：558
[20028] 2025/10/07 15:20:30.514 Divide StockNo {GAF00}
[20028] 2025/10/07 15:20:30.514 Add Basket MarketNo：2 StockIdx：564
[20028] 2025/10/07 15:20:30.514 Divide StockNo {GCF00}
[20028] 2025/10/07 15:20:30.514 Add Basket MarketNo：2 StockIdx：570
[20028] 2025/10/07 15:20:30.514 Divide StockNo {GHF00}
[20028] 2025/10/07 15:20:30.514 Add Basket MarketNo：2 StockIdx：576
[20028] 2025/10/07 15:20:30.514 Divide StockNo {GIF00}
[20028] 2025/10/07 15:20:30.514 Add Basket MarketNo：2 StockIdx：582
[20028] 2025/10/07 15:20:30.514 Divide StockNo {GJF00}
[20028] 2025/10/07 15:20:30.514 Add Basket MarketNo：2 StockIdx：588
[20028] 2025/10/07 15:20:30.514 Divide StockNo {GKF00}
[20028] 2025/10/07 15:20:30.514 Add Basket MarketNo：2 StockIdx：594
[20028] 2025/10/07 15:20:30.514 Divide StockNo {GLF00}
[20028] 2025/10/07 15:20:30.514 Add Basket MarketNo：2 StockIdx：600
[20028] 2025/10/07 15:20:30.514 Divide StockNo {GMF00}
[20028] 2025/10/07 15:20:30.514 Add Basket MarketNo：2 StockIdx：606
[20028] 2025/10/07 15:20:30.514 Divide StockNo {GNF00}
[20028] 2025/10/07 15:20:30.514 Add Basket MarketNo：2 StockIdx：612
[20028] 2025/10/07 15:20:30.514 Divide StockNo {GOF00}
[20028] 2025/10/07 15:20:30.514 Add Basket MarketNo：2 StockIdx：618
[20028] 2025/10/07 15:20:30.514 Divide StockNo {GRF00}
[20028] 2025/10/07 15:20:30.514 Add Basket MarketNo：2 StockIdx：624
[20028] 2025/10/07 15:20:30.514 Divide StockNo {GUF00}
[20028] 2025/10/07 15:20:30.514 Add Basket MarketNo：2 StockIdx：630
[20028] 2025/10/07 15:20:30.514 Divide StockNo {GVF00}
[20028] 2025/10/07 15:20:30.514 Add Basket MarketNo：2 StockIdx：636
[20028] 2025/10/07 15:20:30.514 Divide StockNo {GWF00}
[20028] 2025/10/07 15:20:30.514 Add Basket MarketNo：2 StockIdx：642
[20028] 2025/10/07 15:20:30.514 Divide StockNo {GXF00}
[20028] 2025/10/07 15:20:30.514 Add Basket MarketNo：2 StockIdx：648
[20028] 2025/10/07 15:20:30.514 Divide StockNo {GYF00}
[20028] 2025/10/07 15:20:30.514 Add Basket MarketNo：2 StockIdx：654
[20028] 2025/10/07 15:20:30.514 Divide StockNo {GZF00}
[20028] 2025/10/07 15:20:30.514 Add Basket MarketNo：2 StockIdx：660
[20028] 2025/10/07 15:20:30.515 Divide StockNo {HAF00}
[20028] 2025/10/07 15:20:30.515 Add Basket MarketNo：2 StockIdx：666
[20028] 2025/10/07 15:20:30.515 Divide StockNo {HBF00}
[20028] 2025/10/07 15:20:30.515 Add Basket MarketNo：2 StockIdx：677
[20028] 2025/10/07 15:20:30.515 Divide StockNo {HCF00}
[20028] 2025/10/07 15:20:30.515 Add Basket MarketNo：2 StockIdx：683
[20028] 2025/10/07 15:20:30.515 Divide StockNo {HHF00}
[20028] 2025/10/07 15:20:30.515 Add Basket MarketNo：2 StockIdx：689
[20028] 2025/10/07 15:20:30.515 Divide StockNo {HIF00}
[20028] 2025/10/07 15:20:30.515 Add Basket MarketNo：2 StockIdx：695
[20028] 2025/10/07 15:20:30.515 Divide StockNo {HLF00}
[20028] 2025/10/07 15:20:30.515 Add Basket MarketNo：2 StockIdx：701
[20028] 2025/10/07 15:20:30.515 Divide StockNo {HOF00}
[20028] 2025/10/07 15:20:30.515 Add Basket MarketNo：2 StockIdx：713
[20028] 2025/10/07 15:20:30.515 Divide StockNo {HQF00}
[20028] 2025/10/07 15:20:30.515 Add Basket MarketNo：2 StockIdx：720
[20028] 2025/10/07 15:20:30.515 Divide StockNo {HSF00}
[20028] 2025/10/07 15:20:30.515 Add Basket MarketNo：2 StockIdx：726
[20028] 2025/10/07 15:20:30.515 Divide StockNo {IAF00}
[20028] 2025/10/07 15:20:30.515 Add Basket MarketNo：2 StockIdx：732
[20028] 2025/10/07 15:20:30.515 Divide StockNo {IHF00}
[20028] 2025/10/07 15:20:30.515 Add Basket MarketNo：2 StockIdx：740
[20028] 2025/10/07 15:20:30.515 Divide StockNo {IIF00}
[20028] 2025/10/07 15:20:30.515 Add Basket MarketNo：2 StockIdx：746
[20028] 2025/10/07 15:20:30.515 Divide StockNo {IJF00}
[20028] 2025/10/07 15:20:30.515 Add Basket MarketNo：2 StockIdx：752
[20028] 2025/10/07 15:20:30.515 Divide StockNo {IMF00}
[20028] 2025/10/07 15:20:30.515 Add Basket MarketNo：2 StockIdx：758
[20028] 2025/10/07 15:20:30.515 Divide StockNo {IOF00}
[20028] 2025/10/07 15:20:30.515 Add Basket MarketNo：2 StockIdx：764
[20028] 2025/10/07 15:20:30.515 Divide StockNo {IPF00}
[20028] 2025/10/07 15:20:30.515 Add Basket MarketNo：2 StockIdx：770
[20028] 2025/10/07 15:20:30.515 Divide StockNo {IQF00}
[20028] 2025/10/07 15:20:30.515 Add Basket MarketNo：2 StockIdx：776
[20028] 2025/10/07 15:20:30.515 Divide StockNo {IRF00}
[20028] 2025/10/07 15:20:30.515 Add Basket MarketNo：2 StockIdx：782
[20028] 2025/10/07 15:20:30.515 Divide StockNo {ITF00}
[20028] 2025/10/07 15:20:30.515 Add Basket MarketNo：2 StockIdx：788
[20028] 2025/10/07 15:20:30.515 Divide StockNo {IXF00}
[20028] 2025/10/07 15:20:30.515 Add Basket MarketNo：2 StockIdx：794
[20028] 2025/10/07 15:20:30.516 Divide StockNo {IYF00}
[20028] 2025/10/07 15:20:30.516 Add Basket MarketNo：2 StockIdx：800
[20028] 2025/10/07 15:20:30.516 Divide StockNo {IZF00}
[20028] 2025/10/07 15:20:30.516 Add Basket MarketNo：2 StockIdx：806
[20028] 2025/10/07 15:20:30.516 Divide StockNo {JBF00}
[20028] 2025/10/07 15:20:30.516 Add Basket MarketNo：2 StockIdx：812
[20028] 2025/10/07 15:20:30.516 Divide StockNo {JFF00}
[20028] 2025/10/07 15:20:30.516 Add Basket MarketNo：2 StockIdx：818
[20028] 2025/10/07 15:20:30.516 Divide StockNo {JMF00}
[20028] 2025/10/07 15:20:30.516 Add Basket MarketNo：2 StockIdx：824
[20028] 2025/10/07 15:20:30.516 Divide StockNo {JNF00}
[20028] 2025/10/07 15:20:30.516 Add Basket MarketNo：2 StockIdx：830
[20028] 2025/10/07 15:20:30.516 Divide StockNo {JPF00}
[20028] 2025/10/07 15:20:30.516 Add Basket MarketNo：2 StockIdx：836
[20028] 2025/10/07 15:20:30.516 Divide StockNo {JSF00}
[20028] 2025/10/07 15:20:30.516 Add Basket MarketNo：2 StockIdx：842
[20028] 2025/10/07 15:20:30.516 Divide StockNo {JWF00}
[20028] 2025/10/07 15:20:30.516 Add Basket MarketNo：2 StockIdx：848
[20028] 2025/10/07 15:20:30.516 Divide StockNo {JXF00}
[20028] 2025/10/07 15:20:30.516 Add Basket MarketNo：2 StockIdx：854
[20028] 2025/10/07 15:20:30.516 Divide StockNo {JZF00}
[20028] 2025/10/07 15:20:30.516 Add Basket MarketNo：2 StockIdx：860
[20028] 2025/10/07 15:20:30.516 Divide StockNo {KAF00}
[20028] 2025/10/07 15:20:30.516 Add Basket MarketNo：2 StockIdx：866
[20028] 2025/10/07 15:20:30.516 Divide StockNo {KBF00}
[20028] 2025/10/07 15:20:30.516 Add Basket MarketNo：2 StockIdx：872
[20028] 2025/10/07 15:20:30.516 Divide StockNo {KCF00}
[20028] 2025/10/07 15:20:30.516 Add Basket MarketNo：2 StockIdx：878
[20028] 2025/10/07 15:20:30.516 Divide StockNo {KDF00}
[20028] 2025/10/07 15:20:30.516 Add Basket MarketNo：2 StockIdx：884
[20028] 2025/10/07 15:20:30.516 Divide StockNo {KEF00}
[20028] 2025/10/07 15:20:30.516 Add Basket MarketNo：2 StockIdx：890
[20028] 2025/10/07 15:20:30.516 Divide StockNo {KFF00}
[20028] 2025/10/07 15:20:30.516 Add Basket MarketNo：2 StockIdx：896
[20028] 2025/10/07 15:20:30.516 Divide StockNo {KGF00}
[20028] 2025/10/07 15:20:30.516 Add Basket MarketNo：2 StockIdx：902
[20028] 2025/10/07 15:20:30.516 Divide StockNo {KIF00}
[20028] 2025/10/07 15:20:30.516 Add Basket MarketNo：2 StockIdx：908
[20028] 2025/10/07 15:20:30.516 Divide StockNo {KKF00}
[20028] 2025/10/07 15:20:30.516 Add Basket MarketNo：2 StockIdx：914
[20028] 2025/10/07 15:20:30.516 Divide StockNo {KLF00}
[20028] 2025/10/07 15:20:30.516 Add Basket MarketNo：2 StockIdx：920
[20028] 2025/10/07 15:20:30.516 Divide StockNo {KOF00}
[20028] 2025/10/07 15:20:30.516 Add Basket MarketNo：2 StockIdx：926
[20028] 2025/10/07 15:20:30.516 Divide StockNo {KPF00}
[20028] 2025/10/07 15:20:30.516 Add Basket MarketNo：2 StockIdx：932
[20028] 2025/10/07 15:20:30.516 Divide StockNo {KSF00}
[20028] 2025/10/07 15:20:30.516 Add Basket MarketNo：2 StockIdx：938
[20028] 2025/10/07 15:20:30.516 Divide StockNo {KUF00}
[20028] 2025/10/07 15:20:30.516 Add Basket MarketNo：2 StockIdx：944
[20028] 2025/10/07 15:20:30.516 Divide StockNo {KWF00}
[20028] 2025/10/07 15:20:30.516 Add Basket MarketNo：2 StockIdx：950
[20028] 2025/10/07 15:20:30.516 Divide StockNo {LBF00}
[20028] 2025/10/07 15:20:30.516 Add Basket MarketNo：2 StockIdx：956
[20028] 2025/10/07 15:20:30.516 Divide StockNo {LCF00}
[20028] 2025/10/07 15:20:30.516 Add Basket MarketNo：2 StockIdx：962
[20028] 2025/10/07 15:20:30.516 Divide StockNo {LEF00}
[20028] 2025/10/07 15:20:30.516 Add Basket MarketNo：2 StockIdx：968
[20028] 2025/10/07 15:20:30.516 Divide StockNo {LIF00}
[20028] 2025/10/07 15:20:30.516 Add Basket MarketNo：2 StockIdx：974
[20028] 2025/10/07 15:20:30.516 Divide StockNo {LMF00}
[20028] 2025/10/07 15:20:30.516 Add Basket MarketNo：2 StockIdx：980
[20028] 2025/10/07 15:20:30.516 Divide StockNo {LOF00}
[20028] 2025/10/07 15:20:30.516 Add Basket MarketNo：2 StockIdx：986
[20028] 2025/10/07 15:20:30.516 Divide StockNo {LQF00}
[20028] 2025/10/07 15:20:30.516 Add Basket MarketNo：2 StockIdx：992
[20028] 2025/10/07 15:20:30.516 Divide StockNo {LRF00}
[20028] 2025/10/07 15:20:30.516 Add Basket MarketNo：2 StockIdx：998
[20028] 2025/10/07 15:20:30.517 Divide StockNo {LTF00}
[20028] 2025/10/07 15:20:30.517 Add Basket MarketNo：2 StockIdx：1008
[20028] 2025/10/07 15:20:30.517 Divide StockNo {LUF00}
[20028] 2025/10/07 15:20:30.517 Add Basket MarketNo：2 StockIdx：1014
[20028] 2025/10/07 15:20:30.517 Divide StockNo {LVF00}
[20028] 2025/10/07 15:20:30.517 Add Basket MarketNo：2 StockIdx：1020
[20028] 2025/10/07 15:20:30.517 Divide StockNo {LWF00}
[20028] 2025/10/07 15:20:30.517 Add Basket MarketNo：2 StockIdx：1028
[20028] 2025/10/07 15:20:30.517 Divide StockNo {LXF00}
[20028] 2025/10/07 15:20:30.517 Add Basket MarketNo：2 StockIdx：1034
[20028] 2025/10/07 15:20:30.517 Divide StockNo {LYF00}
[20028] 2025/10/07 15:20:30.517 Add Basket MarketNo：2 StockIdx：1041
[20028] 2025/10/07 15:20:30.517 Divide StockNo {MAF00}
[20028] 2025/10/07 15:20:30.517 Add Basket MarketNo：2 StockIdx：1047
[20028] 2025/10/07 15:20:30.517 Divide StockNo {MBF00}
[20028] 2025/10/07 15:20:30.517 Add Basket MarketNo：2 StockIdx：1050
[20028] 2025/10/07 15:20:30.517 Divide StockNo {MJF00}
[20028] 2025/10/07 15:20:30.517 Add Basket MarketNo：2 StockIdx：1056
[20028] 2025/10/07 15:20:30.517 Divide StockNo {MKF00}
[20028] 2025/10/07 15:20:30.517 Add Basket MarketNo：2 StockIdx：1062
[20028] 2025/10/07 15:20:30.517 Divide StockNo {MQF00}
[20028] 2025/10/07 15:20:30.517 Add Basket MarketNo：2 StockIdx：1068
[20028] 2025/10/07 15:20:30.517 Divide StockNo {MVF00}
[20028] 2025/10/07 15:20:30.517 Add Basket MarketNo：2 StockIdx：1074
[20028] 2025/10/07 15:20:30.517 Divide StockNo {MYF00}
[20028] 2025/10/07 15:20:30.517 Add Basket MarketNo：2 StockIdx：1080
[20028] 2025/10/07 15:20:30.517 Divide StockNo {NAF00}
[20028] 2025/10/07 15:20:30.517 Add Basket MarketNo：2 StockIdx：1086
[20028] 2025/10/07 15:20:30.517 Divide StockNo {NBF00}
[20028] 2025/10/07 15:20:30.517 Add Basket MarketNo：2 StockIdx：1092
[20028] 2025/10/07 15:20:30.517 Divide StockNo {NDF00}
[20028] 2025/10/07 15:20:30.517 Add Basket MarketNo：2 StockIdx：1098
[20028] 2025/10/07 15:20:30.517 Divide StockNo {NEF00}
[20028] 2025/10/07 15:20:30.517 Add Basket MarketNo：2 StockIdx：1104
[20028] 2025/10/07 15:20:30.517 Divide StockNo {NGF00}
[20028] 2025/10/07 15:20:30.517 Add Basket MarketNo：2 StockIdx：1110
[20028] 2025/10/07 15:20:30.517 Divide StockNo {NIF00}
[20028] 2025/10/07 15:20:30.517 Add Basket MarketNo：2 StockIdx：1116
[20028] 2025/10/07 15:20:30.517 Divide StockNo {NJF00}
[20028] 2025/10/07 15:20:30.517 Add Basket MarketNo：2 StockIdx：1125
[20028] 2025/10/07 15:20:30.517 Divide StockNo {NLF00}
[20028] 2025/10/07 15:20:30.517 Add Basket MarketNo：2 StockIdx：1131
[20028] 2025/10/07 15:20:30.517 Divide StockNo {NMF00}
[20028] 2025/10/07 15:20:30.517 Add Basket MarketNo：2 StockIdx：1137
[20028] 2025/10/07 15:20:30.517 Divide StockNo {NOF00}
[20028] 2025/10/07 15:20:30.517 Add Basket MarketNo：2 StockIdx：1143
[20028] 2025/10/07 15:20:30.517 Divide StockNo {NQF00}
[20028] 2025/10/07 15:20:30.517 Add Basket MarketNo：2 StockIdx：1149
[20028] 2025/10/07 15:20:30.517 Divide StockNo {NSF00}
[20028] 2025/10/07 15:20:30.517 Add Basket MarketNo：2 StockIdx：1155
[20028] 2025/10/07 15:20:30.517 Divide StockNo {NUF00}
[20028] 2025/10/07 15:20:30.517 Add Basket MarketNo：2 StockIdx：1161
[20028] 2025/10/07 15:20:30.517 Divide StockNo {NVF00}
[20028] 2025/10/07 15:20:30.517 Add Basket MarketNo：2 StockIdx：1167
[20028] 2025/10/07 15:20:30.517 Divide StockNo {NWF00}
[20028] 2025/10/07 15:20:30.517 Add Basket MarketNo：2 StockIdx：1173
[20028] 2025/10/07 15:20:30.517 Divide StockNo {NYF00}
[20028] 2025/10/07 15:20:30.517 Add Basket MarketNo：2 StockIdx：5609
[20028] 2025/10/07 15:20:30.517 Divide StockNo {OAF00}
[20028] 2025/10/07 15:20:30.517 Add Basket MarketNo：2 StockIdx：1185
[20028] 2025/10/07 15:20:30.517 Divide StockNo {OBF00}
[20028] 2025/10/07 15:20:30.517 Add Basket MarketNo：2 StockIdx：1191
[20028] 2025/10/07 15:20:30.517 Divide StockNo {ODF00}
[20028] 2025/10/07 15:20:30.517 Add Basket MarketNo：2 StockIdx：1197
[20028] 2025/10/07 15:20:30.518 Divide StockNo {OEF00}
[20028] 2025/10/07 15:20:30.518 Add Basket MarketNo：2 StockIdx：1203
[20028] 2025/10/07 15:20:30.518 Divide StockNo {OHF00}
[20028] 2025/10/07 15:20:30.518 Add Basket MarketNo：2 StockIdx：1209
[20028] 2025/10/07 15:20:30.518 Divide StockNo {OJF00}
[20028] 2025/10/07 15:20:30.518 Add Basket MarketNo：2 StockIdx：1217
[20028] 2025/10/07 15:20:30.518 Divide StockNo {OKF00}
[20028] 2025/10/07 15:20:30.518 Add Basket MarketNo：2 StockIdx：1223
[20028] 2025/10/07 15:20:30.518 Divide StockNo {OLF00}
[20028] 2025/10/07 15:20:30.518 Add Basket MarketNo：2 StockIdx：1229
[20028] 2025/10/07 15:20:30.518 Divide StockNo {OMF00}
[20028] 2025/10/07 15:20:30.518 Add Basket MarketNo：2 StockIdx：1235
[20028] 2025/10/07 15:20:30.518 Divide StockNo {OOF00}
[20028] 2025/10/07 15:20:30.518 Add Basket MarketNo：2 StockIdx：1241
[20028] 2025/10/07 15:20:30.518 Divide StockNo {OPF00}
[20028] 2025/10/07 15:20:30.518 Add Basket MarketNo：2 StockIdx：1247
[20028] 2025/10/07 15:20:30.518 Divide StockNo {OQF00}
[20028] 2025/10/07 15:20:30.518 Add Basket MarketNo：2 StockIdx：1253
[20028] 2025/10/07 15:20:30.518 Divide StockNo {ORF00}
[20028] 2025/10/07 15:20:30.518 Add Basket MarketNo：2 StockIdx：1259
[20028] 2025/10/07 15:20:30.518 Divide StockNo {OSF00}
[20028] 2025/10/07 15:20:30.518 Add Basket MarketNo：2 StockIdx：1265
[20028] 2025/10/07 15:20:30.518 Divide StockNo {OTF00}
[20028] 2025/10/07 15:20:30.518 Add Basket MarketNo：2 StockIdx：1271
[20028] 2025/10/07 15:20:30.518 Divide StockNo {OUF00}
[20028] 2025/10/07 15:20:30.518 Add Basket MarketNo：2 StockIdx：1277
[20028] 2025/10/07 15:20:30.518 Divide StockNo {OVF00}
[20028] 2025/10/07 15:20:30.518 Add Basket MarketNo：2 StockIdx：1283
[20028] 2025/10/07 15:20:30.518 Divide StockNo {OWF00}
[20028] 2025/10/07 15:20:30.518 Add Basket MarketNo：2 StockIdx：1289
[20028] 2025/10/07 15:20:30.518 Divide StockNo {OXF00}
[20028] 2025/10/07 15:20:30.518 Add Basket MarketNo：2 StockIdx：1295
[20028] 2025/10/07 15:20:30.518 Divide StockNo {OYF00}
[20028] 2025/10/07 15:20:30.518 Add Basket MarketNo：2 StockIdx：1301
[20028] 2025/10/07 15:20:30.518 Divide StockNo {OZF00}
[20028] 2025/10/07 15:20:30.518 Add Basket MarketNo：2 StockIdx：1307
[20028] 2025/10/07 15:20:30.518 Divide StockNo {PAF00}
[20028] 2025/10/07 15:20:30.518 Add Basket MarketNo：2 StockIdx：1313
[20028] 2025/10/07 15:20:30.518 Divide StockNo {PBF00}
[20028] 2025/10/07 15:20:30.518 Add Basket MarketNo：2 StockIdx：1319
[20028] 2025/10/07 15:20:30.518 Divide StockNo {PCF00}
[20028] 2025/10/07 15:20:30.518 Add Basket MarketNo：2 StockIdx：1325
[20028] 2025/10/07 15:20:30.518 Divide StockNo {PDF00}
[20028] 2025/10/07 15:20:30.518 Add Basket MarketNo：2 StockIdx：1331
[20028] 2025/10/07 15:20:30.518 Divide StockNo {PEF00}
[20028] 2025/10/07 15:20:30.518 Add Basket MarketNo：2 StockIdx：1337
[20028] 2025/10/07 15:20:30.518 Divide StockNo {PFF00}
[20028] 2025/10/07 15:20:30.518 Add Basket MarketNo：2 StockIdx：1343
[20028] 2025/10/07 15:20:30.518 Divide StockNo {PGF00}
[20028] 2025/10/07 15:20:30.518 Add Basket MarketNo：2 StockIdx：1349
[20028] 2025/10/07 15:20:30.518 Divide StockNo {PHF00}
[20028] 2025/10/07 15:20:30.518 Add Basket MarketNo：2 StockIdx：1355
[20028] 2025/10/07 15:20:30.518 Divide StockNo {PIF00}
[20028] 2025/10/07 15:20:30.518 Add Basket MarketNo：2 StockIdx：1361
[20028] 2025/10/07 15:20:30.518 Divide StockNo {PJF00}
[20028] 2025/10/07 15:20:30.518 Add Basket MarketNo：2 StockIdx：1367
[20028] 2025/10/07 15:20:30.518 Divide StockNo {PKF00}
[20028] 2025/10/07 15:20:30.518 Add Basket MarketNo：2 StockIdx：1373
[20028] 2025/10/07 15:20:30.518 Divide StockNo {PLF00}
[20028] 2025/10/07 15:20:30.518 Add Basket MarketNo：2 StockIdx：1379
[20028] 2025/10/07 15:20:30.518 Divide StockNo {PMF00}
[20028] 2025/10/07 15:20:30.518 Add Basket MarketNo：2 StockIdx：1385
[20028] 2025/10/07 15:20:30.518 Divide StockNo {PNF00}
[20028] 2025/10/07 15:20:30.518 Add Basket MarketNo：2 StockIdx：1391
[20028] 2025/10/07 15:20:30.518 Divide StockNo {PPF00}
[20028] 2025/10/07 15:20:30.518 Add Basket MarketNo：2 StockIdx：1397
[20028] 2025/10/07 15:20:30.518 Divide StockNo {PQF00}
[20028] 2025/10/07 15:20:30.518 Add Basket MarketNo：2 StockIdx：1403
[20028] 2025/10/07 15:20:30.518 Divide StockNo {PRF00}
[20028] 2025/10/07 15:20:30.518 Add Basket MarketNo：2 StockIdx：1409
[20028] 2025/10/07 15:20:30.518 Divide StockNo {PSF00}
[20028] 2025/10/07 15:20:30.519 Add Basket MarketNo：2 StockIdx：1415
[20028] 2025/10/07 15:20:30.519 Divide StockNo {PTF00}
[20028] 2025/10/07 15:20:30.519 Add Basket MarketNo：2 StockIdx：1424
[20028] 2025/10/07 15:20:30.519 Divide StockNo {PUF00}
[20028] 2025/10/07 15:20:30.519 Add Basket MarketNo：2 StockIdx：1430
[20028] 2025/10/07 15:20:30.519 Divide StockNo {PVF00}
[20028] 2025/10/07 15:20:30.519 Add Basket MarketNo：2 StockIdx：1436
[20028] 2025/10/07 15:20:30.519 Divide StockNo {PWF00}
[20028] 2025/10/07 15:20:30.519 Add Basket MarketNo：2 StockIdx：1442
[20028] 2025/10/07 15:20:30.519 Divide StockNo {PXF00}
[20028] 2025/10/07 15:20:30.519 Add Basket MarketNo：2 StockIdx：1448
[20028] 2025/10/07 15:20:30.519 Divide StockNo {PYF00}
[20028] 2025/10/07 15:20:30.519 Add Basket MarketNo：2 StockIdx：1454
[20028] 2025/10/07 15:20:30.519 Divide StockNo {PZF00}
[20028] 2025/10/07 15:20:30.519 Add Basket MarketNo：2 StockIdx：1460
[20028] 2025/10/07 15:20:30.519 Divide StockNo {QAF00}
[20028] 2025/10/07 15:20:30.519 Add Basket MarketNo：2 StockIdx：1466
[20028] 2025/10/07 15:20:30.519 Divide StockNo {QBF00}
[20028] 2025/10/07 15:20:30.519 Add Basket MarketNo：2 StockIdx：1472
[20028] 2025/10/07 15:20:30.519 Divide StockNo {QCF00}
[20028] 2025/10/07 15:20:30.519 Add Basket MarketNo：2 StockIdx：1478
[20028] 2025/10/07 15:20:30.519 Divide StockNo {QDF00}
[20028] 2025/10/07 15:20:30.519 Add Basket MarketNo：2 StockIdx：1484
[20028] 2025/10/07 15:20:30.519 Divide StockNo {QEF00}
[20028] 2025/10/07 15:20:30.519 Add Basket MarketNo：2 StockIdx：1490
[20028] 2025/10/07 15:20:30.519 Divide StockNo {QFF00}
[20028] 2025/10/07 15:20:30.519 Add Basket MarketNo：2 StockIdx：5615
[20028] 2025/10/07 15:20:30.519 Divide StockNo {QGF00}
[20028] 2025/10/07 15:20:30.519 Add Basket MarketNo：2 StockIdx：1503
[20028] 2025/10/07 15:20:30.519 Divide StockNo {QHF00}
[20028] 2025/10/07 15:20:30.519 Add Basket MarketNo：2 StockIdx：1509
[20028] 2025/10/07 15:20:30.519 Divide StockNo {QIF00}
[20028] 2025/10/07 15:20:30.519 Add Basket MarketNo：2 StockIdx：1515
[20028] 2025/10/07 15:20:30.519 Divide StockNo {QJF00}
[20028] 2025/10/07 15:20:30.519 Add Basket MarketNo：2 StockIdx：1519
[20028] 2025/10/07 15:20:30.519 Divide StockNo {QKF00}
[20028] 2025/10/07 15:20:30.519 Add Basket MarketNo：2 StockIdx：1525
[20028] 2025/10/07 15:20:30.519 Divide StockNo {QLF00}
[20028] 2025/10/07 15:20:30.519 Add Basket MarketNo：2 StockIdx：1531
[20028] 2025/10/07 15:20:30.519 Divide StockNo {QMF00}
[20028] 2025/10/07 15:20:30.519 Add Basket MarketNo：2 StockIdx：1537
[20028] 2025/10/07 15:20:30.519 Divide StockNo {QNF00}
[20028] 2025/10/07 15:20:30.519 Add Basket MarketNo：2 StockIdx：1543
[20028] 2025/10/07 15:20:30.519 Divide StockNo {QOF00}
[20028] 2025/10/07 15:20:30.519 Add Basket MarketNo：2 StockIdx：1549
[20028] 2025/10/07 15:20:30.519 Divide StockNo {QPF00}
[20028] 2025/10/07 15:20:30.519 Add Basket MarketNo：2 StockIdx：1555
[20028] 2025/10/07 15:20:30.519 Divide StockNo {QQF00}
[20028] 2025/10/07 15:20:30.519 Add Basket MarketNo：2 StockIdx：1561
[20028] 2025/10/07 15:20:30.519 Divide StockNo {QRF00}
[20028] 2025/10/07 15:20:30.519 Add Basket MarketNo：2 StockIdx：1567
[20028] 2025/10/07 15:20:30.519 Divide StockNo {QSF00}
[20028] 2025/10/07 15:20:30.519 Add Basket MarketNo：2 StockIdx：1573
[20028] 2025/10/07 15:20:30.519 Divide StockNo {QTF00}
[20028] 2025/10/07 15:20:30.519 Add Basket MarketNo：2 StockIdx：1579
[20028] 2025/10/07 15:20:30.519 Divide StockNo {QUF00}
[20028] 2025/10/07 15:20:30.519 Add Basket MarketNo：2 StockIdx：1585
[20028] 2025/10/07 15:20:30.519 Divide StockNo {QVF00}
[20028] 2025/10/07 15:20:30.519 Add Basket MarketNo：2 StockIdx：1591
[20028] 2025/10/07 15:20:30.519 Divide StockNo {QWF00}
[20028] 2025/10/07 15:20:30.519 Add Basket MarketNo：2 StockIdx：1597
[20028] 2025/10/07 15:20:30.519 Divide StockNo {QXF00}
[20028] 2025/10/07 15:20:30.519 Add Basket MarketNo：2 StockIdx：1603
[20028] 2025/10/07 15:20:30.519 Divide StockNo {QYF00}
[20028] 2025/10/07 15:20:30.519 Add Basket MarketNo：2 StockIdx：1609
[20028] 2025/10/07 15:20:30.519 Divide StockNo {QZF00}
[20028] 2025/10/07 15:20:30.519 Add Basket MarketNo：2 StockIdx：1615
[20028] 2025/10/07 15:20:30.519 Divide StockNo {RAF00}
[20028] 2025/10/07 15:20:30.519 Add Basket MarketNo：2 StockIdx：1621
[20028] 2025/10/07 15:20:30.520 Divide StockNo {RBF00}
[20028] 2025/10/07 15:20:30.520 Add Basket MarketNo：2 StockIdx：1627
[20028] 2025/10/07 15:20:30.520 Divide StockNo {RCF00}
[20028] 2025/10/07 15:20:30.520 Add Basket MarketNo：2 StockIdx：1633
[20028] 2025/10/07 15:20:30.520 Divide StockNo {RDF00}
[20028] 2025/10/07 15:20:30.520 Add Basket MarketNo：2 StockIdx：1639
[20028] 2025/10/07 15:20:30.520 Divide StockNo {REF00}
[20028] 2025/10/07 15:20:30.520 Add Basket MarketNo：2 StockIdx：1645
[20028] 2025/10/07 15:20:30.520 Divide StockNo {RFF00}
[20028] 2025/10/07 15:20:30.520 Add Basket MarketNo：2 StockIdx：1651
[20028] 2025/10/07 15:20:30.520 Divide StockNo {RGF00}
[20028] 2025/10/07 15:20:30.520 Add Basket MarketNo：2 StockIdx：1657
[20028] 2025/10/07 15:20:30.520 Divide StockNo {RIF00}
[20028] 2025/10/07 15:20:30.520 Add Basket MarketNo：2 StockIdx：1663
[20028] 2025/10/07 15:20:30.520 Divide StockNo {RJF00}
[20028] 2025/10/07 15:20:30.520 Add Basket MarketNo：2 StockIdx：1669
[20028] 2025/10/07 15:20:30.520 Divide StockNo {RKF00}
[20028] 2025/10/07 15:20:30.520 Add Basket MarketNo：2 StockIdx：1675
[20028] 2025/10/07 15:20:30.520 Divide StockNo {RLF00}
[20028] 2025/10/07 15:20:30.520 Add Basket MarketNo：2 StockIdx：1681
[20028] 2025/10/07 15:20:30.520 Divide StockNo {RMF00}
[20028] 2025/10/07 15:20:30.520 Stock Is Not Exist 
[20028] 2025/10/07 15:20:30.520 Divide StockNo {RNF00}
[20028] 2025/10/07 15:20:30.520 Add Basket MarketNo：2 StockIdx：1687
[20028] 2025/10/07 15:20:30.520 Divide StockNo {ROF00}
[20028] 2025/10/07 15:20:30.520 Add Basket MarketNo：2 StockIdx：1693
[20028] 2025/10/07 15:20:30.520 Divide StockNo {RPF00}
[20028] 2025/10/07 15:20:30.520 Add Basket MarketNo：2 StockIdx：1699
[20028] 2025/10/07 15:20:30.520 Divide StockNo {RQF00}
[20028] 2025/10/07 15:20:30.520 Stock Is Not Exist 
[20028] 2025/10/07 15:20:30.520 Divide StockNo {RRF00}
[20028] 2025/10/07 15:20:30.520 Add Basket MarketNo：2 StockIdx：1706
[20028] 2025/10/07 15:20:30.520 Divide StockNo {RSF00}
[20028] 2025/10/07 15:20:30.520 Add Basket MarketNo：2 StockIdx：1712
[20028] 2025/10/07 15:20:30.520 Divide StockNo {RUF00}
[20028] 2025/10/07 15:20:30.520 Add Basket MarketNo：2 StockIdx：1718
[20028] 2025/10/07 15:20:30.520 Divide StockNo {RVF00}
[20028] 2025/10/07 15:20:30.520 Add Basket MarketNo：2 StockIdx：1724
[20028] 2025/10/07 15:20:30.520 Divide StockNo {RWF00}
[20028] 2025/10/07 15:20:30.520 Add Basket MarketNo：2 StockIdx：1730
[20028] 2025/10/07 15:20:30.520 Divide StockNo {RXF00}
[20028] 2025/10/07 15:20:30.520 Add Basket MarketNo：2 StockIdx：1736
[20028] 2025/10/07 15:20:30.520 Divide StockNo {RYF00}
[20028] 2025/10/07 15:20:30.520 Add Basket MarketNo：2 StockIdx：1742
[20028] 2025/10/07 15:20:30.520 Divide StockNo {RZF00}
[20028] 2025/10/07 15:20:30.520 Add Basket MarketNo：2 StockIdx：5621
[20028] 2025/10/07 15:20:30.520 Divide StockNo {SAF00}
[20028] 2025/10/07 15:20:30.520 Add Basket MarketNo：2 StockIdx：1754
[20028] 2025/10/07 15:20:30.520 Divide StockNo {SBF00}
[20028] 2025/10/07 15:20:30.520 Add Basket MarketNo：2 StockIdx：1760
[20028] 2025/10/07 15:20:30.520 Divide StockNo {SCF00}
[20028] 2025/10/07 15:20:30.520 Add Basket MarketNo：2 StockIdx：1766
[20028] 2025/10/07 15:20:30.520 Divide StockNo {SDF00}
[20028] 2025/10/07 15:20:30.520 Add Basket MarketNo：2 StockIdx：1772
[20028] 2025/10/07 15:20:30.520 Divide StockNo {SEF00}
[20028] 2025/10/07 15:20:30.520 Add Basket MarketNo：2 StockIdx：1778
[20028] 2025/10/07 15:20:30.520 Divide StockNo {SFF00}
[20028] 2025/10/07 15:20:30.520 Add Basket MarketNo：2 StockIdx：1784
[20028] 2025/10/07 15:20:30.520 Divide StockNo {SGF00}
[20028] 2025/10/07 15:20:30.520 Add Basket MarketNo：2 StockIdx：1790
[20028] 2025/10/07 15:20:30.520 Divide StockNo {SIF00}
[20028] 2025/10/07 15:20:30.520 Add Basket MarketNo：2 StockIdx：1796
[20028] 2025/10/07 15:20:30.520 Divide StockNo {SJF00}
[20028] 2025/10/07 15:20:30.520 Add Basket MarketNo：2 StockIdx：1802
[20028] 2025/10/07 15:20:30.520 Divide StockNo {SKF00}
[20028] 2025/10/07 15:20:30.521 Add Basket MarketNo：2 StockIdx：1808
[20028] 2025/10/07 15:20:30.521 Divide StockNo {SLF00}
[20028] 2025/10/07 15:20:30.521 Add Basket MarketNo：2 StockIdx：1814
[20028] 2025/10/07 15:20:30.521 Divide StockNo {SMF00}
[20028] 2025/10/07 15:20:30.521 Add Basket MarketNo：2 StockIdx：1820
[20028] 2025/10/07 15:20:30.521 Divide StockNo {SNF00}
[20028] 2025/10/07 15:20:30.521 Add Basket MarketNo：2 StockIdx：1826
[20028] 2025/10/07 15:20:30.521 Divide StockNo {SQF00}
[20028] 2025/10/07 15:20:30.521 Add Basket MarketNo：2 StockIdx：1832
[20028] 2025/10/07 15:20:30.521 Divide StockNo {SRF00}
[20028] 2025/10/07 15:20:30.521 Add Basket MarketNo：2 StockIdx：5627
[20028] 2025/10/07 15:20:30.521 Divide StockNo {SSF00}
[20028] 2025/10/07 15:20:30.521 Add Basket MarketNo：2 StockIdx：1845
[20028] 2025/10/07 15:20:30.521 Divide StockNo {SUF00}
[20028] 2025/10/07 15:20:30.521 Add Basket MarketNo：2 StockIdx：1851
[20028] 2025/10/07 15:20:30.521 Divide StockNo {SVF00}
[20028] 2025/10/07 15:20:30.521 Add Basket MarketNo：2 StockIdx：1857
[20028] 2025/10/07 15:20:30.521 Divide StockNo {SWF00}
[20028] 2025/10/07 15:20:30.521 Add Basket MarketNo：2 StockIdx：1863
[20028] 2025/10/07 15:20:30.521 Divide StockNo {SYF00}
[20028] 2025/10/07 15:20:30.521 Add Basket MarketNo：2 StockIdx：1869
[20028] 2025/10/07 15:20:30.521 Divide StockNo {SZF00}
[20028] 2025/10/07 15:20:30.521 Add Basket MarketNo：2 StockIdx：1875
[20028] 2025/10/07 15:20:30.521 Divide StockNo {UAF00}
[20028] 2025/10/07 15:20:30.521 Add Basket MarketNo：2 StockIdx：1881
[20028] 2025/10/07 15:20:30.521 Divide StockNo {UBF00}
[20028] 2025/10/07 15:20:30.521 Add Basket MarketNo：2 StockIdx：1887
[20028] 2025/10/07 15:20:30.521 Divide StockNo {UCF00}
[20028] 2025/10/07 15:20:30.521 Add Basket MarketNo：2 StockIdx：1893
[20028] 2025/10/07 15:20:30.521 Divide StockNo {UEF00}
[20028] 2025/10/07 15:20:30.521 Add Basket MarketNo：2 StockIdx：1899
[20028] 2025/10/07 15:20:30.521 Divide StockNo {UFF00}
[20028] 2025/10/07 15:20:30.521 Add Basket MarketNo：2 StockIdx：1905
[20028] 2025/10/07 15:20:30.521 Divide StockNo {UGF00}
[20028] 2025/10/07 15:20:30.521 Add Basket MarketNo：2 StockIdx：1911
[20028] 2025/10/07 15:20:30.521 Divide StockNo {UHF00}
[20028] 2025/10/07 15:20:30.521 Add Basket MarketNo：2 StockIdx：1917
[20028] 2025/10/07 15:20:30.521 Divide StockNo {UIF00}
[20028] 2025/10/07 15:20:30.521 Add Basket MarketNo：2 StockIdx：1923
[20028] 2025/10/07 15:20:30.521 Divide StockNo {UJF00}
[20028] 2025/10/07 15:20:30.521 Add Basket MarketNo：2 StockIdx：1929
[20028] 2025/10/07 15:20:30.521 Divide StockNo {UKF00}
[20028] 2025/10/07 15:20:30.521 Add Basket MarketNo：2 StockIdx：1935
[20028] 2025/10/07 15:20:30.521 Divide StockNo {ULF00}
[20028] 2025/10/07 15:20:30.521 Add Basket MarketNo：2 StockIdx：1941
[20028] 2025/10/07 15:20:30.521 Divide StockNo {UMF00}
[20028] 2025/10/07 15:20:30.521 Add Basket MarketNo：2 StockIdx：1947
[20028] 2025/10/07 15:20:30.521 Divide StockNo {UOF00}
[20028] 2025/10/07 15:20:30.521 Add Basket MarketNo：2 StockIdx：1953
[20028] 2025/10/07 15:20:30.521 Divide StockNo {UPF00}
[20028] 2025/10/07 15:20:30.521 Add Basket MarketNo：2 StockIdx：1959
[20028] 2025/10/07 15:20:30.521 Divide StockNo {UQF00}
[20028] 2025/10/07 15:20:30.521 Add Basket MarketNo：2 StockIdx：1965
[20028] 2025/10/07 15:20:30.521 Divide StockNo {URF00}
[20028] 2025/10/07 15:20:30.521 Add Basket MarketNo：2 StockIdx：1972
[20028] 2025/10/07 15:20:30.521 Divide StockNo {USF00}
[20028] 2025/10/07 15:20:30.521 Add Basket MarketNo：2 StockIdx：1978
[20028] 2025/10/07 15:20:30.521 Divide StockNo {UTF00}
[20028] 2025/10/07 15:20:30.521 Add Basket MarketNo：2 StockIdx：1984
[20028] 2025/10/07 15:20:30.521 Divide StockNo {UUF00}
[20028] 2025/10/07 15:20:30.521 Add Basket MarketNo：2 StockIdx：1990
[20028] 2025/10/07 15:20:30.521 Divide StockNo {UVF00}
[20028] 2025/10/07 15:20:30.521 Add Basket MarketNo：2 StockIdx：1996
[20028] 2025/10/07 15:20:30.521 Divide StockNo {UWF00}
[20028] 2025/10/07 15:20:30.521 Add Basket MarketNo：2 StockIdx：2002
[20028] 2025/10/07 15:20:30.521 Divide StockNo {0050}
[20028] 2025/10/07 15:20:30.522 Add Basket MarketNo：0 StockIdx：0
[20028] 2025/10/07 15:20:30.522 Divide StockNo {0056}
[20028] 2025/10/07 15:20:30.522 Add Basket MarketNo：0 StockIdx：5
[20028] 2025/10/07 15:20:30.522 Divide StockNo {006205}
[20028] 2025/10/07 15:20:30.522 Add Basket MarketNo：0 StockIdx：10
[20028] 2025/10/07 15:20:30.522 Divide StockNo {006206}
[20028] 2025/10/07 15:20:30.522 Add Basket MarketNo：0 StockIdx：11
[20028] 2025/10/07 15:20:30.522 Divide StockNo {00636}
[20028] 2025/10/07 15:20:30.522 Add Basket MarketNo：0 StockIdx：20
[20028] 2025/10/07 15:20:30.522 Divide StockNo {00639}
[20028] 2025/10/07 15:20:30.522 Add Basket MarketNo：0 StockIdx：24
[20028] 2025/10/07 15:20:30.522 Divide StockNo {00643}
[20028] 2025/10/07 15:20:30.522 Add Basket MarketNo：0 StockIdx：28
[20028] 2025/10/07 15:20:30.522 Divide StockNo {00679B}
[20028] 2025/10/07 15:20:30.522 Add Basket MarketNo：1 StockIdx：1
[20028] 2025/10/07 15:20:30.522 Divide StockNo {00687B}
[20028] 2025/10/07 15:20:30.522 Add Basket MarketNo：1 StockIdx：2
[20028] 2025/10/07 15:20:30.522 Divide StockNo {00719B}
[20028] 2025/10/07 15:20:30.522 Add Basket MarketNo：1 StockIdx：8
[20028] 2025/10/07 15:20:30.522 Divide StockNo {00757}
[20028] 2025/10/07 15:20:30.522 Add Basket MarketNo：0 StockIdx：98
[20028] 2025/10/07 15:20:30.522 Divide StockNo {00772B}
[20028] 2025/10/07 15:20:30.522 Add Basket MarketNo：1 StockIdx：32
[20028] 2025/10/07 15:20:30.522 Divide StockNo {00878}
[20028] 2025/10/07 15:20:30.522 Add Basket MarketNo：0 StockIdx：113
[20028] 2025/10/07 15:20:30.522 Divide StockNo {00885}
[20028] 2025/10/07 15:20:30.522 Add Basket MarketNo：0 StockIdx：116
[20028] 2025/10/07 15:20:30.522 Divide StockNo {00893}
[20028] 2025/10/07 15:20:30.522 Add Basket MarketNo：0 StockIdx：119
[20028] 2025/10/07 15:20:30.522 Divide StockNo {00919}
[20028] 2025/10/07 15:20:30.522 Add Basket MarketNo：0 StockIdx：143
[20028] 2025/10/07 15:20:30.522 Divide StockNo {00923}
[20028] 2025/10/07 15:20:30.522 Add Basket MarketNo：0 StockIdx：147
[20028] 2025/10/07 15:20:30.522 Divide StockNo {00929}
[20028] 2025/10/07 15:20:30.522 Add Basket MarketNo：0 StockIdx：151
[20028] 2025/10/07 15:20:30.522 Divide StockNo {00937B}
[20028] 2025/10/07 15:20:30.522 Add Basket MarketNo：1 StockIdx：82
[20028] 2025/10/07 15:20:30.522 Divide StockNo {00940}
[20028] 2025/10/07 15:20:30.522 Add Basket MarketNo：0 StockIdx：159
[20028] 2025/10/07 15:20:30.522 Divide StockNo {1101}
[20028] 2025/10/07 15:20:30.522 Add Basket MarketNo：0 StockIdx：32137
[20028] 2025/10/07 15:20:30.522 Divide StockNo {1102}
[20028] 2025/10/07 15:20:30.522 Add Basket MarketNo：0 StockIdx：32139
[20028] 2025/10/07 15:20:30.522 Divide StockNo {1210}
[20028] 2025/10/07 15:20:30.522 Add Basket MarketNo：0 StockIdx：32147
[20028] 2025/10/07 15:20:30.522 Divide StockNo {1216}
[20028] 2025/10/07 15:20:30.522 Add Basket MarketNo：0 StockIdx：32150
[20028] 2025/10/07 15:20:30.522 Divide StockNo {1301}
[20028] 2025/10/07 15:20:30.522 Add Basket MarketNo：0 StockIdx：32165
[20028] 2025/10/07 15:20:30.522 Divide StockNo {1303}
[20028] 2025/10/07 15:20:30.522 Add Basket MarketNo：0 StockIdx：32166
[20028] 2025/10/07 15:20:30.522 Divide StockNo {1312}
[20028] 2025/10/07 15:20:30.522 Add Basket MarketNo：0 StockIdx：32173
[20028] 2025/10/07 15:20:30.522 Divide StockNo {1314}
[20028] 2025/10/07 15:20:30.522 Add Basket MarketNo：0 StockIdx：32176
[20028] 2025/10/07 15:20:30.522 Divide StockNo {1319}
[20028] 2025/10/07 15:20:30.522 Add Basket MarketNo：0 StockIdx：32179
[20028] 2025/10/07 15:20:30.522 Divide StockNo {1326}
[20028] 2025/10/07 15:20:30.522 Add Basket MarketNo：0 StockIdx：32184
[20028] 2025/10/07 15:20:30.522 Divide StockNo {1402}
[20028] 2025/10/07 15:20:30.522 Add Basket MarketNo：0 StockIdx：32191
[20028] 2025/10/07 15:20:30.522 Divide StockNo {1440}
[20028] 2025/10/07 15:20:30.522 Add Basket MarketNo：0 StockIdx：32208
[20028] 2025/10/07 15:20:30.522 Divide StockNo {1476}
[20028] 2025/10/07 15:20:30.522 Add Basket MarketNo：0 StockIdx：32238
[20028] 2025/10/07 15:20:30.522 Divide StockNo {1477}
[20028] 2025/10/07 15:20:30.522 Add Basket MarketNo：0 StockIdx：32239
[20028] 2025/10/07 15:20:30.523 Divide StockNo {1503}
[20028] 2025/10/07 15:20:30.523 Add Basket MarketNo：0 StockIdx：32240
[20028] 2025/10/07 15:20:30.523 Divide StockNo {1504}
[20028] 2025/10/07 15:20:30.523 Add Basket MarketNo：0 StockIdx：32241
[20028] 2025/10/07 15:20:30.523 Divide StockNo {1513}
[20028] 2025/10/07 15:20:30.523 Add Basket MarketNo：0 StockIdx：32244
[20028] 2025/10/07 15:20:30.523 Divide StockNo {1536}
[20028] 2025/10/07 15:20:30.523 Add Basket MarketNo：0 StockIdx：32264
[20028] 2025/10/07 15:20:30.523 Divide StockNo {1565}
[20028] 2025/10/07 15:20:30.523 Add Basket MarketNo：1 StockIdx：138
[20028] 2025/10/07 15:20:30.523 Divide StockNo {1590}
[20028] 2025/10/07 15:20:30.523 Add Basket MarketNo：0 StockIdx：32278
[20028] 2025/10/07 15:20:30.523 Divide StockNo {1605}
[20028] 2025/10/07 15:20:30.523 Add Basket MarketNo：0 StockIdx：32283
[20028] 2025/10/07 15:20:30.523 Divide StockNo {1609}
[20028] 2025/10/07 15:20:30.523 Add Basket MarketNo：0 StockIdx：32285
[20028] 2025/10/07 15:20:30.523 Divide StockNo {1707}
[20028] 2025/10/07 15:20:30.523 Add Basket MarketNo：0 StockIdx：32295
[20028] 2025/10/07 15:20:30.523 Divide StockNo {1717}
[20028] 2025/10/07 15:20:30.523 Add Basket MarketNo：0 StockIdx：32303
[20028] 2025/10/07 15:20:30.523 Divide StockNo {1718}
[20028] 2025/10/07 15:20:30.523 Add Basket MarketNo：0 StockIdx：32304
[20028] 2025/10/07 15:20:30.523 Divide StockNo {1722}
[20028] 2025/10/07 15:20:30.523 Add Basket MarketNo：0 StockIdx：32307
[20028] 2025/10/07 15:20:30.523 Divide StockNo {1795}
[20028] 2025/10/07 15:20:30.523 Add Basket MarketNo：0 StockIdx：32328
[20028] 2025/10/07 15:20:30.523 Divide StockNo {1802}
[20028] 2025/10/07 15:20:30.523 Add Basket MarketNo：0 StockIdx：32329
[20028] 2025/10/07 15:20:30.523 Divide StockNo {1904}
[20028] 2025/10/07 15:20:30.523 Add Basket MarketNo：0 StockIdx：32337
[20028] 2025/10/07 15:20:30.523 Divide StockNo {1905}
[20028] 2025/10/07 15:20:30.523 Add Basket MarketNo：0 StockIdx：32338
[20028] 2025/10/07 15:20:30.523 Divide StockNo {1907}
[20028] 2025/10/07 15:20:30.523 Add Basket MarketNo：0 StockIdx：32340
[20028] 2025/10/07 15:20:30.523 Divide StockNo {1909}
[20028] 2025/10/07 15:20:30.523 Add Basket MarketNo：0 StockIdx：32341
[20028] 2025/10/07 15:20:30.523 Divide StockNo {2002}
[20028] 2025/10/07 15:20:30.523 Add Basket MarketNo：0 StockIdx：32342
[20028] 2025/10/07 15:20:30.523 Divide StockNo {2006}
[20028] 2025/10/07 15:20:30.523 Add Basket MarketNo：0 StockIdx：32344
[20028] 2025/10/07 15:20:30.523 Divide StockNo {2014}
[20028] 2025/10/07 15:20:30.523 Add Basket MarketNo：0 StockIdx：32351
[20028] 2025/10/07 15:20:30.523 Divide StockNo {2027}
[20028] 2025/10/07 15:20:30.523 Add Basket MarketNo：0 StockIdx：32359
[20028] 2025/10/07 15:20:30.523 Divide StockNo {2049}
[20028] 2025/10/07 15:20:30.523 Add Basket MarketNo：0 StockIdx：32368
[20028] 2025/10/07 15:20:30.523 Divide StockNo {2059}
[20028] 2025/10/07 15:20:30.523 Add Basket MarketNo：0 StockIdx：32369
[20028] 2025/10/07 15:20:30.523 Divide StockNo {2105}
[20028] 2025/10/07 15:20:30.523 Add Basket MarketNo：0 StockIdx：32376
[20028] 2025/10/07 15:20:30.523 Divide StockNo {2201}
[20028] 2025/10/07 15:20:30.523 Add Basket MarketNo：0 StockIdx：32383
[20028] 2025/10/07 15:20:30.523 Divide StockNo {2231}
[20028] 2025/10/07 15:20:30.523 Add Basket MarketNo：0 StockIdx：32391
[20028] 2025/10/07 15:20:30.523 Divide StockNo {2301}
[20028] 2025/10/07 15:20:30.523 Add Basket MarketNo：0 StockIdx：32402
[20028] 2025/10/07 15:20:30.524 Divide StockNo {2303}
[20028] 2025/10/07 15:20:30.524 Add Basket MarketNo：0 StockIdx：32404
[20028] 2025/10/07 15:20:30.524 Divide StockNo {2308}
[20028] 2025/10/07 15:20:30.524 Add Basket MarketNo：0 StockIdx：32406
[20028] 2025/10/07 15:20:30.524 Divide StockNo {2312}
[20028] 2025/10/07 15:20:30.524 Add Basket MarketNo：0 StockIdx：32407
[20028] 2025/10/07 15:20:30.524 Divide StockNo {2313}
[20028] 2025/10/07 15:20:30.524 Add Basket MarketNo：0 StockIdx：32408
[20028] 2025/10/07 15:20:30.524 Divide StockNo {2317}
[20028] 2025/10/07 15:20:30.524 Add Basket MarketNo：0 StockIdx：32411
[20028] 2025/10/07 15:20:30.524 Divide StockNo {2323}
[20028] 2025/10/07 15:20:30.524 Add Basket MarketNo：0 StockIdx：32413
[20028] 2025/10/07 15:20:30.524 Divide StockNo {2324}
[20028] 2025/10/07 15:20:30.524 Add Basket MarketNo：0 StockIdx：32414
[20028] 2025/10/07 15:20:30.524 Divide StockNo {2327}
[20028] 2025/10/07 15:20:30.524 Add Basket MarketNo：0 StockIdx：32415
[20028] 2025/10/07 15:20:30.524 Divide StockNo {2328}
[20028] 2025/10/07 15:20:30.524 Add Basket MarketNo：0 StockIdx：32416
[20028] 2025/10/07 15:20:30.524 Divide StockNo {2330}
[20028] 2025/10/07 15:20:30.524 Add Basket MarketNo：0 StockIdx：32418
[20028] 2025/10/07 15:20:30.524 Divide StockNo {2331}
[20028] 2025/10/07 15:20:30.524 Add Basket MarketNo：0 StockIdx：32419
[20028] 2025/10/07 15:20:30.524 Divide StockNo {2332}
[20028] 2025/10/07 15:20:30.524 Add Basket MarketNo：0 StockIdx：32420
[20028] 2025/10/07 15:20:30.524 Divide StockNo {2337}
[20028] 2025/10/07 15:20:30.524 Add Basket MarketNo：0 StockIdx：32421
[20028] 2025/10/07 15:20:30.524 Divide StockNo {2338}
[20028] 2025/10/07 15:20:30.524 Add Basket MarketNo：0 StockIdx：32422
[20028] 2025/10/07 15:20:30.524 Divide StockNo {2340}
[20028] 2025/10/07 15:20:30.524 Add Basket MarketNo：0 StockIdx：32423
[20028] 2025/10/07 15:20:30.524 Divide StockNo {2344}
[20028] 2025/10/07 15:20:30.524 Add Basket MarketNo：0 StockIdx：32425
[20028] 2025/10/07 15:20:30.524 Divide StockNo {2345}
[20028] 2025/10/07 15:20:30.524 Add Basket MarketNo：0 StockIdx：32426
[20028] 2025/10/07 15:20:30.524 Divide StockNo {2347}
[20028] 2025/10/07 15:20:30.524 Add Basket MarketNo：0 StockIdx：32427
[20028] 2025/10/07 15:20:30.524 Divide StockNo {2352}
[20028] 2025/10/07 15:20:30.525 Add Basket MarketNo：0 StockIdx：32432
[20028] 2025/10/07 15:20:30.525 Divide StockNo {2353}
[20028] 2025/10/07 15:20:30.525 Add Basket MarketNo：0 StockIdx：32433
[20028] 2025/10/07 15:20:30.525 Divide StockNo {2354}
[20028] 2025/10/07 15:20:30.525 Add Basket MarketNo：0 StockIdx：32434
[20028] 2025/10/07 15:20:30.525 Divide StockNo {2355}
[20028] 2025/10/07 15:20:30.525 Add Basket MarketNo：0 StockIdx：32435
[20028] 2025/10/07 15:20:30.525 Divide StockNo {2356}
[20028] 2025/10/07 15:20:30.525 Add Basket MarketNo：0 StockIdx：32436
[20028] 2025/10/07 15:20:30.525 Divide StockNo {2357}
[20028] 2025/10/07 15:20:30.525 Add Basket MarketNo：0 StockIdx：32437
[20028] 2025/10/07 15:20:30.525 Divide StockNo {2360}
[20028] 2025/10/07 15:20:30.525 Add Basket MarketNo：0 StockIdx：32439
[20028] 2025/10/07 15:20:30.525 Divide StockNo {2368}
[20028] 2025/10/07 15:20:30.525 Add Basket MarketNo：0 StockIdx：32445
[20028] 2025/10/07 15:20:30.525 Divide StockNo {2371}
[20028] 2025/10/07 15:20:30.525 Add Basket MarketNo：0 StockIdx：32447
[20028] 2025/10/07 15:20:30.525 Divide StockNo {2376}
[20028] 2025/10/07 15:20:30.525 Add Basket MarketNo：0 StockIdx：32451
[20028] 2025/10/07 15:20:30.525 Divide StockNo {2377}
[20028] 2025/10/07 15:20:30.525 Add Basket MarketNo：0 StockIdx：32452
[20028] 2025/10/07 15:20:30.525 Divide StockNo {2379}
[20028] 2025/10/07 15:20:30.525 Add Basket MarketNo：0 StockIdx：32453
[20028] 2025/10/07 15:20:30.525 Divide StockNo {2382}
[20028] 2025/10/07 15:20:30.525 Add Basket MarketNo：0 StockIdx：32455
[20028] 2025/10/07 15:20:30.525 Divide StockNo {2383}
[20028] 2025/10/07 15:20:30.525 Add Basket MarketNo：0 StockIdx：32456
[20028] 2025/10/07 15:20:30.525 Divide StockNo {2385}
[20028] 2025/10/07 15:20:30.525 Add Basket MarketNo：0 StockIdx：32457
[20028] 2025/10/07 15:20:30.525 Divide StockNo {2388}
[20028] 2025/10/07 15:20:30.525 Add Basket MarketNo：0 StockIdx：32459
[20028] 2025/10/07 15:20:30.525 Divide StockNo {2392}
[20028] 2025/10/07 15:20:30.525 Add Basket MarketNo：0 StockIdx：32461
[20028] 2025/10/07 15:20:30.525 Divide StockNo {2393}
[20028] 2025/10/07 15:20:30.525 Add Basket MarketNo：0 StockIdx：32462
[20028] 2025/10/07 15:20:30.525 Divide StockNo {2401}
[20028] 2025/10/07 15:20:30.525 Add Basket MarketNo：0 StockIdx：32466
[20028] 2025/10/07 15:20:30.525 Divide StockNo {2404}
[20028] 2025/10/07 15:20:30.525 Add Basket MarketNo：0 StockIdx：32468
[20028] 2025/10/07 15:20:30.525 Divide StockNo {2408}
[20028] 2025/10/07 15:20:30.525 Add Basket MarketNo：0 StockIdx：32471
[20028] 2025/10/07 15:20:30.525 Divide StockNo {2409}
[20028] 2025/10/07 15:20:30.525 Add Basket MarketNo：0 StockIdx：32472
[20028] 2025/10/07 15:20:30.525 Divide StockNo {2412}
[20028] 2025/10/07 15:20:30.525 Add Basket MarketNo：0 StockIdx：32473
[20028] 2025/10/07 15:20:30.525 Divide StockNo {2439}
[20028] 2025/10/07 15:20:30.525 Add Basket MarketNo：0 StockIdx：32495
[20028] 2025/10/07 15:20:30.525 Divide StockNo {2441}
[20028] 2025/10/07 15:20:30.525 Add Basket MarketNo：0 StockIdx：32497
[20028] 2025/10/07 15:20:30.525 Divide StockNo {2449}
[20028] 2025/10/07 15:20:30.525 Add Basket MarketNo：0 StockIdx：32500
[20028] 2025/10/07 15:20:30.525 Divide StockNo {2454}
[20028] 2025/10/07 15:20:30.525 Add Basket MarketNo：0 StockIdx：32504
[20028] 2025/10/07 15:20:30.525 Divide StockNo {2455}
[20028] 2025/10/07 15:20:30.525 Add Basket MarketNo：0 StockIdx：32505
[20028] 2025/10/07 15:20:30.525 Divide StockNo {2457}
[20028] 2025/10/07 15:20:30.525 Add Basket MarketNo：0 StockIdx：32506
[20028] 2025/10/07 15:20:30.525 Divide StockNo {2458}
[20028] 2025/10/07 15:20:30.525 Add Basket MarketNo：0 StockIdx：32507
[20028] 2025/10/07 15:20:30.525 Divide StockNo {2474}
[20028] 2025/10/07 15:20:30.525 Add Basket MarketNo：0 StockIdx：32519
[20028] 2025/10/07 15:20:30.525 Divide StockNo {2481}
[20028] 2025/10/07 15:20:30.525 Add Basket MarketNo：0 StockIdx：32524
[20028] 2025/10/07 15:20:30.525 Divide StockNo {2485}
[20028] 2025/10/07 15:20:30.526 Add Basket MarketNo：0 StockIdx：32528
[20028] 2025/10/07 15:20:30.526 Divide StockNo {2486}
[20028] 2025/10/07 15:20:30.526 Add Basket MarketNo：0 StockIdx：32529
[20028] 2025/10/07 15:20:30.526 Divide StockNo {2489}
[20028] 2025/10/07 15:20:30.526 Add Basket MarketNo：0 StockIdx：32531
[20028] 2025/10/07 15:20:30.526 Divide StockNo {2492}
[20028] 2025/10/07 15:20:30.526 Add Basket MarketNo：0 StockIdx：32533
[20028] 2025/10/07 15:20:30.526 Divide StockNo {2498}
[20028] 2025/10/07 15:20:30.526 Add Basket MarketNo：0 StockIdx：32538
[20028] 2025/10/07 15:20:30.526 Divide StockNo {2515}
[20028] 2025/10/07 15:20:30.526 Add Basket MarketNo：0 StockIdx：32546
[20028] 2025/10/07 15:20:30.526 Divide StockNo {2520}
[20028] 2025/10/07 15:20:30.526 Add Basket MarketNo：0 StockIdx：32548
[20028] 2025/10/07 15:20:30.526 Divide StockNo {2542}
[20028] 2025/10/07 15:20:30.526 Add Basket MarketNo：0 StockIdx：32560
[20028] 2025/10/07 15:20:30.526 Divide StockNo {2548}
[20028] 2025/10/07 15:20:30.526 Add Basket MarketNo：0 StockIdx：32565
[20028] 2025/10/07 15:20:30.526 Divide StockNo {2603}
[20028] 2025/10/07 15:20:30.526 Add Basket MarketNo：0 StockIdx：32568
[20028] 2025/10/07 15:20:30.526 Divide StockNo {2605}
[20028] 2025/10/07 15:20:30.526 Add Basket MarketNo：0 StockIdx：32569
[20028] 2025/10/07 15:20:30.526 Divide StockNo {2606}
[20028] 2025/10/07 15:20:30.526 Add Basket MarketNo：0 StockIdx：32570
[20028] 2025/10/07 15:20:30.526 Divide StockNo {2609}
[20028] 2025/10/07 15:20:30.526 Add Basket MarketNo：0 StockIdx：32573
[20028] 2025/10/07 15:20:30.526 Divide StockNo {2610}
[20028] 2025/10/07 15:20:30.526 Add Basket MarketNo：0 StockIdx：32574
[20028] 2025/10/07 15:20:30.526 Divide StockNo {2615}
[20028] 2025/10/07 15:20:30.526 Add Basket MarketNo：0 StockIdx：32579
[20028] 2025/10/07 15:20:30.526 Divide StockNo {2618}
[20028] 2025/10/07 15:20:30.526 Add Basket MarketNo：0 StockIdx：32582
[20028] 2025/10/07 15:20:30.526 Divide StockNo {2633}
[20028] 2025/10/07 15:20:30.526 Add Basket MarketNo：0 StockIdx：32584
[20028] 2025/10/07 15:20:30.526 Divide StockNo {2634}
[20028] 2025/10/07 15:20:30.526 Add Basket MarketNo：0 StockIdx：32585
[20028] 2025/10/07 15:20:30.526 Divide StockNo {2801}
[20028] 2025/10/07 15:20:30.526 Add Basket MarketNo：0 StockIdx：32606
[20028] 2025/10/07 15:20:30.526 Divide StockNo {2834}
[20028] 2025/10/07 15:20:30.526 Add Basket MarketNo：0 StockIdx：32611
[20028] 2025/10/07 15:20:30.527 Divide StockNo {2880}
[20028] 2025/10/07 15:20:30.527 Add Basket MarketNo：0 StockIdx：32623
[20028] 2025/10/07 15:20:30.527 Divide StockNo {2881}
[20028] 2025/10/07 15:20:30.527 Add Basket MarketNo：0 StockIdx：32624
[20028] 2025/10/07 15:20:30.527 Divide StockNo {2882}
[20028] 2025/10/07 15:20:30.527 Add Basket MarketNo：0 StockIdx：32628
[20028] 2025/10/07 15:20:30.527 Divide StockNo {2883}
[20028] 2025/10/07 15:20:30.527 Add Basket MarketNo：0 StockIdx：32631
[20028] 2025/10/07 15:20:30.527 Divide StockNo {2884}
[20028] 2025/10/07 15:20:30.527 Add Basket MarketNo：0 StockIdx：32633
[20028] 2025/10/07 15:20:30.527 Divide StockNo {2885}
[20028] 2025/10/07 15:20:30.527 Add Basket MarketNo：0 StockIdx：32634
[20028] 2025/10/07 15:20:30.527 Divide StockNo {2886}
[20028] 2025/10/07 15:20:30.527 Add Basket MarketNo：0 StockIdx：32635
[20028] 2025/10/07 15:20:30.527 Divide StockNo {2887}
[20028] 2025/10/07 15:20:30.527 Add Basket MarketNo：0 StockIdx：32636
[20028] 2025/10/07 15:20:30.527 Divide StockNo {2888}
[20028] 2025/10/07 15:20:30.527 Stock Is Not Exist 
[20028] 2025/10/07 15:20:30.527 Divide StockNo {2890}
[20028] 2025/10/07 15:20:30.527 Add Basket MarketNo：0 StockIdx：32644
[20028] 2025/10/07 15:20:30.527 Divide StockNo {2891}
[20028] 2025/10/07 15:20:30.527 Add Basket MarketNo：0 StockIdx：32645
[20028] 2025/10/07 15:20:30.527 Divide StockNo {2892}
[20028] 2025/10/07 15:20:30.527 Add Basket MarketNo：0 StockIdx：32648
[20028] 2025/10/07 15:20:30.527 Divide StockNo {2913}
[20028] 2025/10/07 15:20:30.527 Add Basket MarketNo：0 StockIdx：32660
[20028] 2025/10/07 15:20:30.527 Divide StockNo {2915}
[20028] 2025/10/07 15:20:30.527 Add Basket MarketNo：0 StockIdx：32661
[20028] 2025/10/07 15:20:30.527 Divide StockNo {3005}
[20028] 2025/10/07 15:20:30.527 Add Basket MarketNo：0 StockIdx：32669
[20028] 2025/10/07 15:20:30.527 Divide StockNo {3006}
[20028] 2025/10/07 15:20:30.527 Add Basket MarketNo：0 StockIdx：32670
[20028] 2025/10/07 15:20:30.527 Divide StockNo {3008}
[20028] 2025/10/07 15:20:30.527 Add Basket MarketNo：0 StockIdx：32671
[20028] 2025/10/07 15:20:30.527 Divide StockNo {3017}
[20028] 2025/10/07 15:20:30.527 Add Basket MarketNo：0 StockIdx：32678
[20028] 2025/10/07 15:20:30.527 Divide StockNo {3019}
[20028] 2025/10/07 15:20:30.527 Add Basket MarketNo：0 StockIdx：32680
[20028] 2025/10/07 15:20:30.527 Divide StockNo {3034}
[20028] 2025/10/07 15:20:30.527 Add Basket MarketNo：0 StockIdx：32694
[20028] 2025/10/07 15:20:30.527 Divide StockNo {3035}
[20028] 2025/10/07 15:20:30.527 Add Basket MarketNo：0 StockIdx：32695
[20028] 2025/10/07 15:20:30.527 Divide StockNo {3036}
[20028] 2025/10/07 15:20:30.527 Add Basket MarketNo：0 StockIdx：32696
[20028] 2025/10/07 15:20:30.527 Divide StockNo {3037}
[20028] 2025/10/07 15:20:30.527 Add Basket MarketNo：0 StockIdx：32698
[20028] 2025/10/07 15:20:30.527 Divide StockNo {3042}
[20028] 2025/10/07 15:20:30.527 Add Basket MarketNo：0 StockIdx：32702
[20028] 2025/10/07 15:20:30.527 Divide StockNo {3044}
[20028] 2025/10/07 15:20:30.527 Add Basket MarketNo：0 StockIdx：32704
[20028] 2025/10/07 15:20:30.527 Divide StockNo {3045}
[20028] 2025/10/07 15:20:30.527 Add Basket MarketNo：0 StockIdx：32705
[20028] 2025/10/07 15:20:30.527 Divide StockNo {3078}
[20028] 2025/10/07 15:20:30.527 Add Basket MarketNo：1 StockIdx：266
[20028] 2025/10/07 15:20:30.527 Divide StockNo {3081}
[20028] 2025/10/07 15:20:30.527 Add Basket MarketNo：1 StockIdx：267
[20028] 2025/10/07 15:20:30.527 Divide StockNo {3105}
[20028] 2025/10/07 15:20:30.527 Add Basket MarketNo：1 StockIdx：277
[20028] 2025/10/07 15:20:30.527 Divide StockNo {3152}
[20028] 2025/10/07 15:20:30.527 Add Basket MarketNo：1 StockIdx：292
[20028] 2025/10/07 15:20:30.527 Divide StockNo {3189}
[20028] 2025/10/07 15:20:30.527 Add Basket MarketNo：0 StockIdx：32732
[20028] 2025/10/07 15:20:30.527 Divide StockNo {3227}
[20028] 2025/10/07 15:20:30.527 Add Basket MarketNo：1 StockIdx：315
[20028] 2025/10/07 15:20:30.527 Divide StockNo {3231}
[20028] 2025/10/07 15:20:30.527 Add Basket MarketNo：0 StockIdx：32735
[20028] 2025/10/07 15:20:30.527 Divide StockNo {3260}
[20028] 2025/10/07 15:20:30.528 Add Basket MarketNo：1 StockIdx：324
[20028] 2025/10/07 15:20:30.528 Divide StockNo {3264}
[20028] 2025/10/07 15:20:30.528 Add Basket MarketNo：1 StockIdx：325
[20028] 2025/10/07 15:20:30.528 Divide StockNo {3293}
[20028] 2025/10/07 15:20:30.528 Add Basket MarketNo：1 StockIdx：338
[20028] 2025/10/07 15:20:30.528 Divide StockNo {3324}
[20028] 2025/10/07 15:20:30.528 Add Basket MarketNo：1 StockIdx：354
[20028] 2025/10/07 15:20:30.528 Divide StockNo {3374}
[20028] 2025/10/07 15:20:30.528 Add Basket MarketNo：1 StockIdx：372
[20028] 2025/10/07 15:20:30.528 Divide StockNo {3376}
[20028] 2025/10/07 15:20:30.528 Add Basket MarketNo：0 StockIdx：32747
[20028] 2025/10/07 15:20:30.528 Divide StockNo {3380}
[20028] 2025/10/07 15:20:30.528 Add Basket MarketNo：0 StockIdx：32748
[20028] 2025/10/07 15:20:30.528 Divide StockNo {3406}
[20028] 2025/10/07 15:20:30.528 Add Basket MarketNo：0 StockIdx：32749
[20028] 2025/10/07 15:20:30.528 Divide StockNo {3443}
[20028] 2025/10/07 15:20:30.528 Add Basket MarketNo：0 StockIdx：32755
[20028] 2025/10/07 15:20:30.528 Divide StockNo {3481}
[20028] 2025/10/07 15:20:30.528 Add Basket MarketNo：0 StockIdx：32759
[20028] 2025/10/07 15:20:30.528 Divide StockNo {3529}
[20028] 2025/10/07 15:20:30.529 Add Basket MarketNo：1 StockIdx：422
[20028] 2025/10/07 15:20:30.529 Divide StockNo {3532}
[20028] 2025/10/07 15:20:30.529 Add Basket MarketNo：0 StockIdx：32767
[20028] 2025/10/07 15:20:30.529 Divide StockNo {3533}
[20028] 2025/10/07 15:20:30.529 Add Basket MarketNo：0 StockIdx：32768
[20028] 2025/10/07 15:20:30.529 Divide StockNo {3552}
[20028] 2025/10/07 15:20:30.529 Add Basket MarketNo：1 StockIdx：432
[20028] 2025/10/07 15:20:30.529 Divide StockNo {3653}
[20028] 2025/10/07 15:20:30.529 Add Basket MarketNo：0 StockIdx：32788
[20028] 2025/10/07 15:20:30.529 Divide StockNo {3661}
[20028] 2025/10/07 15:20:30.529 Add Basket MarketNo：0 StockIdx：32789
[20028] 2025/10/07 15:20:30.529 Divide StockNo {3673}
[20028] 2025/10/07 15:20:30.529 Add Basket MarketNo：0 StockIdx：32792
[20028] 2025/10/07 15:20:30.529 Divide StockNo {3680}
[20028] 2025/10/07 15:20:30.529 Add Basket MarketNo：1 StockIdx：471
[20028] 2025/10/07 15:20:30.529 Divide StockNo {3691}
[20028] 2025/10/07 15:20:30.529 Add Basket MarketNo：1 StockIdx：480
[20028] 2025/10/07 15:20:30.529 Divide StockNo {3702}
[20028] 2025/10/07 15:20:30.529 Add Basket MarketNo：0 StockIdx：32797
[20028] 2025/10/07 15:20:30.529 Divide StockNo {3706}
[20028] 2025/10/07 15:20:30.529 Add Basket MarketNo：0 StockIdx：32801
[20028] 2025/10/07 15:20:30.529 Divide StockNo {3711}
[20028] 2025/10/07 15:20:30.529 Add Basket MarketNo：0 StockIdx：32803
[20028] 2025/10/07 15:20:30.529 Divide StockNo {3714}
[20028] 2025/10/07 15:20:30.529 Add Basket MarketNo：0 StockIdx：32805
[20028] 2025/10/07 15:20:30.529 Divide StockNo {4123}
[20028] 2025/10/07 15:20:30.529 Add Basket MarketNo：1 StockIdx：504
[20028] 2025/10/07 15:20:30.529 Divide StockNo {4128}
[20028] 2025/10/07 15:20:30.529 Add Basket MarketNo：1 StockIdx：509
[20028] 2025/10/07 15:20:30.529 Divide StockNo {4162}
[20028] 2025/10/07 15:20:30.529 Add Basket MarketNo：1 StockIdx：523
[20028] 2025/10/07 15:20:30.529 Divide StockNo {4736}
[20028] 2025/10/07 15:20:30.529 Add Basket MarketNo：0 StockIdx：32850
[20028] 2025/10/07 15:20:30.529 Divide StockNo {4743}
[20028] 2025/10/07 15:20:30.529 Add Basket MarketNo：1 StockIdx：615
[20028] 2025/10/07 15:20:30.529 Divide StockNo {4904}
[20028] 2025/10/07 15:20:30.529 Add Basket MarketNo：0 StockIdx：32861
[20028] 2025/10/07 15:20:30.529 Divide StockNo {4919}
[20028] 2025/10/07 15:20:30.529 Add Basket MarketNo：0 StockIdx：32866
[20028] 2025/10/07 15:20:30.529 Divide StockNo {4938}
[20028] 2025/10/07 15:20:30.529 Add Basket MarketNo：0 StockIdx：32871
[20028] 2025/10/07 15:20:30.529 Divide StockNo {4958}
[20028] 2025/10/07 15:20:30.529 Add Basket MarketNo：0 StockIdx：32877
[20028] 2025/10/07 15:20:30.529 Divide StockNo {5009}
[20028] 2025/10/07 15:20:30.529 Add Basket MarketNo：1 StockIdx：659
[20028] 2025/10/07 15:20:30.529 Divide StockNo {5269}
[20028] 2025/10/07 15:20:30.529 Add Basket MarketNo：0 StockIdx：32896
[20028] 2025/10/07 15:20:30.529 Divide StockNo {5274}
[20028] 2025/10/07 15:20:30.529 Add Basket MarketNo：1 StockIdx：693
[20028] 2025/10/07 15:20:30.529 Divide StockNo {5347}
[20028] 2025/10/07 15:20:30.529 Add Basket MarketNo：1 StockIdx：717
[20028] 2025/10/07 15:20:30.529 Divide StockNo {5371}
[20028] 2025/10/07 15:20:30.529 Add Basket MarketNo：1 StockIdx：724
[20028] 2025/10/07 15:20:30.529 Divide StockNo {5388}
[20028] 2025/10/07 15:20:30.529 Add Basket MarketNo：0 StockIdx：32903
[20028] 2025/10/07 15:20:30.529 Divide StockNo {5425}
[20028] 2025/10/07 15:20:30.530 Add Basket MarketNo：1 StockIdx：732
[20028] 2025/10/07 15:20:30.530 Divide StockNo {5457}
[20028] 2025/10/07 15:20:30.530 Add Basket MarketNo：1 StockIdx：744
[20028] 2025/10/07 15:20:30.530 Divide StockNo {5483}
[20028] 2025/10/07 15:20:30.530 Add Basket MarketNo：1 StockIdx：754
[20028] 2025/10/07 15:20:30.530 Divide StockNo {5534}
[20028] 2025/10/07 15:20:30.530 Add Basket MarketNo：0 StockIdx：32915
[20028] 2025/10/07 15:20:30.530 Divide StockNo {5871}
[20028] 2025/10/07 15:20:30.530 Add Basket MarketNo：0 StockIdx：32921
[20028] 2025/10/07 15:20:30.530 Divide StockNo {5876}
[20028] 2025/10/07 15:20:30.530 Add Basket MarketNo：0 StockIdx：32923
[20028] 2025/10/07 15:20:30.530 Divide StockNo {5880}
[20028] 2025/10/07 15:20:30.530 Add Basket MarketNo：0 StockIdx：32924
[20028] 2025/10/07 15:20:30.530 Divide StockNo {5904}
[20028] 2025/10/07 15:20:30.530 Add Basket MarketNo：1 StockIdx：788
[20028] 2025/10/07 15:20:30.530 Divide StockNo {6005}
[20028] 2025/10/07 15:20:30.530 Add Basket MarketNo：0 StockIdx：32927
[20028] 2025/10/07 15:20:30.530 Divide StockNo {6116}
[20028] 2025/10/07 15:20:30.530 Add Basket MarketNo：0 StockIdx：32932
[20028] 2025/10/07 15:20:30.530 Divide StockNo {6121}
[20028] 2025/10/07 15:20:30.530 Add Basket MarketNo：1 StockIdx：811
[20028] 2025/10/07 15:20:30.530 Divide StockNo {6139}
[20028] 2025/10/07 15:20:30.530 Add Basket MarketNo：0 StockIdx：32938
[20028] 2025/10/07 15:20:30.530 Divide StockNo {6147}
[20028] 2025/10/07 15:20:30.530 Add Basket MarketNo：1 StockIdx：829
[20028] 2025/10/07 15:20:30.530 Divide StockNo {6153}
[20028] 2025/10/07 15:20:30.530 Add Basket MarketNo：0 StockIdx：32942
[20028] 2025/10/07 15:20:30.530 Divide StockNo {6173}
[20028] 2025/10/07 15:20:30.530 Add Basket MarketNo：1 StockIdx：845
[20028] 2025/10/07 15:20:30.530 Divide StockNo {6176}
[20028] 2025/10/07 15:20:30.530 Add Basket MarketNo：0 StockIdx：32948
[20028] 2025/10/07 15:20:30.530 Divide StockNo {6182}
[20028] 2025/10/07 15:20:30.530 Add Basket MarketNo：1 StockIdx：853
[20028] 2025/10/07 15:20:30.530 Divide StockNo {6188}
[20028] 2025/10/07 15:20:30.530 Add Basket MarketNo：1 StockIdx：861
[20028] 2025/10/07 15:20:30.530 Divide StockNo {6213}
[20028] 2025/10/07 15:20:30.530 Add Basket MarketNo：0 StockIdx：32962
[20028] 2025/10/07 15:20:30.530 Divide StockNo {6223}
[20028] 2025/10/07 15:20:30.530 Add Basket MarketNo：1 StockIdx：885
[20028] 2025/10/07 15:20:30.530 Divide StockNo {6239}
[20028] 2025/10/07 15:20:30.530 Add Basket MarketNo：0 StockIdx：32971
[20028] 2025/10/07 15:20:30.530 Divide StockNo {6245}
[20028] 2025/10/07 15:20:30.530 Add Basket MarketNo：1 StockIdx：900
[20028] 2025/10/07 15:20:30.530 Divide StockNo {6257}
[20028] 2025/10/07 15:20:30.530 Add Basket MarketNo：0 StockIdx：32973
[20028] 2025/10/07 15:20:30.530 Divide StockNo {6269}
[20028] 2025/10/07 15:20:30.530 Add Basket MarketNo：0 StockIdx：32974
[20028] 2025/10/07 15:20:30.530 Divide StockNo {6271}
[20028] 2025/10/07 15:20:30.530 Add Basket MarketNo：0 StockIdx：32975
[20028] 2025/10/07 15:20:30.530 Divide StockNo {6274}
[20028] 2025/10/07 15:20:30.530 Add Basket MarketNo：1 StockIdx：912
[20028] 2025/10/07 15:20:30.530 Divide StockNo {6278}
[20028] 2025/10/07 15:20:30.530 Add Basket MarketNo：0 StockIdx：32977
[20028] 2025/10/07 15:20:30.530 Divide StockNo {6279}
[20028] 2025/10/07 15:20:30.530 Add Basket MarketNo：1 StockIdx：916
[20028] 2025/10/07 15:20:30.530 Divide StockNo {6282}
[20028] 2025/10/07 15:20:30.530 Add Basket MarketNo：0 StockIdx：32979
[20028] 2025/10/07 15:20:30.530 Divide StockNo {6285}
[20028] 2025/10/07 15:20:30.531 Add Basket MarketNo：0 StockIdx：32981
[20028] 2025/10/07 15:20:30.531 Divide StockNo {6414}
[20028] 2025/10/07 15:20:30.531 Add Basket MarketNo：0 StockIdx：32985
[20028] 2025/10/07 15:20:30.531 Divide StockNo {6443}
[20028] 2025/10/07 15:20:30.531 Add Basket MarketNo：0 StockIdx：32993
[20028] 2025/10/07 15:20:30.531 Divide StockNo {6472}
[20028] 2025/10/07 15:20:30.531 Add Basket MarketNo：0 StockIdx：32999
[20028] 2025/10/07 15:20:30.531 Divide StockNo {6488}
[20028] 2025/10/07 15:20:30.531 Add Basket MarketNo：1 StockIdx：952
[20028] 2025/10/07 15:20:30.531 Divide StockNo {6505}
[20028] 2025/10/07 15:20:30.531 Add Basket MarketNo：0 StockIdx：33003
[20028] 2025/10/07 15:20:30.531 Divide StockNo {6510}
[20028] 2025/10/07 15:20:30.531 Add Basket MarketNo：1 StockIdx：962
[20028] 2025/10/07 15:20:30.531 Divide StockNo {6526}
[20028] 2025/10/07 15:20:30.531 Add Basket MarketNo：0 StockIdx：33006
[20028] 2025/10/07 15:20:30.531 Divide StockNo {6547}
[20028] 2025/10/07 15:20:30.531 Add Basket MarketNo：1 StockIdx：977
[20028] 2025/10/07 15:20:30.531 Divide StockNo {6669}
[20028] 2025/10/07 15:20:30.531 Add Basket MarketNo：0 StockIdx：33035
[20028] 2025/10/07 15:20:30.531 Divide StockNo {6757}
[20028] 2025/10/07 15:20:30.531 Add Basket MarketNo：0 StockIdx：33052
[20028] 2025/10/07 15:20:30.531 Divide StockNo {6770}
[20028] 2025/10/07 15:20:30.531 Add Basket MarketNo：0 StockIdx：33054
[20028] 2025/10/07 15:20:30.531 Divide StockNo {8039}
[20028] 2025/10/07 15:20:30.531 Add Basket MarketNo：0 StockIdx：33126
[20028] 2025/10/07 15:20:30.531 Divide StockNo {8044}
[20028] 2025/10/07 15:20:30.531 Add Basket MarketNo：1 StockIdx：12233
[20028] 2025/10/07 15:20:30.531 Divide StockNo {8046}
[20028] 2025/10/07 15:20:30.531 Add Basket MarketNo：0 StockIdx：33128
[20028] 2025/10/07 15:20:30.531 Divide StockNo {8069}
[20028] 2025/10/07 15:20:30.531 Add Basket MarketNo：1 StockIdx：12245
[20028] 2025/10/07 15:20:30.531 Divide StockNo {8086}
[20028] 2025/10/07 15:20:30.531 Add Basket MarketNo：1 StockIdx：12254
[20028] 2025/10/07 15:20:30.531 Divide StockNo {8112}
[20028] 2025/10/07 15:20:30.531 Add Basket MarketNo：0 StockIdx：33137
[20028] 2025/10/07 15:20:30.531 Divide StockNo {8150}
[20028] 2025/10/07 15:20:30.531 Add Basket MarketNo：0 StockIdx：33141
[20028] 2025/10/07 15:20:30.531 Divide StockNo {8163}
[20028] 2025/10/07 15:20:30.531 Add Basket MarketNo：0 StockIdx：33143
[20028] 2025/10/07 15:20:30.531 Divide StockNo {8299}
[20028] 2025/10/07 15:20:30.531 Add Basket MarketNo：1 StockIdx：12293
[20028] 2025/10/07 15:20:30.531 Divide StockNo {8358}
[20028] 2025/10/07 15:20:30.531 Add Basket MarketNo：1 StockIdx：12299
[20028] 2025/10/07 15:20:30.531 Divide StockNo {8436}
[20028] 2025/10/07 15:20:30.531 Add Basket MarketNo：1 StockIdx：12325
[20028] 2025/10/07 15:20:30.531 Divide StockNo {8454}
[20028] 2025/10/07 15:20:30.531 Add Basket MarketNo：0 StockIdx：33162
[20028] 2025/10/07 15:20:30.531 Divide StockNo {9904}
[20028] 2025/10/07 15:20:30.531 Add Basket MarketNo：0 StockIdx：33191
[20028] 2025/10/07 15:20:30.531 Divide StockNo {9914}
[20028] 2025/10/07 15:20:30.531 Add Basket MarketNo：0 StockIdx：33199
[20028] 2025/10/07 15:20:30.531 Divide StockNo {9938}
[20028] 2025/10/07 15:20:30.531 Add Basket MarketNo：0 StockIdx：33216
[20028] 2025/10/07 15:20:30.531 Divide StockNo {9939}
[20028] 2025/10/07 15:20:30.531 Add Basket MarketNo：0 StockIdx：33217
[20028] 2025/10/07 15:20:30.531 Divide StockNo {9945}
[20028] 2025/10/07 15:20:30.531 Add Basket MarketNo：0 StockIdx：33224
[20028] 2025/10/07 15:20:30.531 Divide StockNo {9958}
[20028] 2025/10/07 15:20:30.531 Add Basket MarketNo：0 StockIdx：33227
[20028] 2025/10/07 15:20:30.531 Divide StockNo {TSE}
[20028] 2025/10/07 15:20:30.531 Stock Is Not Exist 
[20028] 2025/10/07 15:20:30.531 Divide StockNo {TSE23}
[20028] 2025/10/07 15:20:30.531 Add Basket MarketNo：0 StockIdx：33544
[20028] 2025/10/07 15:20:30.532 Divide StockNo {TSE28}
[20028] 2025/10/07 15:20:30.532 Add Basket MarketNo：0 StockIdx：33549
[20028] 2025/10/07 15:20:30.532 Divide StockNo {TWMC}
[20028] 2025/10/07 15:20:30.532 Stock Is Not Exist 
[20028] 2025/10/07 15:20:30.532 Return PageNo： 1 
[17900] 2025/10/07 15:28:41.970 Precheck/DistributedServer Query result is 000,分配成功
[17900] 2025/10/07 15:28:41.970 >> Host srvsolace-tpa.capital.com.tw
[17900] 2025/10/07 15:28:41.974 SKQuoteLib_EnterMonitor IP：srvsolace-tpa.capital.com.tw
[17900] 2025/10/07 15:28:42.155 OnSessionConnect，Code: 3001, Error Code:0.
[17900] 2025/10/07 15:28:42.337 SKQuoteLib_EnterMonitorLONG starting
[17900] 2025/10/07 15:28:42.338 OnConnection ( 3001 , 0 ) 
[17900] 2025/10/07 15:28:43.911 Market Info is OK!
[17900] 2025/10/07 15:28:44.150 Catalog info is OK!
[17900] 2025/10/07 15:28:49.587 Solace RequestInitializeData (TO_S_19,S_1F)
[17900] 2025/10/07 15:28:49.587 Solace RequestInitializeData (TO_S_19,S_1F)
[17900] 2025/10/07 15:28:49.589 OnConnection ( 3003 , 0 ) 
[25224] 2025/10/07 15:30:00.601 Precheck/DistributedServer Query result is 000,分配成功
[25224] 2025/10/07 15:30:00.601 >> Host srvsolace-tpa.capital.com.tw
[25224] 2025/10/07 15:30:00.606 SKQuoteLib_EnterMonitor IP：srvsolace-tpa.capital.com.tw
[25224] 2025/10/07 15:30:00.766 OnSessionConnect，Code: 3001, Error Code:0.
[25224] 2025/10/07 15:30:00.826 SKQuoteLib_EnterMonitorLONG starting
[25224] 2025/10/07 15:30:00.828 OnConnection ( 3001 , 0 ) 
[25224] 2025/10/07 15:30:02.488 Market Info is OK!
[25224] 2025/10/07 15:30:02.653 Catalog info is OK!
[25224] 2025/10/07 15:30:07.383 Solace RequestInitializeData (TO_S_19,S_1F)
[25224] 2025/10/07 15:30:07.383 Solace RequestInitializeData (TO_S_19,S_1F)
[25224] 2025/10/07 15:30:07.385 OnConnection ( 3003 , 0 ) 
[27132] 2025/10/07 15:37:10.646 Precheck/DistributedServer Query result is 000,分配成功
[27132] 2025/10/07 15:37:10.646 >> Host srvsolace-tpa.capital.com.tw
[27132] 2025/10/07 15:37:10.711 SKQuoteLib_EnterMonitor IP：srvsolace-tpa.capital.com.tw
[27132] 2025/10/07 15:37:10.877 OnSessionConnect，Code: 3001, Error Code:0.
[27132] 2025/10/07 15:37:10.945 SKQuoteLib_EnterMonitorLONG starting
[27132] 2025/10/07 15:37:10.947 OnConnection ( 3001 , 0 ) 
[27132] 2025/10/07 15:37:12.306 Market Info is OK!
[27132] 2025/10/07 15:37:12.524 Catalog info is OK!
[27132] 2025/10/07 15:37:16.758 Solace RequestInitializeData (TO_S_19,S_1F)
[27132] 2025/10/07 15:37:16.758 Solace RequestInitializeData (TO_S_19,S_1F)
[27132] 2025/10/07 15:37:16.760 OnConnection ( 3003 , 0 ) 
[32084] 2025/10/07 15:39:01.489 Precheck/DistributedServer Query result is 000,分配成功
[32084] 2025/10/07 15:39:01.489 >> Host srvsolace-tpa.capital.com.tw
[32084] 2025/10/07 15:39:01.494 SKQuoteLib_EnterMonitor IP：srvsolace-tpa.capital.com.tw
[32084] 2025/10/07 15:39:01.646 OnSessionConnect，Code: 3001, Error Code:0.
[32084] 2025/10/07 15:39:01.702 SKQuoteLib_EnterMonitorLONG starting
[32084] 2025/10/07 15:39:01.704 OnConnection ( 3001 , 0 ) 
[32084] 2025/10/07 15:39:02.979 Market Info is OK!
[32084] 2025/10/07 15:39:03.138 Catalog info is OK!
[32084] 2025/10/07 15:39:07.387 Solace RequestInitializeData (TO_S_19,S_1F)
[32084] 2025/10/07 15:39:07.387 Solace RequestInitializeData (TO_S_19,S_1F)
[32084] 2025/10/07 15:39:07.389 OnConnection ( 3003 , 0 ) 
[22748] 2025/10/07 15:39:55.773 Precheck/DistributedServer Query result is 000,分配成功
[22748] 2025/10/07 15:39:55.773 >> Host srvsolace-tpa.capital.com.tw
[22748] 2025/10/07 15:39:55.777 SKQuoteLib_EnterMonitor IP：srvsolace-tpa.capital.com.tw
[22748] 2025/10/07 15:39:55.895 OnSessionConnect，Code: 3001, Error Code:0.
[22748] 2025/10/07 15:39:55.967 SKQuoteLib_EnterMonitorLONG starting
[22748] 2025/10/07 15:39:55.968 OnConnection ( 3001 , 0 ) 
[22748] 2025/10/07 15:39:57.160 Market Info is OK!
[22748] 2025/10/07 15:39:57.405 Catalog info is OK!
[22748] 2025/10/07 15:40:01.635 Solace RequestInitializeData (TO_S_19,S_1F)
[22748] 2025/10/07 15:40:01.635 Solace RequestInitializeData (TO_S_19,S_1F)
[22748] 2025/10/07 15:40:01.639 OnConnection ( 3003 , 0 ) 
[22748] 2025/10/07 15:44:07.672 SKQuoteLib_RequestStocks (1 , CAF00, CBF00, CCF00, CDF00, CEF00, CFF00, CGF00, CHF00, CJF00, CKF00, CLF00, CMF00, CNF00, CQF00, CRF00, CSF00, CUF00, CWF00, CXF00, CYF00, CZF00, DAF00, DBF00, DCF00, DEF00, DFF00, DGF00, DHF00, DIF00, DJF00, DKF00, DLF00, DNF00, DOF00, DPF00, DQF00, DSF00, DVF00, DWF00, DXF00, DYF00, DZF00, EEF00, EGF00, EHF00, EKF00, EMF00, EPF00, EYF00, EZF00, FBF00, FCF00, FEF00, FFF00, FGF00, FKF00, FNF00, FQF00, FRF00, FSF00, FTF00, FVF00, FWF00, FYF00, FZF00, GAF00, GCF00, GHF00, GIF00, GJF00, GKF00, GLF00, GMF00, GNF00, GOF00, GRF00, GUF00, GVF00, GWF00, GXF00, GYF00, GZF00, HAF00, HBF00, HCF00, HHF00, HIF00, HLF00, HOF00, HQF00, HSF00, IAF00, IHF00, IIF00, IJF00, IMF00, IOF00, IPF00, IQF00, IRF00, ITF00, IXF00, IYF00, IZF00, JBF00, JFF00, JMF00, JNF00, JPF00, JSF00, JWF00, JXF00, JZF00, KAF00, KBF00, KCF00, KDF00, KEF00, KFF00, KGF00, KIF00, KKF00, KLF00, KOF00, KPF00, KSF00, KUF00, KWF00, LBF00, LCF00, LEF00, LIF00, LMF00, LOF00, LQF00, LRF00, LTF00, LUF00, LVF00, LWF00, LXF00, LYF00, MAF00, MBF00, MJF00, MKF00, MQF00, MVF00, MYF00, NAF00, NBF00, NDF00, NEF00, NGF00, NIF00, NJF00, NLF00, NMF00, NOF00, NQF00, NSF00, NUF00, NVF00, NWF00, NYF00, OAF00, OBF00, ODF00, OEF00, OHF00, OJF00, OKF00, OLF00, OMF00, OOF00, OPF00, OQF00, ORF00, OSF00, OTF00, OUF00, OVF00, OWF00, OXF00, OYF00, OZF00, PAF00, PBF00, PCF00, PDF00, PEF00, PFF00, PGF00, PHF00, PIF00, PJF00, PKF00, PLF00, PMF00, PNF00, PPF00, PQF00, PRF00, PSF00, PTF00, PUF00, PVF00, PWF00, PXF00, PYF00, PZF00, QAF00, QBF00, QCF00, QDF00, QEF00, QFF00, QGF00, QHF00, QIF00, QJF00, QKF00, QLF00, QMF00, QNF00, QOF00, QPF00, QQF00, QRF00, QSF00, QTF00, QUF00, QVF00, QWF00, QXF00, QYF00, QZF00, RAF00, RBF00, RCF00, RDF00, REF00, RFF00, RGF00, RIF00, RJF00, RKF00, RLF00, RMF00, RNF00, ROF00, RPF00, RQF00, RRF00, RSF00, RUF00, RVF00, RWF00, RXF00, RYF00, RZF00, SAF00, SBF00, SCF00, SDF00, SEF00, SFF00, SGF00, SIF00, SJF00, SKF00, SLF00, SMF00, SNF00, SQF00, SRF00, SSF00, SUF00, SVF00, SWF00, SYF00, SZF00, UAF00, UBF00, UCF00, UEF00, UFF00, UGF00, UHF00, UIF00, UJF00, UKF00, ULF00, UMF00, UOF00, UPF00, UQF00, URF00, USF00, UTF00, UUF00, UVF00, UWF00, 0050, 0056, 006205, 006206, 00636, 00639, 00643, 00679B, 00687B, 00719B, 00757, 00772B, 00878, 00885, 00893, 00919, 00923, 00929, 00937B, 00940, 1101, 1102, 1210, 1216, 1301, 1303, 1312, 1314, 1319, 1326, 1402, 1440, 1476, 1477, 1503, 1504, 1513, 1536, 1565, 1590, 1605, 1609, 1707, 1717, 1718, 1722, 1795, 1802, 1904, 1905, 1907, 1909, 2002, 2006, 2014, 2027, 2049, 2059, 2105, 2201, 2231, 2301, 2303, 2308, 2312, 2313, 2317, 2323, 2324, 2327, 2328, 2330, 2331, 2332, 2337, 2338, 2340, 2344, 2345, 2347, 2352, 2353, 2354, 2355, 2356, 2357, 2360, 2368, 2371, 2376, 2377, 2379, 2382, 2383, 2385, 2388, 2392, 2393, 2401, 2404, 2408, 2409, 2412, 2439, 2441, 2449, 2454, 2455, 2457, 2458, 2474, 2481, 2485, 2486, 2489, 2492, 2498, 2515, 2520, 2542, 2548, 2603, 2605, 2606, 2609, 2610, 2615, 2618, 2633, 2634, 2801, 2834, 2880, 2881, 2882, 2883, 2884, 2885, 2886, 2887, 2888, 2890, 2891, 2892, 2913, 2915, 3005, 3006, 3008, 3017, 3019, 3034, 3035, 3036, 3037, 3042, 3044, 3045, 3078, 3081, 3105, 3152, 3189, 3227, 3231, 3260, 3264, 3293, 3324, 3374, 3376, 3380, 3406, 3443, 3481, 3529, 3532, 3533, 3552, 3653, 3661, 3673, 3680, 3691, 3702, 3706, 3711, 3714, 4123, 4128, 4162, 4736, 4743, 4904, 4919, 4938, 4958, 5009, 5269, 5274, 5347, 5371, 5388, 5425, 5457, 5483, 5534, 5871, 5876, 5880, 5904, 6005, 6116, 6121, 6139, 6147, 6153, 6173, 6176, 6182, 6188, 6213, 6223, 6239, 6245, 6257, 6269, 6271, 6274, 6278, 6279, 6282, 6285, 6414, 6443, 6472, 6488, 6505, 6510, 6526, 6547, 6669, 6757, 6770, 8039, 8044, 8046, 8069, 8086, 8112, 8150, 8163, 8299, 8358, 8436, 8454, 9904, 9914, 9938, 9939, 9945, 9958, TSE, TSE23, TSE28, TWMC)
[22748] 2025/10/07 15:44:07.676 Divide StockNo {CAF00}
[22748] 2025/10/07 15:44:07.676 Add Basket MarketNo：2 StockIdx：693
[22748] 2025/10/07 15:44:07.676 Divide StockNo {CBF00}
[22748] 2025/10/07 15:44:07.676 Add Basket MarketNo：2 StockIdx：699
[22748] 2025/10/07 15:44:07.676 Divide StockNo {CCF00}
[22748] 2025/10/07 15:44:07.676 Add Basket MarketNo：2 StockIdx：118
[22748] 2025/10/07 15:44:07.676 Divide StockNo {CDF00}
[22748] 2025/10/07 15:44:07.676 Add Basket MarketNo：2 StockIdx：124
[22748] 2025/10/07 15:44:07.676 Divide StockNo {CEF00}
[22748] 2025/10/07 15:44:07.676 Add Basket MarketNo：2 StockIdx：717
[22748] 2025/10/07 15:44:07.676 Divide StockNo {CFF00}
[22748] 2025/10/07 15:44:07.676 Add Basket MarketNo：2 StockIdx：727
[22748] 2025/10/07 15:44:07.676 Divide StockNo {CGF00}
[22748] 2025/10/07 15:44:07.676 Add Basket MarketNo：2 StockIdx：733
[22748] 2025/10/07 15:44:07.676 Divide StockNo {CHF00}
[22748] 2025/10/07 15:44:07.676 Add Basket MarketNo：2 StockIdx：739
[22748] 2025/10/07 15:44:07.676 Divide StockNo {CJF00}
[22748] 2025/10/07 15:44:07.676 Add Basket MarketNo：2 StockIdx：745
[22748] 2025/10/07 15:44:07.676 Divide StockNo {CKF00}
[22748] 2025/10/07 15:44:07.676 Add Basket MarketNo：2 StockIdx：751
[22748] 2025/10/07 15:44:07.676 Divide StockNo {CLF00}
[22748] 2025/10/07 15:44:07.676 Add Basket MarketNo：2 StockIdx：757
[22748] 2025/10/07 15:44:07.676 Divide StockNo {CMF00}
[22748] 2025/10/07 15:44:07.676 Add Basket MarketNo：2 StockIdx：763
[22748] 2025/10/07 15:44:07.676 Divide StockNo {CNF00}
[22748] 2025/10/07 15:44:07.676 Add Basket MarketNo：2 StockIdx：769
[22748] 2025/10/07 15:44:07.676 Divide StockNo {CQF00}
[22748] 2025/10/07 15:44:07.676 Add Basket MarketNo：2 StockIdx：775
[22748] 2025/10/07 15:44:07.676 Divide StockNo {CRF00}
[22748] 2025/10/07 15:44:07.676 Add Basket MarketNo：2 StockIdx：781
[22748] 2025/10/07 15:44:07.676 Divide StockNo {CSF00}
[22748] 2025/10/07 15:44:07.676 Add Basket MarketNo：2 StockIdx：787
[22748] 2025/10/07 15:44:07.676 Divide StockNo {CUF00}
[22748] 2025/10/07 15:44:07.676 Add Basket MarketNo：2 StockIdx：794
[22748] 2025/10/07 15:44:07.676 Divide StockNo {CWF00}
[22748] 2025/10/07 15:44:07.676 Add Basket MarketNo：2 StockIdx：800
[22748] 2025/10/07 15:44:07.676 Divide StockNo {CXF00}
[22748] 2025/10/07 15:44:07.676 Add Basket MarketNo：2 StockIdx：810
[22748] 2025/10/07 15:44:07.676 Divide StockNo {CYF00}
[22748] 2025/10/07 15:44:07.676 Add Basket MarketNo：2 StockIdx：816
[22748] 2025/10/07 15:44:07.676 Divide StockNo {CZF00}
[22748] 2025/10/07 15:44:07.676 Add Basket MarketNo：2 StockIdx：822
[22748] 2025/10/07 15:44:07.676 Divide StockNo {DAF00}
[22748] 2025/10/07 15:44:07.677 Add Basket MarketNo：2 StockIdx：828
[22748] 2025/10/07 15:44:07.677 Divide StockNo {DBF00}
[22748] 2025/10/07 15:44:07.677 Add Basket MarketNo：2 StockIdx：834
[22748] 2025/10/07 15:44:07.677 Divide StockNo {DCF00}
[22748] 2025/10/07 15:44:07.677 Add Basket MarketNo：2 StockIdx：840
[22748] 2025/10/07 15:44:07.677 Divide StockNo {DEF00}
[22748] 2025/10/07 15:44:07.677 Add Basket MarketNo：2 StockIdx：847
[22748] 2025/10/07 15:44:07.677 Divide StockNo {DFF00}
[22748] 2025/10/07 15:44:07.677 Add Basket MarketNo：2 StockIdx：855
[22748] 2025/10/07 15:44:07.677 Divide StockNo {DGF00}
[22748] 2025/10/07 15:44:07.677 Add Basket MarketNo：2 StockIdx：861
[22748] 2025/10/07 15:44:07.677 Divide StockNo {DHF00}
[22748] 2025/10/07 15:44:07.677 Add Basket MarketNo：2 StockIdx：867
[22748] 2025/10/07 15:44:07.677 Divide StockNo {DIF00}
[22748] 2025/10/07 15:44:07.677 Add Basket MarketNo：2 StockIdx：873
[22748] 2025/10/07 15:44:07.677 Divide StockNo {DJF00}
[22748] 2025/10/07 15:44:07.677 Add Basket MarketNo：2 StockIdx：879
[22748] 2025/10/07 15:44:07.677 Divide StockNo {DKF00}
[22748] 2025/10/07 15:44:07.677 Add Basket MarketNo：2 StockIdx：885
[22748] 2025/10/07 15:44:07.677 Divide StockNo {DLF00}
[22748] 2025/10/07 15:44:07.677 Add Basket MarketNo：2 StockIdx：891
[22748] 2025/10/07 15:44:07.677 Divide StockNo {DNF00}
[22748] 2025/10/07 15:44:07.677 Add Basket MarketNo：2 StockIdx：897
[22748] 2025/10/07 15:44:07.677 Divide StockNo {DOF00}
[22748] 2025/10/07 15:44:07.677 Add Basket MarketNo：2 StockIdx：904
[22748] 2025/10/07 15:44:07.677 Divide StockNo {DPF00}
[22748] 2025/10/07 15:44:07.677 Add Basket MarketNo：2 StockIdx：911
[22748] 2025/10/07 15:44:07.677 Divide StockNo {DQF00}
[22748] 2025/10/07 15:44:07.677 Add Basket MarketNo：2 StockIdx：917
[22748] 2025/10/07 15:44:07.677 Divide StockNo {DSF00}
[22748] 2025/10/07 15:44:07.677 Add Basket MarketNo：2 StockIdx：923
[22748] 2025/10/07 15:44:07.677 Divide StockNo {DVF00}
[22748] 2025/10/07 15:44:07.677 Add Basket MarketNo：2 StockIdx：929
[22748] 2025/10/07 15:44:07.677 Divide StockNo {DWF00}
[22748] 2025/10/07 15:44:07.677 Add Basket MarketNo：2 StockIdx：935
[22748] 2025/10/07 15:44:07.677 Divide StockNo {DXF00}
[22748] 2025/10/07 15:44:07.677 Add Basket MarketNo：2 StockIdx：941
[22748] 2025/10/07 15:44:07.677 Divide StockNo {DYF00}
[22748] 2025/10/07 15:44:07.677 Add Basket MarketNo：2 StockIdx：947
[22748] 2025/10/07 15:44:07.677 Divide StockNo {DZF00}
[22748] 2025/10/07 15:44:07.677 Add Basket MarketNo：2 StockIdx：953
[22748] 2025/10/07 15:44:07.677 Divide StockNo {EEF00}
[22748] 2025/10/07 15:44:07.677 Add Basket MarketNo：2 StockIdx：959
[22748] 2025/10/07 15:44:07.677 Divide StockNo {EGF00}
[22748] 2025/10/07 15:44:07.677 Add Basket MarketNo：2 StockIdx：965
[22748] 2025/10/07 15:44:07.677 Divide StockNo {EHF00}
[22748] 2025/10/07 15:44:07.677 Add Basket MarketNo：2 StockIdx：971
[22748] 2025/10/07 15:44:07.677 Divide StockNo {EKF00}
[22748] 2025/10/07 15:44:07.677 Add Basket MarketNo：2 StockIdx：977
[22748] 2025/10/07 15:44:07.677 Divide StockNo {EMF00}
[22748] 2025/10/07 15:44:07.677 Add Basket MarketNo：2 StockIdx：983
[22748] 2025/10/07 15:44:07.677 Divide StockNo {EPF00}
[22748] 2025/10/07 15:44:07.677 Add Basket MarketNo：2 StockIdx：989
[22748] 2025/10/07 15:44:07.677 Divide StockNo {EYF00}
[22748] 2025/10/07 15:44:07.677 Add Basket MarketNo：2 StockIdx：995
[22748] 2025/10/07 15:44:07.677 Divide StockNo {EZF00}
[22748] 2025/10/07 15:44:07.677 Add Basket MarketNo：2 StockIdx：1001
[22748] 2025/10/07 15:44:07.677 Divide StockNo {FBF00}
[22748] 2025/10/07 15:44:07.677 Add Basket MarketNo：2 StockIdx：1007
[22748] 2025/10/07 15:44:07.677 Divide StockNo {FCF00}
[22748] 2025/10/07 15:44:07.677 Add Basket MarketNo：2 StockIdx：1013
[22748] 2025/10/07 15:44:07.677 Divide StockNo {FEF00}
[22748] 2025/10/07 15:44:07.678 Add Basket MarketNo：2 StockIdx：1018
[22748] 2025/10/07 15:44:07.678 Divide StockNo {FFF00}
[22748] 2025/10/07 15:44:07.678 Add Basket MarketNo：2 StockIdx：1025
[22748] 2025/10/07 15:44:07.678 Divide StockNo {FGF00}
[22748] 2025/10/07 15:44:07.678 Add Basket MarketNo：2 StockIdx：1031
[22748] 2025/10/07 15:44:07.678 Divide StockNo {FKF00}
[22748] 2025/10/07 15:44:07.678 Add Basket MarketNo：2 StockIdx：1037
[22748] 2025/10/07 15:44:07.678 Divide StockNo {FNF00}
[22748] 2025/10/07 15:44:07.678 Add Basket MarketNo：2 StockIdx：1043
[22748] 2025/10/07 15:44:07.678 Divide StockNo {FQF00}
[22748] 2025/10/07 15:44:07.678 Add Basket MarketNo：2 StockIdx：1049
[22748] 2025/10/07 15:44:07.678 Divide StockNo {FRF00}
[22748] 2025/10/07 15:44:07.678 Add Basket MarketNo：2 StockIdx：1055
[22748] 2025/10/07 15:44:07.678 Divide StockNo {FSF00}
[22748] 2025/10/07 15:44:07.678 Add Basket MarketNo：2 StockIdx：1061
[22748] 2025/10/07 15:44:07.678 Divide StockNo {FTF00}
[22748] 2025/10/07 15:44:07.678 Add Basket MarketNo：2 StockIdx：1067
[22748] 2025/10/07 15:44:07.678 Divide StockNo {FVF00}
[22748] 2025/10/07 15:44:07.678 Add Basket MarketNo：2 StockIdx：1073
[22748] 2025/10/07 15:44:07.678 Divide StockNo {FWF00}
[22748] 2025/10/07 15:44:07.678 Add Basket MarketNo：2 StockIdx：1079
[22748] 2025/10/07 15:44:07.678 Divide StockNo {FYF00}
[22748] 2025/10/07 15:44:07.678 Add Basket MarketNo：2 StockIdx：1085
[22748] 2025/10/07 15:44:07.678 Divide StockNo {FZF00}
[22748] 2025/10/07 15:44:07.678 Add Basket MarketNo：2 StockIdx：1091
[22748] 2025/10/07 15:44:07.678 Divide StockNo {GAF00}
[22748] 2025/10/07 15:44:07.678 Add Basket MarketNo：2 StockIdx：1097
[22748] 2025/10/07 15:44:07.678 Divide StockNo {GCF00}
[22748] 2025/10/07 15:44:07.678 Add Basket MarketNo：2 StockIdx：1103
[22748] 2025/10/07 15:44:07.678 Divide StockNo {GHF00}
[22748] 2025/10/07 15:44:07.678 Add Basket MarketNo：2 StockIdx：1109
[22748] 2025/10/07 15:44:07.678 Divide StockNo {GIF00}
[22748] 2025/10/07 15:44:07.678 Add Basket MarketNo：2 StockIdx：1115
[22748] 2025/10/07 15:44:07.678 Divide StockNo {GJF00}
[22748] 2025/10/07 15:44:07.678 Add Basket MarketNo：2 StockIdx：1121
[22748] 2025/10/07 15:44:07.678 Divide StockNo {GKF00}
[22748] 2025/10/07 15:44:07.678 Add Basket MarketNo：2 StockIdx：1127
[22748] 2025/10/07 15:44:07.678 Divide StockNo {GLF00}
[22748] 2025/10/07 15:44:07.678 Add Basket MarketNo：2 StockIdx：1133
[22748] 2025/10/07 15:44:07.678 Divide StockNo {GMF00}
[22748] 2025/10/07 15:44:07.678 Add Basket MarketNo：2 StockIdx：1139
[22748] 2025/10/07 15:44:07.678 Divide StockNo {GNF00}
[22748] 2025/10/07 15:44:07.678 Add Basket MarketNo：2 StockIdx：1145
[22748] 2025/10/07 15:44:07.678 Divide StockNo {GOF00}
[22748] 2025/10/07 15:44:07.678 Add Basket MarketNo：2 StockIdx：1151
[22748] 2025/10/07 15:44:07.678 Divide StockNo {GRF00}
[22748] 2025/10/07 15:44:07.678 Add Basket MarketNo：2 StockIdx：1157
[22748] 2025/10/07 15:44:07.678 Divide StockNo {GUF00}
[22748] 2025/10/07 15:44:07.678 Add Basket MarketNo：2 StockIdx：1163
[22748] 2025/10/07 15:44:07.678 Divide StockNo {GVF00}
[22748] 2025/10/07 15:44:07.678 Add Basket MarketNo：2 StockIdx：1169
[22748] 2025/10/07 15:44:07.678 Divide StockNo {GWF00}
[22748] 2025/10/07 15:44:07.678 Add Basket MarketNo：2 StockIdx：1175
[22748] 2025/10/07 15:44:07.678 Divide StockNo {GXF00}
[22748] 2025/10/07 15:44:07.678 Add Basket MarketNo：2 StockIdx：1181
[22748] 2025/10/07 15:44:07.678 Divide StockNo {GYF00}
[22748] 2025/10/07 15:44:07.678 Add Basket MarketNo：2 StockIdx：1187
[22748] 2025/10/07 15:44:07.678 Divide StockNo {GZF00}
[22748] 2025/10/07 15:44:07.678 Add Basket MarketNo：2 StockIdx：1193
[22748] 2025/10/07 15:44:07.678 Divide StockNo {HAF00}
[22748] 2025/10/07 15:44:07.678 Add Basket MarketNo：2 StockIdx：1199
[22748] 2025/10/07 15:44:07.678 Divide StockNo {HBF00}
[22748] 2025/10/07 15:44:07.678 Add Basket MarketNo：2 StockIdx：1210
[22748] 2025/10/07 15:44:07.679 Divide StockNo {HCF00}
[22748] 2025/10/07 15:44:07.679 Add Basket MarketNo：2 StockIdx：1216
[22748] 2025/10/07 15:44:07.679 Divide StockNo {HHF00}
[22748] 2025/10/07 15:44:07.679 Add Basket MarketNo：2 StockIdx：1222
[22748] 2025/10/07 15:44:07.679 Divide StockNo {HIF00}
[22748] 2025/10/07 15:44:07.679 Add Basket MarketNo：2 StockIdx：1228
[22748] 2025/10/07 15:44:07.679 Divide StockNo {HLF00}
[22748] 2025/10/07 15:44:07.679 Add Basket MarketNo：2 StockIdx：1234
[22748] 2025/10/07 15:44:07.679 Divide StockNo {HOF00}
[22748] 2025/10/07 15:44:07.679 Add Basket MarketNo：2 StockIdx：1246
[22748] 2025/10/07 15:44:07.679 Divide StockNo {HQF00}
[22748] 2025/10/07 15:44:07.679 Add Basket MarketNo：2 StockIdx：1253
[22748] 2025/10/07 15:44:07.679 Divide StockNo {HSF00}
[22748] 2025/10/07 15:44:07.679 Add Basket MarketNo：2 StockIdx：1259
[22748] 2025/10/07 15:44:07.679 Divide StockNo {IAF00}
[22748] 2025/10/07 15:44:07.679 Add Basket MarketNo：2 StockIdx：1265
[22748] 2025/10/07 15:44:07.679 Divide StockNo {IHF00}
[22748] 2025/10/07 15:44:07.679 Add Basket MarketNo：2 StockIdx：1273
[22748] 2025/10/07 15:44:07.679 Divide StockNo {IIF00}
[22748] 2025/10/07 15:44:07.679 Add Basket MarketNo：2 StockIdx：1279
[22748] 2025/10/07 15:44:07.679 Divide StockNo {IJF00}
[22748] 2025/10/07 15:44:07.679 Add Basket MarketNo：2 StockIdx：1285
[22748] 2025/10/07 15:44:07.679 Divide StockNo {IMF00}
[22748] 2025/10/07 15:44:07.679 Add Basket MarketNo：2 StockIdx：1291
[22748] 2025/10/07 15:44:07.679 Divide StockNo {IOF00}
[22748] 2025/10/07 15:44:07.679 Add Basket MarketNo：2 StockIdx：1297
[22748] 2025/10/07 15:44:07.679 Divide StockNo {IPF00}
[22748] 2025/10/07 15:44:07.679 Add Basket MarketNo：2 StockIdx：1303
[22748] 2025/10/07 15:44:07.679 Divide StockNo {IQF00}
[22748] 2025/10/07 15:44:07.679 Add Basket MarketNo：2 StockIdx：1309
[22748] 2025/10/07 15:44:07.679 Divide StockNo {IRF00}
[22748] 2025/10/07 15:44:07.679 Add Basket MarketNo：2 StockIdx：1315
[22748] 2025/10/07 15:44:07.679 Divide StockNo {ITF00}
[22748] 2025/10/07 15:44:07.679 Add Basket MarketNo：2 StockIdx：1321
[22748] 2025/10/07 15:44:07.679 Divide StockNo {IXF00}
[22748] 2025/10/07 15:44:07.679 Add Basket MarketNo：2 StockIdx：1327
[22748] 2025/10/07 15:44:07.679 Divide StockNo {IYF00}
[22748] 2025/10/07 15:44:07.679 Add Basket MarketNo：2 StockIdx：1333
[22748] 2025/10/07 15:44:07.679 Divide StockNo {IZF00}
[22748] 2025/10/07 15:44:07.679 Add Basket MarketNo：2 StockIdx：1339
[22748] 2025/10/07 15:44:07.679 Divide StockNo {JBF00}
[22748] 2025/10/07 15:44:07.679 Add Basket MarketNo：2 StockIdx：1345
[22748] 2025/10/07 15:44:07.680 Divide StockNo {JFF00}
[22748] 2025/10/07 15:44:07.680 Add Basket MarketNo：2 StockIdx：1351
[22748] 2025/10/07 15:44:07.680 Divide StockNo {JMF00}
[22748] 2025/10/07 15:44:07.680 Add Basket MarketNo：2 StockIdx：1357
[22748] 2025/10/07 15:44:07.680 Divide StockNo {JNF00}
[22748] 2025/10/07 15:44:07.680 Add Basket MarketNo：2 StockIdx：1363
[22748] 2025/10/07 15:44:07.680 Divide StockNo {JPF00}
[22748] 2025/10/07 15:44:07.680 Add Basket MarketNo：2 StockIdx：1369
[22748] 2025/10/07 15:44:07.680 Divide StockNo {JSF00}
[22748] 2025/10/07 15:44:07.680 Add Basket MarketNo：2 StockIdx：1375
[22748] 2025/10/07 15:44:07.680 Divide StockNo {JWF00}
[22748] 2025/10/07 15:44:07.680 Add Basket MarketNo：2 StockIdx：1381
[22748] 2025/10/07 15:44:07.680 Divide StockNo {JXF00}
[22748] 2025/10/07 15:44:07.680 Add Basket MarketNo：2 StockIdx：1387
[22748] 2025/10/07 15:44:07.680 Divide StockNo {JZF00}
[22748] 2025/10/07 15:44:07.680 Add Basket MarketNo：2 StockIdx：1393
[22748] 2025/10/07 15:44:07.680 Divide StockNo {KAF00}
[22748] 2025/10/07 15:44:07.680 Add Basket MarketNo：2 StockIdx：1399
[22748] 2025/10/07 15:44:07.680 Divide StockNo {KBF00}
[22748] 2025/10/07 15:44:07.680 Add Basket MarketNo：2 StockIdx：1405
[22748] 2025/10/07 15:44:07.680 Divide StockNo {KCF00}
[22748] 2025/10/07 15:44:07.680 Add Basket MarketNo：2 StockIdx：1411
[22748] 2025/10/07 15:44:07.680 Divide StockNo {KDF00}
[22748] 2025/10/07 15:44:07.680 Add Basket MarketNo：2 StockIdx：1417
[22748] 2025/10/07 15:44:07.680 Divide StockNo {KEF00}
[22748] 2025/10/07 15:44:07.680 Add Basket MarketNo：2 StockIdx：1423
[22748] 2025/10/07 15:44:07.680 Divide StockNo {KFF00}
[22748] 2025/10/07 15:44:07.680 Add Basket MarketNo：2 StockIdx：1429
[22748] 2025/10/07 15:44:07.680 Divide StockNo {KGF00}
[22748] 2025/10/07 15:44:07.680 Add Basket MarketNo：2 StockIdx：1435
[22748] 2025/10/07 15:44:07.680 Divide StockNo {KIF00}
[22748] 2025/10/07 15:44:07.680 Add Basket MarketNo：2 StockIdx：1441
[22748] 2025/10/07 15:44:07.680 Divide StockNo {KKF00}
[22748] 2025/10/07 15:44:07.680 Add Basket MarketNo：2 StockIdx：1447
[22748] 2025/10/07 15:44:07.680 Divide StockNo {KLF00}
[22748] 2025/10/07 15:44:07.680 Add Basket MarketNo：2 StockIdx：1453
[22748] 2025/10/07 15:44:07.680 Divide StockNo {KOF00}
[22748] 2025/10/07 15:44:07.680 Add Basket MarketNo：2 StockIdx：1459
[22748] 2025/10/07 15:44:07.680 Divide StockNo {KPF00}
[22748] 2025/10/07 15:44:07.680 Add Basket MarketNo：2 StockIdx：1465
[22748] 2025/10/07 15:44:07.680 Divide StockNo {KSF00}
[22748] 2025/10/07 15:44:07.681 Add Basket MarketNo：2 StockIdx：1471
[22748] 2025/10/07 15:44:07.681 Divide StockNo {KUF00}
[22748] 2025/10/07 15:44:07.681 Add Basket MarketNo：2 StockIdx：1477
[22748] 2025/10/07 15:44:07.681 Divide StockNo {KWF00}
[22748] 2025/10/07 15:44:07.681 Add Basket MarketNo：2 StockIdx：1483
[22748] 2025/10/07 15:44:07.681 Divide StockNo {LBF00}
[22748] 2025/10/07 15:44:07.681 Add Basket MarketNo：2 StockIdx：1489
[22748] 2025/10/07 15:44:07.681 Divide StockNo {LCF00}
[22748] 2025/10/07 15:44:07.681 Add Basket MarketNo：2 StockIdx：1495
[22748] 2025/10/07 15:44:07.681 Divide StockNo {LEF00}
[22748] 2025/10/07 15:44:07.681 Add Basket MarketNo：2 StockIdx：1501
[22748] 2025/10/07 15:44:07.681 Divide StockNo {LIF00}
[22748] 2025/10/07 15:44:07.681 Add Basket MarketNo：2 StockIdx：1507
[22748] 2025/10/07 15:44:07.681 Divide StockNo {LMF00}
[22748] 2025/10/07 15:44:07.681 Add Basket MarketNo：2 StockIdx：1513
[22748] 2025/10/07 15:44:07.681 Divide StockNo {LOF00}
[22748] 2025/10/07 15:44:07.681 Add Basket MarketNo：2 StockIdx：1519
[22748] 2025/10/07 15:44:07.681 Divide StockNo {LQF00}
[22748] 2025/10/07 15:44:07.681 Add Basket MarketNo：2 StockIdx：1525
[22748] 2025/10/07 15:44:07.681 Divide StockNo {LRF00}
[22748] 2025/10/07 15:44:07.681 Add Basket MarketNo：2 StockIdx：1531
[22748] 2025/10/07 15:44:07.681 Divide StockNo {LTF00}
[22748] 2025/10/07 15:44:07.681 Add Basket MarketNo：2 StockIdx：1541
[22748] 2025/10/07 15:44:07.681 Divide StockNo {LUF00}
[22748] 2025/10/07 15:44:07.681 Add Basket MarketNo：2 StockIdx：1547
[22748] 2025/10/07 15:44:07.681 Divide StockNo {LVF00}
[22748] 2025/10/07 15:44:07.681 Add Basket MarketNo：2 StockIdx：1553
[22748] 2025/10/07 15:44:07.681 Divide StockNo {LWF00}
[22748] 2025/10/07 15:44:07.681 Add Basket MarketNo：2 StockIdx：1561
[22748] 2025/10/07 15:44:07.681 Divide StockNo {LXF00}
[22748] 2025/10/07 15:44:07.681 Add Basket MarketNo：2 StockIdx：1567
[22748] 2025/10/07 15:44:07.681 Divide StockNo {LYF00}
[22748] 2025/10/07 15:44:07.681 Add Basket MarketNo：2 StockIdx：1574
[22748] 2025/10/07 15:44:07.681 Divide StockNo {MAF00}
[22748] 2025/10/07 15:44:07.681 Add Basket MarketNo：2 StockIdx：1580
[22748] 2025/10/07 15:44:07.681 Divide StockNo {MBF00}
[22748] 2025/10/07 15:44:07.681 Add Basket MarketNo：2 StockIdx：1583
[22748] 2025/10/07 15:44:07.681 Divide StockNo {MJF00}
[22748] 2025/10/07 15:44:07.681 Add Basket MarketNo：2 StockIdx：1589
[22748] 2025/10/07 15:44:07.681 Divide StockNo {MKF00}
[22748] 2025/10/07 15:44:07.681 Add Basket MarketNo：2 StockIdx：1595
[22748] 2025/10/07 15:44:07.681 Divide StockNo {MQF00}
[22748] 2025/10/07 15:44:07.681 Add Basket MarketNo：2 StockIdx：1601
[22748] 2025/10/07 15:44:07.681 Divide StockNo {MVF00}
[22748] 2025/10/07 15:44:07.681 Add Basket MarketNo：2 StockIdx：1607
[22748] 2025/10/07 15:44:07.681 Divide StockNo {MYF00}
[22748] 2025/10/07 15:44:07.681 Add Basket MarketNo：2 StockIdx：1613
[22748] 2025/10/07 15:44:07.681 Divide StockNo {NAF00}
[22748] 2025/10/07 15:44:07.681 Add Basket MarketNo：2 StockIdx：1619
[22748] 2025/10/07 15:44:07.681 Divide StockNo {NBF00}
[22748] 2025/10/07 15:44:07.681 Add Basket MarketNo：2 StockIdx：1625
[22748] 2025/10/07 15:44:07.681 Divide StockNo {NDF00}
[22748] 2025/10/07 15:44:07.681 Add Basket MarketNo：2 StockIdx：1631
[22748] 2025/10/07 15:44:07.681 Divide StockNo {NEF00}
[22748] 2025/10/07 15:44:07.681 Add Basket MarketNo：2 StockIdx：1637
[22748] 2025/10/07 15:44:07.681 Divide StockNo {NGF00}
[22748] 2025/10/07 15:44:07.681 Add Basket MarketNo：2 StockIdx：1643
[22748] 2025/10/07 15:44:07.681 Divide StockNo {NIF00}
[22748] 2025/10/07 15:44:07.681 Add Basket MarketNo：2 StockIdx：1649
[22748] 2025/10/07 15:44:07.681 Divide StockNo {NJF00}
[22748] 2025/10/07 15:44:07.681 Add Basket MarketNo：2 StockIdx：1658
[22748] 2025/10/07 15:44:07.681 Divide StockNo {NLF00}
[22748] 2025/10/07 15:44:07.682 Add Basket MarketNo：2 StockIdx：1664
[22748] 2025/10/07 15:44:07.682 Divide StockNo {NMF00}
[22748] 2025/10/07 15:44:07.682 Add Basket MarketNo：2 StockIdx：1670
[22748] 2025/10/07 15:44:07.682 Divide StockNo {NOF00}
[22748] 2025/10/07 15:44:07.682 Add Basket MarketNo：2 StockIdx：1676
[22748] 2025/10/07 15:44:07.682 Divide StockNo {NQF00}
[22748] 2025/10/07 15:44:07.682 Add Basket MarketNo：2 StockIdx：1682
[22748] 2025/10/07 15:44:07.682 Divide StockNo {NSF00}
[22748] 2025/10/07 15:44:07.682 Add Basket MarketNo：2 StockIdx：1688
[22748] 2025/10/07 15:44:07.682 Divide StockNo {NUF00}
[22748] 2025/10/07 15:44:07.682 Add Basket MarketNo：2 StockIdx：1694
[22748] 2025/10/07 15:44:07.682 Divide StockNo {NVF00}
[22748] 2025/10/07 15:44:07.682 Add Basket MarketNo：2 StockIdx：1700
[22748] 2025/10/07 15:44:07.682 Divide StockNo {NWF00}
[22748] 2025/10/07 15:44:07.682 Add Basket MarketNo：2 StockIdx：1706
[22748] 2025/10/07 15:44:07.682 Divide StockNo {NYF00}
[22748] 2025/10/07 15:44:07.682 Add Basket MarketNo：2 StockIdx：130
[22748] 2025/10/07 15:44:07.682 Divide StockNo {OAF00}
[22748] 2025/10/07 15:44:07.682 Add Basket MarketNo：2 StockIdx：1718
[22748] 2025/10/07 15:44:07.682 Divide StockNo {OBF00}
[22748] 2025/10/07 15:44:07.682 Add Basket MarketNo：2 StockIdx：1724
[22748] 2025/10/07 15:44:07.682 Divide StockNo {ODF00}
[22748] 2025/10/07 15:44:07.682 Add Basket MarketNo：2 StockIdx：1730
[22748] 2025/10/07 15:44:07.682 Divide StockNo {OEF00}
[22748] 2025/10/07 15:44:07.682 Add Basket MarketNo：2 StockIdx：1736
[22748] 2025/10/07 15:44:07.682 Divide StockNo {OHF00}
[22748] 2025/10/07 15:44:07.682 Add Basket MarketNo：2 StockIdx：1742
[22748] 2025/10/07 15:44:07.682 Divide StockNo {OJF00}
[22748] 2025/10/07 15:44:07.682 Add Basket MarketNo：2 StockIdx：1750
[22748] 2025/10/07 15:44:07.682 Divide StockNo {OKF00}
[22748] 2025/10/07 15:44:07.682 Add Basket MarketNo：2 StockIdx：1756
[22748] 2025/10/07 15:44:07.682 Divide StockNo {OLF00}
[22748] 2025/10/07 15:44:07.682 Add Basket MarketNo：2 StockIdx：1762
[22748] 2025/10/07 15:44:07.682 Divide StockNo {OMF00}
[22748] 2025/10/07 15:44:07.682 Add Basket MarketNo：2 StockIdx：1768
[22748] 2025/10/07 15:44:07.682 Divide StockNo {OOF00}
[22748] 2025/10/07 15:44:07.682 Add Basket MarketNo：2 StockIdx：1774
[22748] 2025/10/07 15:44:07.682 Divide StockNo {OPF00}
[22748] 2025/10/07 15:44:07.682 Add Basket MarketNo：2 StockIdx：1780
[22748] 2025/10/07 15:44:07.682 Divide StockNo {OQF00}
[22748] 2025/10/07 15:44:07.682 Add Basket MarketNo：2 StockIdx：1786
[22748] 2025/10/07 15:44:07.682 Divide StockNo {ORF00}
[22748] 2025/10/07 15:44:07.682 Add Basket MarketNo：2 StockIdx：1792
[22748] 2025/10/07 15:44:07.682 Divide StockNo {OSF00}
[22748] 2025/10/07 15:44:07.682 Add Basket MarketNo：2 StockIdx：1798
[22748] 2025/10/07 15:44:07.682 Divide StockNo {OTF00}
[22748] 2025/10/07 15:44:07.682 Add Basket MarketNo：2 StockIdx：1804
[22748] 2025/10/07 15:44:07.682 Divide StockNo {OUF00}
[22748] 2025/10/07 15:44:07.682 Add Basket MarketNo：2 StockIdx：1810
[22748] 2025/10/07 15:44:07.682 Divide StockNo {OVF00}
[22748] 2025/10/07 15:44:07.682 Add Basket MarketNo：2 StockIdx：1816
[22748] 2025/10/07 15:44:07.682 Divide StockNo {OWF00}
[22748] 2025/10/07 15:44:07.682 Add Basket MarketNo：2 StockIdx：1822
[22748] 2025/10/07 15:44:07.682 Divide StockNo {OXF00}
[22748] 2025/10/07 15:44:07.682 Add Basket MarketNo：2 StockIdx：1828
[22748] 2025/10/07 15:44:07.682 Divide StockNo {OYF00}
[22748] 2025/10/07 15:44:07.682 Add Basket MarketNo：2 StockIdx：1834
[22748] 2025/10/07 15:44:07.682 Divide StockNo {OZF00}
[22748] 2025/10/07 15:44:07.682 Add Basket MarketNo：2 StockIdx：1840
[22748] 2025/10/07 15:44:07.682 Divide StockNo {PAF00}
[22748] 2025/10/07 15:44:07.682 Add Basket MarketNo：2 StockIdx：1846
[22748] 2025/10/07 15:44:07.682 Divide StockNo {PBF00}
[22748] 2025/10/07 15:44:07.682 Add Basket MarketNo：2 StockIdx：1852
[22748] 2025/10/07 15:44:07.682 Divide StockNo {PCF00}
[22748] 2025/10/07 15:44:07.683 Add Basket MarketNo：2 StockIdx：1858
[22748] 2025/10/07 15:44:07.683 Divide StockNo {PDF00}
[22748] 2025/10/07 15:44:07.683 Add Basket MarketNo：2 StockIdx：1864
[22748] 2025/10/07 15:44:07.683 Divide StockNo {PEF00}
[22748] 2025/10/07 15:44:07.683 Add Basket MarketNo：2 StockIdx：1870
[22748] 2025/10/07 15:44:07.683 Divide StockNo {PFF00}
[22748] 2025/10/07 15:44:07.683 Add Basket MarketNo：2 StockIdx：1876
[22748] 2025/10/07 15:44:07.683 Divide StockNo {PGF00}
[22748] 2025/10/07 15:44:07.683 Add Basket MarketNo：2 StockIdx：1882
[22748] 2025/10/07 15:44:07.683 Divide StockNo {PHF00}
[22748] 2025/10/07 15:44:07.683 Add Basket MarketNo：2 StockIdx：1888
[22748] 2025/10/07 15:44:07.683 Divide StockNo {PIF00}
[22748] 2025/10/07 15:44:07.683 Add Basket MarketNo：2 StockIdx：1894
[22748] 2025/10/07 15:44:07.683 Divide StockNo {PJF00}
[22748] 2025/10/07 15:44:07.683 Add Basket MarketNo：2 StockIdx：1900
[22748] 2025/10/07 15:44:07.683 Divide StockNo {PKF00}
[22748] 2025/10/07 15:44:07.683 Add Basket MarketNo：2 StockIdx：1906
[22748] 2025/10/07 15:44:07.683 Divide StockNo {PLF00}
[22748] 2025/10/07 15:44:07.683 Add Basket MarketNo：2 StockIdx：1912
[22748] 2025/10/07 15:44:07.683 Divide StockNo {PMF00}
[22748] 2025/10/07 15:44:07.683 Add Basket MarketNo：2 StockIdx：1918
[22748] 2025/10/07 15:44:07.683 Divide StockNo {PNF00}
[22748] 2025/10/07 15:44:07.683 Add Basket MarketNo：2 StockIdx：1924
[22748] 2025/10/07 15:44:07.683 Divide StockNo {PPF00}
[22748] 2025/10/07 15:44:07.683 Add Basket MarketNo：2 StockIdx：1930
[22748] 2025/10/07 15:44:07.683 Divide StockNo {PQF00}
[22748] 2025/10/07 15:44:07.683 Add Basket MarketNo：2 StockIdx：1936
[22748] 2025/10/07 15:44:07.683 Divide StockNo {PRF00}
[22748] 2025/10/07 15:44:07.683 Add Basket MarketNo：2 StockIdx：1942
[22748] 2025/10/07 15:44:07.683 Divide StockNo {PSF00}
[22748] 2025/10/07 15:44:07.683 Add Basket MarketNo：2 StockIdx：1948
[22748] 2025/10/07 15:44:07.683 Divide StockNo {PTF00}
[22748] 2025/10/07 15:44:07.683 Add Basket MarketNo：2 StockIdx：1957
[22748] 2025/10/07 15:44:07.683 Divide StockNo {PUF00}
[22748] 2025/10/07 15:44:07.683 Add Basket MarketNo：2 StockIdx：1963
[22748] 2025/10/07 15:44:07.683 Divide StockNo {PVF00}
[22748] 2025/10/07 15:44:07.683 Add Basket MarketNo：2 StockIdx：1969
[22748] 2025/10/07 15:44:07.683 Divide StockNo {PWF00}
[22748] 2025/10/07 15:44:07.683 Add Basket MarketNo：2 StockIdx：1975
[22748] 2025/10/07 15:44:07.683 Divide StockNo {PXF00}
[22748] 2025/10/07 15:44:07.683 Add Basket MarketNo：2 StockIdx：1981
[22748] 2025/10/07 15:44:07.683 Divide StockNo {PYF00}
[22748] 2025/10/07 15:44:07.683 Add Basket MarketNo：2 StockIdx：1987
[22748] 2025/10/07 15:44:07.683 Divide StockNo {PZF00}
[22748] 2025/10/07 15:44:07.683 Add Basket MarketNo：2 StockIdx：1993
[22748] 2025/10/07 15:44:07.683 Divide StockNo {QAF00}
[22748] 2025/10/07 15:44:07.683 Add Basket MarketNo：2 StockIdx：1999
[22748] 2025/10/07 15:44:07.683 Divide StockNo {QBF00}
[22748] 2025/10/07 15:44:07.683 Add Basket MarketNo：2 StockIdx：2005
[22748] 2025/10/07 15:44:07.683 Divide StockNo {QCF00}
[22748] 2025/10/07 15:44:07.683 Add Basket MarketNo：2 StockIdx：2011
[22748] 2025/10/07 15:44:07.683 Divide StockNo {QDF00}
[22748] 2025/10/07 15:44:07.683 Add Basket MarketNo：2 StockIdx：2017
[22748] 2025/10/07 15:44:07.683 Divide StockNo {QEF00}
[22748] 2025/10/07 15:44:07.683 Add Basket MarketNo：2 StockIdx：2023
[22748] 2025/10/07 15:44:07.683 Divide StockNo {QFF00}
[22748] 2025/10/07 15:44:07.683 Add Basket MarketNo：2 StockIdx：136
[22748] 2025/10/07 15:44:07.683 Divide StockNo {QGF00}
[22748] 2025/10/07 15:44:07.683 Add Basket MarketNo：2 StockIdx：2036
[22748] 2025/10/07 15:44:07.683 Divide StockNo {QHF00}
[22748] 2025/10/07 15:44:07.683 Add Basket MarketNo：2 StockIdx：2042
[22748] 2025/10/07 15:44:07.683 Divide StockNo {QIF00}
[22748] 2025/10/07 15:44:07.683 Add Basket MarketNo：2 StockIdx：2048
[22748] 2025/10/07 15:44:07.684 Divide StockNo {QJF00}
[22748] 2025/10/07 15:44:07.684 Add Basket MarketNo：2 StockIdx：2052
[22748] 2025/10/07 15:44:07.684 Divide StockNo {QKF00}
[22748] 2025/10/07 15:44:07.684 Add Basket MarketNo：2 StockIdx：2058
[22748] 2025/10/07 15:44:07.684 Divide StockNo {QLF00}
[22748] 2025/10/07 15:44:07.684 Add Basket MarketNo：2 StockIdx：2064
[22748] 2025/10/07 15:44:07.684 Divide StockNo {QMF00}
[22748] 2025/10/07 15:44:07.684 Add Basket MarketNo：2 StockIdx：2070
[22748] 2025/10/07 15:44:07.684 Divide StockNo {QNF00}
[22748] 2025/10/07 15:44:07.684 Add Basket MarketNo：2 StockIdx：2076
[22748] 2025/10/07 15:44:07.684 Divide StockNo {QOF00}
[22748] 2025/10/07 15:44:07.684 Add Basket MarketNo：2 StockIdx：2082
[22748] 2025/10/07 15:44:07.684 Divide StockNo {QPF00}
[22748] 2025/10/07 15:44:07.684 Add Basket MarketNo：2 StockIdx：2088
[22748] 2025/10/07 15:44:07.684 Divide StockNo {QQF00}
[22748] 2025/10/07 15:44:07.684 Add Basket MarketNo：2 StockIdx：2094
[22748] 2025/10/07 15:44:07.684 Divide StockNo {QRF00}
[22748] 2025/10/07 15:44:07.684 Add Basket MarketNo：2 StockIdx：2100
[22748] 2025/10/07 15:44:07.684 Divide StockNo {QSF00}
[22748] 2025/10/07 15:44:07.684 Add Basket MarketNo：2 StockIdx：2106
[22748] 2025/10/07 15:44:07.684 Divide StockNo {QTF00}
[22748] 2025/10/07 15:44:07.684 Add Basket MarketNo：2 StockIdx：2112
[22748] 2025/10/07 15:44:07.684 Divide StockNo {QUF00}
[22748] 2025/10/07 15:44:07.684 Add Basket MarketNo：2 StockIdx：2118
[22748] 2025/10/07 15:44:07.684 Divide StockNo {QVF00}
[22748] 2025/10/07 15:44:07.684 Add Basket MarketNo：2 StockIdx：2124
[22748] 2025/10/07 15:44:07.684 Divide StockNo {QWF00}
[22748] 2025/10/07 15:44:07.684 Add Basket MarketNo：2 StockIdx：2130
[22748] 2025/10/07 15:44:07.684 Divide StockNo {QXF00}
[22748] 2025/10/07 15:44:07.684 Add Basket MarketNo：2 StockIdx：2136
[22748] 2025/10/07 15:44:07.684 Divide StockNo {QYF00}
[22748] 2025/10/07 15:44:07.684 Add Basket MarketNo：2 StockIdx：2142
[22748] 2025/10/07 15:44:07.684 Divide StockNo {QZF00}
[22748] 2025/10/07 15:44:07.684 Add Basket MarketNo：2 StockIdx：2148
[22748] 2025/10/07 15:44:07.684 Divide StockNo {RAF00}
[22748] 2025/10/07 15:44:07.684 Add Basket MarketNo：2 StockIdx：2154
[22748] 2025/10/07 15:44:07.684 Divide StockNo {RBF00}
[22748] 2025/10/07 15:44:07.684 Add Basket MarketNo：2 StockIdx：2160
[22748] 2025/10/07 15:44:07.684 Divide StockNo {RCF00}
[22748] 2025/10/07 15:44:07.684 Add Basket MarketNo：2 StockIdx：2166
[22748] 2025/10/07 15:44:07.684 Divide StockNo {RDF00}
[22748] 2025/10/07 15:44:07.684 Add Basket MarketNo：2 StockIdx：2172
[22748] 2025/10/07 15:44:07.684 Divide StockNo {REF00}
[22748] 2025/10/07 15:44:07.684 Add Basket MarketNo：2 StockIdx：2178
[22748] 2025/10/07 15:44:07.684 Divide StockNo {RFF00}
[22748] 2025/10/07 15:44:07.684 Add Basket MarketNo：2 StockIdx：2184
[22748] 2025/10/07 15:44:07.684 Divide StockNo {RGF00}
[22748] 2025/10/07 15:44:07.684 Add Basket MarketNo：2 StockIdx：2190
[22748] 2025/10/07 15:44:07.684 Divide StockNo {RIF00}
[22748] 2025/10/07 15:44:07.684 Add Basket MarketNo：2 StockIdx：2196
[22748] 2025/10/07 15:44:07.684 Divide StockNo {RJF00}
[22748] 2025/10/07 15:44:07.684 Add Basket MarketNo：2 StockIdx：2202
[22748] 2025/10/07 15:44:07.684 Divide StockNo {RKF00}
[22748] 2025/10/07 15:44:07.684 Add Basket MarketNo：2 StockIdx：2208
[22748] 2025/10/07 15:44:07.684 Divide StockNo {RLF00}
[22748] 2025/10/07 15:44:07.684 Add Basket MarketNo：2 StockIdx：2214
[22748] 2025/10/07 15:44:07.684 Divide StockNo {RMF00}
[22748] 2025/10/07 15:44:07.684 Stock Is Not Exist 
[22748] 2025/10/07 15:44:07.684 Divide StockNo {RNF00}
[22748] 2025/10/07 15:44:07.684 Add Basket MarketNo：2 StockIdx：2220
[22748] 2025/10/07 15:44:07.685 Divide StockNo {ROF00}
[22748] 2025/10/07 15:44:07.685 Add Basket MarketNo：2 StockIdx：2226
[22748] 2025/10/07 15:44:07.685 Divide StockNo {RPF00}
[22748] 2025/10/07 15:44:07.685 Add Basket MarketNo：2 StockIdx：2232
[22748] 2025/10/07 15:44:07.685 Divide StockNo {RQF00}
[22748] 2025/10/07 15:44:07.685 Stock Is Not Exist 
[22748] 2025/10/07 15:44:07.685 Divide StockNo {RRF00}
[22748] 2025/10/07 15:44:07.685 Add Basket MarketNo：2 StockIdx：2239
[22748] 2025/10/07 15:44:07.685 Divide StockNo {RSF00}
[22748] 2025/10/07 15:44:07.685 Add Basket MarketNo：2 StockIdx：2245
[22748] 2025/10/07 15:44:07.685 Divide StockNo {RUF00}
[22748] 2025/10/07 15:44:07.685 Add Basket MarketNo：2 StockIdx：2251
[22748] 2025/10/07 15:44:07.685 Divide StockNo {RVF00}
[22748] 2025/10/07 15:44:07.685 Add Basket MarketNo：2 StockIdx：2257
[22748] 2025/10/07 15:44:07.685 Divide StockNo {RWF00}
[22748] 2025/10/07 15:44:07.685 Add Basket MarketNo：2 StockIdx：2263
[22748] 2025/10/07 15:44:07.685 Divide StockNo {RXF00}
[22748] 2025/10/07 15:44:07.685 Add Basket MarketNo：2 StockIdx：2269
[22748] 2025/10/07 15:44:07.685 Divide StockNo {RYF00}
[22748] 2025/10/07 15:44:07.685 Add Basket MarketNo：2 StockIdx：2275
[22748] 2025/10/07 15:44:07.685 Divide StockNo {RZF00}
[22748] 2025/10/07 15:44:07.685 Add Basket MarketNo：2 StockIdx：142
[22748] 2025/10/07 15:44:07.685 Divide StockNo {SAF00}
[22748] 2025/10/07 15:44:07.685 Add Basket MarketNo：2 StockIdx：2287
[22748] 2025/10/07 15:44:07.685 Divide StockNo {SBF00}
[22748] 2025/10/07 15:44:07.685 Add Basket MarketNo：2 StockIdx：2293
[22748] 2025/10/07 15:44:07.685 Divide StockNo {SCF00}
[22748] 2025/10/07 15:44:07.685 Add Basket MarketNo：2 StockIdx：2299
[22748] 2025/10/07 15:44:07.685 Divide StockNo {SDF00}
[22748] 2025/10/07 15:44:07.685 Add Basket MarketNo：2 StockIdx：2305
[22748] 2025/10/07 15:44:07.685 Divide StockNo {SEF00}
[22748] 2025/10/07 15:44:07.685 Add Basket MarketNo：2 StockIdx：2311
[22748] 2025/10/07 15:44:07.685 Divide StockNo {SFF00}
[22748] 2025/10/07 15:44:07.685 Add Basket MarketNo：2 StockIdx：2317
[22748] 2025/10/07 15:44:07.685 Divide StockNo {SGF00}
[22748] 2025/10/07 15:44:07.685 Add Basket MarketNo：2 StockIdx：2323
[22748] 2025/10/07 15:44:07.685 Divide StockNo {SIF00}
[22748] 2025/10/07 15:44:07.685 Add Basket MarketNo：2 StockIdx：2329
[22748] 2025/10/07 15:44:07.685 Divide StockNo {SJF00}
[22748] 2025/10/07 15:44:07.685 Add Basket MarketNo：2 StockIdx：2335
[22748] 2025/10/07 15:44:07.685 Divide StockNo {SKF00}
[22748] 2025/10/07 15:44:07.685 Add Basket MarketNo：2 StockIdx：2341
[22748] 2025/10/07 15:44:07.685 Divide StockNo {SLF00}
[22748] 2025/10/07 15:44:07.685 Add Basket MarketNo：2 StockIdx：2347
[22748] 2025/10/07 15:44:07.685 Divide StockNo {SMF00}
[22748] 2025/10/07 15:44:07.685 Add Basket MarketNo：2 StockIdx：2353
[22748] 2025/10/07 15:44:07.685 Divide StockNo {SNF00}
[22748] 2025/10/07 15:44:07.685 Add Basket MarketNo：2 StockIdx：2359
[22748] 2025/10/07 15:44:07.685 Divide StockNo {SQF00}
[22748] 2025/10/07 15:44:07.685 Add Basket MarketNo：2 StockIdx：2365
[22748] 2025/10/07 15:44:07.685 Divide StockNo {SRF00}
[22748] 2025/10/07 15:44:07.685 Add Basket MarketNo：2 StockIdx：148
[22748] 2025/10/07 15:44:07.685 Divide StockNo {SSF00}
[22748] 2025/10/07 15:44:07.685 Add Basket MarketNo：2 StockIdx：2378
[22748] 2025/10/07 15:44:07.685 Divide StockNo {SUF00}
[22748] 2025/10/07 15:44:07.685 Add Basket MarketNo：2 StockIdx：2384
[22748] 2025/10/07 15:44:07.685 Divide StockNo {SVF00}
[22748] 2025/10/07 15:44:07.685 Add Basket MarketNo：2 StockIdx：2390
[22748] 2025/10/07 15:44:07.685 Divide StockNo {SWF00}
[22748] 2025/10/07 15:44:07.685 Add Basket MarketNo：2 StockIdx：2396
[22748] 2025/10/07 15:44:07.685 Divide StockNo {SYF00}
[22748] 2025/10/07 15:44:07.685 Add Basket MarketNo：2 StockIdx：2402
[22748] 2025/10/07 15:44:07.685 Divide StockNo {SZF00}
[22748] 2025/10/07 15:44:07.686 Add Basket MarketNo：2 StockIdx：2408
[22748] 2025/10/07 15:44:07.686 Divide StockNo {UAF00}
[22748] 2025/10/07 15:44:07.686 Add Basket MarketNo：2 StockIdx：2414
[22748] 2025/10/07 15:44:07.686 Divide StockNo {UBF00}
[22748] 2025/10/07 15:44:07.686 Add Basket MarketNo：2 StockIdx：2420
[22748] 2025/10/07 15:44:07.686 Divide StockNo {UCF00}
[22748] 2025/10/07 15:44:07.686 Add Basket MarketNo：2 StockIdx：2426
[22748] 2025/10/07 15:44:07.686 Divide StockNo {UEF00}
[22748] 2025/10/07 15:44:07.686 Add Basket MarketNo：2 StockIdx：2432
[22748] 2025/10/07 15:44:07.686 Divide StockNo {UFF00}
[22748] 2025/10/07 15:44:07.686 Add Basket MarketNo：2 StockIdx：2438
[22748] 2025/10/07 15:44:07.686 Divide StockNo {UGF00}
[22748] 2025/10/07 15:44:07.686 Add Basket MarketNo：2 StockIdx：2444
[22748] 2025/10/07 15:44:07.686 Divide StockNo {UHF00}
[22748] 2025/10/07 15:44:07.686 Add Basket MarketNo：2 StockIdx：2450
[22748] 2025/10/07 15:44:07.686 Divide StockNo {UIF00}
[22748] 2025/10/07 15:44:07.686 Add Basket MarketNo：2 StockIdx：2456
[22748] 2025/10/07 15:44:07.686 Divide StockNo {UJF00}
[22748] 2025/10/07 15:44:07.686 Add Basket MarketNo：2 StockIdx：2462
[22748] 2025/10/07 15:44:07.686 Divide StockNo {UKF00}
[22748] 2025/10/07 15:44:07.686 Add Basket MarketNo：2 StockIdx：2468
[22748] 2025/10/07 15:44:07.686 Divide StockNo {ULF00}
[22748] 2025/10/07 15:44:07.686 Add Basket MarketNo：2 StockIdx：2474
[22748] 2025/10/07 15:44:07.686 Divide StockNo {UMF00}
[22748] 2025/10/07 15:44:07.686 Add Basket MarketNo：2 StockIdx：2480
[22748] 2025/10/07 15:44:07.686 Divide StockNo {UOF00}
[22748] 2025/10/07 15:44:07.686 Add Basket MarketNo：2 StockIdx：2486
[22748] 2025/10/07 15:44:07.686 Divide StockNo {UPF00}
[22748] 2025/10/07 15:44:07.686 Add Basket MarketNo：2 StockIdx：2492
[22748] 2025/10/07 15:44:07.686 Divide StockNo {UQF00}
[22748] 2025/10/07 15:44:07.686 Add Basket MarketNo：2 StockIdx：2498
[22748] 2025/10/07 15:44:07.686 Divide StockNo {URF00}
[22748] 2025/10/07 15:44:07.686 Add Basket MarketNo：2 StockIdx：2505
[22748] 2025/10/07 15:44:07.686 Divide StockNo {USF00}
[22748] 2025/10/07 15:44:07.686 Add Basket MarketNo：2 StockIdx：2511
[22748] 2025/10/07 15:44:07.686 Divide StockNo {UTF00}
[22748] 2025/10/07 15:44:07.686 Add Basket MarketNo：2 StockIdx：2517
[22748] 2025/10/07 15:44:07.686 Divide StockNo {UUF00}
[22748] 2025/10/07 15:44:07.686 Add Basket MarketNo：2 StockIdx：2523
[22748] 2025/10/07 15:44:07.686 Divide StockNo {UVF00}
[22748] 2025/10/07 15:44:07.686 Add Basket MarketNo：2 StockIdx：2529
[22748] 2025/10/07 15:44:07.686 Divide StockNo {UWF00}
[22748] 2025/10/07 15:44:07.686 Add Basket MarketNo：2 StockIdx：2535
[22748] 2025/10/07 15:44:07.686 Divide StockNo {0050}
[22748] 2025/10/07 15:44:07.686 Add Basket MarketNo：0 StockIdx：0
[22748] 2025/10/07 15:44:07.686 Divide StockNo {0056}
[22748] 2025/10/07 15:44:07.686 Add Basket MarketNo：0 StockIdx：5
[22748] 2025/10/07 15:44:07.686 Divide StockNo {006205}
[22748] 2025/10/07 15:44:07.686 Add Basket MarketNo：0 StockIdx：10
[22748] 2025/10/07 15:44:07.687 Divide StockNo {006206}
[22748] 2025/10/07 15:44:07.687 Add Basket MarketNo：0 StockIdx：11
[22748] 2025/10/07 15:44:07.687 Divide StockNo {00636}
[22748] 2025/10/07 15:44:07.687 Add Basket MarketNo：0 StockIdx：20
[22748] 2025/10/07 15:44:07.687 Divide StockNo {00639}
[22748] 2025/10/07 15:44:07.687 Add Basket MarketNo：0 StockIdx：24
[22748] 2025/10/07 15:44:07.687 Divide StockNo {00643}
[22748] 2025/10/07 15:44:07.687 Add Basket MarketNo：0 StockIdx：28
[22748] 2025/10/07 15:44:07.687 Divide StockNo {00679B}
[22748] 2025/10/07 15:44:07.687 Add Basket MarketNo：1 StockIdx：1
[22748] 2025/10/07 15:44:07.687 Divide StockNo {00687B}
[22748] 2025/10/07 15:44:07.687 Add Basket MarketNo：1 StockIdx：2
[22748] 2025/10/07 15:44:07.687 Divide StockNo {00719B}
[22748] 2025/10/07 15:44:07.687 Add Basket MarketNo：1 StockIdx：8
[22748] 2025/10/07 15:44:07.687 Divide StockNo {00757}
[22748] 2025/10/07 15:44:07.687 Add Basket MarketNo：0 StockIdx：98
[22748] 2025/10/07 15:44:07.687 Divide StockNo {00772B}
[22748] 2025/10/07 15:44:07.687 Add Basket MarketNo：1 StockIdx：32
[22748] 2025/10/07 15:44:07.687 Divide StockNo {00878}
[22748] 2025/10/07 15:44:07.687 Add Basket MarketNo：0 StockIdx：113
[22748] 2025/10/07 15:44:07.687 Divide StockNo {00885}
[22748] 2025/10/07 15:44:07.687 Add Basket MarketNo：0 StockIdx：116
[22748] 2025/10/07 15:44:07.687 Divide StockNo {00893}
[22748] 2025/10/07 15:44:07.687 Add Basket MarketNo：0 StockIdx：119
[22748] 2025/10/07 15:44:07.687 Divide StockNo {00919}
[22748] 2025/10/07 15:44:07.687 Add Basket MarketNo：0 StockIdx：143
[22748] 2025/10/07 15:44:07.687 Divide StockNo {00923}
[22748] 2025/10/07 15:44:07.687 Add Basket MarketNo：0 StockIdx：147
[22748] 2025/10/07 15:44:07.687 Divide StockNo {00929}
[22748] 2025/10/07 15:44:07.687 Add Basket MarketNo：0 StockIdx：151
[22748] 2025/10/07 15:44:07.687 Divide StockNo {00937B}
[22748] 2025/10/07 15:44:07.687 Add Basket MarketNo：1 StockIdx：82
[22748] 2025/10/07 15:44:07.687 Divide StockNo {00940}
[22748] 2025/10/07 15:44:07.687 Add Basket MarketNo：0 StockIdx：159
[22748] 2025/10/07 15:44:07.687 Divide StockNo {1101}
[22748] 2025/10/07 15:44:07.687 Add Basket MarketNo：0 StockIdx：32137
[22748] 2025/10/07 15:44:07.687 Divide StockNo {1102}
[22748] 2025/10/07 15:44:07.687 Add Basket MarketNo：0 StockIdx：32139
[22748] 2025/10/07 15:44:07.687 Divide StockNo {1210}
[22748] 2025/10/07 15:44:07.687 Add Basket MarketNo：0 StockIdx：32147
[22748] 2025/10/07 15:44:07.687 Divide StockNo {1216}
[22748] 2025/10/07 15:44:07.687 Add Basket MarketNo：0 StockIdx：32150
[22748] 2025/10/07 15:44:07.687 Divide StockNo {1301}
[22748] 2025/10/07 15:44:07.687 Add Basket MarketNo：0 StockIdx：32165
[22748] 2025/10/07 15:44:07.687 Divide StockNo {1303}
[22748] 2025/10/07 15:44:07.687 Add Basket MarketNo：0 StockIdx：32166
[22748] 2025/10/07 15:44:07.687 Divide StockNo {1312}
[22748] 2025/10/07 15:44:07.687 Add Basket MarketNo：0 StockIdx：32173
[22748] 2025/10/07 15:44:07.687 Divide StockNo {1314}
[22748] 2025/10/07 15:44:07.687 Add Basket MarketNo：0 StockIdx：32176
[22748] 2025/10/07 15:44:07.687 Divide StockNo {1319}
[22748] 2025/10/07 15:44:07.687 Add Basket MarketNo：0 StockIdx：32179
[22748] 2025/10/07 15:44:07.687 Divide StockNo {1326}
[22748] 2025/10/07 15:44:07.687 Add Basket MarketNo：0 StockIdx：32184
[22748] 2025/10/07 15:44:07.687 Divide StockNo {1402}
[22748] 2025/10/07 15:44:07.687 Add Basket MarketNo：0 StockIdx：32191
[22748] 2025/10/07 15:44:07.687 Divide StockNo {1440}
[22748] 2025/10/07 15:44:07.688 Add Basket MarketNo：0 StockIdx：32208
[22748] 2025/10/07 15:44:07.688 Divide StockNo {1476}
[22748] 2025/10/07 15:44:07.688 Add Basket MarketNo：0 StockIdx：32238
[22748] 2025/10/07 15:44:07.688 Divide StockNo {1477}
[22748] 2025/10/07 15:44:07.688 Add Basket MarketNo：0 StockIdx：32239
[22748] 2025/10/07 15:44:07.688 Divide StockNo {1503}
[22748] 2025/10/07 15:44:07.688 Add Basket MarketNo：0 StockIdx：32240
[22748] 2025/10/07 15:44:07.688 Divide StockNo {1504}
[22748] 2025/10/07 15:44:07.688 Add Basket MarketNo：0 StockIdx：32241
[22748] 2025/10/07 15:44:07.688 Divide StockNo {1513}
[22748] 2025/10/07 15:44:07.688 Add Basket MarketNo：0 StockIdx：32244
[22748] 2025/10/07 15:44:07.688 Divide StockNo {1536}
[22748] 2025/10/07 15:44:07.688 Add Basket MarketNo：0 StockIdx：32264
[22748] 2025/10/07 15:44:07.688 Divide StockNo {1565}
[22748] 2025/10/07 15:44:07.688 Add Basket MarketNo：1 StockIdx：138
[22748] 2025/10/07 15:44:07.688 Divide StockNo {1590}
[22748] 2025/10/07 15:44:07.688 Add Basket MarketNo：0 StockIdx：32278
[22748] 2025/10/07 15:44:07.688 Divide StockNo {1605}
[22748] 2025/10/07 15:44:07.688 Add Basket MarketNo：0 StockIdx：32283
[22748] 2025/10/07 15:44:07.688 Divide StockNo {1609}
[22748] 2025/10/07 15:44:07.688 Add Basket MarketNo：0 StockIdx：32285
[22748] 2025/10/07 15:44:07.688 Divide StockNo {1707}
[22748] 2025/10/07 15:44:07.688 Add Basket MarketNo：0 StockIdx：32295
[22748] 2025/10/07 15:44:07.688 Divide StockNo {1717}
[22748] 2025/10/07 15:44:07.688 Add Basket MarketNo：0 StockIdx：32303
[22748] 2025/10/07 15:44:07.688 Divide StockNo {1718}
[22748] 2025/10/07 15:44:07.688 Add Basket MarketNo：0 StockIdx：32304
[22748] 2025/10/07 15:44:07.688 Divide StockNo {1722}
[22748] 2025/10/07 15:44:07.688 Add Basket MarketNo：0 StockIdx：32307
[22748] 2025/10/07 15:44:07.688 Divide StockNo {1795}
[22748] 2025/10/07 15:44:07.688 Add Basket MarketNo：0 StockIdx：32328
[22748] 2025/10/07 15:44:07.688 Divide StockNo {1802}
[22748] 2025/10/07 15:44:07.688 Add Basket MarketNo：0 StockIdx：32329
[22748] 2025/10/07 15:44:07.688 Divide StockNo {1904}
[22748] 2025/10/07 15:44:07.688 Add Basket MarketNo：0 StockIdx：32337
[22748] 2025/10/07 15:44:07.688 Divide StockNo {1905}
[22748] 2025/10/07 15:44:07.688 Add Basket MarketNo：0 StockIdx：32338
[22748] 2025/10/07 15:44:07.688 Divide StockNo {1907}
[22748] 2025/10/07 15:44:07.688 Add Basket MarketNo：0 StockIdx：32340
[22748] 2025/10/07 15:44:07.688 Divide StockNo {1909}
[22748] 2025/10/07 15:44:07.688 Add Basket MarketNo：0 StockIdx：32341
[22748] 2025/10/07 15:44:07.688 Divide StockNo {2002}
[22748] 2025/10/07 15:44:07.688 Add Basket MarketNo：0 StockIdx：32342
[22748] 2025/10/07 15:44:07.688 Divide StockNo {2006}
[22748] 2025/10/07 15:44:07.688 Add Basket MarketNo：0 StockIdx：32344
[22748] 2025/10/07 15:44:07.688 Divide StockNo {2014}
[22748] 2025/10/07 15:44:07.688 Add Basket MarketNo：0 StockIdx：32351
[22748] 2025/10/07 15:44:07.688 Divide StockNo {2027}
[22748] 2025/10/07 15:44:07.688 Add Basket MarketNo：0 StockIdx：32359
[22748] 2025/10/07 15:44:07.688 Divide StockNo {2049}
[22748] 2025/10/07 15:44:07.688 Add Basket MarketNo：0 StockIdx：32368
[22748] 2025/10/07 15:44:07.688 Divide StockNo {2059}
[22748] 2025/10/07 15:44:07.688 Add Basket MarketNo：0 StockIdx：32369
[22748] 2025/10/07 15:44:07.688 Divide StockNo {2105}
[22748] 2025/10/07 15:44:07.688 Add Basket MarketNo：0 StockIdx：32376
[22748] 2025/10/07 15:44:07.688 Divide StockNo {2201}
[22748] 2025/10/07 15:44:07.688 Add Basket MarketNo：0 StockIdx：32383
[22748] 2025/10/07 15:44:07.688 Divide StockNo {2231}
[22748] 2025/10/07 15:44:07.688 Add Basket MarketNo：0 StockIdx：32391
[22748] 2025/10/07 15:44:07.688 Divide StockNo {2301}
[22748] 2025/10/07 15:44:07.688 Add Basket MarketNo：0 StockIdx：32402
[22748] 2025/10/07 15:44:07.688 Divide StockNo {2303}
[22748] 2025/10/07 15:44:07.688 Add Basket MarketNo：0 StockIdx：32404
[22748] 2025/10/07 15:44:07.688 Divide StockNo {2308}
[22748] 2025/10/07 15:44:07.688 Add Basket MarketNo：0 StockIdx：32406
[22748] 2025/10/07 15:44:07.688 Divide StockNo {2312}
[22748] 2025/10/07 15:44:07.689 Add Basket MarketNo：0 StockIdx：32407
[22748] 2025/10/07 15:44:07.689 Divide StockNo {2313}
[22748] 2025/10/07 15:44:07.689 Add Basket MarketNo：0 StockIdx：32408
[22748] 2025/10/07 15:44:07.689 Divide StockNo {2317}
[22748] 2025/10/07 15:44:07.689 Add Basket MarketNo：0 StockIdx：32411
[22748] 2025/10/07 15:44:07.689 Divide StockNo {2323}
[22748] 2025/10/07 15:44:07.689 Add Basket MarketNo：0 StockIdx：32413
[22748] 2025/10/07 15:44:07.689 Divide StockNo {2324}
[22748] 2025/10/07 15:44:07.689 Add Basket MarketNo：0 StockIdx：32414
[22748] 2025/10/07 15:44:07.689 Divide StockNo {2327}
[22748] 2025/10/07 15:44:07.689 Add Basket MarketNo：0 StockIdx：32415
[22748] 2025/10/07 15:44:07.689 Divide StockNo {2328}
[22748] 2025/10/07 15:44:07.689 Add Basket MarketNo：0 StockIdx：32416
[22748] 2025/10/07 15:44:07.689 Divide StockNo {2330}
[22748] 2025/10/07 15:44:07.689 Add Basket MarketNo：0 StockIdx：32418
[22748] 2025/10/07 15:44:07.689 Divide StockNo {2331}
[22748] 2025/10/07 15:44:07.689 Add Basket MarketNo：0 StockIdx：32419
[22748] 2025/10/07 15:44:07.689 Divide StockNo {2332}
[22748] 2025/10/07 15:44:07.689 Add Basket MarketNo：0 StockIdx：32420
[22748] 2025/10/07 15:44:07.689 Divide StockNo {2337}
[22748] 2025/10/07 15:44:07.689 Add Basket MarketNo：0 StockIdx：32421
[22748] 2025/10/07 15:44:07.689 Divide StockNo {2338}
[22748] 2025/10/07 15:44:07.689 Add Basket MarketNo：0 StockIdx：32422
[22748] 2025/10/07 15:44:07.689 Divide StockNo {2340}
[22748] 2025/10/07 15:44:07.689 Add Basket MarketNo：0 StockIdx：32423
[22748] 2025/10/07 15:44:07.689 Divide StockNo {2344}
[22748] 2025/10/07 15:44:07.689 Add Basket MarketNo：0 StockIdx：32425
[22748] 2025/10/07 15:44:07.689 Divide StockNo {2345}
[22748] 2025/10/07 15:44:07.689 Add Basket MarketNo：0 StockIdx：32426
[22748] 2025/10/07 15:44:07.689 Divide StockNo {2347}
[22748] 2025/10/07 15:44:07.689 Add Basket MarketNo：0 StockIdx：32427
[22748] 2025/10/07 15:44:07.689 Divide StockNo {2352}
[22748] 2025/10/07 15:44:07.689 Add Basket MarketNo：0 StockIdx：32432
[22748] 2025/10/07 15:44:07.689 Divide StockNo {2353}
[22748] 2025/10/07 15:44:07.689 Add Basket MarketNo：0 StockIdx：32433
[22748] 2025/10/07 15:44:07.689 Divide StockNo {2354}
[22748] 2025/10/07 15:44:07.689 Add Basket MarketNo：0 StockIdx：32434
[22748] 2025/10/07 15:44:07.689 Divide StockNo {2355}
[22748] 2025/10/07 15:44:07.689 Add Basket MarketNo：0 StockIdx：32435
[22748] 2025/10/07 15:44:07.689 Divide StockNo {2356}
[22748] 2025/10/07 15:44:07.689 Add Basket MarketNo：0 StockIdx：32436
[22748] 2025/10/07 15:44:07.689 Divide StockNo {2357}
[22748] 2025/10/07 15:44:07.689 Add Basket MarketNo：0 StockIdx：32437
[22748] 2025/10/07 15:44:07.689 Divide StockNo {2360}
[22748] 2025/10/07 15:44:07.689 Add Basket MarketNo：0 StockIdx：32439
[22748] 2025/10/07 15:44:07.689 Divide StockNo {2368}
[22748] 2025/10/07 15:44:07.689 Add Basket MarketNo：0 StockIdx：32445
[22748] 2025/10/07 15:44:07.689 Divide StockNo {2371}
[22748] 2025/10/07 15:44:07.689 Add Basket MarketNo：0 StockIdx：32447
[22748] 2025/10/07 15:44:07.689 Divide StockNo {2376}
[22748] 2025/10/07 15:44:07.689 Add Basket MarketNo：0 StockIdx：32451
[22748] 2025/10/07 15:44:07.689 Divide StockNo {2377}
[22748] 2025/10/07 15:44:07.689 Add Basket MarketNo：0 StockIdx：32452
[22748] 2025/10/07 15:44:07.689 Divide StockNo {2379}
[22748] 2025/10/07 15:44:07.689 Add Basket MarketNo：0 StockIdx：32453
[22748] 2025/10/07 15:44:07.689 Divide StockNo {2382}
[22748] 2025/10/07 15:44:07.689 Add Basket MarketNo：0 StockIdx：32455
[22748] 2025/10/07 15:44:07.689 Divide StockNo {2383}
[22748] 2025/10/07 15:44:07.689 Add Basket MarketNo：0 StockIdx：32456
[22748] 2025/10/07 15:44:07.689 Divide StockNo {2385}
[22748] 2025/10/07 15:44:07.689 Add Basket MarketNo：0 StockIdx：32457
[22748] 2025/10/07 15:44:07.689 Divide StockNo {2388}
[22748] 2025/10/07 15:44:07.689 Add Basket MarketNo：0 StockIdx：32459
[22748] 2025/10/07 15:44:07.689 Divide StockNo {2392}
[22748] 2025/10/07 15:44:07.689 Add Basket MarketNo：0 StockIdx：32461
[22748] 2025/10/07 15:44:07.689 Divide StockNo {2393}
[22748] 2025/10/07 15:44:07.689 Add Basket MarketNo：0 StockIdx：32462
[22748] 2025/10/07 15:44:07.690 Divide StockNo {2401}
[22748] 2025/10/07 15:44:07.690 Add Basket MarketNo：0 StockIdx：32466
[22748] 2025/10/07 15:44:07.690 Divide StockNo {2404}
[22748] 2025/10/07 15:44:07.690 Add Basket MarketNo：0 StockIdx：32468
[22748] 2025/10/07 15:44:07.690 Divide StockNo {2408}
[22748] 2025/10/07 15:44:07.690 Add Basket MarketNo：0 StockIdx：32471
[22748] 2025/10/07 15:44:07.690 Divide StockNo {2409}
[22748] 2025/10/07 15:44:07.690 Add Basket MarketNo：0 StockIdx：32472
[22748] 2025/10/07 15:44:07.690 Divide StockNo {2412}
[22748] 2025/10/07 15:44:07.690 Add Basket MarketNo：0 StockIdx：32473
[22748] 2025/10/07 15:44:07.690 Divide StockNo {2439}
[22748] 2025/10/07 15:44:07.690 Add Basket MarketNo：0 StockIdx：32495
[22748] 2025/10/07 15:44:07.690 Divide StockNo {2441}
[22748] 2025/10/07 15:44:07.690 Add Basket MarketNo：0 StockIdx：32497
[22748] 2025/10/07 15:44:07.690 Divide StockNo {2449}
[22748] 2025/10/07 15:44:07.690 Add Basket MarketNo：0 StockIdx：32500
[22748] 2025/10/07 15:44:07.690 Divide StockNo {2454}
[22748] 2025/10/07 15:44:07.690 Add Basket MarketNo：0 StockIdx：32504
[22748] 2025/10/07 15:44:07.690 Divide StockNo {2455}
[22748] 2025/10/07 15:44:07.690 Add Basket MarketNo：0 StockIdx：32505
[22748] 2025/10/07 15:44:07.690 Divide StockNo {2457}
[22748] 2025/10/07 15:44:07.690 Add Basket MarketNo：0 StockIdx：32506
[22748] 2025/10/07 15:44:07.690 Divide StockNo {2458}
[22748] 2025/10/07 15:44:07.690 Add Basket MarketNo：0 StockIdx：32507
[22748] 2025/10/07 15:44:07.690 Divide StockNo {2474}
[22748] 2025/10/07 15:44:07.690 Add Basket MarketNo：0 StockIdx：32519
[22748] 2025/10/07 15:44:07.690 Divide StockNo {2481}
[22748] 2025/10/07 15:44:07.690 Add Basket MarketNo：0 StockIdx：32524
[22748] 2025/10/07 15:44:07.690 Divide StockNo {2485}
[22748] 2025/10/07 15:44:07.690 Add Basket MarketNo：0 StockIdx：32528
[22748] 2025/10/07 15:44:07.690 Divide StockNo {2486}
[22748] 2025/10/07 15:44:07.690 Add Basket MarketNo：0 StockIdx：32529
[22748] 2025/10/07 15:44:07.690 Divide StockNo {2489}
[22748] 2025/10/07 15:44:07.690 Add Basket MarketNo：0 StockIdx：32531
[22748] 2025/10/07 15:44:07.690 Divide StockNo {2492}
[22748] 2025/10/07 15:44:07.690 Add Basket MarketNo：0 StockIdx：32533
[22748] 2025/10/07 15:44:07.690 Divide StockNo {2498}
[22748] 2025/10/07 15:44:07.690 Add Basket MarketNo：0 StockIdx：32538
[22748] 2025/10/07 15:44:07.690 Divide StockNo {2515}
[22748] 2025/10/07 15:44:07.690 Add Basket MarketNo：0 StockIdx：32546
[22748] 2025/10/07 15:44:07.690 Divide StockNo {2520}
[22748] 2025/10/07 15:44:07.690 Add Basket MarketNo：0 StockIdx：32548
[22748] 2025/10/07 15:44:07.690 Divide StockNo {2542}
[22748] 2025/10/07 15:44:07.690 Add Basket MarketNo：0 StockIdx：32560
[22748] 2025/10/07 15:44:07.690 Divide StockNo {2548}
[22748] 2025/10/07 15:44:07.690 Add Basket MarketNo：0 StockIdx：32565
[22748] 2025/10/07 15:44:07.690 Divide StockNo {2603}
[22748] 2025/10/07 15:44:07.690 Add Basket MarketNo：0 StockIdx：32568
[22748] 2025/10/07 15:44:07.690 Divide StockNo {2605}
[22748] 2025/10/07 15:44:07.690 Add Basket MarketNo：0 StockIdx：32569
[22748] 2025/10/07 15:44:07.690 Divide StockNo {2606}
[22748] 2025/10/07 15:44:07.690 Add Basket MarketNo：0 StockIdx：32570
[22748] 2025/10/07 15:44:07.690 Divide StockNo {2609}
[22748] 2025/10/07 15:44:07.690 Add Basket MarketNo：0 StockIdx：32573
[22748] 2025/10/07 15:44:07.690 Divide StockNo {2610}
[22748] 2025/10/07 15:44:07.690 Add Basket MarketNo：0 StockIdx：32574
[22748] 2025/10/07 15:44:07.690 Divide StockNo {2615}
[22748] 2025/10/07 15:44:07.690 Add Basket MarketNo：0 StockIdx：32579
[22748] 2025/10/07 15:44:07.690 Divide StockNo {2618}
[22748] 2025/10/07 15:44:07.690 Add Basket MarketNo：0 StockIdx：32582
[22748] 2025/10/07 15:44:07.690 Divide StockNo {2633}
[22748] 2025/10/07 15:44:07.690 Add Basket MarketNo：0 StockIdx：32584
[22748] 2025/10/07 15:44:07.690 Divide StockNo {2634}
[22748] 2025/10/07 15:44:07.690 Add Basket MarketNo：0 StockIdx：32585
[22748] 2025/10/07 15:44:07.690 Divide StockNo {2801}
[22748] 2025/10/07 15:44:07.690 Add Basket MarketNo：0 StockIdx：32606
[22748] 2025/10/07 15:44:07.691 Divide StockNo {2834}
[22748] 2025/10/07 15:44:07.691 Add Basket MarketNo：0 StockIdx：32611
[22748] 2025/10/07 15:44:07.691 Divide StockNo {2880}
[22748] 2025/10/07 15:44:07.691 Add Basket MarketNo：0 StockIdx：32623
[22748] 2025/10/07 15:44:07.691 Divide StockNo {2881}
[22748] 2025/10/07 15:44:07.691 Add Basket MarketNo：0 StockIdx：32624
[22748] 2025/10/07 15:44:07.691 Divide StockNo {2882}
[22748] 2025/10/07 15:44:07.691 Add Basket MarketNo：0 StockIdx：32628
[22748] 2025/10/07 15:44:07.691 Divide StockNo {2883}
[22748] 2025/10/07 15:44:07.691 Add Basket MarketNo：0 StockIdx：32631
[22748] 2025/10/07 15:44:07.691 Divide StockNo {2884}
[22748] 2025/10/07 15:44:07.691 Add Basket MarketNo：0 StockIdx：32633
[22748] 2025/10/07 15:44:07.691 Divide StockNo {2885}
[22748] 2025/10/07 15:44:07.691 Add Basket MarketNo：0 StockIdx：32634
[22748] 2025/10/07 15:44:07.691 Divide StockNo {2886}
[22748] 2025/10/07 15:44:07.691 Add Basket MarketNo：0 StockIdx：32635
[22748] 2025/10/07 15:44:07.691 Divide StockNo {2887}
[22748] 2025/10/07 15:44:07.691 Add Basket MarketNo：0 StockIdx：32636
[22748] 2025/10/07 15:44:07.691 Divide StockNo {2888}
[22748] 2025/10/07 15:44:07.691 Stock Is Not Exist 
[22748] 2025/10/07 15:44:07.691 Divide StockNo {2890}
[22748] 2025/10/07 15:44:07.691 Add Basket MarketNo：0 StockIdx：32644
[22748] 2025/10/07 15:44:07.691 Divide StockNo {2891}
[22748] 2025/10/07 15:44:07.691 Add Basket MarketNo：0 StockIdx：32645
[22748] 2025/10/07 15:44:07.691 Divide StockNo {2892}
[22748] 2025/10/07 15:44:07.691 Add Basket MarketNo：0 StockIdx：32648
[22748] 2025/10/07 15:44:07.691 Divide StockNo {2913}
[22748] 2025/10/07 15:44:07.691 Add Basket MarketNo：0 StockIdx：32660
[22748] 2025/10/07 15:44:07.691 Divide StockNo {2915}
[22748] 2025/10/07 15:44:07.691 Add Basket MarketNo：0 StockIdx：32661
[22748] 2025/10/07 15:44:07.691 Divide StockNo {3005}
[22748] 2025/10/07 15:44:07.691 Add Basket MarketNo：0 StockIdx：32669
[22748] 2025/10/07 15:44:07.691 Divide StockNo {3006}
[22748] 2025/10/07 15:44:07.691 Add Basket MarketNo：0 StockIdx：32670
[22748] 2025/10/07 15:44:07.691 Divide StockNo {3008}
[22748] 2025/10/07 15:44:07.691 Add Basket MarketNo：0 StockIdx：32671
[22748] 2025/10/07 15:44:07.691 Divide StockNo {3017}
[22748] 2025/10/07 15:44:07.691 Add Basket MarketNo：0 StockIdx：32678
[22748] 2025/10/07 15:44:07.691 Divide StockNo {3019}
[22748] 2025/10/07 15:44:07.691 Add Basket MarketNo：0 StockIdx：32680
[22748] 2025/10/07 15:44:07.691 Divide StockNo {3034}
[22748] 2025/10/07 15:44:07.691 Add Basket MarketNo：0 StockIdx：32694
[22748] 2025/10/07 15:44:07.691 Divide StockNo {3035}
[22748] 2025/10/07 15:44:07.691 Add Basket MarketNo：0 StockIdx：32695
[22748] 2025/10/07 15:44:07.691 Divide StockNo {3036}
[22748] 2025/10/07 15:44:07.691 Add Basket MarketNo：0 StockIdx：32696
[22748] 2025/10/07 15:44:07.691 Divide StockNo {3037}
[22748] 2025/10/07 15:44:07.691 Add Basket MarketNo：0 StockIdx：32698
[22748] 2025/10/07 15:44:07.691 Divide StockNo {3042}
[22748] 2025/10/07 15:44:07.691 Add Basket MarketNo：0 StockIdx：32702
[22748] 2025/10/07 15:44:07.691 Divide StockNo {3044}
[22748] 2025/10/07 15:44:07.691 Add Basket MarketNo：0 StockIdx：32704
[22748] 2025/10/07 15:44:07.691 Divide StockNo {3045}
[22748] 2025/10/07 15:44:07.691 Add Basket MarketNo：0 StockIdx：32705
[22748] 2025/10/07 15:44:07.691 Divide StockNo {3078}
[22748] 2025/10/07 15:44:07.691 Add Basket MarketNo：1 StockIdx：266
[22748] 2025/10/07 15:44:07.691 Divide StockNo {3081}
[22748] 2025/10/07 15:44:07.691 Add Basket MarketNo：1 StockIdx：267
[22748] 2025/10/07 15:44:07.691 Divide StockNo {3105}
[22748] 2025/10/07 15:44:07.691 Add Basket MarketNo：1 StockIdx：277
[22748] 2025/10/07 15:44:07.691 Divide StockNo {3152}
[22748] 2025/10/07 15:44:07.691 Add Basket MarketNo：1 StockIdx：292
[22748] 2025/10/07 15:44:07.691 Divide StockNo {3189}
[22748] 2025/10/07 15:44:07.691 Add Basket MarketNo：0 StockIdx：32732
[22748] 2025/10/07 15:44:07.691 Divide StockNo {3227}
[22748] 2025/10/07 15:44:07.692 Add Basket MarketNo：1 StockIdx：315
[22748] 2025/10/07 15:44:07.692 Divide StockNo {3231}
[22748] 2025/10/07 15:44:07.692 Add Basket MarketNo：0 StockIdx：32735
[22748] 2025/10/07 15:44:07.692 Divide StockNo {3260}
[22748] 2025/10/07 15:44:07.692 Add Basket MarketNo：1 StockIdx：324
[22748] 2025/10/07 15:44:07.692 Divide StockNo {3264}
[22748] 2025/10/07 15:44:07.692 Add Basket MarketNo：1 StockIdx：325
[22748] 2025/10/07 15:44:07.692 Divide StockNo {3293}
[22748] 2025/10/07 15:44:07.692 Add Basket MarketNo：1 StockIdx：338
[22748] 2025/10/07 15:44:07.692 Divide StockNo {3324}
[22748] 2025/10/07 15:44:07.692 Add Basket MarketNo：1 StockIdx：354
[22748] 2025/10/07 15:44:07.692 Divide StockNo {3374}
[22748] 2025/10/07 15:44:07.692 Add Basket MarketNo：1 StockIdx：372
[22748] 2025/10/07 15:44:07.692 Divide StockNo {3376}
[22748] 2025/10/07 15:44:07.692 Add Basket MarketNo：0 StockIdx：32747
[22748] 2025/10/07 15:44:07.692 Divide StockNo {3380}
[22748] 2025/10/07 15:44:07.692 Add Basket MarketNo：0 StockIdx：32748
[22748] 2025/10/07 15:44:07.692 Divide StockNo {3406}
[22748] 2025/10/07 15:44:07.692 Add Basket MarketNo：0 StockIdx：32749
[22748] 2025/10/07 15:44:07.692 Divide StockNo {3443}
[22748] 2025/10/07 15:44:07.692 Add Basket MarketNo：0 StockIdx：32755
[22748] 2025/10/07 15:44:07.692 Divide StockNo {3481}
[22748] 2025/10/07 15:44:07.692 Add Basket MarketNo：0 StockIdx：32759
[22748] 2025/10/07 15:44:07.692 Divide StockNo {3529}
[22748] 2025/10/07 15:44:07.692 Add Basket MarketNo：1 StockIdx：422
[22748] 2025/10/07 15:44:07.692 Divide StockNo {3532}
[22748] 2025/10/07 15:44:07.692 Add Basket MarketNo：0 StockIdx：32767
[22748] 2025/10/07 15:44:07.692 Divide StockNo {3533}
[22748] 2025/10/07 15:44:07.692 Add Basket MarketNo：0 StockIdx：32768
[22748] 2025/10/07 15:44:07.692 Divide StockNo {3552}
[22748] 2025/10/07 15:44:07.692 Add Basket MarketNo：1 StockIdx：432
[22748] 2025/10/07 15:44:07.692 Divide StockNo {3653}
[22748] 2025/10/07 15:44:07.692 Add Basket MarketNo：0 StockIdx：32788
[22748] 2025/10/07 15:44:07.692 Divide StockNo {3661}
[22748] 2025/10/07 15:44:07.692 Add Basket MarketNo：0 StockIdx：32789
[22748] 2025/10/07 15:44:07.692 Divide StockNo {3673}
[22748] 2025/10/07 15:44:07.692 Add Basket MarketNo：0 StockIdx：32792
[22748] 2025/10/07 15:44:07.692 Divide StockNo {3680}
[22748] 2025/10/07 15:44:07.692 Add Basket MarketNo：1 StockIdx：471
[22748] 2025/10/07 15:44:07.692 Divide StockNo {3691}
[22748] 2025/10/07 15:44:07.692 Add Basket MarketNo：1 StockIdx：480
[22748] 2025/10/07 15:44:07.692 Divide StockNo {3702}
[22748] 2025/10/07 15:44:07.692 Add Basket MarketNo：0 StockIdx：32797
[22748] 2025/10/07 15:44:07.692 Divide StockNo {3706}
[22748] 2025/10/07 15:44:07.692 Add Basket MarketNo：0 StockIdx：32801
[22748] 2025/10/07 15:44:07.692 Divide StockNo {3711}
[22748] 2025/10/07 15:44:07.692 Add Basket MarketNo：0 StockIdx：32803
[22748] 2025/10/07 15:44:07.692 Divide StockNo {3714}
[22748] 2025/10/07 15:44:07.692 Add Basket MarketNo：0 StockIdx：32805
[22748] 2025/10/07 15:44:07.692 Divide StockNo {4123}
[22748] 2025/10/07 15:44:07.692 Add Basket MarketNo：1 StockIdx：504
[22748] 2025/10/07 15:44:07.692 Divide StockNo {4128}
[22748] 2025/10/07 15:44:07.692 Add Basket MarketNo：1 StockIdx：509
[22748] 2025/10/07 15:44:07.692 Divide StockNo {4162}
[22748] 2025/10/07 15:44:07.692 Add Basket MarketNo：1 StockIdx：523
[22748] 2025/10/07 15:44:07.692 Divide StockNo {4736}
[22748] 2025/10/07 15:44:07.692 Add Basket MarketNo：0 StockIdx：32850
[22748] 2025/10/07 15:44:07.692 Divide StockNo {4743}
[22748] 2025/10/07 15:44:07.692 Add Basket MarketNo：1 StockIdx：615
[22748] 2025/10/07 15:44:07.692 Divide StockNo {4904}
[22748] 2025/10/07 15:44:07.692 Add Basket MarketNo：0 StockIdx：32861
[22748] 2025/10/07 15:44:07.692 Divide StockNo {4919}
[22748] 2025/10/07 15:44:07.692 Add Basket MarketNo：0 StockIdx：32866
[22748] 2025/10/07 15:44:07.692 Divide StockNo {4938}
[22748] 2025/10/07 15:44:07.693 Add Basket MarketNo：0 StockIdx：32871
[22748] 2025/10/07 15:44:07.693 Divide StockNo {4958}
[22748] 2025/10/07 15:44:07.693 Add Basket MarketNo：0 StockIdx：32877
[22748] 2025/10/07 15:44:07.693 Divide StockNo {5009}
[22748] 2025/10/07 15:44:07.693 Add Basket MarketNo：1 StockIdx：659
[22748] 2025/10/07 15:44:07.693 Divide StockNo {5269}
[22748] 2025/10/07 15:44:07.693 Add Basket MarketNo：0 StockIdx：32896
[22748] 2025/10/07 15:44:07.693 Divide StockNo {5274}
[22748] 2025/10/07 15:44:07.693 Add Basket MarketNo：1 StockIdx：693
[22748] 2025/10/07 15:44:07.693 Divide StockNo {5347}
[22748] 2025/10/07 15:44:07.693 Add Basket MarketNo：1 StockIdx：717
[22748] 2025/10/07 15:44:07.693 Divide StockNo {5371}
[22748] 2025/10/07 15:44:07.693 Add Basket MarketNo：1 StockIdx：724
[22748] 2025/10/07 15:44:07.693 Divide StockNo {5388}
[22748] 2025/10/07 15:44:07.693 Add Basket MarketNo：0 StockIdx：32903
[22748] 2025/10/07 15:44:07.693 Divide StockNo {5425}
[22748] 2025/10/07 15:44:07.693 Add Basket MarketNo：1 StockIdx：732
[22748] 2025/10/07 15:44:07.693 Divide StockNo {5457}
[22748] 2025/10/07 15:44:07.693 Add Basket MarketNo：1 StockIdx：744
[22748] 2025/10/07 15:44:07.693 Divide StockNo {5483}
[22748] 2025/10/07 15:44:07.693 Add Basket MarketNo：1 StockIdx：754
[22748] 2025/10/07 15:44:07.693 Divide StockNo {5534}
[22748] 2025/10/07 15:44:07.693 Add Basket MarketNo：0 StockIdx：32915
[22748] 2025/10/07 15:44:07.693 Divide StockNo {5871}
[22748] 2025/10/07 15:44:07.693 Add Basket MarketNo：0 StockIdx：32921
[22748] 2025/10/07 15:44:07.693 Divide StockNo {5876}
[22748] 2025/10/07 15:44:07.693 Add Basket MarketNo：0 StockIdx：32923
[22748] 2025/10/07 15:44:07.693 Divide StockNo {5880}
[22748] 2025/10/07 15:44:07.693 Add Basket MarketNo：0 StockIdx：32924
[22748] 2025/10/07 15:44:07.693 Divide StockNo {5904}
[22748] 2025/10/07 15:44:07.693 Add Basket MarketNo：1 StockIdx：788
[22748] 2025/10/07 15:44:07.693 Divide StockNo {6005}
[22748] 2025/10/07 15:44:07.693 Add Basket MarketNo：0 StockIdx：32927
[22748] 2025/10/07 15:44:07.693 Divide StockNo {6116}
[22748] 2025/10/07 15:44:07.693 Add Basket MarketNo：0 StockIdx：32932
[22748] 2025/10/07 15:44:07.693 Divide StockNo {6121}
[22748] 2025/10/07 15:44:07.693 Add Basket MarketNo：1 StockIdx：811
[22748] 2025/10/07 15:44:07.693 Divide StockNo {6139}
[22748] 2025/10/07 15:44:07.693 Add Basket MarketNo：0 StockIdx：32938
[22748] 2025/10/07 15:44:07.693 Divide StockNo {6147}
[22748] 2025/10/07 15:44:07.693 Add Basket MarketNo：1 StockIdx：829
[22748] 2025/10/07 15:44:07.693 Divide StockNo {6153}
[22748] 2025/10/07 15:44:07.693 Add Basket MarketNo：0 StockIdx：32942
[22748] 2025/10/07 15:44:07.693 Divide StockNo {6173}
[22748] 2025/10/07 15:44:07.693 Add Basket MarketNo：1 StockIdx：845
[22748] 2025/10/07 15:44:07.693 Divide StockNo {6176}
[22748] 2025/10/07 15:44:07.693 Add Basket MarketNo：0 StockIdx：32948
[22748] 2025/10/07 15:44:07.693 Divide StockNo {6182}
[22748] 2025/10/07 15:44:07.693 Add Basket MarketNo：1 StockIdx：853
[22748] 2025/10/07 15:44:07.693 Divide StockNo {6188}
[22748] 2025/10/07 15:44:07.693 Add Basket MarketNo：1 StockIdx：861
[22748] 2025/10/07 15:44:07.693 Divide StockNo {6213}
[22748] 2025/10/07 15:44:07.693 Add Basket MarketNo：0 StockIdx：32962
[22748] 2025/10/07 15:44:07.693 Divide StockNo {6223}
[22748] 2025/10/07 15:44:07.693 Add Basket MarketNo：1 StockIdx：885
[22748] 2025/10/07 15:44:07.693 Divide StockNo {6239}
[22748] 2025/10/07 15:44:07.693 Add Basket MarketNo：0 StockIdx：32971
[22748] 2025/10/07 15:44:07.693 Divide StockNo {6245}
[22748] 2025/10/07 15:44:07.693 Add Basket MarketNo：1 StockIdx：900
[22748] 2025/10/07 15:44:07.693 Divide StockNo {6257}
[22748] 2025/10/07 15:44:07.693 Add Basket MarketNo：0 StockIdx：32973
[22748] 2025/10/07 15:44:07.693 Divide StockNo {6269}
[22748] 2025/10/07 15:44:07.693 Add Basket MarketNo：0 StockIdx：32974
[22748] 2025/10/07 15:44:07.693 Divide StockNo {6271}
[22748] 2025/10/07 15:44:07.693 Add Basket MarketNo：0 StockIdx：32975
[22748] 2025/10/07 15:44:07.693 Divide StockNo {6274}
[22748] 2025/10/07 15:44:07.694 Add Basket MarketNo：1 StockIdx：912
[22748] 2025/10/07 15:44:07.694 Divide StockNo {6278}
[22748] 2025/10/07 15:44:07.694 Add Basket MarketNo：0 StockIdx：32977
[22748] 2025/10/07 15:44:07.694 Divide StockNo {6279}
[22748] 2025/10/07 15:44:07.694 Add Basket MarketNo：1 StockIdx：916
[22748] 2025/10/07 15:44:07.694 Divide StockNo {6282}
[22748] 2025/10/07 15:44:07.694 Add Basket MarketNo：0 StockIdx：32979
[22748] 2025/10/07 15:44:07.694 Divide StockNo {6285}
[22748] 2025/10/07 15:44:07.694 Add Basket MarketNo：0 StockIdx：32981
[22748] 2025/10/07 15:44:07.694 Divide StockNo {6414}
[22748] 2025/10/07 15:44:07.694 Add Basket MarketNo：0 StockIdx：32985
[22748] 2025/10/07 15:44:07.694 Divide StockNo {6443}
[22748] 2025/10/07 15:44:07.694 Add Basket MarketNo：0 StockIdx：32993
[22748] 2025/10/07 15:44:07.694 Divide StockNo {6472}
[22748] 2025/10/07 15:44:07.694 Add Basket MarketNo：0 StockIdx：32999
[22748] 2025/10/07 15:44:07.694 Divide StockNo {6488}
[22748] 2025/10/07 15:44:07.694 Add Basket MarketNo：1 StockIdx：952
[22748] 2025/10/07 15:44:07.694 Divide StockNo {6505}
[22748] 2025/10/07 15:44:07.694 Add Basket MarketNo：0 StockIdx：33003
[22748] 2025/10/07 15:44:07.694 Divide StockNo {6510}
[22748] 2025/10/07 15:44:07.694 Add Basket MarketNo：1 StockIdx：962
[22748] 2025/10/07 15:44:07.694 Divide StockNo {6526}
[22748] 2025/10/07 15:44:07.694 Add Basket MarketNo：0 StockIdx：33006
[22748] 2025/10/07 15:44:07.694 Divide StockNo {6547}
[22748] 2025/10/07 15:44:07.694 Add Basket MarketNo：1 StockIdx：977
[22748] 2025/10/07 15:44:07.694 Divide StockNo {6669}
[22748] 2025/10/07 15:44:07.694 Add Basket MarketNo：0 StockIdx：33035
[22748] 2025/10/07 15:44:07.694 Divide StockNo {6757}
[22748] 2025/10/07 15:44:07.694 Add Basket MarketNo：0 StockIdx：33052
[22748] 2025/10/07 15:44:07.694 Divide StockNo {6770}
[22748] 2025/10/07 15:44:07.694 Add Basket MarketNo：0 StockIdx：33054
[22748] 2025/10/07 15:44:07.694 Divide StockNo {8039}
[22748] 2025/10/07 15:44:07.694 Add Basket MarketNo：0 StockIdx：33126
[22748] 2025/10/07 15:44:07.694 Divide StockNo {8044}
[22748] 2025/10/07 15:44:07.694 Add Basket MarketNo：1 StockIdx：12233
[22748] 2025/10/07 15:44:07.694 Divide StockNo {8046}
[22748] 2025/10/07 15:44:07.694 Add Basket MarketNo：0 StockIdx：33128
[22748] 2025/10/07 15:44:07.694 Divide StockNo {8069}
[22748] 2025/10/07 15:44:07.694 Add Basket MarketNo：1 StockIdx：12245
[22748] 2025/10/07 15:44:07.694 Divide StockNo {8086}
[22748] 2025/10/07 15:44:07.694 Add Basket MarketNo：1 StockIdx：12254
[22748] 2025/10/07 15:44:07.694 Divide StockNo {8112}
[22748] 2025/10/07 15:44:07.694 Add Basket MarketNo：0 StockIdx：33137
[22748] 2025/10/07 15:44:07.694 Divide StockNo {8150}
[22748] 2025/10/07 15:44:07.694 Add Basket MarketNo：0 StockIdx：33141
[22748] 2025/10/07 15:44:07.694 Divide StockNo {8163}
[22748] 2025/10/07 15:44:07.694 Add Basket MarketNo：0 StockIdx：33143
[22748] 2025/10/07 15:44:07.694 Divide StockNo {8299}
[22748] 2025/10/07 15:44:07.694 Add Basket MarketNo：1 StockIdx：12293
[22748] 2025/10/07 15:44:07.694 Divide StockNo {8358}
[22748] 2025/10/07 15:44:07.694 Add Basket MarketNo：1 StockIdx：12299
[22748] 2025/10/07 15:44:07.694 Divide StockNo {8436}
[22748] 2025/10/07 15:44:07.694 Add Basket MarketNo：1 StockIdx：12325
[22748] 2025/10/07 15:44:07.694 Divide StockNo {8454}
[22748] 2025/10/07 15:44:07.694 Add Basket MarketNo：0 StockIdx：33162
[22748] 2025/10/07 15:44:07.694 Divide StockNo {9904}
[22748] 2025/10/07 15:44:07.694 Add Basket MarketNo：0 StockIdx：33191
[22748] 2025/10/07 15:44:07.694 Divide StockNo {9914}
[22748] 2025/10/07 15:44:07.694 Add Basket MarketNo：0 StockIdx：33199
[22748] 2025/10/07 15:44:07.694 Divide StockNo {9938}
[22748] 2025/10/07 15:44:07.694 Add Basket MarketNo：0 StockIdx：33216
[22748] 2025/10/07 15:44:07.694 Divide StockNo {9939}
[22748] 2025/10/07 15:44:07.694 Add Basket MarketNo：0 StockIdx：33217
[22748] 2025/10/07 15:44:07.694 Divide StockNo {9945}
[22748] 2025/10/07 15:44:07.695 Add Basket MarketNo：0 StockIdx：33224
[22748] 2025/10/07 15:44:07.695 Divide StockNo {9958}
[22748] 2025/10/07 15:44:07.695 Add Basket MarketNo：0 StockIdx：33227
[22748] 2025/10/07 15:44:07.695 Divide StockNo {TSE}
[22748] 2025/10/07 15:44:07.695 Stock Is Not Exist 
[22748] 2025/10/07 15:44:07.695 Divide StockNo {TSE23}
[22748] 2025/10/07 15:44:07.695 Add Basket MarketNo：0 StockIdx：33544
[22748] 2025/10/07 15:44:07.695 Divide StockNo {TSE28}
[22748] 2025/10/07 15:44:07.695 Add Basket MarketNo：0 StockIdx：33549
[22748] 2025/10/07 15:44:07.695 Divide StockNo {TWMC}
[22748] 2025/10/07 15:44:07.695 Stock Is Not Exist 
[22748] 2025/10/07 15:44:07.695 Return PageNo： 1 
[26180] 2025/10/07 16:00:05.638 Precheck/DistributedServer Query result is 000,分配成功
[26180] 2025/10/07 16:00:05.638 >> Host srvsolace-tpa.capital.com.tw
[26180] 2025/10/07 16:00:05.642 SKQuoteLib_EnterMonitor IP：srvsolace-tpa.capital.com.tw
[26180] 2025/10/07 16:00:05.763 OnSessionConnect，Code: 3001, Error Code:0.
[26180] 2025/10/07 16:00:05.818 SKQuoteLib_EnterMonitorLONG starting
[26180] 2025/10/07 16:00:05.819 OnConnection ( 3001 , 0 ) 
[26180] 2025/10/07 16:00:07.241 Market Info is OK!
[26180] 2025/10/07 16:00:07.423 Catalog info is OK!
[26180] 2025/10/07 16:00:11.343 Solace RequestInitializeData (TO_S_19,S_1F)
[26180] 2025/10/07 16:00:11.343 Solace RequestInitializeData (TO_S_19,S_1F)
[26180] 2025/10/07 16:00:11.345 OnConnection ( 3003 , 0 ) 
[10896] 2025/10/07 16:13:24.386 Precheck/DistributedServer Query result is 000,分配成功
[10896] 2025/10/07 16:13:24.386 >> Host srvsolace-tpa.capital.com.tw
[10896] 2025/10/07 16:13:24.390 SKQuoteLib_EnterMonitor IP：srvsolace-tpa.capital.com.tw
[10896] 2025/10/07 16:13:25.204 OnSessionConnect，Code: 3001, Error Code:0.
[10896] 2025/10/07 16:13:25.667 SKQuoteLib_EnterMonitorLONG starting
[10896] 2025/10/07 16:13:25.668 OnConnection ( 3001 , 0 ) 
[10896] 2025/10/07 16:13:32.183 Market Info is OK!
[10896] 2025/10/07 16:13:33.654 Catalog info is OK!
[10896] 2025/10/07 16:13:50.816 OnSessionConnect，Code: 3001, Error Code:0.
[10896] 2025/10/07 16:13:50.817 SKQuoteLib_EnterMonitorLONG starting
[10896] 2025/10/07 16:13:50.817 OnConnection ( 3001 , 0 ) 
[10896] 2025/10/07 16:13:51.101 Solace RequestInitializeData (TO_S_19,S_1F)
[10896] 2025/10/07 16:13:51.102 Solace RequestInitializeData (TO_S_19,S_1F)
[10896] 2025/10/07 16:13:51.114 SKQuoteLib_EnterMonitorLONG starting
[10896] 2025/10/07 16:13:51.115 OnConnection ( 3003 , 0 ) 
[31460] 2025/10/07 16:14:43.489 Precheck/DistributedServer Query result is 000,分配成功
[31460] 2025/10/07 16:14:43.489 >> Host srvsolace-tpa.capital.com.tw
[31460] 2025/10/07 16:14:43.869 SKQuoteLib_EnterMonitor IP：srvsolace-tpa.capital.com.tw
[31460] 2025/10/07 16:14:44.017 OnSessionConnect，Code: 3001, Error Code:0.
[31460] 2025/10/07 16:14:44.081 SKQuoteLib_EnterMonitorLONG starting
[31460] 2025/10/07 16:14:44.082 OnConnection ( 3001 , 0 ) 
[31460] 2025/10/07 16:14:45.571 Market Info is OK!
[31460] 2025/10/07 16:14:45.779 Catalog info is OK!
[31460] 2025/10/07 16:14:49.543 Solace RequestInitializeData (TO_S_19,S_1F)
[31460] 2025/10/07 16:14:49.543 Solace RequestInitializeData (TO_S_19,S_1F)
[31460] 2025/10/07 16:14:49.544 OnConnection ( 3003 , 0 ) 
[18788] 2025/10/07 16:17:04.429 Precheck/DistributedServer Query result is 000,分配成功
[18788] 2025/10/07 16:17:04.429 >> Host srvsolace-tpa.capital.com.tw
[18788] 2025/10/07 16:17:04.432 SKQuoteLib_EnterMonitor IP：srvsolace-tpa.capital.com.tw
[18788] 2025/10/07 16:17:04.589 OnSessionConnect，Code: 3001, Error Code:0.
[18788] 2025/10/07 16:17:04.649 SKQuoteLib_EnterMonitorLONG starting
[18788] 2025/10/07 16:17:04.650 OnConnection ( 3001 , 0 ) 
[18788] 2025/10/07 16:17:05.933 Market Info is OK!
[18788] 2025/10/07 16:17:06.109 Catalog info is OK!
[18788] 2025/10/07 16:17:10.669 Solace RequestInitializeData (TO_S_19,S_1F)
[18788] 2025/10/07 16:17:10.669 Solace RequestInitializeData (TO_S_19,S_1F)
[18788] 2025/10/07 16:17:10.671 OnConnection ( 3003 , 0 ) 
[29772] 2025/10/07 16:18:48.266 Precheck/DistributedServer Query result is 000,分配成功
[29772] 2025/10/07 16:18:48.266 >> Host srvsolace-tpa.capital.com.tw
[29772] 2025/10/07 16:18:48.270 SKQuoteLib_EnterMonitor IP：srvsolace-tpa.capital.com.tw
[29772] 2025/10/07 16:18:48.398 OnSessionConnect，Code: 3001, Error Code:0.
[29772] 2025/10/07 16:18:48.478 SKQuoteLib_EnterMonitorLONG starting
[29772] 2025/10/07 16:18:48.479 OnConnection ( 3001 , 0 ) 
[29772] 2025/10/07 16:18:51.605 Market Info is OK!
[29772] 2025/10/07 16:18:52.030 Catalog info is OK!
[29772] 2025/10/07 16:18:55.997 Solace RequestInitializeData (TO_S_19,S_1F)
[29772] 2025/10/07 16:18:55.997 Solace RequestInitializeData (TO_S_19,S_1F)
[29772] 2025/10/07 16:18:55.998 OnConnection ( 3003 , 0 ) 
[30488] 2025/10/07 16:20:13.332 Precheck/DistributedServer Query result is 000,分配成功
[30488] 2025/10/07 16:20:13.332 >> Host srvsolace-tpa.capital.com.tw
[30488] 2025/10/07 16:20:13.336 SKQuoteLib_EnterMonitor IP：srvsolace-tpa.capital.com.tw
[30488] 2025/10/07 16:20:13.549 OnSessionConnect，Code: 3001, Error Code:0.
[30488] 2025/10/07 16:20:13.607 SKQuoteLib_EnterMonitorLONG starting
[30488] 2025/10/07 16:20:13.608 OnConnection ( 3001 , 0 ) 
[30488] 2025/10/07 16:20:14.760 Market Info is OK!
[30488] 2025/10/07 16:20:14.936 Catalog info is OK!
[30488] 2025/10/07 16:20:20.479 Solace RequestInitializeData (TO_S_19,S_1F)
[30488] 2025/10/07 16:20:20.479 Solace RequestInitializeData (TO_S_19,S_1F)
[30488] 2025/10/07 16:20:20.480 OnConnection ( 3003 , 0 ) 
[19692] 2025/10/07 16:31:02.096 Precheck/DistributedServer Query result is 000,分配成功
[19692] 2025/10/07 16:31:02.096 >> Host srvsolace-tpa.capital.com.tw
[19692] 2025/10/07 16:31:02.100 SKQuoteLib_EnterMonitor IP：srvsolace-tpa.capital.com.tw
[19692] 2025/10/07 16:31:02.241 OnSessionConnect，Code: 3001, Error Code:0.
[19692] 2025/10/07 16:31:02.300 SKQuoteLib_EnterMonitorLONG starting
[19692] 2025/10/07 16:31:02.301 OnConnection ( 3001 , 0 ) 
[19692] 2025/10/07 16:31:03.738 Market Info is OK!
[19692] 2025/10/07 16:31:03.904 Catalog info is OK!
[19692] 2025/10/07 16:31:07.734 Solace RequestInitializeData (TO_S_19,S_1F)
[19692] 2025/10/07 16:31:07.734 Solace RequestInitializeData (TO_S_19,S_1F)
[19692] 2025/10/07 16:31:07.735 OnConnection ( 3003 , 0 ) 
