-----------------------------------------------------------------
[24232] 2025/11/17 17:07:39.568 Precheck/DistributedServer Query result is 000,分配成功
[24232] 2025/11/17 17:07:39.568 >> Host srvsolace-tp2.capital.com.tw
[24232] 2025/11/17 17:07:39.572 SKQuoteLib_EnterMonitor IP：srvsolace-tp2.capital.com.tw
[24232] 2025/11/17 17:07:39.603 OnSessionConnect，Code: 3001, Error Code:0.
[24232] 2025/11/17 17:07:39.634 SKQuoteLib_EnterMonitorLONG starting
[24232] 2025/11/17 17:07:39.635 OnConnection ( 3001 , 0 ) 
[24232] 2025/11/17 17:07:39.870 Market Info is OK!
[24232] 2025/11/17 17:07:39.910 Catalog info is OK!
[24232] 2025/11/17 17:07:42.090 SKQuoteLib_RequestStocks (1 , CAF00, CBF00, CCF00, CDF00, CEF00, CFF00, CGF00, CHF00, CJF00, CKF00, CLF00, CMF00, CNF00, CQF00, CRF00, CSF00, CUF00, CWF00, CXF00, CYF00, CZF00, DAF00, DBF00, DCF00, DEF00, DFF00, DGF00, DHF00, DIF00, DJF00, DKF00, DLF00, DNF00, DOF00, DPF00, DQF00, DSF00, DVF00, DWF00, DXF00, DYF00, DZF00, EEF00, EGF00, EHF00, EKF00, EMF00, EPF00, EYF00, EZF00, FBF00, FCF00, FEF00, FFF00, FGF00, FKF00, FNF00, FQF00, FRF00, FSF00, FTF00, FVF00, FWF00, FYF00, FZF00, GAF00, GCF00, GHF00, GIF00, GJF00, GKF00, GLF00, GMF00, GNF00, GOF00, GRF00, GUF00, GVF00, GWF00, GXF00, GYF00, GZF00, HAF00, HBF00, HCF00, HHF00, HIF00, HLF00, HOF00, HQF00, HSF00, IAF00, IHF00, IIF00, IJF00, IMF00, IOF00, IPF00, IQF00, IRF00, ITF00, IXF00, IYF00, IZF00, JBF00, JFF00, JMF00, JNF00, JPF00, JSF00, JWF00, JXF00, JZF00, KAF00, KBF00, KCF00, KDF00, KEF00, KFF00, KGF00, KIF00, KKF00, KLF00, KOF00, KPF00, KSF00, KUF00, KWF00, LBF00, LCF00, LEF00, LIF00, LMF00, LOF00, LQF00, LRF00, LTF00, LUF00, LVF00, LWF00, LXF00, LYF00, MAF00, MBF00, MJF00, MKF00, MQF00, MVF00, MYF00, NAF00, NBF00, NDF00, NEF00, NGF00, NIF00, NJF00, NLF00, NMF00, NOF00, NQF00, NSF00, NUF00, NVF00, NWF00, NYF00, OAF00, OBF00, ODF00, OEF00, OHF00, OJF00, OKF00, OLF00, OMF00, OOF00, OPF00, OQF00, ORF00, OSF00, OTF00, OUF00, OVF00, OWF00, OXF00, OYF00, OZF00, PAF00, PBF00, PCF00, PDF00, PEF00, PFF00, PGF00, PHF00, PIF00, PJF00, PKF00, PLF00, PMF00, PNF00, PPF00, PQF00, PRF00, PSF00, PTF00, PUF00, PVF00, PWF00, PXF00, PYF00, PZF00, QAF00, QBF00, QCF00, QDF00, QEF00, QFF00, QGF00, QHF00, QIF00, QJF00, QKF00, QLF00, QMF00, QNF00, QOF00, QPF00, QQF00, QRF00, QSF00, QTF00, QUF00, QVF00, QWF00, QXF00, QYF00, QZF00, RAF00, RBF00, RCF00, RDF00, REF00, RFF00, RGF00, RIF00, RJF00, RKF00, RLF00, RMF00, RNF00, ROF00, RPF00, RQF00, RRF00, RSF00, RUF00, RVF00, RWF00, RXF00, RYF00, RZF00, SAF00, SBF00, SCF00, SDF00, SEF00, SFF00, SGF00, SIF00, SJF00, SKF00, SLF00, SMF00, SNF00, SQF00, SRF00, SSF00, SUF00, SVF00, SWF00, SYF00, SZF00, UAF00, UBF00, UCF00, UEF00, UFF00, UGF00, UHF00, UIF00, UJF00, UKF00, ULF00, UMF00, UOF00, UPF00, UQF00, URF00, USF00, UTF00, UUF00, UVF00, UWF00, 0050, 0056, 006205, 006206, 00636, 00639, 00643, 00679B, 00687B, 00719B, 00757, 00772B, 00878, 00885, 00893, 00919, 00923, 00929, 00937B, 00940, 1101, 1102, 1210, 1216, 1301, 1303, 1312, 1314, 1319, 1326, 1402, 1440, 1476, 1477, 1503, 1504, 1513, 1536, 1565, 1590, 1605, 1609, 1707, 1717, 1718, 1722, 1795, 1802, 1904, 1905, 1907, 1909, 2002, 2006, 2014, 2027, 2049, 2059, 2105, 2201, 2231, 2301, 2303, 2308, 2312, 2313, 2317, 2323, 2324, 2327, 2328, 2330, 2331, 2332, 2337, 2338, 2340, 2344, 2345, 2347, 2352, 2353, 2354, 2355, 2356, 2357, 2360, 2368, 2371, 2376, 2377, 2379, 2382, 2383, 2385, 2388, 2392, 2393, 2401, 2404, 2408, 2409, 2412, 2439, 2441, 2449, 2454, 2455, 2457, 2458, 2474, 2481, 2485, 2486, 2489, 2492, 2498, 2515, 2520, 2542, 2548, 2603, 2605, 2606, 2609, 2610, 2615, 2618, 2633, 2634, 2801, 2834, 2880, 2881, 2882, 2883, 2884, 2885, 2886, 2887, 2888, 2890, 2891, 2892, 2913, 2915, 3005, 3006, 3008, 3017, 3019, 3034, 3035, 3036, 3037, 3042, 3044, 3045, 3078, 3081, 3105, 3152, 3189, 3227, 3231, 3260, 3264, 3293, 3324, 3374, 3376, 3380, 3406, 3443, 3481, 3529, 3532, 3533, 3552, 3653, 3661, 3673, 3680, 3691, 3702, 3706, 3711, 3714, 4123, 4128, 4162, 4736, 4743, 4904, 4919, 4938, 4958, 5009, 5269, 5274, 5347, 5371, 5388, 5425, 5457, 5483, 5534, 5871, 5876, 5880, 5904, 6005, 6116, 6121, 6139, 6147, 6153, 6173, 6176, 6182, 6188, 6213, 6223, 6239, 6245, 6257, 6269, 6271, 6274, 6278, 6279, 6282, 6285, 6414, 6443, 6472, 6488, 6505, 6510, 6526, 6547, 6669, 6757, 6770, 8039, 8044, 8046, 8069, 8086, 8112, 8150, 8163, 8299, 8358, 8436, 8454, 9904, 9914, 9938, 9939, 9945, 9958, TSE, TSE23, TSE28, TWMC)
[24232] 2025/11/17 17:07:42.094 Divide StockNo {CAF00}
[24232] 2025/11/17 17:07:42.241 Stock Is Not Exist 
[24232] 2025/11/17 17:07:42.242 Divide StockNo {CBF00}
[24232] 2025/11/17 17:07:42.293 Stock Is Not Exist 
[24232] 2025/11/17 17:07:42.293 Divide StockNo {CCF00}
[24232] 2025/11/17 17:07:42.340 Add Basket MarketNo：2 StockIdx：118
[24232] 2025/11/17 17:07:42.340 Divide StockNo {CDF00}
[24232] 2025/11/17 17:07:42.390 Add Basket MarketNo：2 StockIdx：124
[24232] 2025/11/17 17:07:42.390 Divide StockNo {CEF00}
[24232] 2025/11/17 17:07:42.456 Stock Is Not Exist 
[24232] 2025/11/17 17:07:42.456 Divide StockNo {CFF00}
[24232] 2025/11/17 17:07:42.504 Stock Is Not Exist 
[24232] 2025/11/17 17:07:42.504 Divide StockNo {CGF00}
[24232] 2025/11/17 17:07:42.553 Stock Is Not Exist 
[24232] 2025/11/17 17:07:42.553 Divide StockNo {CHF00}
[24232] 2025/11/17 17:07:42.608 Stock Is Not Exist 
[24232] 2025/11/17 17:07:42.608 Divide StockNo {CJF00}
[24232] 2025/11/17 17:07:42.681 Stock Is Not Exist 
[24232] 2025/11/17 17:07:42.681 Divide StockNo {CKF00}
[24232] 2025/11/17 17:07:42.753 Add Basket MarketNo：2 StockIdx：751
[24232] 2025/11/17 17:07:42.753 Divide StockNo {CLF00}
[24232] 2025/11/17 17:07:42.800 Add Basket MarketNo：2 StockIdx：757
[24232] 2025/11/17 17:07:42.800 Divide StockNo {CMF00}
[24232] 2025/11/17 17:07:42.861 Add Basket MarketNo：2 StockIdx：763
[24232] 2025/11/17 17:07:42.861 Divide StockNo {CNF00}
[24232] 2025/11/17 17:07:42.909 Add Basket MarketNo：2 StockIdx：769
[24232] 2025/11/17 17:07:42.909 Divide StockNo {CQF00}
[24232] 2025/11/17 17:07:42.989 Add Basket MarketNo：2 StockIdx：775
[24232] 2025/11/17 17:07:42.989 Divide StockNo {CRF00}
[24232] 2025/11/17 17:07:43.041 Add Basket MarketNo：2 StockIdx：781
[24232] 2025/11/17 17:07:43.041 Divide StockNo {CSF00}
[24232] 2025/11/17 17:07:43.088 Add Basket MarketNo：2 StockIdx：787
[24232] 2025/11/17 17:07:43.088 Divide StockNo {CUF00}
[24232] 2025/11/17 17:07:43.139 Solace RequestInitializeData (TO_S_19,S_1F)
[24232] 2025/11/17 17:07:43.139 Solace RequestInitializeData (TO_S_19,S_1F)
[24232] 2025/11/17 17:07:43.140 Add Basket MarketNo：2 StockIdx：793
[24232] 2025/11/17 17:07:43.140 Divide StockNo {CWF00}
[24232] 2025/11/17 17:07:43.189 Add Basket MarketNo：2 StockIdx：799
[24232] 2025/11/17 17:07:43.189 Divide StockNo {CXF00}
[24232] 2025/11/17 17:07:43.239 Add Basket MarketNo：2 StockIdx：808
[24232] 2025/11/17 17:07:43.239 Divide StockNo {CYF00}
[24232] 2025/11/17 17:07:43.287 Add Basket MarketNo：2 StockIdx：814
[24232] 2025/11/17 17:07:43.287 Divide StockNo {CZF00}
[24232] 2025/11/17 17:07:43.336 Add Basket MarketNo：2 StockIdx：820
[24232] 2025/11/17 17:07:43.336 Divide StockNo {DAF00}
[24232] 2025/11/17 17:07:43.386 Add Basket MarketNo：2 StockIdx：826
[24232] 2025/11/17 17:07:43.386 Divide StockNo {DBF00}
[24232] 2025/11/17 17:07:43.435 Add Basket MarketNo：2 StockIdx：832
[24232] 2025/11/17 17:07:43.435 Divide StockNo {DCF00}
[24232] 2025/11/17 17:07:43.486 Add Basket MarketNo：2 StockIdx：838
[24232] 2025/11/17 17:07:43.486 Divide StockNo {DEF00}
[24232] 2025/11/17 17:07:43.535 Add Basket MarketNo：2 StockIdx：845
[24232] 2025/11/17 17:07:43.535 Divide StockNo {DFF00}
[24232] 2025/11/17 17:07:43.594 Add Basket MarketNo：2 StockIdx：853
[24232] 2025/11/17 17:07:43.594 Divide StockNo {DGF00}
[24232] 2025/11/17 17:07:43.644 Add Basket MarketNo：2 StockIdx：859
[24232] 2025/11/17 17:07:43.644 Divide StockNo {DHF00}
[24232] 2025/11/17 17:07:43.695 Add Basket MarketNo：2 StockIdx：865
[24232] 2025/11/17 17:07:43.695 Divide StockNo {DIF00}
[24232] 2025/11/17 17:07:43.754 Add Basket MarketNo：2 StockIdx：871
[24232] 2025/11/17 17:07:43.754 Divide StockNo {DJF00}
[24232] 2025/11/17 17:07:43.806 Add Basket MarketNo：2 StockIdx：877
[24232] 2025/11/17 17:07:43.806 Divide StockNo {DKF00}
[24232] 2025/11/17 17:07:43.855 Add Basket MarketNo：2 StockIdx：883
[24232] 2025/11/17 17:07:43.855 Divide StockNo {DLF00}
[24232] 2025/11/17 17:07:43.920 Add Basket MarketNo：2 StockIdx：889
[24232] 2025/11/17 17:07:43.921 Divide StockNo {DNF00}
[24232] 2025/11/17 17:07:43.971 Add Basket MarketNo：2 StockIdx：895
[24232] 2025/11/17 17:07:43.971 Divide StockNo {DOF00}
[24232] 2025/11/17 17:07:44.023 Add Basket MarketNo：2 StockIdx：902
[24232] 2025/11/17 17:07:44.023 Divide StockNo {DPF00}
[24232] 2025/11/17 17:07:44.079 Add Basket MarketNo：2 StockIdx：909
[24232] 2025/11/17 17:07:44.079 Divide StockNo {DQF00}
[24232] 2025/11/17 17:07:44.129 Add Basket MarketNo：2 StockIdx：915
[24232] 2025/11/17 17:07:44.129 Divide StockNo {DSF00}
[24232] 2025/11/17 17:07:44.179 Add Basket MarketNo：2 StockIdx：921
[24232] 2025/11/17 17:07:44.179 Divide StockNo {DVF00}
[24232] 2025/11/17 17:07:44.228 Add Basket MarketNo：2 StockIdx：927
[24232] 2025/11/17 17:07:44.228 Divide StockNo {DWF00}
[24232] 2025/11/17 17:07:44.275 Add Basket MarketNo：2 StockIdx：933
[24232] 2025/11/17 17:07:44.275 Divide StockNo {DXF00}
[24232] 2025/11/17 17:07:44.324 Add Basket MarketNo：2 StockIdx：939
[24232] 2025/11/17 17:07:44.325 Divide StockNo {DYF00}
[24232] 2025/11/17 17:07:44.374 Add Basket MarketNo：2 StockIdx：945
[24232] 2025/11/17 17:07:44.374 Divide StockNo {DZF00}
[24232] 2025/11/17 17:07:44.426 Add Basket MarketNo：2 StockIdx：951
[24232] 2025/11/17 17:07:44.426 Divide StockNo {EEF00}
[24232] 2025/11/17 17:07:44.478 Add Basket MarketNo：2 StockIdx：957
[24232] 2025/11/17 17:07:44.478 Divide StockNo {EGF00}
[24232] 2025/11/17 17:07:44.525 Add Basket MarketNo：2 StockIdx：963
[24232] 2025/11/17 17:07:44.525 Divide StockNo {EHF00}
[24232] 2025/11/17 17:07:44.573 Add Basket MarketNo：2 StockIdx：969
[24232] 2025/11/17 17:07:44.573 Divide StockNo {EKF00}
[24232] 2025/11/17 17:07:44.636 Add Basket MarketNo：2 StockIdx：975
[24232] 2025/11/17 17:07:44.636 Divide StockNo {EMF00}
[24232] 2025/11/17 17:07:44.687 Add Basket MarketNo：2 StockIdx：981
[24232] 2025/11/17 17:07:44.687 Divide StockNo {EPF00}
[24232] 2025/11/17 17:07:44.735 Add Basket MarketNo：2 StockIdx：987
[24232] 2025/11/17 17:07:44.735 Divide StockNo {EYF00}
[24232] 2025/11/17 17:07:44.785 Add Basket MarketNo：2 StockIdx：993
[24232] 2025/11/17 17:07:44.785 Divide StockNo {EZF00}
[24232] 2025/11/17 17:07:44.833 Add Basket MarketNo：2 StockIdx：999
[24232] 2025/11/17 17:07:44.833 Divide StockNo {FBF00}
[24232] 2025/11/17 17:07:44.881 Add Basket MarketNo：2 StockIdx：1005
[24232] 2025/11/17 17:07:44.881 Divide StockNo {FCF00}
[24232] 2025/11/17 17:07:44.929 Add Basket MarketNo：2 StockIdx：1011
[24232] 2025/11/17 17:07:44.929 Divide StockNo {FEF00}
[24232] 2025/11/17 17:07:44.977 Add Basket MarketNo：2 StockIdx：1015
[24232] 2025/11/17 17:07:44.977 Divide StockNo {FFF00}
[24232] 2025/11/17 17:07:45.025 Add Basket MarketNo：2 StockIdx：1022
[24232] 2025/11/17 17:07:45.025 Divide StockNo {FGF00}
[24232] 2025/11/17 17:07:45.075 Add Basket MarketNo：2 StockIdx：1028
[24232] 2025/11/17 17:07:45.075 Divide StockNo {FKF00}
[24232] 2025/11/17 17:07:45.123 Add Basket MarketNo：2 StockIdx：1034
[24232] 2025/11/17 17:07:45.123 Divide StockNo {FNF00}
[24232] 2025/11/17 17:07:45.171 Add Basket MarketNo：2 StockIdx：1040
[24232] 2025/11/17 17:07:45.171 Divide StockNo {FQF00}
[24232] 2025/11/17 17:07:45.220 Add Basket MarketNo：2 StockIdx：1046
[24232] 2025/11/17 17:07:45.220 Divide StockNo {FRF00}
[24232] 2025/11/17 17:07:45.270 Add Basket MarketNo：2 StockIdx：1052
[24232] 2025/11/17 17:07:45.270 Divide StockNo {FSF00}
[24232] 2025/11/17 17:07:45.319 Add Basket MarketNo：2 StockIdx：1058
[24232] 2025/11/17 17:07:45.319 Divide StockNo {FTF00}
[24232] 2025/11/17 17:07:45.388 Add Basket MarketNo：2 StockIdx：1064
[24232] 2025/11/17 17:07:45.388 Divide StockNo {FVF00}
[24232] 2025/11/17 17:07:45.469 Add Basket MarketNo：2 StockIdx：1070
[24232] 2025/11/17 17:07:45.469 Divide StockNo {FWF00}
[24232] 2025/11/17 17:07:45.540 Add Basket MarketNo：2 StockIdx：1076
[24232] 2025/11/17 17:07:45.540 Divide StockNo {FYF00}
[24232] 2025/11/17 17:07:45.592 Add Basket MarketNo：2 StockIdx：1082
[24232] 2025/11/17 17:07:45.592 Divide StockNo {FZF00}
[24232] 2025/11/17 17:07:45.640 Add Basket MarketNo：2 StockIdx：1088
[24232] 2025/11/17 17:07:45.641 Divide StockNo {GAF00}
[24232] 2025/11/17 17:07:45.691 Add Basket MarketNo：2 StockIdx：1094
[24232] 2025/11/17 17:07:45.691 Divide StockNo {GCF00}
[24232] 2025/11/17 17:07:45.742 Add Basket MarketNo：2 StockIdx：1100
[24232] 2025/11/17 17:07:45.742 Divide StockNo {GHF00}
[24232] 2025/11/17 17:07:45.789 Add Basket MarketNo：2 StockIdx：1106
[24232] 2025/11/17 17:07:45.790 Divide StockNo {GIF00}
[24232] 2025/11/17 17:07:45.837 Add Basket MarketNo：2 StockIdx：1112
[24232] 2025/11/17 17:07:45.837 Divide StockNo {GJF00}
[24232] 2025/11/17 17:07:45.886 Add Basket MarketNo：2 StockIdx：1118
[24232] 2025/11/17 17:07:45.887 Divide StockNo {GKF00}
[24232] 2025/11/17 17:07:45.935 Add Basket MarketNo：2 StockIdx：1124
[24232] 2025/11/17 17:07:45.935 Divide StockNo {GLF00}
[24232] 2025/11/17 17:07:45.984 Add Basket MarketNo：2 StockIdx：1130
[24232] 2025/11/17 17:07:45.984 Divide StockNo {GMF00}
[24232] 2025/11/17 17:07:46.032 Add Basket MarketNo：2 StockIdx：1136
[24232] 2025/11/17 17:07:46.032 Divide StockNo {GNF00}
[24232] 2025/11/17 17:07:46.080 Add Basket MarketNo：2 StockIdx：1142
[24232] 2025/11/17 17:07:46.080 Divide StockNo {GOF00}
[24232] 2025/11/17 17:07:46.128 Add Basket MarketNo：2 StockIdx：1148
[24232] 2025/11/17 17:07:46.128 Divide StockNo {GRF00}
[24232] 2025/11/17 17:07:46.190 Add Basket MarketNo：2 StockIdx：1154
[24232] 2025/11/17 17:07:46.190 Divide StockNo {GUF00}
[24232] 2025/11/17 17:07:46.237 Add Basket MarketNo：2 StockIdx：1160
[24232] 2025/11/17 17:07:46.238 Divide StockNo {GVF00}
[24232] 2025/11/17 17:07:46.287 Add Basket MarketNo：2 StockIdx：1166
[24232] 2025/11/17 17:07:46.287 Divide StockNo {GWF00}
[24232] 2025/11/17 17:07:46.335 Add Basket MarketNo：2 StockIdx：1172
[24232] 2025/11/17 17:07:46.335 Divide StockNo {GXF00}
[24232] 2025/11/17 17:07:46.381 Add Basket MarketNo：2 StockIdx：1178
[24232] 2025/11/17 17:07:46.381 Divide StockNo {GYF00}
[24232] 2025/11/17 17:07:46.440 Add Basket MarketNo：2 StockIdx：1184
[24232] 2025/11/17 17:07:46.440 Divide StockNo {GZF00}
[24232] 2025/11/17 17:07:46.491 Add Basket MarketNo：2 StockIdx：1190
[24232] 2025/11/17 17:07:46.491 Divide StockNo {HAF00}
[24232] 2025/11/17 17:07:46.538 Add Basket MarketNo：2 StockIdx：1196
[24232] 2025/11/17 17:07:46.538 Divide StockNo {HBF00}
[24232] 2025/11/17 17:07:46.588 Add Basket MarketNo：2 StockIdx：1205
[24232] 2025/11/17 17:07:46.588 Divide StockNo {HCF00}
[24232] 2025/11/17 17:07:46.639 Add Basket MarketNo：2 StockIdx：1211
[24232] 2025/11/17 17:07:46.639 Divide StockNo {HHF00}
[24232] 2025/11/17 17:07:46.687 Add Basket MarketNo：2 StockIdx：1217
[24232] 2025/11/17 17:07:46.687 Divide StockNo {HIF00}
[24232] 2025/11/17 17:07:46.737 Add Basket MarketNo：2 StockIdx：1228
[24232] 2025/11/17 17:07:46.737 Divide StockNo {HLF00}
[24232] 2025/11/17 17:07:46.786 Add Basket MarketNo：2 StockIdx：1234
[24232] 2025/11/17 17:07:46.786 Divide StockNo {HOF00}
[24232] 2025/11/17 17:07:46.833 Add Basket MarketNo：2 StockIdx：1245
[24232] 2025/11/17 17:07:46.833 Divide StockNo {HQF00}
[24232] 2025/11/17 17:07:46.882 Add Basket MarketNo：2 StockIdx：1251
[24232] 2025/11/17 17:07:46.882 Divide StockNo {HSF00}
[24232] 2025/11/17 17:07:46.931 Add Basket MarketNo：2 StockIdx：1257
[24232] 2025/11/17 17:07:46.931 Divide StockNo {IAF00}
[24232] 2025/11/17 17:07:46.978 Add Basket MarketNo：2 StockIdx：1263
[24232] 2025/11/17 17:07:46.978 Divide StockNo {IHF00}
[24232] 2025/11/17 17:07:47.028 Add Basket MarketNo：2 StockIdx：1271
[24232] 2025/11/17 17:07:47.028 Divide StockNo {IIF00}
[24232] 2025/11/17 17:07:47.088 Add Basket MarketNo：2 StockIdx：1277
[24232] 2025/11/17 17:07:47.088 Divide StockNo {IJF00}
[24232] 2025/11/17 17:07:47.137 Add Basket MarketNo：2 StockIdx：1283
[24232] 2025/11/17 17:07:47.137 Divide StockNo {IMF00}
[24232] 2025/11/17 17:07:47.185 Add Basket MarketNo：2 StockIdx：1289
[24232] 2025/11/17 17:07:47.185 Divide StockNo {IOF00}
[24232] 2025/11/17 17:07:47.235 Add Basket MarketNo：2 StockIdx：1295
[24232] 2025/11/17 17:07:47.235 Divide StockNo {IPF00}
[24232] 2025/11/17 17:07:47.283 Add Basket MarketNo：2 StockIdx：1301
[24232] 2025/11/17 17:07:47.283 Divide StockNo {IQF00}
[24232] 2025/11/17 17:07:47.331 Add Basket MarketNo：2 StockIdx：1307
[24232] 2025/11/17 17:07:47.331 Divide StockNo {IRF00}
[24232] 2025/11/17 17:07:47.385 Add Basket MarketNo：2 StockIdx：1313
[24232] 2025/11/17 17:07:47.385 Divide StockNo {ITF00}
[24232] 2025/11/17 17:07:47.443 Add Basket MarketNo：2 StockIdx：1324
[24232] 2025/11/17 17:07:47.443 Divide StockNo {IXF00}
[24232] 2025/11/17 17:07:47.492 Add Basket MarketNo：2 StockIdx：1330
[24232] 2025/11/17 17:07:47.492 Divide StockNo {IYF00}
[24232] 2025/11/17 17:07:47.542 Add Basket MarketNo：2 StockIdx：1336
[24232] 2025/11/17 17:07:47.542 Divide StockNo {IZF00}
[24232] 2025/11/17 17:07:47.592 Add Basket MarketNo：2 StockIdx：1342
[24232] 2025/11/17 17:07:47.593 Divide StockNo {JBF00}
[24232] 2025/11/17 17:07:47.645 Add Basket MarketNo：2 StockIdx：1348
[24232] 2025/11/17 17:07:47.645 Divide StockNo {JFF00}
[24232] 2025/11/17 17:07:47.694 Add Basket MarketNo：2 StockIdx：1354
[24232] 2025/11/17 17:07:47.694 Divide StockNo {JMF00}
[24232] 2025/11/17 17:07:47.744 Add Basket MarketNo：2 StockIdx：1360
[24232] 2025/11/17 17:07:47.744 Divide StockNo {JNF00}
[24232] 2025/11/17 17:07:47.798 Add Basket MarketNo：2 StockIdx：1366
[24232] 2025/11/17 17:07:47.798 Divide StockNo {JPF00}
[24232] 2025/11/17 17:07:47.850 Add Basket MarketNo：2 StockIdx：1372
[24232] 2025/11/17 17:07:47.850 Divide StockNo {JSF00}
[24232] 2025/11/17 17:07:47.902 Add Basket MarketNo：2 StockIdx：1378
[24232] 2025/11/17 17:07:47.902 Divide StockNo {JWF00}
[24232] 2025/11/17 17:07:47.951 Add Basket MarketNo：2 StockIdx：1384
[24232] 2025/11/17 17:07:47.951 Divide StockNo {JXF00}
[24232] 2025/11/17 17:07:47.998 Add Basket MarketNo：2 StockIdx：1390
[24232] 2025/11/17 17:07:47.998 Divide StockNo {JZF00}
[24232] 2025/11/17 17:07:48.058 Add Basket MarketNo：2 StockIdx：1396
[24232] 2025/11/17 17:07:48.058 Divide StockNo {KAF00}
[24232] 2025/11/17 17:07:48.114 Add Basket MarketNo：2 StockIdx：1402
[24232] 2025/11/17 17:07:48.114 Divide StockNo {KBF00}
[24232] 2025/11/17 17:07:48.163 Add Basket MarketNo：2 StockIdx：1408
[24232] 2025/11/17 17:07:48.163 Divide StockNo {KCF00}
[24232] 2025/11/17 17:07:48.212 Add Basket MarketNo：2 StockIdx：1414
[24232] 2025/11/17 17:07:48.212 Divide StockNo {KDF00}
[24232] 2025/11/17 17:07:48.278 Add Basket MarketNo：2 StockIdx：1420
[24232] 2025/11/17 17:07:48.278 Divide StockNo {KEF00}
[24232] 2025/11/17 17:07:48.351 Add Basket MarketNo：2 StockIdx：1426
[24232] 2025/11/17 17:07:48.351 Divide StockNo {KFF00}
[24232] 2025/11/17 17:07:48.418 Add Basket MarketNo：2 StockIdx：1432
[24232] 2025/11/17 17:07:48.418 Divide StockNo {KGF00}
[24232] 2025/11/17 17:07:48.488 Add Basket MarketNo：2 StockIdx：1438
[24232] 2025/11/17 17:07:48.488 Divide StockNo {KIF00}
[24232] 2025/11/17 17:07:48.578 Add Basket MarketNo：2 StockIdx：1444
[24232] 2025/11/17 17:07:48.578 Divide StockNo {KKF00}
[24232] 2025/11/17 17:07:48.650 Add Basket MarketNo：2 StockIdx：1450
[24232] 2025/11/17 17:07:48.650 Divide StockNo {KLF00}
[24232] 2025/11/17 17:07:48.716 Add Basket MarketNo：2 StockIdx：1456
[24232] 2025/11/17 17:07:48.716 Divide StockNo {KOF00}
[24232] 2025/11/17 17:07:48.794 Add Basket MarketNo：2 StockIdx：1462
[24232] 2025/11/17 17:07:48.794 Divide StockNo {KPF00}
[24232] 2025/11/17 17:07:48.870 Add Basket MarketNo：2 StockIdx：1468
[24232] 2025/11/17 17:07:48.870 Divide StockNo {KSF00}
[24232] 2025/11/17 17:07:48.937 Add Basket MarketNo：2 StockIdx：1474
[24232] 2025/11/17 17:07:48.938 Divide StockNo {KUF00}
[24232] 2025/11/17 17:07:49.008 Add Basket MarketNo：2 StockIdx：1480
[24232] 2025/11/17 17:07:49.008 Divide StockNo {KWF00}
[24232] 2025/11/17 17:07:49.058 Add Basket MarketNo：2 StockIdx：1486
[24232] 2025/11/17 17:07:49.058 Divide StockNo {LBF00}
[24232] 2025/11/17 17:07:49.107 Add Basket MarketNo：2 StockIdx：1492
[24232] 2025/11/17 17:07:49.107 Divide StockNo {LCF00}
[24232] 2025/11/17 17:07:49.160 Add Basket MarketNo：2 StockIdx：1498
[24232] 2025/11/17 17:07:49.161 Divide StockNo {LEF00}
[24232] 2025/11/17 17:07:49.213 Add Basket MarketNo：2 StockIdx：1504
[24232] 2025/11/17 17:07:49.213 Divide StockNo {LIF00}
[24232] 2025/11/17 17:07:49.266 Add Basket MarketNo：2 StockIdx：1510
[24232] 2025/11/17 17:07:49.267 Divide StockNo {LMF00}
[24232] 2025/11/17 17:07:49.317 Add Basket MarketNo：2 StockIdx：1516
[24232] 2025/11/17 17:07:49.317 Divide StockNo {LOF00}
[24232] 2025/11/17 17:07:49.367 Add Basket MarketNo：2 StockIdx：1522
[24232] 2025/11/17 17:07:49.367 Divide StockNo {LQF00}
[24232] 2025/11/17 17:07:49.418 Add Basket MarketNo：2 StockIdx：1528
[24232] 2025/11/17 17:07:49.418 Divide StockNo {LRF00}
[24232] 2025/11/17 17:07:49.469 Add Basket MarketNo：2 StockIdx：1534
[24232] 2025/11/17 17:07:49.469 Divide StockNo {LTF00}
[24232] 2025/11/17 17:07:49.529 Add Basket MarketNo：2 StockIdx：1542
[24232] 2025/11/17 17:07:49.529 Divide StockNo {LUF00}
[24232] 2025/11/17 17:07:49.628 Add Basket MarketNo：2 StockIdx：1548
[24232] 2025/11/17 17:07:49.628 Divide StockNo {LVF00}
[24232] 2025/11/17 17:07:49.686 Add Basket MarketNo：2 StockIdx：1554
[24232] 2025/11/17 17:07:49.686 Divide StockNo {LWF00}
[24232] 2025/11/17 17:07:49.747 Add Basket MarketNo：2 StockIdx：1562
[24232] 2025/11/17 17:07:49.747 Divide StockNo {LXF00}
[24232] 2025/11/17 17:07:49.795 Add Basket MarketNo：2 StockIdx：1568
[24232] 2025/11/17 17:07:49.796 Divide StockNo {LYF00}
[24232] 2025/11/17 17:07:49.859 Add Basket MarketNo：2 StockIdx：1575
[24232] 2025/11/17 17:07:49.859 Divide StockNo {MAF00}
[24232] 2025/11/17 17:07:49.907 Add Basket MarketNo：2 StockIdx：1581
[24232] 2025/11/17 17:07:49.907 Divide StockNo {MBF00}
[24232] 2025/11/17 17:07:49.954 Add Basket MarketNo：2 StockIdx：1584
[24232] 2025/11/17 17:07:49.954 Divide StockNo {MJF00}
[24232] 2025/11/17 17:07:50.003 Add Basket MarketNo：2 StockIdx：1590
[24232] 2025/11/17 17:07:50.003 Divide StockNo {MKF00}
[24232] 2025/11/17 17:07:50.050 Add Basket MarketNo：2 StockIdx：1596
[24232] 2025/11/17 17:07:50.050 Divide StockNo {MQF00}
[24232] 2025/11/17 17:07:50.101 Add Basket MarketNo：2 StockIdx：1602
[24232] 2025/11/17 17:07:50.101 Divide StockNo {MVF00}
[24232] 2025/11/17 17:07:50.149 Add Basket MarketNo：2 StockIdx：1608
[24232] 2025/11/17 17:07:50.149 Divide StockNo {MYF00}
[24232] 2025/11/17 17:07:50.197 Add Basket MarketNo：2 StockIdx：1614
[24232] 2025/11/17 17:07:50.197 Divide StockNo {NAF00}
[24232] 2025/11/17 17:07:50.247 Add Basket MarketNo：2 StockIdx：1620
[24232] 2025/11/17 17:07:50.247 Divide StockNo {NBF00}
[24232] 2025/11/17 17:07:50.296 Add Basket MarketNo：2 StockIdx：1626
[24232] 2025/11/17 17:07:50.296 Divide StockNo {NDF00}
[24232] 2025/11/17 17:07:50.346 Add Basket MarketNo：2 StockIdx：1632
[24232] 2025/11/17 17:07:50.346 Divide StockNo {NEF00}
[24232] 2025/11/17 17:07:50.399 Add Basket MarketNo：2 StockIdx：1638
[24232] 2025/11/17 17:07:50.399 Divide StockNo {NGF00}
[24232] 2025/11/17 17:07:50.466 Add Basket MarketNo：2 StockIdx：1644
[24232] 2025/11/17 17:07:50.466 Divide StockNo {NIF00}
[24232] 2025/11/17 17:07:50.515 Add Basket MarketNo：2 StockIdx：1650
[24232] 2025/11/17 17:07:50.515 Divide StockNo {NJF00}
[24232] 2025/11/17 17:07:50.577 Add Basket MarketNo：2 StockIdx：1658
[24232] 2025/11/17 17:07:50.577 Divide StockNo {NLF00}
[24232] 2025/11/17 17:07:50.624 Add Basket MarketNo：2 StockIdx：1664
[24232] 2025/11/17 17:07:50.624 Divide StockNo {NMF00}
[24232] 2025/11/17 17:07:50.672 Add Basket MarketNo：2 StockIdx：1670
[24232] 2025/11/17 17:07:50.672 Divide StockNo {NOF00}
[24232] 2025/11/17 17:07:50.720 Add Basket MarketNo：2 StockIdx：1676
[24232] 2025/11/17 17:07:50.720 Divide StockNo {NQF00}
[24232] 2025/11/17 17:07:50.777 Add Basket MarketNo：2 StockIdx：1682
[24232] 2025/11/17 17:07:50.777 Divide StockNo {NSF00}
[24232] 2025/11/17 17:07:50.829 Add Basket MarketNo：2 StockIdx：1688
[24232] 2025/11/17 17:07:50.829 Divide StockNo {NUF00}
[24232] 2025/11/17 17:07:50.879 Add Basket MarketNo：2 StockIdx：1694
[24232] 2025/11/17 17:07:50.879 Divide StockNo {NVF00}
[24232] 2025/11/17 17:07:50.927 Add Basket MarketNo：2 StockIdx：1700
[24232] 2025/11/17 17:07:50.927 Divide StockNo {NWF00}
[24232] 2025/11/17 17:07:50.975 Add Basket MarketNo：2 StockIdx：1706
[24232] 2025/11/17 17:07:50.975 Divide StockNo {NYF00}
[24232] 2025/11/17 17:07:51.022 Add Basket MarketNo：2 StockIdx：130
[24232] 2025/11/17 17:07:51.022 Divide StockNo {OAF00}
[24232] 2025/11/17 17:07:51.074 Add Basket MarketNo：2 StockIdx：1718
[24232] 2025/11/17 17:07:51.075 Divide StockNo {OBF00}
[24232] 2025/11/17 17:07:51.124 Add Basket MarketNo：2 StockIdx：1724
[24232] 2025/11/17 17:07:51.124 Divide StockNo {ODF00}
[24232] 2025/11/17 17:07:51.172 Add Basket MarketNo：2 StockIdx：1730
[24232] 2025/11/17 17:07:51.172 Divide StockNo {OEF00}
[24232] 2025/11/17 17:07:51.220 Add Basket MarketNo：2 StockIdx：1736
[24232] 2025/11/17 17:07:51.220 Divide StockNo {OHF00}
[24232] 2025/11/17 17:07:51.276 Add Basket MarketNo：2 StockIdx：1742
[24232] 2025/11/17 17:07:51.276 Divide StockNo {OJF00}
[24232] 2025/11/17 17:07:51.326 Add Basket MarketNo：2 StockIdx：1748
[24232] 2025/11/17 17:07:51.326 Divide StockNo {OKF00}
[24232] 2025/11/17 17:07:51.377 Add Basket MarketNo：2 StockIdx：1754
[24232] 2025/11/17 17:07:51.377 Divide StockNo {OLF00}
[24232] 2025/11/17 17:07:51.462 Add Basket MarketNo：2 StockIdx：1760
[24232] 2025/11/17 17:07:51.462 Divide StockNo {OMF00}
[24232] 2025/11/17 17:07:51.512 Add Basket MarketNo：2 StockIdx：1766
[24232] 2025/11/17 17:07:51.513 Divide StockNo {OOF00}
[24232] 2025/11/17 17:07:51.560 Add Basket MarketNo：2 StockIdx：1772
[24232] 2025/11/17 17:07:51.560 Divide StockNo {OPF00}
[24232] 2025/11/17 17:07:51.621 Add Basket MarketNo：2 StockIdx：1778
[24232] 2025/11/17 17:07:51.621 Divide StockNo {OQF00}
[24232] 2025/11/17 17:07:51.671 Add Basket MarketNo：2 StockIdx：1784
[24232] 2025/11/17 17:07:51.671 Divide StockNo {ORF00}
[24232] 2025/11/17 17:07:51.724 Add Basket MarketNo：2 StockIdx：1790
[24232] 2025/11/17 17:07:51.724 Divide StockNo {OSF00}
[24232] 2025/11/17 17:07:51.776 Add Basket MarketNo：2 StockIdx：1796
[24232] 2025/11/17 17:07:51.776 Divide StockNo {OTF00}
[24232] 2025/11/17 17:07:51.826 Add Basket MarketNo：2 StockIdx：1802
[24232] 2025/11/17 17:07:51.827 Divide StockNo {OUF00}
[24232] 2025/11/17 17:07:51.876 Add Basket MarketNo：2 StockIdx：1808
[24232] 2025/11/17 17:07:51.876 Divide StockNo {OVF00}
[24232] 2025/11/17 17:07:51.926 Add Basket MarketNo：2 StockIdx：1814
[24232] 2025/11/17 17:07:51.926 Divide StockNo {OWF00}
[24232] 2025/11/17 17:07:51.976 Add Basket MarketNo：2 StockIdx：1820
[24232] 2025/11/17 17:07:51.976 Divide StockNo {OXF00}
[24232] 2025/11/17 17:07:52.026 Add Basket MarketNo：2 StockIdx：1826
[24232] 2025/11/17 17:07:52.026 Divide StockNo {OYF00}
[24232] 2025/11/17 17:07:52.076 Add Basket MarketNo：2 StockIdx：1832
[24232] 2025/11/17 17:07:52.076 Divide StockNo {OZF00}
[24232] 2025/11/17 17:07:52.124 Add Basket MarketNo：2 StockIdx：1838
[24232] 2025/11/17 17:07:52.124 Divide StockNo {PAF00}
[24232] 2025/11/17 17:07:52.173 Add Basket MarketNo：2 StockIdx：1844
[24232] 2025/11/17 17:07:52.173 Divide StockNo {PBF00}
[24232] 2025/11/17 17:07:52.236 Add Basket MarketNo：2 StockIdx：1850
[24232] 2025/11/17 17:07:52.236 Divide StockNo {PCF00}
[24232] 2025/11/17 17:07:52.285 Add Basket MarketNo：2 StockIdx：1856
[24232] 2025/11/17 17:07:52.285 Divide StockNo {PDF00}
[24232] 2025/11/17 17:07:52.343 Add Basket MarketNo：2 StockIdx：1862
[24232] 2025/11/17 17:07:52.343 Divide StockNo {PEF00}
[24232] 2025/11/17 17:07:52.394 Add Basket MarketNo：2 StockIdx：1868
[24232] 2025/11/17 17:07:52.394 Divide StockNo {PFF00}
[24232] 2025/11/17 17:07:52.446 Add Basket MarketNo：2 StockIdx：1874
[24232] 2025/11/17 17:07:52.446 Divide StockNo {PGF00}
[24232] 2025/11/17 17:07:52.504 Add Basket MarketNo：2 StockIdx：1880
[24232] 2025/11/17 17:07:52.504 Divide StockNo {PHF00}
[24232] 2025/11/17 17:07:52.555 Add Basket MarketNo：2 StockIdx：1886
[24232] 2025/11/17 17:07:52.555 Divide StockNo {PIF00}
[24232] 2025/11/17 17:07:52.604 Add Basket MarketNo：2 StockIdx：1892
[24232] 2025/11/17 17:07:52.604 Divide StockNo {PJF00}
[24232] 2025/11/17 17:07:52.655 Add Basket MarketNo：2 StockIdx：1898
[24232] 2025/11/17 17:07:52.655 Divide StockNo {PKF00}
[24232] 2025/11/17 17:07:52.714 Add Basket MarketNo：2 StockIdx：1904
[24232] 2025/11/17 17:07:52.714 Divide StockNo {PLF00}
[24232] 2025/11/17 17:07:52.780 Add Basket MarketNo：2 StockIdx：1910
[24232] 2025/11/17 17:07:52.780 Divide StockNo {PMF00}
[24232] 2025/11/17 17:07:52.855 Add Basket MarketNo：2 StockIdx：1916
[24232] 2025/11/17 17:07:52.855 Divide StockNo {PNF00}
[24232] 2025/11/17 17:07:52.936 Add Basket MarketNo：2 StockIdx：1922
[24232] 2025/11/17 17:07:52.937 Divide StockNo {PPF00}
[24232] 2025/11/17 17:07:53.004 Add Basket MarketNo：2 StockIdx：1928
[24232] 2025/11/17 17:07:53.004 Divide StockNo {PQF00}
[24232] 2025/11/17 17:07:53.076 Add Basket MarketNo：2 StockIdx：1934
[24232] 2025/11/17 17:07:53.076 Divide StockNo {PRF00}
[24232] 2025/11/17 17:07:53.125 Add Basket MarketNo：2 StockIdx：1940
[24232] 2025/11/17 17:07:53.125 Divide StockNo {PSF00}
[24232] 2025/11/17 17:07:53.174 Add Basket MarketNo：2 StockIdx：1946
[24232] 2025/11/17 17:07:53.174 Divide StockNo {PTF00}
[24232] 2025/11/17 17:07:53.223 Add Basket MarketNo：2 StockIdx：1953
[24232] 2025/11/17 17:07:53.224 Divide StockNo {PUF00}
[24232] 2025/11/17 17:07:53.271 Add Basket MarketNo：2 StockIdx：1959
[24232] 2025/11/17 17:07:53.271 Divide StockNo {PVF00}
[24232] 2025/11/17 17:07:53.355 Add Basket MarketNo：2 StockIdx：1965
[24232] 2025/11/17 17:07:53.355 Divide StockNo {PWF00}
[24232] 2025/11/17 17:07:53.419 Add Basket MarketNo：2 StockIdx：1971
[24232] 2025/11/17 17:07:53.419 Divide StockNo {PXF00}
[24232] 2025/11/17 17:07:53.469 Add Basket MarketNo：2 StockIdx：1977
[24232] 2025/11/17 17:07:53.469 Divide StockNo {PYF00}
[24232] 2025/11/17 17:07:53.530 Add Basket MarketNo：2 StockIdx：1983
[24232] 2025/11/17 17:07:53.530 Divide StockNo {PZF00}
[24232] 2025/11/17 17:07:53.595 Add Basket MarketNo：2 StockIdx：1989
[24232] 2025/11/17 17:07:53.595 Divide StockNo {QAF00}
[24232] 2025/11/17 17:07:53.647 Add Basket MarketNo：2 StockIdx：1995
[24232] 2025/11/17 17:07:53.647 Divide StockNo {QBF00}
[24232] 2025/11/17 17:07:53.700 Add Basket MarketNo：2 StockIdx：2001
[24232] 2025/11/17 17:07:53.700 Divide StockNo {QCF00}
[24232] 2025/11/17 17:07:53.757 Add Basket MarketNo：2 StockIdx：2007
[24232] 2025/11/17 17:07:53.758 Divide StockNo {QDF00}
[24232] 2025/11/17 17:07:53.809 Add Basket MarketNo：2 StockIdx：2013
[24232] 2025/11/17 17:07:53.809 Divide StockNo {QEF00}
[24232] 2025/11/17 17:07:53.859 Add Basket MarketNo：2 StockIdx：2019
[24232] 2025/11/17 17:07:53.859 Divide StockNo {QFF00}
[24232] 2025/11/17 17:07:53.908 Add Basket MarketNo：2 StockIdx：136
[24232] 2025/11/17 17:07:53.908 Divide StockNo {QGF00}
[24232] 2025/11/17 17:07:53.959 Add Basket MarketNo：2 StockIdx：2032
[24232] 2025/11/17 17:07:53.959 Divide StockNo {QHF00}
[24232] 2025/11/17 17:07:54.007 Add Basket MarketNo：2 StockIdx：2038
[24232] 2025/11/17 17:07:54.007 Divide StockNo {QIF00}
[24232] 2025/11/17 17:07:54.068 Add Basket MarketNo：2 StockIdx：2044
[24232] 2025/11/17 17:07:54.068 Divide StockNo {QJF00}
[24232] 2025/11/17 17:07:54.119 Add Basket MarketNo：2 StockIdx：2048
[24232] 2025/11/17 17:07:54.119 Divide StockNo {QKF00}
[24232] 2025/11/17 17:07:54.173 Add Basket MarketNo：2 StockIdx：2054
[24232] 2025/11/17 17:07:54.173 Divide StockNo {QLF00}
[24232] 2025/11/17 17:07:54.220 Add Basket MarketNo：2 StockIdx：2060
[24232] 2025/11/17 17:07:54.220 Divide StockNo {QMF00}
[24232] 2025/11/17 17:07:54.269 Add Basket MarketNo：2 StockIdx：2066
[24232] 2025/11/17 17:07:54.269 Divide StockNo {QNF00}
[24232] 2025/11/17 17:07:54.317 Add Basket MarketNo：2 StockIdx：2072
[24232] 2025/11/17 17:07:54.317 Divide StockNo {QOF00}
[24232] 2025/11/17 17:07:54.366 Add Basket MarketNo：2 StockIdx：2078
[24232] 2025/11/17 17:07:54.366 Divide StockNo {QPF00}
[24232] 2025/11/17 17:07:54.415 Add Basket MarketNo：2 StockIdx：2084
[24232] 2025/11/17 17:07:54.415 Divide StockNo {QQF00}
[24232] 2025/11/17 17:07:54.511 Add Basket MarketNo：2 StockIdx：2090
[24232] 2025/11/17 17:07:54.511 Divide StockNo {QRF00}
[24232] 2025/11/17 17:07:54.590 Add Basket MarketNo：2 StockIdx：2096
[24232] 2025/11/17 17:07:54.590 Divide StockNo {QSF00}
[24232] 2025/11/17 17:07:54.637 Add Basket MarketNo：2 StockIdx：2102
[24232] 2025/11/17 17:07:54.637 Divide StockNo {QTF00}
[24232] 2025/11/17 17:07:54.683 Add Basket MarketNo：2 StockIdx：2108
[24232] 2025/11/17 17:07:54.683 Divide StockNo {QUF00}
[24232] 2025/11/17 17:07:54.730 Add Basket MarketNo：2 StockIdx：2114
[24232] 2025/11/17 17:07:54.730 Divide StockNo {QVF00}
[24232] 2025/11/17 17:07:54.779 Add Basket MarketNo：2 StockIdx：2120
[24232] 2025/11/17 17:07:54.779 Divide StockNo {QWF00}
[24232] 2025/11/17 17:07:54.825 Add Basket MarketNo：2 StockIdx：2126
[24232] 2025/11/17 17:07:54.825 Divide StockNo {QXF00}
[24232] 2025/11/17 17:07:54.872 Add Basket MarketNo：2 StockIdx：2132
[24232] 2025/11/17 17:07:54.872 Divide StockNo {QYF00}
[24232] 2025/11/17 17:07:54.920 Add Basket MarketNo：2 StockIdx：2138
[24232] 2025/11/17 17:07:54.920 Divide StockNo {QZF00}
[24232] 2025/11/17 17:07:54.967 Add Basket MarketNo：2 StockIdx：2144
[24232] 2025/11/17 17:07:54.967 Divide StockNo {RAF00}
[24232] 2025/11/17 17:07:55.030 Add Basket MarketNo：2 StockIdx：2150
[24232] 2025/11/17 17:07:55.030 Divide StockNo {RBF00}
[24232] 2025/11/17 17:07:55.083 Add Basket MarketNo：2 StockIdx：2156
[24232] 2025/11/17 17:07:55.083 Divide StockNo {RCF00}
[24232] 2025/11/17 17:07:55.133 Add Basket MarketNo：2 StockIdx：2162
[24232] 2025/11/17 17:07:55.133 Divide StockNo {RDF00}
[24232] 2025/11/17 17:07:55.181 Add Basket MarketNo：2 StockIdx：2168
[24232] 2025/11/17 17:07:55.181 Divide StockNo {REF00}
[24232] 2025/11/17 17:07:55.229 Add Basket MarketNo：2 StockIdx：2174
[24232] 2025/11/17 17:07:55.229 Divide StockNo {RFF00}
[24232] 2025/11/17 17:07:55.277 Add Basket MarketNo：2 StockIdx：2180
[24232] 2025/11/17 17:07:55.277 Divide StockNo {RGF00}
[24232] 2025/11/17 17:07:55.328 Add Basket MarketNo：2 StockIdx：2186
[24232] 2025/11/17 17:07:55.328 Divide StockNo {RIF00}
[24232] 2025/11/17 17:07:55.376 Add Basket MarketNo：2 StockIdx：2192
[24232] 2025/11/17 17:07:55.376 Divide StockNo {RJF00}
[24232] 2025/11/17 17:07:55.438 Add Basket MarketNo：2 StockIdx：2198
[24232] 2025/11/17 17:07:55.439 Divide StockNo {RKF00}
[24232] 2025/11/17 17:07:55.486 Add Basket MarketNo：2 StockIdx：2204
[24232] 2025/11/17 17:07:55.486 Divide StockNo {RLF00}
[24232] 2025/11/17 17:07:55.548 Add Basket MarketNo：2 StockIdx：2210
[24232] 2025/11/17 17:07:55.548 Divide StockNo {RMF00}
[24232] 2025/11/17 17:07:55.565 Stock Is Not Exist 
[24232] 2025/11/17 17:07:55.565 Divide StockNo {RNF00}
[24232] 2025/11/17 17:07:55.612 Add Basket MarketNo：2 StockIdx：2216
[24232] 2025/11/17 17:07:55.612 Divide StockNo {ROF00}
[24232] 2025/11/17 17:07:55.659 Add Basket MarketNo：2 StockIdx：2222
[24232] 2025/11/17 17:07:55.659 Divide StockNo {RPF00}
[24232] 2025/11/17 17:07:55.718 Add Basket MarketNo：2 StockIdx：2228
[24232] 2025/11/17 17:07:55.718 Divide StockNo {RQF00}
[24232] 2025/11/17 17:07:55.732 Stock Is Not Exist 
[24232] 2025/11/17 17:07:55.732 Divide StockNo {RRF00}
[24232] 2025/11/17 17:07:55.782 Add Basket MarketNo：2 StockIdx：2235
[24232] 2025/11/17 17:07:55.782 Divide StockNo {RSF00}
[24232] 2025/11/17 17:07:55.849 Add Basket MarketNo：2 StockIdx：2241
[24232] 2025/11/17 17:07:55.849 Divide StockNo {RUF00}
[24232] 2025/11/17 17:07:55.897 Add Basket MarketNo：2 StockIdx：2247
[24232] 2025/11/17 17:07:55.897 Divide StockNo {RVF00}
[24232] 2025/11/17 17:07:55.944 Add Basket MarketNo：2 StockIdx：2253
[24232] 2025/11/17 17:07:55.944 Divide StockNo {RWF00}
[24232] 2025/11/17 17:07:55.991 Add Basket MarketNo：2 StockIdx：2259
[24232] 2025/11/17 17:07:55.991 Divide StockNo {RXF00}
[24232] 2025/11/17 17:07:56.046 Add Basket MarketNo：2 StockIdx：2265
[24232] 2025/11/17 17:07:56.046 Divide StockNo {RYF00}
[24232] 2025/11/17 17:07:56.103 Add Basket MarketNo：2 StockIdx：2271
[24232] 2025/11/17 17:07:56.103 Divide StockNo {RZF00}
[24232] 2025/11/17 17:07:56.156 Add Basket MarketNo：2 StockIdx：142
[24232] 2025/11/17 17:07:56.156 Divide StockNo {SAF00}
[24232] 2025/11/17 17:07:56.209 Add Basket MarketNo：2 StockIdx：2283
[24232] 2025/11/17 17:07:56.209 Divide StockNo {SBF00}
[24232] 2025/11/17 17:07:56.256 Add Basket MarketNo：2 StockIdx：2289
[24232] 2025/11/17 17:07:56.256 Divide StockNo {SCF00}
[24232] 2025/11/17 17:07:56.312 Add Basket MarketNo：2 StockIdx：2295
[24232] 2025/11/17 17:07:56.313 Divide StockNo {SDF00}
[24232] 2025/11/17 17:07:56.386 Add Basket MarketNo：2 StockIdx：2301
[24232] 2025/11/17 17:07:56.386 Divide StockNo {SEF00}
[24232] 2025/11/17 17:07:56.466 Add Basket MarketNo：2 StockIdx：2307
[24232] 2025/11/17 17:07:56.466 Divide StockNo {SFF00}
[24232] 2025/11/17 17:07:56.515 Add Basket MarketNo：2 StockIdx：2313
[24232] 2025/11/17 17:07:56.515 Divide StockNo {SGF00}
[24232] 2025/11/17 17:07:56.580 Add Basket MarketNo：2 StockIdx：2319
[24232] 2025/11/17 17:07:56.580 Divide StockNo {SIF00}
[24232] 2025/11/17 17:07:56.638 Add Basket MarketNo：2 StockIdx：2325
[24232] 2025/11/17 17:07:56.638 Divide StockNo {SJF00}
[24232] 2025/11/17 17:07:56.700 Add Basket MarketNo：2 StockIdx：2331
[24232] 2025/11/17 17:07:56.700 Divide StockNo {SKF00}
[24232] 2025/11/17 17:07:56.759 Add Basket MarketNo：2 StockIdx：2337
[24232] 2025/11/17 17:07:56.759 Divide StockNo {SLF00}
[24232] 2025/11/17 17:07:56.819 Add Basket MarketNo：2 StockIdx：2343
[24232] 2025/11/17 17:07:56.819 Divide StockNo {SMF00}
[24232] 2025/11/17 17:07:56.880 Add Basket MarketNo：2 StockIdx：2349
[24232] 2025/11/17 17:07:56.880 Divide StockNo {SNF00}
[24232] 2025/11/17 17:07:56.928 Add Basket MarketNo：2 StockIdx：2355
[24232] 2025/11/17 17:07:56.928 Divide StockNo {SQF00}
[24232] 2025/11/17 17:07:56.975 Add Basket MarketNo：2 StockIdx：2361
[24232] 2025/11/17 17:07:56.975 Divide StockNo {SRF00}
[24232] 2025/11/17 17:07:57.060 Add Basket MarketNo：2 StockIdx：148
[24232] 2025/11/17 17:07:57.060 Divide StockNo {SSF00}
[24232] 2025/11/17 17:07:57.112 Add Basket MarketNo：2 StockIdx：2374
[24232] 2025/11/17 17:07:57.112 Divide StockNo {SUF00}
[24232] 2025/11/17 17:07:57.163 Add Basket MarketNo：2 StockIdx：2380
[24232] 2025/11/17 17:07:57.163 Divide StockNo {SVF00}
[24232] 2025/11/17 17:07:57.219 Add Basket MarketNo：2 StockIdx：2386
[24232] 2025/11/17 17:07:57.219 Divide StockNo {SWF00}
[24232] 2025/11/17 17:07:57.288 Add Basket MarketNo：2 StockIdx：2392
[24232] 2025/11/17 17:07:57.289 Divide StockNo {SYF00}
[24232] 2025/11/17 17:07:57.358 Add Basket MarketNo：2 StockIdx：2398
[24232] 2025/11/17 17:07:57.358 Divide StockNo {SZF00}
[24232] 2025/11/17 17:07:57.436 Add Basket MarketNo：2 StockIdx：2404
[24232] 2025/11/17 17:07:57.436 Divide StockNo {UAF00}
[24232] 2025/11/17 17:07:57.525 Add Basket MarketNo：2 StockIdx：2410
[24232] 2025/11/17 17:07:57.525 Divide StockNo {UBF00}
[24232] 2025/11/17 17:07:57.608 Add Basket MarketNo：2 StockIdx：2416
[24232] 2025/11/17 17:07:57.608 Divide StockNo {UCF00}
[24232] 2025/11/17 17:07:57.675 Add Basket MarketNo：2 StockIdx：2422
[24232] 2025/11/17 17:07:57.675 Divide StockNo {UEF00}
[24232] 2025/11/17 17:07:57.743 Add Basket MarketNo：2 StockIdx：2428
[24232] 2025/11/17 17:07:57.743 Divide StockNo {UFF00}
[24232] 2025/11/17 17:07:57.827 Add Basket MarketNo：2 StockIdx：2434
[24232] 2025/11/17 17:07:57.827 Divide StockNo {UGF00}
[24232] 2025/11/17 17:07:57.879 Add Basket MarketNo：2 StockIdx：2440
[24232] 2025/11/17 17:07:57.879 Divide StockNo {UHF00}
[24232] 2025/11/17 17:07:57.947 Add Basket MarketNo：2 StockIdx：2446
[24232] 2025/11/17 17:07:57.947 Divide StockNo {UIF00}
[24232] 2025/11/17 17:07:58.006 Add Basket MarketNo：2 StockIdx：2452
[24232] 2025/11/17 17:07:58.006 Divide StockNo {UJF00}
[24232] 2025/11/17 17:07:58.077 Add Basket MarketNo：2 StockIdx：2458
[24232] 2025/11/17 17:07:58.077 Divide StockNo {UKF00}
[24232] 2025/11/17 17:07:58.126 Add Basket MarketNo：2 StockIdx：2464
[24232] 2025/11/17 17:07:58.126 Divide StockNo {ULF00}
[24232] 2025/11/17 17:07:58.174 Add Basket MarketNo：2 StockIdx：2470
[24232] 2025/11/17 17:07:58.174 Divide StockNo {UMF00}
[24232] 2025/11/17 17:07:58.222 Add Basket MarketNo：2 StockIdx：2476
[24232] 2025/11/17 17:07:58.222 Divide StockNo {UOF00}
[24232] 2025/11/17 17:07:58.276 Add Basket MarketNo：2 StockIdx：2482
[24232] 2025/11/17 17:07:58.276 Divide StockNo {UPF00}
[24232] 2025/11/17 17:07:58.325 Add Basket MarketNo：2 StockIdx：2488
[24232] 2025/11/17 17:07:58.325 Divide StockNo {UQF00}
[24232] 2025/11/17 17:07:58.372 Add Basket MarketNo：2 StockIdx：2494
[24232] 2025/11/17 17:07:58.372 Divide StockNo {URF00}
[24232] 2025/11/17 17:07:58.419 Add Basket MarketNo：2 StockIdx：2501
[24232] 2025/11/17 17:07:58.419 Divide StockNo {USF00}
[24232] 2025/11/17 17:07:58.469 Add Basket MarketNo：2 StockIdx：2507
[24232] 2025/11/17 17:07:58.470 Divide StockNo {UTF00}
[24232] 2025/11/17 17:07:58.524 Add Basket MarketNo：2 StockIdx：2513
[24232] 2025/11/17 17:07:58.524 Divide StockNo {UUF00}
[24232] 2025/11/17 17:07:58.593 Add Basket MarketNo：2 StockIdx：2519
[24232] 2025/11/17 17:07:58.593 Divide StockNo {UVF00}
[24232] 2025/11/17 17:07:58.641 Add Basket MarketNo：2 StockIdx：2525
[24232] 2025/11/17 17:07:58.641 Divide StockNo {UWF00}
[24232] 2025/11/17 17:07:58.693 Add Basket MarketNo：2 StockIdx：2531
[24232] 2025/11/17 17:07:58.693 Divide StockNo {0050}
[24232] 2025/11/17 17:07:58.747 Add Basket MarketNo：0 StockIdx：0
[24232] 2025/11/17 17:07:58.747 Divide StockNo {0056}
[24232] 2025/11/17 17:07:58.802 Add Basket MarketNo：0 StockIdx：5
[24232] 2025/11/17 17:07:58.802 Divide StockNo {006205}
[24232] 2025/11/17 17:07:58.852 Add Basket MarketNo：0 StockIdx：10
[24232] 2025/11/17 17:07:58.852 Divide StockNo {006206}
[24232] 2025/11/17 17:07:58.904 Add Basket MarketNo：0 StockIdx：11
[24232] 2025/11/17 17:07:58.904 Divide StockNo {00636}
[24232] 2025/11/17 17:07:58.951 Add Basket MarketNo：0 StockIdx：20
[24232] 2025/11/17 17:07:58.952 Divide StockNo {00639}
[24232] 2025/11/17 17:07:58.999 Add Basket MarketNo：0 StockIdx：24
[24232] 2025/11/17 17:07:58.999 Divide StockNo {00643}
[24232] 2025/11/17 17:07:59.045 Add Basket MarketNo：0 StockIdx：28
[24232] 2025/11/17 17:07:59.046 Divide StockNo {00679B}
[24232] 2025/11/17 17:07:59.093 Add Basket MarketNo：1 StockIdx：1
[24232] 2025/11/17 17:07:59.094 Divide StockNo {00687B}
[24232] 2025/11/17 17:07:59.143 Add Basket MarketNo：1 StockIdx：2
[24232] 2025/11/17 17:07:59.143 Divide StockNo {00719B}
[24232] 2025/11/17 17:07:59.191 Add Basket MarketNo：1 StockIdx：8
[24232] 2025/11/17 17:07:59.191 Divide StockNo {00757}
[24232] 2025/11/17 17:07:59.242 Add Basket MarketNo：0 StockIdx：98
[24232] 2025/11/17 17:07:59.242 Divide StockNo {00772B}
[24232] 2025/11/17 17:07:59.291 Add Basket MarketNo：1 StockIdx：32
[24232] 2025/11/17 17:07:59.291 Divide StockNo {00878}
[24232] 2025/11/17 17:07:59.338 Add Basket MarketNo：0 StockIdx：113
[24232] 2025/11/17 17:07:59.339 Divide StockNo {00885}
[24232] 2025/11/17 17:07:59.386 Add Basket MarketNo：0 StockIdx：116
[24232] 2025/11/17 17:07:59.386 Divide StockNo {00893}
[24232] 2025/11/17 17:07:59.439 Add Basket MarketNo：0 StockIdx：119
[24232] 2025/11/17 17:07:59.439 Divide StockNo {00919}
[24232] 2025/11/17 17:07:59.493 Add Basket MarketNo：0 StockIdx：143
[24232] 2025/11/17 17:07:59.493 Divide StockNo {00923}
[24232] 2025/11/17 17:07:59.545 Add Basket MarketNo：0 StockIdx：147
[24232] 2025/11/17 17:07:59.545 Divide StockNo {00929}
[24232] 2025/11/17 17:07:59.615 Add Basket MarketNo：0 StockIdx：151
[24232] 2025/11/17 17:07:59.617 Divide StockNo {00937B}
[24232] 2025/11/17 17:07:59.679 Add Basket MarketNo：1 StockIdx：82
[24232] 2025/11/17 17:07:59.679 Divide StockNo {00940}
[24232] 2025/11/17 17:07:59.729 Add Basket MarketNo：0 StockIdx：159
[24232] 2025/11/17 17:07:59.729 Divide StockNo {1101}
[24232] 2025/11/17 17:07:59.777 Add Basket MarketNo：0 StockIdx：33515
[24232] 2025/11/17 17:07:59.777 Divide StockNo {1102}
[24232] 2025/11/17 17:07:59.825 Add Basket MarketNo：0 StockIdx：33517
[24232] 2025/11/17 17:07:59.825 Divide StockNo {1210}
[24232] 2025/11/17 17:07:59.873 Add Basket MarketNo：0 StockIdx：33525
[24232] 2025/11/17 17:07:59.873 Divide StockNo {1216}
[24232] 2025/11/17 17:07:59.900 Add Basket MarketNo：0 StockIdx：33528
[24232] 2025/11/17 17:07:59.900 Divide StockNo {1301}
[24232] 2025/11/17 17:07:59.949 Add Basket MarketNo：0 StockIdx：33543
[24232] 2025/11/17 17:07:59.949 Divide StockNo {1303}
[24232] 2025/11/17 17:07:59.979 Add Basket MarketNo：0 StockIdx：33544
[24232] 2025/11/17 17:07:59.979 Divide StockNo {1312}
[24232] 2025/11/17 17:08:00.027 Add Basket MarketNo：0 StockIdx：33551
[24232] 2025/11/17 17:08:00.027 Divide StockNo {1314}
[24232] 2025/11/17 17:08:00.074 Add Basket MarketNo：0 StockIdx：33554
[24232] 2025/11/17 17:08:00.074 Divide StockNo {1319}
[24232] 2025/11/17 17:08:00.124 Add Basket MarketNo：0 StockIdx：33557
[24232] 2025/11/17 17:08:00.124 Divide StockNo {1326}
[24232] 2025/11/17 17:08:00.209 Add Basket MarketNo：0 StockIdx：33562
[24232] 2025/11/17 17:08:00.210 Divide StockNo {1402}
[24232] 2025/11/17 17:08:00.260 Add Basket MarketNo：0 StockIdx：33569
[24232] 2025/11/17 17:08:00.261 Divide StockNo {1440}
[24232] 2025/11/17 17:08:00.313 Add Basket MarketNo：0 StockIdx：33586
[24232] 2025/11/17 17:08:00.313 Divide StockNo {1476}
[24232] 2025/11/17 17:08:00.360 Add Basket MarketNo：0 StockIdx：33616
[24232] 2025/11/17 17:08:00.360 Divide StockNo {1477}
[24232] 2025/11/17 17:08:00.388 Add Basket MarketNo：0 StockIdx：33617
[24232] 2025/11/17 17:08:00.388 Divide StockNo {1503}
[24232] 2025/11/17 17:08:00.459 Add Basket MarketNo：0 StockIdx：33618
[24232] 2025/11/17 17:08:00.459 Divide StockNo {1504}
[24232] 2025/11/17 17:08:00.493 Add Basket MarketNo：0 StockIdx：33619
[24232] 2025/11/17 17:08:00.493 Divide StockNo {1513}
[24232] 2025/11/17 17:08:00.555 Add Basket MarketNo：0 StockIdx：33622
[24232] 2025/11/17 17:08:00.555 Divide StockNo {1536}
[24232] 2025/11/17 17:08:00.635 Add Basket MarketNo：0 StockIdx：33642
[24232] 2025/11/17 17:08:00.635 Divide StockNo {1565}
[24232] 2025/11/17 17:08:00.702 Add Basket MarketNo：1 StockIdx：140
[24232] 2025/11/17 17:08:00.702 Divide StockNo {1590}
[24232] 2025/11/17 17:08:00.754 Add Basket MarketNo：0 StockIdx：33656
[24232] 2025/11/17 17:08:00.754 Divide StockNo {1605}
[24232] 2025/11/17 17:08:00.802 Add Basket MarketNo：0 StockIdx：33661
[24232] 2025/11/17 17:08:00.802 Divide StockNo {1609}
[24232] 2025/11/17 17:08:00.852 Add Basket MarketNo：0 StockIdx：33663
[24232] 2025/11/17 17:08:00.852 Divide StockNo {1707}
[24232] 2025/11/17 17:08:00.922 Add Basket MarketNo：0 StockIdx：33673
[24232] 2025/11/17 17:08:00.922 Divide StockNo {1717}
[24232] 2025/11/17 17:08:00.970 Add Basket MarketNo：0 StockIdx：33681
[24232] 2025/11/17 17:08:00.970 Divide StockNo {1718}
[24232] 2025/11/17 17:08:01.019 Add Basket MarketNo：0 StockIdx：33682
[24232] 2025/11/17 17:08:01.019 Divide StockNo {1722}
[24232] 2025/11/17 17:08:01.073 Add Basket MarketNo：0 StockIdx：33685
[24232] 2025/11/17 17:08:01.073 Divide StockNo {1795}
[24232] 2025/11/17 17:08:01.123 Add Basket MarketNo：0 StockIdx：33706
[24232] 2025/11/17 17:08:01.123 Divide StockNo {1802}
[24232] 2025/11/17 17:08:01.176 Add Basket MarketNo：0 StockIdx：33707
[24232] 2025/11/17 17:08:01.176 Divide StockNo {1904}
[24232] 2025/11/17 17:08:01.264 Add Basket MarketNo：0 StockIdx：33714
[24232] 2025/11/17 17:08:01.264 Divide StockNo {1905}
[24232] 2025/11/17 17:08:01.314 Add Basket MarketNo：0 StockIdx：33715
[24232] 2025/11/17 17:08:01.314 Divide StockNo {1907}
[24232] 2025/11/17 17:08:01.364 Add Basket MarketNo：0 StockIdx：33717
[24232] 2025/11/17 17:08:01.364 Divide StockNo {1909}
[24232] 2025/11/17 17:08:01.410 Add Basket MarketNo：0 StockIdx：33718
[24232] 2025/11/17 17:08:01.410 Divide StockNo {2002}
[24232] 2025/11/17 17:08:01.440 Add Basket MarketNo：0 StockIdx：33719
[24232] 2025/11/17 17:08:01.440 Divide StockNo {2006}
[24232] 2025/11/17 17:08:01.513 Add Basket MarketNo：0 StockIdx：33721
[24232] 2025/11/17 17:08:01.513 Divide StockNo {2014}
[24232] 2025/11/17 17:08:01.594 Add Basket MarketNo：0 StockIdx：33728
[24232] 2025/11/17 17:08:01.594 Divide StockNo {2027}
[24232] 2025/11/17 17:08:01.656 Add Basket MarketNo：0 StockIdx：33736
[24232] 2025/11/17 17:08:01.656 Divide StockNo {2049}
[24232] 2025/11/17 17:08:01.681 Add Basket MarketNo：0 StockIdx：33745
[24232] 2025/11/17 17:08:01.681 Divide StockNo {2059}
[24232] 2025/11/17 17:08:01.708 Add Basket MarketNo：0 StockIdx：33746
[24232] 2025/11/17 17:08:01.708 Divide StockNo {2105}
[24232] 2025/11/17 17:08:01.761 Add Basket MarketNo：0 StockIdx：33753
[24232] 2025/11/17 17:08:01.762 Divide StockNo {2201}
[24232] 2025/11/17 17:08:01.810 Add Basket MarketNo：0 StockIdx：33760
[24232] 2025/11/17 17:08:01.810 Divide StockNo {2231}
[24232] 2025/11/17 17:08:01.889 Add Basket MarketNo：0 StockIdx：33768
[24232] 2025/11/17 17:08:01.889 Divide StockNo {2301}
[24232] 2025/11/17 17:08:01.925 Add Basket MarketNo：0 StockIdx：33779
[24232] 2025/11/17 17:08:01.926 Divide StockNo {2303}
[24232] 2025/11/17 17:08:01.956 Add Basket MarketNo：0 StockIdx：33781
[24232] 2025/11/17 17:08:01.956 Divide StockNo {2308}
[24232] 2025/11/17 17:08:01.986 Add Basket MarketNo：0 StockIdx：33783
[24232] 2025/11/17 17:08:01.986 Divide StockNo {2312}
[24232] 2025/11/17 17:08:02.037 Add Basket MarketNo：0 StockIdx：33784
[24232] 2025/11/17 17:08:02.037 Divide StockNo {2313}
[24232] 2025/11/17 17:08:02.107 Add Basket MarketNo：0 StockIdx：33785
[24232] 2025/11/17 17:08:02.107 Divide StockNo {2317}
[24232] 2025/11/17 17:08:02.135 Add Basket MarketNo：0 StockIdx：33788
[24232] 2025/11/17 17:08:02.135 Divide StockNo {2323}
[24232] 2025/11/17 17:08:02.208 Add Basket MarketNo：0 StockIdx：33790
[24232] 2025/11/17 17:08:02.208 Divide StockNo {2324}
[24232] 2025/11/17 17:08:02.275 Add Basket MarketNo：0 StockIdx：33791
[24232] 2025/11/17 17:08:02.275 Divide StockNo {2327}
[24232] 2025/11/17 17:08:02.304 Add Basket MarketNo：0 StockIdx：33792
[24232] 2025/11/17 17:08:02.304 Divide StockNo {2328}
[24232] 2025/11/17 17:08:02.381 Add Basket MarketNo：0 StockIdx：33793
[24232] 2025/11/17 17:08:02.381 Divide StockNo {2330}
[24232] 2025/11/17 17:08:02.423 Add Basket MarketNo：0 StockIdx：33795
[24232] 2025/11/17 17:08:02.423 Divide StockNo {2331}
[24232] 2025/11/17 17:08:02.506 Add Basket MarketNo：0 StockIdx：33796
[24232] 2025/11/17 17:08:02.506 Divide StockNo {2332}
[24232] 2025/11/17 17:08:02.573 Add Basket MarketNo：0 StockIdx：33797
[24232] 2025/11/17 17:08:02.573 Divide StockNo {2337}
[24232] 2025/11/17 17:08:02.646 Add Basket MarketNo：0 StockIdx：33798
[24232] 2025/11/17 17:08:02.646 Divide StockNo {2338}
[24232] 2025/11/17 17:08:02.696 Add Basket MarketNo：0 StockIdx：33799
[24232] 2025/11/17 17:08:02.696 Divide StockNo {2340}
[24232] 2025/11/17 17:08:02.750 Add Basket MarketNo：0 StockIdx：33800
[24232] 2025/11/17 17:08:02.750 Divide StockNo {2344}
[24232] 2025/11/17 17:08:02.780 Add Basket MarketNo：0 StockIdx：33802
[24232] 2025/11/17 17:08:02.780 Divide StockNo {2345}
[24232] 2025/11/17 17:08:02.809 Add Basket MarketNo：0 StockIdx：33803
[24232] 2025/11/17 17:08:02.809 Divide StockNo {2347}
[24232] 2025/11/17 17:08:02.858 Add Basket MarketNo：0 StockIdx：33804
[24232] 2025/11/17 17:08:02.858 Divide StockNo {2352}
[24232] 2025/11/17 17:08:02.911 Add Basket MarketNo：0 StockIdx：33809
[24232] 2025/11/17 17:08:02.911 Divide StockNo {2353}
[24232] 2025/11/17 17:08:02.958 Add Basket MarketNo：0 StockIdx：33810
[24232] 2025/11/17 17:08:02.958 Divide StockNo {2354}
[24232] 2025/11/17 17:08:03.004 Add Basket MarketNo：0 StockIdx：33811
[24232] 2025/11/17 17:08:03.005 Divide StockNo {2355}
[24232] 2025/11/17 17:08:03.054 Add Basket MarketNo：0 StockIdx：33812
[24232] 2025/11/17 17:08:03.054 Divide StockNo {2356}
[24232] 2025/11/17 17:08:03.105 Add Basket MarketNo：0 StockIdx：33813
[24232] 2025/11/17 17:08:03.105 Divide StockNo {2357}
[24232] 2025/11/17 17:08:03.138 Add Basket MarketNo：0 StockIdx：33814
[24232] 2025/11/17 17:08:03.138 Divide StockNo {2360}
[24232] 2025/11/17 17:08:03.166 Add Basket MarketNo：0 StockIdx：33816
[24232] 2025/11/17 17:08:03.166 Divide StockNo {2368}
[24232] 2025/11/17 17:08:03.194 Add Basket MarketNo：0 StockIdx：33822
[24232] 2025/11/17 17:08:03.194 Divide StockNo {2371}
[24232] 2025/11/17 17:08:03.243 Add Basket MarketNo：0 StockIdx：33824
[24232] 2025/11/17 17:08:03.243 Divide StockNo {2376}
[24232] 2025/11/17 17:08:03.274 Add Basket MarketNo：0 StockIdx：33828
[24232] 2025/11/17 17:08:03.274 Divide StockNo {2377}
[24232] 2025/11/17 17:08:03.324 Add Basket MarketNo：0 StockIdx：33829
[24232] 2025/11/17 17:08:03.324 Divide StockNo {2379}
[24232] 2025/11/17 17:08:03.354 Add Basket MarketNo：0 StockIdx：33830
[24232] 2025/11/17 17:08:03.354 Divide StockNo {2382}
[24232] 2025/11/17 17:08:03.387 Add Basket MarketNo：0 StockIdx：33832
[24232] 2025/11/17 17:08:03.387 Divide StockNo {2383}
[24232] 2025/11/17 17:08:03.417 Add Basket MarketNo：0 StockIdx：33833
[24232] 2025/11/17 17:08:03.418 Divide StockNo {2385}
[24232] 2025/11/17 17:08:03.470 Add Basket MarketNo：0 StockIdx：33834
[24232] 2025/11/17 17:08:03.470 Divide StockNo {2388}
[24232] 2025/11/17 17:08:03.530 Add Basket MarketNo：0 StockIdx：33836
[24232] 2025/11/17 17:08:03.530 Divide StockNo {2392}
[24232] 2025/11/17 17:08:03.580 Add Basket MarketNo：0 StockIdx：33838
[24232] 2025/11/17 17:08:03.580 Divide StockNo {2393}
[24232] 2025/11/17 17:08:03.629 Add Basket MarketNo：0 StockIdx：33839
[24232] 2025/11/17 17:08:03.629 Divide StockNo {2401}
[24232] 2025/11/17 17:08:03.676 Add Basket MarketNo：0 StockIdx：33843
[24232] 2025/11/17 17:08:03.676 Divide StockNo {2404}
[24232] 2025/11/17 17:08:03.705 Add Basket MarketNo：0 StockIdx：33845
[24232] 2025/11/17 17:08:03.705 Divide StockNo {2408}
[24232] 2025/11/17 17:08:03.734 Add Basket MarketNo：0 StockIdx：33848
[24232] 2025/11/17 17:08:03.734 Divide StockNo {2409}
[24232] 2025/11/17 17:08:03.784 Add Basket MarketNo：0 StockIdx：33849
[24232] 2025/11/17 17:08:03.784 Divide StockNo {2412}
[24232] 2025/11/17 17:08:03.815 Add Basket MarketNo：0 StockIdx：33850
[24232] 2025/11/17 17:08:03.816 Divide StockNo {2439}
[24232] 2025/11/17 17:08:03.864 Add Basket MarketNo：0 StockIdx：33872
[24232] 2025/11/17 17:08:03.864 Divide StockNo {2441}
[24232] 2025/11/17 17:08:03.913 Add Basket MarketNo：0 StockIdx：33874
[24232] 2025/11/17 17:08:03.913 Divide StockNo {2449}
[24232] 2025/11/17 17:08:03.944 Add Basket MarketNo：0 StockIdx：33877
[24232] 2025/11/17 17:08:03.944 Divide StockNo {2454}
[24232] 2025/11/17 17:08:03.973 Add Basket MarketNo：0 StockIdx：33881
[24232] 2025/11/17 17:08:03.973 Divide StockNo {2455}
[24232] 2025/11/17 17:08:04.022 Add Basket MarketNo：0 StockIdx：33882
[24232] 2025/11/17 17:08:04.022 Divide StockNo {2457}
[24232] 2025/11/17 17:08:04.071 Add Basket MarketNo：0 StockIdx：33883
[24232] 2025/11/17 17:08:04.071 Divide StockNo {2458}
[408] 2025/11/17 17:08:20.278 Precheck/DistributedServer Query result is 000,分配成功
[408] 2025/11/17 17:08:20.278 >> Host srvsolace-tp2.capital.com.tw
[408] 2025/11/17 17:08:20.282 SKQuoteLib_EnterMonitor IP：srvsolace-tp2.capital.com.tw
[408] 2025/11/17 17:08:20.315 OnSessionConnect，Code: 3001, Error Code:0.
[408] 2025/11/17 17:08:20.341 SKQuoteLib_EnterMonitorLONG starting
[408] 2025/11/17 17:08:20.342 OnConnection ( 3001 , 0 ) 
[408] 2025/11/17 17:08:20.616 Market Info is OK!
[408] 2025/11/17 17:08:20.651 Catalog info is OK!
[408] 2025/11/17 17:08:23.849 Solace RequestInitializeData (TO_S_19,S_1F)
[408] 2025/11/17 17:08:23.849 Solace RequestInitializeData (TO_S_19,S_1F)
[408] 2025/11/17 17:08:23.850 OnConnection ( 3003 , 0 ) 
[408] 2025/11/17 17:08:25.632 SKQuoteLib_RequestStocks (1 , CAF00, CBF00, CCF00, CDF00, CEF00, CFF00, CGF00, CHF00, CJF00, CKF00, CLF00, CMF00, CNF00, CQF00, CRF00, CSF00, CUF00, CWF00, CXF00, CYF00, CZF00, DAF00, DBF00, DCF00, DEF00, DFF00, DGF00, DHF00, DIF00, DJF00, DKF00, DLF00, DNF00, DOF00, DPF00, DQF00, DSF00, DVF00, DWF00, DXF00, DYF00, DZF00, EEF00, EGF00, EHF00, EKF00, EMF00, EPF00, EYF00, EZF00, FBF00, FCF00, FEF00, FFF00, FGF00, FKF00, FNF00, FQF00, FRF00, FSF00, FTF00, FVF00, FWF00, FYF00, FZF00, GAF00, GCF00, GHF00, GIF00, GJF00, GKF00, GLF00, GMF00, GNF00, GOF00, GRF00, GUF00, GVF00, GWF00, GXF00, GYF00, GZF00, HAF00, HBF00, HCF00, HHF00, HIF00, HLF00, HOF00, HQF00, HSF00, IAF00, IHF00, IIF00, IJF00, IMF00, IOF00, IPF00, IQF00, IRF00, ITF00, IXF00, IYF00, IZF00, JBF00, JFF00, JMF00, JNF00, JPF00, JSF00, JWF00, JXF00, JZF00, KAF00, KBF00, KCF00, KDF00, KEF00, KFF00, KGF00, KIF00, KKF00, KLF00, KOF00, KPF00, KSF00, KUF00, KWF00, LBF00, LCF00, LEF00, LIF00, LMF00, LOF00, LQF00, LRF00, LTF00, LUF00, LVF00, LWF00, LXF00, LYF00, MAF00, MBF00, MJF00, MKF00, MQF00, MVF00, MYF00, NAF00, NBF00, NDF00, NEF00, NGF00, NIF00, NJF00, NLF00, NMF00, NOF00, NQF00, NSF00, NUF00, NVF00, NWF00, NYF00, OAF00, OBF00, ODF00, OEF00, OHF00, OJF00, OKF00, OLF00, OMF00, OOF00, OPF00, OQF00, ORF00, OSF00, OTF00, OUF00, OVF00, OWF00, OXF00, OYF00, OZF00, PAF00, PBF00, PCF00, PDF00, PEF00, PFF00, PGF00, PHF00, PIF00, PJF00, PKF00, PLF00, PMF00, PNF00, PPF00, PQF00, PRF00, PSF00, PTF00, PUF00, PVF00, PWF00, PXF00, PYF00, PZF00, QAF00, QBF00, QCF00, QDF00, QEF00, QFF00, QGF00, QHF00, QIF00, QJF00, QKF00, QLF00, QMF00, QNF00, QOF00, QPF00, QQF00, QRF00, QSF00, QTF00, QUF00, QVF00, QWF00, QXF00, QYF00, QZF00, RAF00, RBF00, RCF00, RDF00, REF00, RFF00, RGF00, RIF00, RJF00, RKF00, RLF00, RMF00, RNF00, ROF00, RPF00, RQF00, RRF00, RSF00, RUF00, RVF00, RWF00, RXF00, RYF00, RZF00, SAF00, SBF00, SCF00, SDF00, SEF00, SFF00, SGF00, SIF00, SJF00, SKF00, SLF00, SMF00, SNF00, SQF00, SRF00, SSF00, SUF00, SVF00, SWF00, SYF00, SZF00, UAF00, UBF00, UCF00, UEF00, UFF00, UGF00, UHF00, UIF00, UJF00, UKF00, ULF00, UMF00, UOF00, UPF00, UQF00, URF00, USF00, UTF00, UUF00, UVF00, UWF00, 0050, 0056, 006205, 006206, 00636, 00639, 00643, 00679B, 00687B, 00719B, 00757, 00772B, 00878, 00885, 00893, 00919, 00923, 00929, 00937B, 00940, 1101, 1102, 1210, 1216, 1301, 1303, 1312, 1314, 1319, 1326, 1402, 1440, 1476, 1477, 1503, 1504, 1513, 1536, 1565, 1590, 1605, 1609, 1707, 1717, 1718, 1722, 1795, 1802, 1904, 1905, 1907, 1909, 2002, 2006, 2014, 2027, 2049, 2059, 2105, 2201, 2231, 2301, 2303, 2308, 2312, 2313, 2317, 2323, 2324, 2327, 2328, 2330, 2331, 2332, 2337, 2338, 2340, 2344, 2345, 2347, 2352, 2353, 2354, 2355, 2356, 2357, 2360, 2368, 2371, 2376, 2377, 2379, 2382, 2383, 2385, 2388, 2392, 2393, 2401, 2404, 2408, 2409, 2412, 2439, 2441, 2449, 2454, 2455, 2457, 2458, 2474, 2481, 2485, 2486, 2489, 2492, 2498, 2515, 2520, 2542, 2548, 2603, 2605, 2606, 2609, 2610, 2615, 2618, 2633, 2634, 2801, 2834, 2880, 2881, 2882, 2883, 2884, 2885, 2886, 2887, 2888, 2890, 2891, 2892, 2913, 2915, 3005, 3006, 3008, 3017, 3019, 3034, 3035, 3036, 3037, 3042, 3044, 3045, 3078, 3081, 3105, 3152, 3189, 3227, 3231, 3260, 3264, 3293, 3324, 3374, 3376, 3380, 3406, 3443, 3481, 3529, 3532, 3533, 3552, 3653, 3661, 3673, 3680, 3691, 3702, 3706, 3711, 3714, 4123, 4128, 4162, 4736, 4743, 4904, 4919, 4938, 4958, 5009, 5269, 5274, 5347, 5371, 5388, 5425, 5457, 5483, 5534, 5871, 5876, 5880, 5904, 6005, 6116, 6121, 6139, 6147, 6153, 6173, 6176, 6182, 6188, 6213, 6223, 6239, 6245, 6257, 6269, 6271, 6274, 6278, 6279, 6282, 6285, 6414, 6443, 6472, 6488, 6505, 6510, 6526, 6547, 6669, 6757, 6770, 8039, 8044, 8046, 8069, 8086, 8112, 8150, 8163, 8299, 8358, 8436, 8454, 9904, 9914, 9938, 9939, 9945, 9958, TSE, TSE23, TSE28, TWMC)
[408] 2025/11/17 17:08:25.635 Divide StockNo {CAF00}
[408] 2025/11/17 17:08:25.635 Add Basket MarketNo：2 StockIdx：160
[408] 2025/11/17 17:08:25.635 Divide StockNo {CBF00}
[408] 2025/11/17 17:08:25.635 Add Basket MarketNo：2 StockIdx：166
[408] 2025/11/17 17:08:25.635 Divide StockNo {CCF00}
[408] 2025/11/17 17:08:25.635 Add Basket MarketNo：2 StockIdx：5656
[408] 2025/11/17 17:08:25.635 Divide StockNo {CDF00}
[408] 2025/11/17 17:08:25.635 Add Basket MarketNo：2 StockIdx：5662
[408] 2025/11/17 17:08:25.635 Divide StockNo {CEF00}
[408] 2025/11/17 17:08:25.635 Add Basket MarketNo：2 StockIdx：184
[408] 2025/11/17 17:08:25.635 Divide StockNo {CFF00}
[408] 2025/11/17 17:08:25.635 Add Basket MarketNo：2 StockIdx：193
[408] 2025/11/17 17:08:25.635 Divide StockNo {CGF00}
[408] 2025/11/17 17:08:25.635 Add Basket MarketNo：2 StockIdx：199
[408] 2025/11/17 17:08:25.635 Divide StockNo {CHF00}
[408] 2025/11/17 17:08:25.635 Add Basket MarketNo：2 StockIdx：205
[408] 2025/11/17 17:08:25.635 Divide StockNo {CJF00}
[408] 2025/11/17 17:08:25.635 Add Basket MarketNo：2 StockIdx：211
[408] 2025/11/17 17:08:25.635 Divide StockNo {CKF00}
[408] 2025/11/17 17:08:25.635 Add Basket MarketNo：2 StockIdx：217
[408] 2025/11/17 17:08:25.635 Divide StockNo {CLF00}
[408] 2025/11/17 17:08:25.635 Add Basket MarketNo：2 StockIdx：223
[408] 2025/11/17 17:08:25.635 Divide StockNo {CMF00}
[408] 2025/11/17 17:08:25.635 Add Basket MarketNo：2 StockIdx：229
[408] 2025/11/17 17:08:25.635 Divide StockNo {CNF00}
[408] 2025/11/17 17:08:25.635 Add Basket MarketNo：2 StockIdx：235
[408] 2025/11/17 17:08:25.635 Divide StockNo {CQF00}
[408] 2025/11/17 17:08:25.635 Add Basket MarketNo：2 StockIdx：241
[408] 2025/11/17 17:08:25.635 Divide StockNo {CRF00}
[408] 2025/11/17 17:08:25.635 Add Basket MarketNo：2 StockIdx：247
[408] 2025/11/17 17:08:25.635 Divide StockNo {CSF00}
[408] 2025/11/17 17:08:25.635 Add Basket MarketNo：2 StockIdx：253
[408] 2025/11/17 17:08:25.636 Divide StockNo {CUF00}
[408] 2025/11/17 17:08:25.636 Add Basket MarketNo：2 StockIdx：259
[408] 2025/11/17 17:08:25.636 Divide StockNo {CWF00}
[408] 2025/11/17 17:08:25.636 Add Basket MarketNo：2 StockIdx：265
[408] 2025/11/17 17:08:25.636 Divide StockNo {CXF00}
[408] 2025/11/17 17:08:25.636 Add Basket MarketNo：2 StockIdx：274
[408] 2025/11/17 17:08:25.636 Divide StockNo {CYF00}
[408] 2025/11/17 17:08:25.636 Add Basket MarketNo：2 StockIdx：280
[408] 2025/11/17 17:08:25.636 Divide StockNo {CZF00}
[408] 2025/11/17 17:08:25.636 Add Basket MarketNo：2 StockIdx：286
[408] 2025/11/17 17:08:25.636 Divide StockNo {DAF00}
[408] 2025/11/17 17:08:25.636 Add Basket MarketNo：2 StockIdx：292
[408] 2025/11/17 17:08:25.636 Divide StockNo {DBF00}
[408] 2025/11/17 17:08:25.636 Add Basket MarketNo：2 StockIdx：298
[408] 2025/11/17 17:08:25.636 Divide StockNo {DCF00}
[408] 2025/11/17 17:08:25.636 Add Basket MarketNo：2 StockIdx：304
[408] 2025/11/17 17:08:25.636 Divide StockNo {DEF00}
[408] 2025/11/17 17:08:25.636 Add Basket MarketNo：2 StockIdx：311
[408] 2025/11/17 17:08:25.636 Divide StockNo {DFF00}
[408] 2025/11/17 17:08:25.636 Add Basket MarketNo：2 StockIdx：319
[408] 2025/11/17 17:08:25.636 Divide StockNo {DGF00}
[408] 2025/11/17 17:08:25.636 Add Basket MarketNo：2 StockIdx：325
[408] 2025/11/17 17:08:25.636 Divide StockNo {DHF00}
[408] 2025/11/17 17:08:25.636 Add Basket MarketNo：2 StockIdx：331
[408] 2025/11/17 17:08:25.636 Divide StockNo {DIF00}
[408] 2025/11/17 17:08:25.636 Add Basket MarketNo：2 StockIdx：337
[408] 2025/11/17 17:08:25.636 Divide StockNo {DJF00}
[408] 2025/11/17 17:08:25.636 Add Basket MarketNo：2 StockIdx：343
[408] 2025/11/17 17:08:25.636 Divide StockNo {DKF00}
[408] 2025/11/17 17:08:25.636 Add Basket MarketNo：2 StockIdx：349
[408] 2025/11/17 17:08:25.636 Divide StockNo {DLF00}
[408] 2025/11/17 17:08:25.636 Add Basket MarketNo：2 StockIdx：355
[408] 2025/11/17 17:08:25.636 Divide StockNo {DNF00}
[408] 2025/11/17 17:08:25.636 Add Basket MarketNo：2 StockIdx：361
[408] 2025/11/17 17:08:25.636 Divide StockNo {DOF00}
[408] 2025/11/17 17:08:25.636 Add Basket MarketNo：2 StockIdx：368
[408] 2025/11/17 17:08:25.636 Divide StockNo {DPF00}
[408] 2025/11/17 17:08:25.636 Add Basket MarketNo：2 StockIdx：375
[408] 2025/11/17 17:08:25.636 Divide StockNo {DQF00}
[408] 2025/11/17 17:08:25.636 Add Basket MarketNo：2 StockIdx：381
[408] 2025/11/17 17:08:25.636 Divide StockNo {DSF00}
[408] 2025/11/17 17:08:25.636 Add Basket MarketNo：2 StockIdx：387
[408] 2025/11/17 17:08:25.636 Divide StockNo {DVF00}
[408] 2025/11/17 17:08:25.636 Add Basket MarketNo：2 StockIdx：393
[408] 2025/11/17 17:08:25.636 Divide StockNo {DWF00}
[408] 2025/11/17 17:08:25.636 Add Basket MarketNo：2 StockIdx：399
[408] 2025/11/17 17:08:25.636 Divide StockNo {DXF00}
[408] 2025/11/17 17:08:25.636 Add Basket MarketNo：2 StockIdx：405
[408] 2025/11/17 17:08:25.636 Divide StockNo {DYF00}
[408] 2025/11/17 17:08:25.636 Add Basket MarketNo：2 StockIdx：411
[408] 2025/11/17 17:08:25.636 Divide StockNo {DZF00}
[408] 2025/11/17 17:08:25.636 Add Basket MarketNo：2 StockIdx：417
[408] 2025/11/17 17:08:25.636 Divide StockNo {EEF00}
[408] 2025/11/17 17:08:25.636 Add Basket MarketNo：2 StockIdx：423
[408] 2025/11/17 17:08:25.636 Divide StockNo {EGF00}
[408] 2025/11/17 17:08:25.636 Add Basket MarketNo：2 StockIdx：429
[408] 2025/11/17 17:08:25.636 Divide StockNo {EHF00}
[408] 2025/11/17 17:08:25.636 Add Basket MarketNo：2 StockIdx：435
[408] 2025/11/17 17:08:25.636 Divide StockNo {EKF00}
[408] 2025/11/17 17:08:25.636 Add Basket MarketNo：2 StockIdx：441
[408] 2025/11/17 17:08:25.636 Divide StockNo {EMF00}
[408] 2025/11/17 17:08:25.636 Add Basket MarketNo：2 StockIdx：447
[408] 2025/11/17 17:08:25.636 Divide StockNo {EPF00}
[408] 2025/11/17 17:08:25.636 Add Basket MarketNo：2 StockIdx：453
[408] 2025/11/17 17:08:25.636 Divide StockNo {EYF00}
[408] 2025/11/17 17:08:25.636 Add Basket MarketNo：2 StockIdx：459
[408] 2025/11/17 17:08:25.636 Divide StockNo {EZF00}
[408] 2025/11/17 17:08:25.636 Add Basket MarketNo：2 StockIdx：465
[408] 2025/11/17 17:08:25.636 Divide StockNo {FBF00}
[408] 2025/11/17 17:08:25.637 Add Basket MarketNo：2 StockIdx：471
[408] 2025/11/17 17:08:25.637 Divide StockNo {FCF00}
[408] 2025/11/17 17:08:25.637 Add Basket MarketNo：2 StockIdx：477
[408] 2025/11/17 17:08:25.637 Divide StockNo {FEF00}
[408] 2025/11/17 17:08:25.637 Add Basket MarketNo：2 StockIdx：481
[408] 2025/11/17 17:08:25.637 Divide StockNo {FFF00}
[408] 2025/11/17 17:08:25.637 Add Basket MarketNo：2 StockIdx：488
[408] 2025/11/17 17:08:25.637 Divide StockNo {FGF00}
[408] 2025/11/17 17:08:25.637 Add Basket MarketNo：2 StockIdx：494
[408] 2025/11/17 17:08:25.637 Divide StockNo {FKF00}
[408] 2025/11/17 17:08:25.637 Add Basket MarketNo：2 StockIdx：500
[408] 2025/11/17 17:08:25.637 Divide StockNo {FNF00}
[408] 2025/11/17 17:08:25.637 Add Basket MarketNo：2 StockIdx：506
[408] 2025/11/17 17:08:25.637 Divide StockNo {FQF00}
[408] 2025/11/17 17:08:25.637 Add Basket MarketNo：2 StockIdx：512
[408] 2025/11/17 17:08:25.637 Divide StockNo {FRF00}
[408] 2025/11/17 17:08:25.637 Add Basket MarketNo：2 StockIdx：518
[408] 2025/11/17 17:08:25.637 Divide StockNo {FSF00}
[408] 2025/11/17 17:08:25.637 Add Basket MarketNo：2 StockIdx：524
[408] 2025/11/17 17:08:25.637 Divide StockNo {FTF00}
[408] 2025/11/17 17:08:25.637 Add Basket MarketNo：2 StockIdx：530
[408] 2025/11/17 17:08:25.637 Divide StockNo {FVF00}
[408] 2025/11/17 17:08:25.637 Add Basket MarketNo：2 StockIdx：536
[408] 2025/11/17 17:08:25.637 Divide StockNo {FWF00}
[408] 2025/11/17 17:08:25.637 Add Basket MarketNo：2 StockIdx：542
[408] 2025/11/17 17:08:25.637 Divide StockNo {FYF00}
[408] 2025/11/17 17:08:25.637 Add Basket MarketNo：2 StockIdx：548
[408] 2025/11/17 17:08:25.637 Divide StockNo {FZF00}
[408] 2025/11/17 17:08:25.637 Add Basket MarketNo：2 StockIdx：554
[408] 2025/11/17 17:08:25.637 Divide StockNo {GAF00}
[408] 2025/11/17 17:08:25.637 Add Basket MarketNo：2 StockIdx：560
[408] 2025/11/17 17:08:25.637 Divide StockNo {GCF00}
[408] 2025/11/17 17:08:25.637 Add Basket MarketNo：2 StockIdx：566
[408] 2025/11/17 17:08:25.637 Divide StockNo {GHF00}
[408] 2025/11/17 17:08:25.637 Add Basket MarketNo：2 StockIdx：572
[408] 2025/11/17 17:08:25.637 Divide StockNo {GIF00}
[408] 2025/11/17 17:08:25.637 Add Basket MarketNo：2 StockIdx：578
[408] 2025/11/17 17:08:25.637 Divide StockNo {GJF00}
[408] 2025/11/17 17:08:25.637 Add Basket MarketNo：2 StockIdx：584
[408] 2025/11/17 17:08:25.637 Divide StockNo {GKF00}
[408] 2025/11/17 17:08:25.637 Add Basket MarketNo：2 StockIdx：590
[408] 2025/11/17 17:08:25.637 Divide StockNo {GLF00}
[408] 2025/11/17 17:08:25.637 Add Basket MarketNo：2 StockIdx：596
[408] 2025/11/17 17:08:25.637 Divide StockNo {GMF00}
[408] 2025/11/17 17:08:25.637 Add Basket MarketNo：2 StockIdx：602
[408] 2025/11/17 17:08:25.637 Divide StockNo {GNF00}
[408] 2025/11/17 17:08:25.637 Add Basket MarketNo：2 StockIdx：608
[408] 2025/11/17 17:08:25.637 Divide StockNo {GOF00}
[408] 2025/11/17 17:08:25.637 Add Basket MarketNo：2 StockIdx：614
[408] 2025/11/17 17:08:25.637 Divide StockNo {GRF00}
[408] 2025/11/17 17:08:25.637 Add Basket MarketNo：2 StockIdx：620
[408] 2025/11/17 17:08:25.637 Divide StockNo {GUF00}
[408] 2025/11/17 17:08:25.637 Add Basket MarketNo：2 StockIdx：626
[408] 2025/11/17 17:08:25.637 Divide StockNo {GVF00}
[408] 2025/11/17 17:08:25.637 Add Basket MarketNo：2 StockIdx：632
[408] 2025/11/17 17:08:25.637 Divide StockNo {GWF00}
[408] 2025/11/17 17:08:25.637 Add Basket MarketNo：2 StockIdx：638
[408] 2025/11/17 17:08:25.637 Divide StockNo {GXF00}
[408] 2025/11/17 17:08:25.637 Add Basket MarketNo：2 StockIdx：644
[408] 2025/11/17 17:08:25.637 Divide StockNo {GYF00}
[408] 2025/11/17 17:08:25.637 Add Basket MarketNo：2 StockIdx：650
[408] 2025/11/17 17:08:25.637 Divide StockNo {GZF00}
[408] 2025/11/17 17:08:25.637 Add Basket MarketNo：2 StockIdx：656
[408] 2025/11/17 17:08:25.637 Divide StockNo {HAF00}
[408] 2025/11/17 17:08:25.637 Add Basket MarketNo：2 StockIdx：662
[408] 2025/11/17 17:08:25.637 Divide StockNo {HBF00}
[408] 2025/11/17 17:08:25.637 Add Basket MarketNo：2 StockIdx：671
[408] 2025/11/17 17:08:25.637 Divide StockNo {HCF00}
[408] 2025/11/17 17:08:25.637 Add Basket MarketNo：2 StockIdx：677
[408] 2025/11/17 17:08:25.637 Divide StockNo {HHF00}
[408] 2025/11/17 17:08:25.637 Add Basket MarketNo：2 StockIdx：683
[408] 2025/11/17 17:08:25.637 Divide StockNo {HIF00}
[408] 2025/11/17 17:08:25.638 Add Basket MarketNo：2 StockIdx：694
[408] 2025/11/17 17:08:25.638 Divide StockNo {HLF00}
[408] 2025/11/17 17:08:25.638 Add Basket MarketNo：2 StockIdx：700
[408] 2025/11/17 17:08:25.638 Divide StockNo {HOF00}
[408] 2025/11/17 17:08:25.638 Add Basket MarketNo：2 StockIdx：711
[408] 2025/11/17 17:08:25.638 Divide StockNo {HQF00}
[408] 2025/11/17 17:08:25.638 Add Basket MarketNo：2 StockIdx：717
[408] 2025/11/17 17:08:25.638 Divide StockNo {HSF00}
[408] 2025/11/17 17:08:25.638 Add Basket MarketNo：2 StockIdx：723
[408] 2025/11/17 17:08:25.638 Divide StockNo {IAF00}
[408] 2025/11/17 17:08:25.638 Add Basket MarketNo：2 StockIdx：729
[408] 2025/11/17 17:08:25.638 Divide StockNo {IHF00}
[408] 2025/11/17 17:08:25.638 Add Basket MarketNo：2 StockIdx：737
[408] 2025/11/17 17:08:25.638 Divide StockNo {IIF00}
[408] 2025/11/17 17:08:25.638 Add Basket MarketNo：2 StockIdx：743
[408] 2025/11/17 17:08:25.638 Divide StockNo {IJF00}
[408] 2025/11/17 17:08:25.638 Add Basket MarketNo：2 StockIdx：749
[408] 2025/11/17 17:08:25.638 Divide StockNo {IMF00}
[408] 2025/11/17 17:08:25.638 Add Basket MarketNo：2 StockIdx：755
[408] 2025/11/17 17:08:25.638 Divide StockNo {IOF00}
[408] 2025/11/17 17:08:25.638 Add Basket MarketNo：2 StockIdx：761
[408] 2025/11/17 17:08:25.638 Divide StockNo {IPF00}
[408] 2025/11/17 17:08:25.638 Add Basket MarketNo：2 StockIdx：767
[408] 2025/11/17 17:08:25.638 Divide StockNo {IQF00}
[408] 2025/11/17 17:08:25.638 Add Basket MarketNo：2 StockIdx：773
[408] 2025/11/17 17:08:25.638 Divide StockNo {IRF00}
[408] 2025/11/17 17:08:25.638 Add Basket MarketNo：2 StockIdx：779
[408] 2025/11/17 17:08:25.638 Divide StockNo {ITF00}
[408] 2025/11/17 17:08:25.638 Add Basket MarketNo：2 StockIdx：790
[408] 2025/11/17 17:08:25.638 Divide StockNo {IXF00}
[408] 2025/11/17 17:08:25.638 Add Basket MarketNo：2 StockIdx：796
[408] 2025/11/17 17:08:25.638 Divide StockNo {IYF00}
[408] 2025/11/17 17:08:25.638 Add Basket MarketNo：2 StockIdx：802
[408] 2025/11/17 17:08:25.638 Divide StockNo {IZF00}
[408] 2025/11/17 17:08:25.638 Add Basket MarketNo：2 StockIdx：808
[408] 2025/11/17 17:08:25.638 Divide StockNo {JBF00}
[408] 2025/11/17 17:08:25.638 Add Basket MarketNo：2 StockIdx：814
[408] 2025/11/17 17:08:25.638 Divide StockNo {JFF00}
[408] 2025/11/17 17:08:25.638 Add Basket MarketNo：2 StockIdx：820
[408] 2025/11/17 17:08:25.638 Divide StockNo {JMF00}
[408] 2025/11/17 17:08:25.639 Add Basket MarketNo：2 StockIdx：826
[408] 2025/11/17 17:08:25.639 Divide StockNo {JNF00}
[408] 2025/11/17 17:08:25.639 Add Basket MarketNo：2 StockIdx：832
[408] 2025/11/17 17:08:25.639 Divide StockNo {JPF00}
[408] 2025/11/17 17:08:25.639 Add Basket MarketNo：2 StockIdx：838
[408] 2025/11/17 17:08:25.639 Divide StockNo {JSF00}
[408] 2025/11/17 17:08:25.639 Add Basket MarketNo：2 StockIdx：844
[408] 2025/11/17 17:08:25.639 Divide StockNo {JWF00}
[408] 2025/11/17 17:08:25.639 Add Basket MarketNo：2 StockIdx：850
[408] 2025/11/17 17:08:25.639 Divide StockNo {JXF00}
[408] 2025/11/17 17:08:25.639 Add Basket MarketNo：2 StockIdx：856
[408] 2025/11/17 17:08:25.639 Divide StockNo {JZF00}
[408] 2025/11/17 17:08:25.639 Add Basket MarketNo：2 StockIdx：862
[408] 2025/11/17 17:08:25.639 Divide StockNo {KAF00}
[408] 2025/11/17 17:08:25.639 Add Basket MarketNo：2 StockIdx：868
[408] 2025/11/17 17:08:25.639 Divide StockNo {KBF00}
[408] 2025/11/17 17:08:25.639 Add Basket MarketNo：2 StockIdx：874
[408] 2025/11/17 17:08:25.639 Divide StockNo {KCF00}
[408] 2025/11/17 17:08:25.639 Add Basket MarketNo：2 StockIdx：880
[408] 2025/11/17 17:08:25.639 Divide StockNo {KDF00}
[408] 2025/11/17 17:08:25.639 Add Basket MarketNo：2 StockIdx：886
[408] 2025/11/17 17:08:25.639 Divide StockNo {KEF00}
[408] 2025/11/17 17:08:25.639 Add Basket MarketNo：2 StockIdx：892
[408] 2025/11/17 17:08:25.639 Divide StockNo {KFF00}
[408] 2025/11/17 17:08:25.639 Add Basket MarketNo：2 StockIdx：898
[408] 2025/11/17 17:08:25.639 Divide StockNo {KGF00}
[408] 2025/11/17 17:08:25.639 Add Basket MarketNo：2 StockIdx：904
[408] 2025/11/17 17:08:25.639 Divide StockNo {KIF00}
[408] 2025/11/17 17:08:25.639 Add Basket MarketNo：2 StockIdx：910
[408] 2025/11/17 17:08:25.639 Divide StockNo {KKF00}
[408] 2025/11/17 17:08:25.639 Add Basket MarketNo：2 StockIdx：916
[408] 2025/11/17 17:08:25.639 Divide StockNo {KLF00}
[408] 2025/11/17 17:08:25.639 Add Basket MarketNo：2 StockIdx：922
[408] 2025/11/17 17:08:25.639 Divide StockNo {KOF00}
[408] 2025/11/17 17:08:25.639 Add Basket MarketNo：2 StockIdx：928
[408] 2025/11/17 17:08:25.639 Divide StockNo {KPF00}
[408] 2025/11/17 17:08:25.639 Add Basket MarketNo：2 StockIdx：934
[408] 2025/11/17 17:08:25.639 Divide StockNo {KSF00}
[408] 2025/11/17 17:08:25.639 Add Basket MarketNo：2 StockIdx：940
[408] 2025/11/17 17:08:25.639 Divide StockNo {KUF00}
[408] 2025/11/17 17:08:25.639 Add Basket MarketNo：2 StockIdx：946
[408] 2025/11/17 17:08:25.640 Divide StockNo {KWF00}
[408] 2025/11/17 17:08:25.640 Add Basket MarketNo：2 StockIdx：952
[408] 2025/11/17 17:08:25.640 Divide StockNo {LBF00}
[408] 2025/11/17 17:08:25.640 Add Basket MarketNo：2 StockIdx：958
[408] 2025/11/17 17:08:25.640 Divide StockNo {LCF00}
[408] 2025/11/17 17:08:25.640 Add Basket MarketNo：2 StockIdx：964
[408] 2025/11/17 17:08:25.640 Divide StockNo {LEF00}
[408] 2025/11/17 17:08:25.640 Add Basket MarketNo：2 StockIdx：970
[408] 2025/11/17 17:08:25.640 Divide StockNo {LIF00}
[408] 2025/11/17 17:08:25.640 Add Basket MarketNo：2 StockIdx：976
[408] 2025/11/17 17:08:25.640 Divide StockNo {LMF00}
[408] 2025/11/17 17:08:25.640 Add Basket MarketNo：2 StockIdx：982
[408] 2025/11/17 17:08:25.640 Divide StockNo {LOF00}
[408] 2025/11/17 17:08:25.640 Add Basket MarketNo：2 StockIdx：988
[408] 2025/11/17 17:08:25.640 Divide StockNo {LQF00}
[408] 2025/11/17 17:08:25.640 Add Basket MarketNo：2 StockIdx：994
[408] 2025/11/17 17:08:25.640 Divide StockNo {LRF00}
[408] 2025/11/17 17:08:25.640 Add Basket MarketNo：2 StockIdx：1000
[408] 2025/11/17 17:08:25.640 Divide StockNo {LTF00}
[408] 2025/11/17 17:08:25.640 Add Basket MarketNo：2 StockIdx：1008
[408] 2025/11/17 17:08:25.640 Divide StockNo {LUF00}
[408] 2025/11/17 17:08:25.640 Add Basket MarketNo：2 StockIdx：1014
[408] 2025/11/17 17:08:25.640 Divide StockNo {LVF00}
[408] 2025/11/17 17:08:25.640 Add Basket MarketNo：2 StockIdx：1020
[408] 2025/11/17 17:08:25.640 Divide StockNo {LWF00}
[408] 2025/11/17 17:08:25.640 Add Basket MarketNo：2 StockIdx：1028
[408] 2025/11/17 17:08:25.640 Divide StockNo {LXF00}
[408] 2025/11/17 17:08:25.640 Add Basket MarketNo：2 StockIdx：1034
[408] 2025/11/17 17:08:25.640 Divide StockNo {LYF00}
[408] 2025/11/17 17:08:25.640 Add Basket MarketNo：2 StockIdx：1041
[408] 2025/11/17 17:08:25.640 Divide StockNo {MAF00}
[408] 2025/11/17 17:08:25.640 Add Basket MarketNo：2 StockIdx：1047
[408] 2025/11/17 17:08:25.640 Divide StockNo {MBF00}
[408] 2025/11/17 17:08:25.640 Add Basket MarketNo：2 StockIdx：1050
[408] 2025/11/17 17:08:25.640 Divide StockNo {MJF00}
[408] 2025/11/17 17:08:25.640 Add Basket MarketNo：2 StockIdx：1056
[408] 2025/11/17 17:08:25.640 Divide StockNo {MKF00}
[408] 2025/11/17 17:08:25.640 Add Basket MarketNo：2 StockIdx：1062
[408] 2025/11/17 17:08:25.640 Divide StockNo {MQF00}
[408] 2025/11/17 17:08:25.640 Add Basket MarketNo：2 StockIdx：1068
[408] 2025/11/17 17:08:25.640 Divide StockNo {MVF00}
[408] 2025/11/17 17:08:25.640 Add Basket MarketNo：2 StockIdx：1074
[408] 2025/11/17 17:08:25.640 Divide StockNo {MYF00}
[408] 2025/11/17 17:08:25.640 Add Basket MarketNo：2 StockIdx：1080
[408] 2025/11/17 17:08:25.640 Divide StockNo {NAF00}
[408] 2025/11/17 17:08:25.640 Add Basket MarketNo：2 StockIdx：1086
[408] 2025/11/17 17:08:25.640 Divide StockNo {NBF00}
[408] 2025/11/17 17:08:25.640 Add Basket MarketNo：2 StockIdx：1092
[408] 2025/11/17 17:08:25.640 Divide StockNo {NDF00}
[408] 2025/11/17 17:08:25.640 Add Basket MarketNo：2 StockIdx：1098
[408] 2025/11/17 17:08:25.640 Divide StockNo {NEF00}
[408] 2025/11/17 17:08:25.640 Add Basket MarketNo：2 StockIdx：1104
[408] 2025/11/17 17:08:25.640 Divide StockNo {NGF00}
[408] 2025/11/17 17:08:25.640 Add Basket MarketNo：2 StockIdx：1110
[408] 2025/11/17 17:08:25.640 Divide StockNo {NIF00}
[408] 2025/11/17 17:08:25.640 Add Basket MarketNo：2 StockIdx：1116
[408] 2025/11/17 17:08:25.640 Divide StockNo {NJF00}
[408] 2025/11/17 17:08:25.640 Add Basket MarketNo：2 StockIdx：1124
[408] 2025/11/17 17:08:25.640 Divide StockNo {NLF00}
[408] 2025/11/17 17:08:25.640 Add Basket MarketNo：2 StockIdx：1130
[408] 2025/11/17 17:08:25.640 Divide StockNo {NMF00}
[408] 2025/11/17 17:08:25.640 Add Basket MarketNo：2 StockIdx：1136
[408] 2025/11/17 17:08:25.640 Divide StockNo {NOF00}
[408] 2025/11/17 17:08:25.640 Add Basket MarketNo：2 StockIdx：1142
[408] 2025/11/17 17:08:25.640 Divide StockNo {NQF00}
[408] 2025/11/17 17:08:25.640 Add Basket MarketNo：2 StockIdx：1148
[408] 2025/11/17 17:08:25.640 Divide StockNo {NSF00}
[408] 2025/11/17 17:08:25.640 Add Basket MarketNo：2 StockIdx：1154
[408] 2025/11/17 17:08:25.640 Divide StockNo {NUF00}
[408] 2025/11/17 17:08:25.640 Add Basket MarketNo：2 StockIdx：1160
[408] 2025/11/17 17:08:25.640 Divide StockNo {NVF00}
[408] 2025/11/17 17:08:25.641 Add Basket MarketNo：2 StockIdx：1166
[408] 2025/11/17 17:08:25.641 Divide StockNo {NWF00}
[408] 2025/11/17 17:08:25.641 Add Basket MarketNo：2 StockIdx：1172
[408] 2025/11/17 17:08:25.641 Divide StockNo {NYF00}
[408] 2025/11/17 17:08:25.641 Add Basket MarketNo：2 StockIdx：5668
[408] 2025/11/17 17:08:25.641 Divide StockNo {OAF00}
[408] 2025/11/17 17:08:25.641 Add Basket MarketNo：2 StockIdx：1184
[408] 2025/11/17 17:08:25.641 Divide StockNo {OBF00}
[408] 2025/11/17 17:08:25.641 Add Basket MarketNo：2 StockIdx：1190
[408] 2025/11/17 17:08:25.641 Divide StockNo {ODF00}
[408] 2025/11/17 17:08:25.641 Add Basket MarketNo：2 StockIdx：1196
[408] 2025/11/17 17:08:25.641 Divide StockNo {OEF00}
[408] 2025/11/17 17:08:25.641 Add Basket MarketNo：2 StockIdx：1202
[408] 2025/11/17 17:08:25.641 Divide StockNo {OHF00}
[408] 2025/11/17 17:08:25.641 Add Basket MarketNo：2 StockIdx：1208
[408] 2025/11/17 17:08:25.641 Divide StockNo {OJF00}
[408] 2025/11/17 17:08:25.641 Add Basket MarketNo：2 StockIdx：1214
[408] 2025/11/17 17:08:25.641 Divide StockNo {OKF00}
[408] 2025/11/17 17:08:25.641 Add Basket MarketNo：2 StockIdx：1220
[408] 2025/11/17 17:08:25.641 Divide StockNo {OLF00}
[408] 2025/11/17 17:08:25.641 Add Basket MarketNo：2 StockIdx：1226
[408] 2025/11/17 17:08:25.641 Divide StockNo {OMF00}
[408] 2025/11/17 17:08:25.641 Add Basket MarketNo：2 StockIdx：1232
[408] 2025/11/17 17:08:25.641 Divide StockNo {OOF00}
[408] 2025/11/17 17:08:25.641 Add Basket MarketNo：2 StockIdx：1238
[408] 2025/11/17 17:08:25.641 Divide StockNo {OPF00}
[408] 2025/11/17 17:08:25.641 Add Basket MarketNo：2 StockIdx：1244
[408] 2025/11/17 17:08:25.641 Divide StockNo {OQF00}
[408] 2025/11/17 17:08:25.641 Add Basket MarketNo：2 StockIdx：1250
[408] 2025/11/17 17:08:25.641 Divide StockNo {ORF00}
[408] 2025/11/17 17:08:25.641 Add Basket MarketNo：2 StockIdx：1256
[408] 2025/11/17 17:08:25.641 Divide StockNo {OSF00}
[408] 2025/11/17 17:08:25.641 Add Basket MarketNo：2 StockIdx：1262
[408] 2025/11/17 17:08:25.641 Divide StockNo {OTF00}
[408] 2025/11/17 17:08:25.641 Add Basket MarketNo：2 StockIdx：1268
[408] 2025/11/17 17:08:25.641 Divide StockNo {OUF00}
[408] 2025/11/17 17:08:25.641 Add Basket MarketNo：2 StockIdx：1274
[408] 2025/11/17 17:08:25.641 Divide StockNo {OVF00}
[408] 2025/11/17 17:08:25.641 Add Basket MarketNo：2 StockIdx：1280
[408] 2025/11/17 17:08:25.641 Divide StockNo {OWF00}
[408] 2025/11/17 17:08:25.641 Add Basket MarketNo：2 StockIdx：1286
[408] 2025/11/17 17:08:25.641 Divide StockNo {OXF00}
[408] 2025/11/17 17:08:25.641 Add Basket MarketNo：2 StockIdx：1292
[408] 2025/11/17 17:08:25.641 Divide StockNo {OYF00}
[408] 2025/11/17 17:08:25.641 Add Basket MarketNo：2 StockIdx：1298
[408] 2025/11/17 17:08:25.641 Divide StockNo {OZF00}
[408] 2025/11/17 17:08:25.641 Add Basket MarketNo：2 StockIdx：1304
[408] 2025/11/17 17:08:25.641 Divide StockNo {PAF00}
[408] 2025/11/17 17:08:25.641 Add Basket MarketNo：2 StockIdx：1310
[408] 2025/11/17 17:08:25.641 Divide StockNo {PBF00}
[408] 2025/11/17 17:08:25.641 Add Basket MarketNo：2 StockIdx：1316
[408] 2025/11/17 17:08:25.641 Divide StockNo {PCF00}
[408] 2025/11/17 17:08:25.641 Add Basket MarketNo：2 StockIdx：1322
[408] 2025/11/17 17:08:25.641 Divide StockNo {PDF00}
[408] 2025/11/17 17:08:25.641 Add Basket MarketNo：2 StockIdx：1328
[408] 2025/11/17 17:08:25.641 Divide StockNo {PEF00}
[408] 2025/11/17 17:08:25.641 Add Basket MarketNo：2 StockIdx：1334
[408] 2025/11/17 17:08:25.641 Divide StockNo {PFF00}
[408] 2025/11/17 17:08:25.641 Add Basket MarketNo：2 StockIdx：1340
[408] 2025/11/17 17:08:25.641 Divide StockNo {PGF00}
[408] 2025/11/17 17:08:25.641 Add Basket MarketNo：2 StockIdx：1346
[408] 2025/11/17 17:08:25.641 Divide StockNo {PHF00}
[408] 2025/11/17 17:08:25.641 Add Basket MarketNo：2 StockIdx：1352
[408] 2025/11/17 17:08:25.642 Divide StockNo {PIF00}
[408] 2025/11/17 17:08:25.642 Add Basket MarketNo：2 StockIdx：1358
[408] 2025/11/17 17:08:25.642 Divide StockNo {PJF00}
[408] 2025/11/17 17:08:25.642 Add Basket MarketNo：2 StockIdx：1364
[408] 2025/11/17 17:08:25.642 Divide StockNo {PKF00}
[408] 2025/11/17 17:08:25.642 Add Basket MarketNo：2 StockIdx：1370
[408] 2025/11/17 17:08:25.642 Divide StockNo {PLF00}
[408] 2025/11/17 17:08:25.642 Add Basket MarketNo：2 StockIdx：1376
[408] 2025/11/17 17:08:25.642 Divide StockNo {PMF00}
[408] 2025/11/17 17:08:25.642 Add Basket MarketNo：2 StockIdx：1382
[408] 2025/11/17 17:08:25.642 Divide StockNo {PNF00}
[408] 2025/11/17 17:08:25.642 Add Basket MarketNo：2 StockIdx：1388
[408] 2025/11/17 17:08:25.642 Divide StockNo {PPF00}
[408] 2025/11/17 17:08:25.642 Add Basket MarketNo：2 StockIdx：1394
[408] 2025/11/17 17:08:25.642 Divide StockNo {PQF00}
[408] 2025/11/17 17:08:25.642 Add Basket MarketNo：2 StockIdx：1400
[408] 2025/11/17 17:08:25.642 Divide StockNo {PRF00}
[408] 2025/11/17 17:08:25.642 Add Basket MarketNo：2 StockIdx：1406
[408] 2025/11/17 17:08:25.642 Divide StockNo {PSF00}
[408] 2025/11/17 17:08:25.642 Add Basket MarketNo：2 StockIdx：1412
[408] 2025/11/17 17:08:25.642 Divide StockNo {PTF00}
[408] 2025/11/17 17:08:25.642 Add Basket MarketNo：2 StockIdx：1419
[408] 2025/11/17 17:08:25.642 Divide StockNo {PUF00}
[408] 2025/11/17 17:08:25.642 Add Basket MarketNo：2 StockIdx：1425
[408] 2025/11/17 17:08:25.642 Divide StockNo {PVF00}
[408] 2025/11/17 17:08:25.642 Add Basket MarketNo：2 StockIdx：1431
[408] 2025/11/17 17:08:25.642 Divide StockNo {PWF00}
[408] 2025/11/17 17:08:25.642 Add Basket MarketNo：2 StockIdx：1437
[408] 2025/11/17 17:08:25.642 Divide StockNo {PXF00}
[408] 2025/11/17 17:08:25.642 Add Basket MarketNo：2 StockIdx：1443
[408] 2025/11/17 17:08:25.642 Divide StockNo {PYF00}
[408] 2025/11/17 17:08:25.642 Add Basket MarketNo：2 StockIdx：1449
[408] 2025/11/17 17:08:25.642 Divide StockNo {PZF00}
[408] 2025/11/17 17:08:25.642 Add Basket MarketNo：2 StockIdx：1455
[408] 2025/11/17 17:08:25.642 Divide StockNo {QAF00}
[408] 2025/11/17 17:08:25.642 Add Basket MarketNo：2 StockIdx：1461
[408] 2025/11/17 17:08:25.642 Divide StockNo {QBF00}
[408] 2025/11/17 17:08:25.642 Add Basket MarketNo：2 StockIdx：1467
[408] 2025/11/17 17:08:25.642 Divide StockNo {QCF00}
[408] 2025/11/17 17:08:25.642 Add Basket MarketNo：2 StockIdx：1473
[408] 2025/11/17 17:08:25.642 Divide StockNo {QDF00}
[408] 2025/11/17 17:08:25.642 Add Basket MarketNo：2 StockIdx：1479
[408] 2025/11/17 17:08:25.642 Divide StockNo {QEF00}
[408] 2025/11/17 17:08:25.642 Add Basket MarketNo：2 StockIdx：1485
[408] 2025/11/17 17:08:25.642 Divide StockNo {QFF00}
[408] 2025/11/17 17:08:25.642 Add Basket MarketNo：2 StockIdx：5674
[408] 2025/11/17 17:08:25.642 Divide StockNo {QGF00}
[408] 2025/11/17 17:08:25.642 Add Basket MarketNo：2 StockIdx：1498
[408] 2025/11/17 17:08:25.642 Divide StockNo {QHF00}
[408] 2025/11/17 17:08:25.642 Add Basket MarketNo：2 StockIdx：1504
[408] 2025/11/17 17:08:25.642 Divide StockNo {QIF00}
[408] 2025/11/17 17:08:25.642 Add Basket MarketNo：2 StockIdx：1510
[408] 2025/11/17 17:08:25.642 Divide StockNo {QJF00}
[408] 2025/11/17 17:08:25.642 Add Basket MarketNo：2 StockIdx：1514
[408] 2025/11/17 17:08:25.642 Divide StockNo {QKF00}
[408] 2025/11/17 17:08:25.642 Add Basket MarketNo：2 StockIdx：1520
[408] 2025/11/17 17:08:25.642 Divide StockNo {QLF00}
[408] 2025/11/17 17:08:25.642 Add Basket MarketNo：2 StockIdx：1526
[408] 2025/11/17 17:08:25.642 Divide StockNo {QMF00}
[408] 2025/11/17 17:08:25.642 Add Basket MarketNo：2 StockIdx：1532
[408] 2025/11/17 17:08:25.642 Divide StockNo {QNF00}
[408] 2025/11/17 17:08:25.642 Add Basket MarketNo：2 StockIdx：1538
[408] 2025/11/17 17:08:25.642 Divide StockNo {QOF00}
[408] 2025/11/17 17:08:25.642 Add Basket MarketNo：2 StockIdx：1544
[408] 2025/11/17 17:08:25.642 Divide StockNo {QPF00}
[408] 2025/11/17 17:08:25.642 Add Basket MarketNo：2 StockIdx：1550
[408] 2025/11/17 17:08:25.642 Divide StockNo {QQF00}
[408] 2025/11/17 17:08:25.642 Add Basket MarketNo：2 StockIdx：1556
[408] 2025/11/17 17:08:25.642 Divide StockNo {QRF00}
[408] 2025/11/17 17:08:25.643 Add Basket MarketNo：2 StockIdx：1562
[408] 2025/11/17 17:08:25.643 Divide StockNo {QSF00}
[408] 2025/11/17 17:08:25.643 Add Basket MarketNo：2 StockIdx：1568
[408] 2025/11/17 17:08:25.643 Divide StockNo {QTF00}
[408] 2025/11/17 17:08:25.643 Add Basket MarketNo：2 StockIdx：1574
[408] 2025/11/17 17:08:25.643 Divide StockNo {QUF00}
[408] 2025/11/17 17:08:25.643 Add Basket MarketNo：2 StockIdx：1580
[408] 2025/11/17 17:08:25.643 Divide StockNo {QVF00}
[408] 2025/11/17 17:08:25.643 Add Basket MarketNo：2 StockIdx：1586
[408] 2025/11/17 17:08:25.643 Divide StockNo {QWF00}
[408] 2025/11/17 17:08:25.643 Add Basket MarketNo：2 StockIdx：1592
[408] 2025/11/17 17:08:25.643 Divide StockNo {QXF00}
[408] 2025/11/17 17:08:25.643 Add Basket MarketNo：2 StockIdx：1598
[408] 2025/11/17 17:08:25.643 Divide StockNo {QYF00}
[408] 2025/11/17 17:08:25.643 Add Basket MarketNo：2 StockIdx：1604
[408] 2025/11/17 17:08:25.643 Divide StockNo {QZF00}
[408] 2025/11/17 17:08:25.643 Add Basket MarketNo：2 StockIdx：1610
[408] 2025/11/17 17:08:25.643 Divide StockNo {RAF00}
[408] 2025/11/17 17:08:25.643 Add Basket MarketNo：2 StockIdx：1616
[408] 2025/11/17 17:08:25.643 Divide StockNo {RBF00}
[408] 2025/11/17 17:08:25.643 Add Basket MarketNo：2 StockIdx：1622
[408] 2025/11/17 17:08:25.643 Divide StockNo {RCF00}
[408] 2025/11/17 17:08:25.643 Add Basket MarketNo：2 StockIdx：1628
[408] 2025/11/17 17:08:25.643 Divide StockNo {RDF00}
[408] 2025/11/17 17:08:25.643 Add Basket MarketNo：2 StockIdx：1634
[408] 2025/11/17 17:08:25.643 Divide StockNo {REF00}
[408] 2025/11/17 17:08:25.643 Add Basket MarketNo：2 StockIdx：1640
[408] 2025/11/17 17:08:25.643 Divide StockNo {RFF00}
[408] 2025/11/17 17:08:25.643 Add Basket MarketNo：2 StockIdx：1646
[408] 2025/11/17 17:08:25.643 Divide StockNo {RGF00}
[408] 2025/11/17 17:08:25.643 Add Basket MarketNo：2 StockIdx：1652
[408] 2025/11/17 17:08:25.643 Divide StockNo {RIF00}
[408] 2025/11/17 17:08:25.643 Add Basket MarketNo：2 StockIdx：1658
[408] 2025/11/17 17:08:25.643 Divide StockNo {RJF00}
[408] 2025/11/17 17:08:25.643 Add Basket MarketNo：2 StockIdx：1664
[408] 2025/11/17 17:08:25.643 Divide StockNo {RKF00}
[408] 2025/11/17 17:08:25.643 Add Basket MarketNo：2 StockIdx：1670
[408] 2025/11/17 17:08:25.643 Divide StockNo {RLF00}
[408] 2025/11/17 17:08:25.643 Add Basket MarketNo：2 StockIdx：1676
[408] 2025/11/17 17:08:25.643 Divide StockNo {RMF00}
[408] 2025/11/17 17:08:25.643 Stock Is Not Exist 
[408] 2025/11/17 17:08:25.643 Divide StockNo {RNF00}
[408] 2025/11/17 17:08:25.643 Add Basket MarketNo：2 StockIdx：1682
[408] 2025/11/17 17:08:25.643 Divide StockNo {ROF00}
[408] 2025/11/17 17:08:25.643 Add Basket MarketNo：2 StockIdx：1688
[408] 2025/11/17 17:08:25.643 Divide StockNo {RPF00}
[408] 2025/11/17 17:08:25.643 Add Basket MarketNo：2 StockIdx：1694
[408] 2025/11/17 17:08:25.643 Divide StockNo {RQF00}
[408] 2025/11/17 17:08:25.643 Stock Is Not Exist 
[408] 2025/11/17 17:08:25.643 Divide StockNo {RRF00}
[408] 2025/11/17 17:08:25.643 Add Basket MarketNo：2 StockIdx：1701
[408] 2025/11/17 17:08:25.643 Divide StockNo {RSF00}
[408] 2025/11/17 17:08:25.643 Add Basket MarketNo：2 StockIdx：1707
[408] 2025/11/17 17:08:25.643 Divide StockNo {RUF00}
[408] 2025/11/17 17:08:25.643 Add Basket MarketNo：2 StockIdx：1713
[408] 2025/11/17 17:08:25.643 Divide StockNo {RVF00}
[408] 2025/11/17 17:08:25.643 Add Basket MarketNo：2 StockIdx：1719
[408] 2025/11/17 17:08:25.643 Divide StockNo {RWF00}
[408] 2025/11/17 17:08:25.643 Add Basket MarketNo：2 StockIdx：1725
[408] 2025/11/17 17:08:25.643 Divide StockNo {RXF00}
[408] 2025/11/17 17:08:25.643 Add Basket MarketNo：2 StockIdx：1731
[408] 2025/11/17 17:08:25.643 Divide StockNo {RYF00}
[408] 2025/11/17 17:08:25.643 Add Basket MarketNo：2 StockIdx：1737
[408] 2025/11/17 17:08:25.643 Divide StockNo {RZF00}
[408] 2025/11/17 17:08:25.643 Add Basket MarketNo：2 StockIdx：5680
[408] 2025/11/17 17:08:25.643 Divide StockNo {SAF00}
[408] 2025/11/17 17:08:25.643 Add Basket MarketNo：2 StockIdx：1749
[408] 2025/11/17 17:08:25.644 Divide StockNo {SBF00}
[408] 2025/11/17 17:08:25.644 Add Basket MarketNo：2 StockIdx：1755
[408] 2025/11/17 17:08:25.644 Divide StockNo {SCF00}
[408] 2025/11/17 17:08:25.644 Add Basket MarketNo：2 StockIdx：1761
[408] 2025/11/17 17:08:25.644 Divide StockNo {SDF00}
[408] 2025/11/17 17:08:25.644 Add Basket MarketNo：2 StockIdx：1767
[408] 2025/11/17 17:08:25.644 Divide StockNo {SEF00}
[408] 2025/11/17 17:08:25.644 Add Basket MarketNo：2 StockIdx：1773
[408] 2025/11/17 17:08:25.644 Divide StockNo {SFF00}
[408] 2025/11/17 17:08:25.644 Add Basket MarketNo：2 StockIdx：1779
[408] 2025/11/17 17:08:25.644 Divide StockNo {SGF00}
[408] 2025/11/17 17:08:25.644 Add Basket MarketNo：2 StockIdx：1785
[408] 2025/11/17 17:08:25.644 Divide StockNo {SIF00}
[408] 2025/11/17 17:08:25.644 Add Basket MarketNo：2 StockIdx：1791
[408] 2025/11/17 17:08:25.644 Divide StockNo {SJF00}
[408] 2025/11/17 17:08:25.644 Add Basket MarketNo：2 StockIdx：1797
[408] 2025/11/17 17:08:25.644 Divide StockNo {SKF00}
[408] 2025/11/17 17:08:25.644 Add Basket MarketNo：2 StockIdx：1803
[408] 2025/11/17 17:08:25.644 Divide StockNo {SLF00}
[408] 2025/11/17 17:08:25.644 Add Basket MarketNo：2 StockIdx：1809
[408] 2025/11/17 17:08:25.644 Divide StockNo {SMF00}
[408] 2025/11/17 17:08:25.644 Add Basket MarketNo：2 StockIdx：1815
[408] 2025/11/17 17:08:25.644 Divide StockNo {SNF00}
[408] 2025/11/17 17:08:25.644 Add Basket MarketNo：2 StockIdx：1821
[408] 2025/11/17 17:08:25.644 Divide StockNo {SQF00}
[408] 2025/11/17 17:08:25.644 Add Basket MarketNo：2 StockIdx：1827
[408] 2025/11/17 17:08:25.644 Divide StockNo {SRF00}
[408] 2025/11/17 17:08:25.644 Add Basket MarketNo：2 StockIdx：5686
[408] 2025/11/17 17:08:25.644 Divide StockNo {SSF00}
[408] 2025/11/17 17:08:25.644 Add Basket MarketNo：2 StockIdx：1840
[408] 2025/11/17 17:08:25.644 Divide StockNo {SUF00}
[408] 2025/11/17 17:08:25.644 Add Basket MarketNo：2 StockIdx：1846
[408] 2025/11/17 17:08:25.644 Divide StockNo {SVF00}
[408] 2025/11/17 17:08:25.644 Add Basket MarketNo：2 StockIdx：1852
[408] 2025/11/17 17:08:25.644 Divide StockNo {SWF00}
[408] 2025/11/17 17:08:25.644 Add Basket MarketNo：2 StockIdx：1858
[408] 2025/11/17 17:08:25.644 Divide StockNo {SYF00}
[408] 2025/11/17 17:08:25.644 Add Basket MarketNo：2 StockIdx：1864
[408] 2025/11/17 17:08:25.644 Divide StockNo {SZF00}
[408] 2025/11/17 17:08:25.644 Add Basket MarketNo：2 StockIdx：1870
[408] 2025/11/17 17:08:25.644 Divide StockNo {UAF00}
[408] 2025/11/17 17:08:25.644 Add Basket MarketNo：2 StockIdx：1876
[408] 2025/11/17 17:08:25.644 Divide StockNo {UBF00}
[408] 2025/11/17 17:08:25.644 Add Basket MarketNo：2 StockIdx：1882
[408] 2025/11/17 17:08:25.644 Divide StockNo {UCF00}
[408] 2025/11/17 17:08:25.644 Add Basket MarketNo：2 StockIdx：1888
[408] 2025/11/17 17:08:25.644 Divide StockNo {UEF00}
[408] 2025/11/17 17:08:25.644 Add Basket MarketNo：2 StockIdx：1894
[408] 2025/11/17 17:08:25.644 Divide StockNo {UFF00}
[408] 2025/11/17 17:08:25.644 Add Basket MarketNo：2 StockIdx：1900
[408] 2025/11/17 17:08:25.644 Divide StockNo {UGF00}
[408] 2025/11/17 17:08:25.644 Add Basket MarketNo：2 StockIdx：1906
[408] 2025/11/17 17:08:25.644 Divide StockNo {UHF00}
[408] 2025/11/17 17:08:25.644 Add Basket MarketNo：2 StockIdx：1912
[408] 2025/11/17 17:08:25.644 Divide StockNo {UIF00}
[408] 2025/11/17 17:08:25.644 Add Basket MarketNo：2 StockIdx：1918
[408] 2025/11/17 17:08:25.644 Divide StockNo {UJF00}
[408] 2025/11/17 17:08:25.644 Add Basket MarketNo：2 StockIdx：1924
[408] 2025/11/17 17:08:25.644 Divide StockNo {UKF00}
[408] 2025/11/17 17:08:25.644 Add Basket MarketNo：2 StockIdx：1930
[408] 2025/11/17 17:08:25.644 Divide StockNo {ULF00}
[408] 2025/11/17 17:08:25.644 Add Basket MarketNo：2 StockIdx：1936
[408] 2025/11/17 17:08:25.644 Divide StockNo {UMF00}
[408] 2025/11/17 17:08:25.644 Add Basket MarketNo：2 StockIdx：1942
[408] 2025/11/17 17:08:25.644 Divide StockNo {UOF00}
[408] 2025/11/17 17:08:25.644 Add Basket MarketNo：2 StockIdx：1948
[408] 2025/11/17 17:08:25.644 Divide StockNo {UPF00}
[408] 2025/11/17 17:08:25.644 Add Basket MarketNo：2 StockIdx：1954
[408] 2025/11/17 17:08:25.644 Divide StockNo {UQF00}
[408] 2025/11/17 17:08:25.644 Add Basket MarketNo：2 StockIdx：1960
[408] 2025/11/17 17:08:25.644 Divide StockNo {URF00}
[408] 2025/11/17 17:08:25.644 Add Basket MarketNo：2 StockIdx：1967
[408] 2025/11/17 17:08:25.644 Divide StockNo {USF00}
[408] 2025/11/17 17:08:25.644 Add Basket MarketNo：2 StockIdx：1973
[408] 2025/11/17 17:08:25.645 Divide StockNo {UTF00}
[408] 2025/11/17 17:08:25.645 Add Basket MarketNo：2 StockIdx：1979
[408] 2025/11/17 17:08:25.645 Divide StockNo {UUF00}
[408] 2025/11/17 17:08:25.645 Add Basket MarketNo：2 StockIdx：1985
[408] 2025/11/17 17:08:25.645 Divide StockNo {UVF00}
[408] 2025/11/17 17:08:25.645 Add Basket MarketNo：2 StockIdx：1991
[408] 2025/11/17 17:08:25.645 Divide StockNo {UWF00}
[408] 2025/11/17 17:08:25.645 Add Basket MarketNo：2 StockIdx：1997
[408] 2025/11/17 17:08:25.645 Divide StockNo {0050}
[408] 2025/11/17 17:08:25.645 Add Basket MarketNo：0 StockIdx：0
[408] 2025/11/17 17:08:25.645 Divide StockNo {0056}
[408] 2025/11/17 17:08:25.645 Add Basket MarketNo：0 StockIdx：5
[408] 2025/11/17 17:08:25.645 Divide StockNo {006205}
[408] 2025/11/17 17:08:25.645 Add Basket MarketNo：0 StockIdx：10
[408] 2025/11/17 17:08:25.645 Divide StockNo {006206}
[408] 2025/11/17 17:08:25.645 Add Basket MarketNo：0 StockIdx：11
[408] 2025/11/17 17:08:25.645 Divide StockNo {00636}
[408] 2025/11/17 17:08:25.645 Add Basket MarketNo：0 StockIdx：20
[408] 2025/11/17 17:08:25.645 Divide StockNo {00639}
[408] 2025/11/17 17:08:25.645 Add Basket MarketNo：0 StockIdx：24
[408] 2025/11/17 17:08:25.645 Divide StockNo {00643}
[408] 2025/11/17 17:08:25.645 Add Basket MarketNo：0 StockIdx：28
[408] 2025/11/17 17:08:25.645 Divide StockNo {00679B}
[408] 2025/11/17 17:08:25.645 Add Basket MarketNo：1 StockIdx：1
[408] 2025/11/17 17:08:25.645 Divide StockNo {00687B}
[408] 2025/11/17 17:08:25.645 Add Basket MarketNo：1 StockIdx：2
[408] 2025/11/17 17:08:25.645 Divide StockNo {00719B}
[408] 2025/11/17 17:08:25.645 Add Basket MarketNo：1 StockIdx：8
[408] 2025/11/17 17:08:25.645 Divide StockNo {00757}
[408] 2025/11/17 17:08:25.645 Add Basket MarketNo：0 StockIdx：98
[408] 2025/11/17 17:08:25.645 Divide StockNo {00772B}
[408] 2025/11/17 17:08:25.645 Add Basket MarketNo：1 StockIdx：32
[408] 2025/11/17 17:08:25.645 Divide StockNo {00878}
[408] 2025/11/17 17:08:25.645 Add Basket MarketNo：0 StockIdx：113
[408] 2025/11/17 17:08:25.645 Divide StockNo {00885}
[408] 2025/11/17 17:08:25.645 Add Basket MarketNo：0 StockIdx：116
[408] 2025/11/17 17:08:25.645 Divide StockNo {00893}
[408] 2025/11/17 17:08:25.645 Add Basket MarketNo：0 StockIdx：119
[408] 2025/11/17 17:08:25.645 Divide StockNo {00919}
[408] 2025/11/17 17:08:25.645 Add Basket MarketNo：0 StockIdx：143
[408] 2025/11/17 17:08:25.645 Divide StockNo {00923}
[408] 2025/11/17 17:08:25.645 Add Basket MarketNo：0 StockIdx：147
[408] 2025/11/17 17:08:25.645 Divide StockNo {00929}
[408] 2025/11/17 17:08:25.645 Add Basket MarketNo：0 StockIdx：151
[408] 2025/11/17 17:08:25.645 Divide StockNo {00937B}
[408] 2025/11/17 17:08:25.645 Add Basket MarketNo：1 StockIdx：82
[408] 2025/11/17 17:08:25.645 Divide StockNo {00940}
[408] 2025/11/17 17:08:25.645 Add Basket MarketNo：0 StockIdx：159
[408] 2025/11/17 17:08:25.645 Divide StockNo {1101}
[408] 2025/11/17 17:08:25.645 Add Basket MarketNo：0 StockIdx：33515
[408] 2025/11/17 17:08:25.645 Divide StockNo {1102}
[408] 2025/11/17 17:08:25.645 Add Basket MarketNo：0 StockIdx：33517
[408] 2025/11/17 17:08:25.645 Divide StockNo {1210}
[408] 2025/11/17 17:08:25.645 Add Basket MarketNo：0 StockIdx：33525
[408] 2025/11/17 17:08:25.645 Divide StockNo {1216}
[408] 2025/11/17 17:08:25.645 Add Basket MarketNo：0 StockIdx：33528
[408] 2025/11/17 17:08:25.645 Divide StockNo {1301}
[408] 2025/11/17 17:08:25.645 Add Basket MarketNo：0 StockIdx：33543
[408] 2025/11/17 17:08:25.645 Divide StockNo {1303}
[408] 2025/11/17 17:08:25.645 Add Basket MarketNo：0 StockIdx：33544
[408] 2025/11/17 17:08:25.645 Divide StockNo {1312}
[408] 2025/11/17 17:08:25.645 Add Basket MarketNo：0 StockIdx：33551
[408] 2025/11/17 17:08:25.645 Divide StockNo {1314}
[408] 2025/11/17 17:08:25.645 Add Basket MarketNo：0 StockIdx：33554
[408] 2025/11/17 17:08:25.645 Divide StockNo {1319}
[408] 2025/11/17 17:08:25.645 Add Basket MarketNo：0 StockIdx：33557
[408] 2025/11/17 17:08:25.645 Divide StockNo {1326}
[408] 2025/11/17 17:08:25.646 Add Basket MarketNo：0 StockIdx：33562
[408] 2025/11/17 17:08:25.646 Divide StockNo {1402}
[408] 2025/11/17 17:08:25.646 Add Basket MarketNo：0 StockIdx：33569
[408] 2025/11/17 17:08:25.646 Divide StockNo {1440}
[408] 2025/11/17 17:08:25.646 Add Basket MarketNo：0 StockIdx：33586
[408] 2025/11/17 17:08:25.646 Divide StockNo {1476}
[408] 2025/11/17 17:08:25.646 Add Basket MarketNo：0 StockIdx：33616
[408] 2025/11/17 17:08:25.646 Divide StockNo {1477}
[408] 2025/11/17 17:08:25.646 Add Basket MarketNo：0 StockIdx：33617
[408] 2025/11/17 17:08:25.646 Divide StockNo {1503}
[408] 2025/11/17 17:08:25.646 Add Basket MarketNo：0 StockIdx：33618
[408] 2025/11/17 17:08:25.646 Divide StockNo {1504}
[408] 2025/11/17 17:08:25.646 Add Basket MarketNo：0 StockIdx：33619
[408] 2025/11/17 17:08:25.646 Divide StockNo {1513}
[408] 2025/11/17 17:08:25.646 Add Basket MarketNo：0 StockIdx：33622
[408] 2025/11/17 17:08:25.646 Divide StockNo {1536}
[408] 2025/11/17 17:08:25.646 Add Basket MarketNo：0 StockIdx：33642
[408] 2025/11/17 17:08:25.646 Divide StockNo {1565}
[408] 2025/11/17 17:08:25.646 Add Basket MarketNo：1 StockIdx：140
[408] 2025/11/17 17:08:25.646 Divide StockNo {1590}
[408] 2025/11/17 17:08:25.646 Add Basket MarketNo：0 StockIdx：33656
[408] 2025/11/17 17:08:25.646 Divide StockNo {1605}
[408] 2025/11/17 17:08:25.646 Add Basket MarketNo：0 StockIdx：33661
[408] 2025/11/17 17:08:25.646 Divide StockNo {1609}
[408] 2025/11/17 17:08:25.646 Add Basket MarketNo：0 StockIdx：33663
[408] 2025/11/17 17:08:25.646 Divide StockNo {1707}
[408] 2025/11/17 17:08:25.646 Add Basket MarketNo：0 StockIdx：33673
[408] 2025/11/17 17:08:25.646 Divide StockNo {1717}
[408] 2025/11/17 17:08:25.646 Add Basket MarketNo：0 StockIdx：33681
[408] 2025/11/17 17:08:25.646 Divide StockNo {1718}
[408] 2025/11/17 17:08:25.646 Add Basket MarketNo：0 StockIdx：33682
[408] 2025/11/17 17:08:25.646 Divide StockNo {1722}
[408] 2025/11/17 17:08:25.646 Add Basket MarketNo：0 StockIdx：33685
[408] 2025/11/17 17:08:25.646 Divide StockNo {1795}
[408] 2025/11/17 17:08:25.646 Add Basket MarketNo：0 StockIdx：33706
[408] 2025/11/17 17:08:25.646 Divide StockNo {1802}
[408] 2025/11/17 17:08:25.646 Add Basket MarketNo：0 StockIdx：33707
[408] 2025/11/17 17:08:25.646 Divide StockNo {1904}
[408] 2025/11/17 17:08:25.646 Add Basket MarketNo：0 StockIdx：33714
[408] 2025/11/17 17:08:25.646 Divide StockNo {1905}
[408] 2025/11/17 17:08:25.646 Add Basket MarketNo：0 StockIdx：33715
[408] 2025/11/17 17:08:25.646 Divide StockNo {1907}
[408] 2025/11/17 17:08:25.646 Add Basket MarketNo：0 StockIdx：33717
[408] 2025/11/17 17:08:25.646 Divide StockNo {1909}
[408] 2025/11/17 17:08:25.646 Add Basket MarketNo：0 StockIdx：33718
[408] 2025/11/17 17:08:25.646 Divide StockNo {2002}
[408] 2025/11/17 17:08:25.646 Add Basket MarketNo：0 StockIdx：33719
[408] 2025/11/17 17:08:25.646 Divide StockNo {2006}
[408] 2025/11/17 17:08:25.646 Add Basket MarketNo：0 StockIdx：33721
[408] 2025/11/17 17:08:25.646 Divide StockNo {2014}
[408] 2025/11/17 17:08:25.646 Add Basket MarketNo：0 StockIdx：33728
[408] 2025/11/17 17:08:25.646 Divide StockNo {2027}
[408] 2025/11/17 17:08:25.646 Add Basket MarketNo：0 StockIdx：33736
[408] 2025/11/17 17:08:25.646 Divide StockNo {2049}
[408] 2025/11/17 17:08:25.646 Add Basket MarketNo：0 StockIdx：33745
[408] 2025/11/17 17:08:25.646 Divide StockNo {2059}
[408] 2025/11/17 17:08:25.646 Add Basket MarketNo：0 StockIdx：33746
[408] 2025/11/17 17:08:25.646 Divide StockNo {2105}
[408] 2025/11/17 17:08:25.646 Add Basket MarketNo：0 StockIdx：33753
[408] 2025/11/17 17:08:25.646 Divide StockNo {2201}
[408] 2025/11/17 17:08:25.646 Add Basket MarketNo：0 StockIdx：33760
[408] 2025/11/17 17:08:25.646 Divide StockNo {2231}
[408] 2025/11/17 17:08:25.646 Add Basket MarketNo：0 StockIdx：33768
[408] 2025/11/17 17:08:25.646 Divide StockNo {2301}
[408] 2025/11/17 17:08:25.646 Add Basket MarketNo：0 StockIdx：33779
[408] 2025/11/17 17:08:25.646 Divide StockNo {2303}
[408] 2025/11/17 17:08:25.646 Add Basket MarketNo：0 StockIdx：33781
[408] 2025/11/17 17:08:25.646 Divide StockNo {2308}
[408] 2025/11/17 17:08:25.646 Add Basket MarketNo：0 StockIdx：33783
[408] 2025/11/17 17:08:25.646 Divide StockNo {2312}
[408] 2025/11/17 17:08:25.646 Add Basket MarketNo：0 StockIdx：33784
[408] 2025/11/17 17:08:25.646 Divide StockNo {2313}
[408] 2025/11/17 17:08:25.646 Add Basket MarketNo：0 StockIdx：33785
[408] 2025/11/17 17:08:25.646 Divide StockNo {2317}
[408] 2025/11/17 17:08:25.646 Add Basket MarketNo：0 StockIdx：33788
[408] 2025/11/17 17:08:25.647 Divide StockNo {2323}
[408] 2025/11/17 17:08:25.647 Add Basket MarketNo：0 StockIdx：33790
[408] 2025/11/17 17:08:25.647 Divide StockNo {2324}
[408] 2025/11/17 17:08:25.647 Add Basket MarketNo：0 StockIdx：33791
[408] 2025/11/17 17:08:25.647 Divide StockNo {2327}
[408] 2025/11/17 17:08:25.647 Add Basket MarketNo：0 StockIdx：33792
[408] 2025/11/17 17:08:25.647 Divide StockNo {2328}
[408] 2025/11/17 17:08:25.647 Add Basket MarketNo：0 StockIdx：33793
[408] 2025/11/17 17:08:25.647 Divide StockNo {2330}
[408] 2025/11/17 17:08:25.647 Add Basket MarketNo：0 StockIdx：33795
[408] 2025/11/17 17:08:25.647 Divide StockNo {2331}
[408] 2025/11/17 17:08:25.647 Add Basket MarketNo：0 StockIdx：33796
[408] 2025/11/17 17:08:25.647 Divide StockNo {2332}
[408] 2025/11/17 17:08:25.647 Add Basket MarketNo：0 StockIdx：33797
[408] 2025/11/17 17:08:25.647 Divide StockNo {2337}
[408] 2025/11/17 17:08:25.647 Add Basket MarketNo：0 StockIdx：33798
[408] 2025/11/17 17:08:25.647 Divide StockNo {2338}
[408] 2025/11/17 17:08:25.647 Add Basket MarketNo：0 StockIdx：33799
[408] 2025/11/17 17:08:25.647 Divide StockNo {2340}
[408] 2025/11/17 17:08:25.647 Add Basket MarketNo：0 StockIdx：33800
[408] 2025/11/17 17:08:25.647 Divide StockNo {2344}
[408] 2025/11/17 17:08:25.647 Add Basket MarketNo：0 StockIdx：33802
[408] 2025/11/17 17:08:25.647 Divide StockNo {2345}
[408] 2025/11/17 17:08:25.647 Add Basket MarketNo：0 StockIdx：33803
[408] 2025/11/17 17:08:25.647 Divide StockNo {2347}
[408] 2025/11/17 17:08:25.647 Add Basket MarketNo：0 StockIdx：33804
[408] 2025/11/17 17:08:25.647 Divide StockNo {2352}
[408] 2025/11/17 17:08:25.647 Add Basket MarketNo：0 StockIdx：33809
[408] 2025/11/17 17:08:25.647 Divide StockNo {2353}
[408] 2025/11/17 17:08:25.647 Add Basket MarketNo：0 StockIdx：33810
[408] 2025/11/17 17:08:25.647 Divide StockNo {2354}
[408] 2025/11/17 17:08:25.647 Add Basket MarketNo：0 StockIdx：33811
[408] 2025/11/17 17:08:25.647 Divide StockNo {2355}
[408] 2025/11/17 17:08:25.647 Add Basket MarketNo：0 StockIdx：33812
[408] 2025/11/17 17:08:25.647 Divide StockNo {2356}
[408] 2025/11/17 17:08:25.647 Add Basket MarketNo：0 StockIdx：33813
[408] 2025/11/17 17:08:25.647 Divide StockNo {2357}
[408] 2025/11/17 17:08:25.647 Add Basket MarketNo：0 StockIdx：33814
[408] 2025/11/17 17:08:25.647 Divide StockNo {2360}
[408] 2025/11/17 17:08:25.647 Add Basket MarketNo：0 StockIdx：33816
[408] 2025/11/17 17:08:25.647 Divide StockNo {2368}
[408] 2025/11/17 17:08:25.647 Add Basket MarketNo：0 StockIdx：33822
[408] 2025/11/17 17:08:25.647 Divide StockNo {2371}
[408] 2025/11/17 17:08:25.647 Add Basket MarketNo：0 StockIdx：33824
[408] 2025/11/17 17:08:25.647 Divide StockNo {2376}
[408] 2025/11/17 17:08:25.647 Add Basket MarketNo：0 StockIdx：33828
[408] 2025/11/17 17:08:25.647 Divide StockNo {2377}
[408] 2025/11/17 17:08:25.647 Add Basket MarketNo：0 StockIdx：33829
[408] 2025/11/17 17:08:25.647 Divide StockNo {2379}
[408] 2025/11/17 17:08:25.647 Add Basket MarketNo：0 StockIdx：33830
[408] 2025/11/17 17:08:25.647 Divide StockNo {2382}
[408] 2025/11/17 17:08:25.647 Add Basket MarketNo：0 StockIdx：33832
[408] 2025/11/17 17:08:25.647 Divide StockNo {2383}
[408] 2025/11/17 17:08:25.647 Add Basket MarketNo：0 StockIdx：33833
[408] 2025/11/17 17:08:25.647 Divide StockNo {2385}
[408] 2025/11/17 17:08:25.647 Add Basket MarketNo：0 StockIdx：33834
[408] 2025/11/17 17:08:25.647 Divide StockNo {2388}
[408] 2025/11/17 17:08:25.647 Add Basket MarketNo：0 StockIdx：33836
[408] 2025/11/17 17:08:25.647 Divide StockNo {2392}
[408] 2025/11/17 17:08:25.647 Add Basket MarketNo：0 StockIdx：33838
[408] 2025/11/17 17:08:25.647 Divide StockNo {2393}
[408] 2025/11/17 17:08:25.647 Add Basket MarketNo：0 StockIdx：33839
[408] 2025/11/17 17:08:25.647 Divide StockNo {2401}
[408] 2025/11/17 17:08:25.647 Add Basket MarketNo：0 StockIdx：33843
[408] 2025/11/17 17:08:25.647 Divide StockNo {2404}
[408] 2025/11/17 17:08:25.647 Add Basket MarketNo：0 StockIdx：33845
[408] 2025/11/17 17:08:25.648 Divide StockNo {2408}
[408] 2025/11/17 17:08:25.648 Add Basket MarketNo：0 StockIdx：33848
[408] 2025/11/17 17:08:25.648 Divide StockNo {2409}
[408] 2025/11/17 17:08:25.648 Add Basket MarketNo：0 StockIdx：33849
[408] 2025/11/17 17:08:25.648 Divide StockNo {2412}
[408] 2025/11/17 17:08:25.648 Add Basket MarketNo：0 StockIdx：33850
[408] 2025/11/17 17:08:25.648 Divide StockNo {2439}
[408] 2025/11/17 17:08:25.648 Add Basket MarketNo：0 StockIdx：33872
[408] 2025/11/17 17:08:25.648 Divide StockNo {2441}
[408] 2025/11/17 17:08:25.648 Add Basket MarketNo：0 StockIdx：33874
[408] 2025/11/17 17:08:25.648 Divide StockNo {2449}
[408] 2025/11/17 17:08:25.648 Add Basket MarketNo：0 StockIdx：33877
[408] 2025/11/17 17:08:25.648 Divide StockNo {2454}
[408] 2025/11/17 17:08:25.648 Add Basket MarketNo：0 StockIdx：33881
[408] 2025/11/17 17:08:25.648 Divide StockNo {2455}
[408] 2025/11/17 17:08:25.648 Add Basket MarketNo：0 StockIdx：33882
[408] 2025/11/17 17:08:25.648 Divide StockNo {2457}
[408] 2025/11/17 17:08:25.648 Add Basket MarketNo：0 StockIdx：33883
[408] 2025/11/17 17:08:25.648 Divide StockNo {2458}
[408] 2025/11/17 17:08:25.648 Add Basket MarketNo：0 StockIdx：33884
[408] 2025/11/17 17:08:25.648 Divide StockNo {2474}
[408] 2025/11/17 17:08:25.648 Add Basket MarketNo：0 StockIdx：33896
[408] 2025/11/17 17:08:25.648 Divide StockNo {2481}
[408] 2025/11/17 17:08:25.648 Add Basket MarketNo：0 StockIdx：33901
[408] 2025/11/17 17:08:25.648 Divide StockNo {2485}
[408] 2025/11/17 17:08:25.648 Add Basket MarketNo：0 StockIdx：33905
[408] 2025/11/17 17:08:25.648 Divide StockNo {2486}
[408] 2025/11/17 17:08:25.648 Add Basket MarketNo：0 StockIdx：33906
[408] 2025/11/17 17:08:25.648 Divide StockNo {2489}
[408] 2025/11/17 17:08:25.648 Add Basket MarketNo：0 StockIdx：33908
[408] 2025/11/17 17:08:25.648 Divide StockNo {2492}
[408] 2025/11/17 17:08:25.648 Add Basket MarketNo：0 StockIdx：33910
[408] 2025/11/17 17:08:25.648 Divide StockNo {2498}
[408] 2025/11/17 17:08:25.648 Add Basket MarketNo：0 StockIdx：33915
[408] 2025/11/17 17:08:25.648 Divide StockNo {2515}
[408] 2025/11/17 17:08:25.648 Add Basket MarketNo：0 StockIdx：33923
[408] 2025/11/17 17:08:25.648 Divide StockNo {2520}
[408] 2025/11/17 17:08:25.648 Add Basket MarketNo：0 StockIdx：33925
[408] 2025/11/17 17:08:25.648 Divide StockNo {2542}
[408] 2025/11/17 17:08:25.648 Add Basket MarketNo：0 StockIdx：33937
[408] 2025/11/17 17:08:25.648 Divide StockNo {2548}
[408] 2025/11/17 17:08:25.648 Add Basket MarketNo：0 StockIdx：33942
[408] 2025/11/17 17:08:25.648 Divide StockNo {2603}
[408] 2025/11/17 17:08:25.648 Add Basket MarketNo：0 StockIdx：33945
[408] 2025/11/17 17:08:25.648 Divide StockNo {2605}
[408] 2025/11/17 17:08:25.648 Add Basket MarketNo：0 StockIdx：33946
[408] 2025/11/17 17:08:25.648 Divide StockNo {2606}
[408] 2025/11/17 17:08:25.648 Add Basket MarketNo：0 StockIdx：33947
[408] 2025/11/17 17:08:25.648 Divide StockNo {2609}
[408] 2025/11/17 17:08:25.648 Add Basket MarketNo：0 StockIdx：33950
[408] 2025/11/17 17:08:25.648 Divide StockNo {2610}
[408] 2025/11/17 17:08:25.648 Add Basket MarketNo：0 StockIdx：33951
[408] 2025/11/17 17:08:25.648 Divide StockNo {2615}
[408] 2025/11/17 17:08:25.648 Add Basket MarketNo：0 StockIdx：33956
[408] 2025/11/17 17:08:25.648 Divide StockNo {2618}
[408] 2025/11/17 17:08:25.648 Add Basket MarketNo：0 StockIdx：33959
[408] 2025/11/17 17:08:25.648 Divide StockNo {2633}
[408] 2025/11/17 17:08:25.648 Add Basket MarketNo：0 StockIdx：33961
[408] 2025/11/17 17:08:25.648 Divide StockNo {2634}
[408] 2025/11/17 17:08:25.648 Add Basket MarketNo：0 StockIdx：33962
[408] 2025/11/17 17:08:25.648 Divide StockNo {2801}
[408] 2025/11/17 17:08:25.648 Add Basket MarketNo：0 StockIdx：33983
[408] 2025/11/17 17:08:25.648 Divide StockNo {2834}
[408] 2025/11/17 17:08:25.648 Add Basket MarketNo：0 StockIdx：33988
[408] 2025/11/17 17:08:25.648 Divide StockNo {2880}
[408] 2025/11/17 17:08:25.648 Add Basket MarketNo：0 StockIdx：34000
[408] 2025/11/17 17:08:25.648 Divide StockNo {2881}
[408] 2025/11/17 17:08:25.648 Add Basket MarketNo：0 StockIdx：34001
[408] 2025/11/17 17:08:25.648 Divide StockNo {2882}
[408] 2025/11/17 17:08:25.648 Add Basket MarketNo：0 StockIdx：34005
[408] 2025/11/17 17:08:25.648 Divide StockNo {2883}
[408] 2025/11/17 17:08:25.648 Add Basket MarketNo：0 StockIdx：34008
[408] 2025/11/17 17:08:25.648 Divide StockNo {2884}
[408] 2025/11/17 17:08:25.649 Add Basket MarketNo：0 StockIdx：34010
[408] 2025/11/17 17:08:25.649 Divide StockNo {2885}
[408] 2025/11/17 17:08:25.649 Add Basket MarketNo：0 StockIdx：34011
[408] 2025/11/17 17:08:25.649 Divide StockNo {2886}
[408] 2025/11/17 17:08:25.649 Add Basket MarketNo：0 StockIdx：34012
[408] 2025/11/17 17:08:25.649 Divide StockNo {2887}
[408] 2025/11/17 17:08:25.649 Add Basket MarketNo：0 StockIdx：34013
[408] 2025/11/17 17:08:25.649 Divide StockNo {2888}
[408] 2025/11/17 17:08:25.649 Stock Is Not Exist 
[408] 2025/11/17 17:08:25.649 Divide StockNo {2890}
[408] 2025/11/17 17:08:25.649 Add Basket MarketNo：0 StockIdx：34021
[408] 2025/11/17 17:08:25.649 Divide StockNo {2891}
[408] 2025/11/17 17:08:25.649 Add Basket MarketNo：0 StockIdx：34022
[408] 2025/11/17 17:08:25.649 Divide StockNo {2892}
[408] 2025/11/17 17:08:25.649 Add Basket MarketNo：0 StockIdx：34025
[408] 2025/11/17 17:08:25.649 Divide StockNo {2913}
[408] 2025/11/17 17:08:25.649 Add Basket MarketNo：0 StockIdx：34037
[408] 2025/11/17 17:08:25.649 Divide StockNo {2915}
[408] 2025/11/17 17:08:25.649 Add Basket MarketNo：0 StockIdx：34038
[408] 2025/11/17 17:08:25.649 Divide StockNo {3005}
[408] 2025/11/17 17:08:25.649 Add Basket MarketNo：0 StockIdx：34046
[408] 2025/11/17 17:08:25.649 Divide StockNo {3006}
[408] 2025/11/17 17:08:25.649 Add Basket MarketNo：0 StockIdx：34047
[408] 2025/11/17 17:08:25.649 Divide StockNo {3008}
[408] 2025/11/17 17:08:25.649 Add Basket MarketNo：0 StockIdx：34048
[408] 2025/11/17 17:08:25.649 Divide StockNo {3017}
[408] 2025/11/17 17:08:25.649 Add Basket MarketNo：0 StockIdx：34055
[408] 2025/11/17 17:08:25.649 Divide StockNo {3019}
[408] 2025/11/17 17:08:25.649 Add Basket MarketNo：0 StockIdx：34057
[408] 2025/11/17 17:08:25.649 Divide StockNo {3034}
[408] 2025/11/17 17:08:25.649 Add Basket MarketNo：0 StockIdx：34071
[408] 2025/11/17 17:08:25.649 Divide StockNo {3035}
[408] 2025/11/17 17:08:25.649 Add Basket MarketNo：0 StockIdx：34072
[408] 2025/11/17 17:08:25.649 Divide StockNo {3036}
[408] 2025/11/17 17:08:25.649 Add Basket MarketNo：0 StockIdx：34073
[408] 2025/11/17 17:08:25.649 Divide StockNo {3037}
[408] 2025/11/17 17:08:25.649 Add Basket MarketNo：0 StockIdx：34075
[408] 2025/11/17 17:08:25.649 Divide StockNo {3042}
[408] 2025/11/17 17:08:25.649 Add Basket MarketNo：0 StockIdx：34079
[408] 2025/11/17 17:08:25.649 Divide StockNo {3044}
[408] 2025/11/17 17:08:25.649 Add Basket MarketNo：0 StockIdx：34081
[408] 2025/11/17 17:08:25.649 Divide StockNo {3045}
[408] 2025/11/17 17:08:25.649 Add Basket MarketNo：0 StockIdx：34082
[408] 2025/11/17 17:08:25.649 Divide StockNo {3078}
[408] 2025/11/17 17:08:25.649 Add Basket MarketNo：1 StockIdx：270
[408] 2025/11/17 17:08:25.649 Divide StockNo {3081}
[408] 2025/11/17 17:08:25.649 Add Basket MarketNo：1 StockIdx：271
[408] 2025/11/17 17:08:25.649 Divide StockNo {3105}
[408] 2025/11/17 17:08:25.649 Add Basket MarketNo：1 StockIdx：281
[408] 2025/11/17 17:08:25.649 Divide StockNo {3152}
[408] 2025/11/17 17:08:25.649 Add Basket MarketNo：1 StockIdx：296
[408] 2025/11/17 17:08:25.649 Divide StockNo {3189}
[408] 2025/11/17 17:08:25.649 Add Basket MarketNo：0 StockIdx：34109
[408] 2025/11/17 17:08:25.649 Divide StockNo {3227}
[408] 2025/11/17 17:08:25.649 Add Basket MarketNo：1 StockIdx：320
[408] 2025/11/17 17:08:25.649 Divide StockNo {3231}
[408] 2025/11/17 17:08:25.649 Add Basket MarketNo：0 StockIdx：34112
[408] 2025/11/17 17:08:25.649 Divide StockNo {3260}
[408] 2025/11/17 17:08:25.649 Add Basket MarketNo：1 StockIdx：329
[408] 2025/11/17 17:08:25.649 Divide StockNo {3264}
[408] 2025/11/17 17:08:25.649 Add Basket MarketNo：1 StockIdx：330
[408] 2025/11/17 17:08:25.649 Divide StockNo {3293}
[408] 2025/11/17 17:08:25.649 Add Basket MarketNo：1 StockIdx：343
[408] 2025/11/17 17:08:25.649 Divide StockNo {3324}
[408] 2025/11/17 17:08:25.649 Add Basket MarketNo：1 StockIdx：359
[408] 2025/11/17 17:08:25.649 Divide StockNo {3374}
[408] 2025/11/17 17:08:25.650 Add Basket MarketNo：1 StockIdx：376
[408] 2025/11/17 17:08:25.650 Divide StockNo {3376}
[408] 2025/11/17 17:08:25.650 Add Basket MarketNo：0 StockIdx：34124
[408] 2025/11/17 17:08:25.650 Divide StockNo {3380}
[408] 2025/11/17 17:08:25.650 Add Basket MarketNo：0 StockIdx：34125
[408] 2025/11/17 17:08:25.650 Divide StockNo {3406}
[408] 2025/11/17 17:08:25.650 Add Basket MarketNo：0 StockIdx：34126
[408] 2025/11/17 17:08:25.650 Divide StockNo {3443}
[408] 2025/11/17 17:08:25.650 Add Basket MarketNo：0 StockIdx：34132
[408] 2025/11/17 17:08:25.650 Divide StockNo {3481}
[408] 2025/11/17 17:08:25.650 Add Basket MarketNo：0 StockIdx：34136
[408] 2025/11/17 17:08:25.650 Divide StockNo {3529}
[408] 2025/11/17 17:08:25.650 Add Basket MarketNo：1 StockIdx：424
[408] 2025/11/17 17:08:25.650 Divide StockNo {3532}
[408] 2025/11/17 17:08:25.650 Add Basket MarketNo：0 StockIdx：34144
[408] 2025/11/17 17:08:25.650 Divide StockNo {3533}
[408] 2025/11/17 17:08:25.650 Add Basket MarketNo：0 StockIdx：34145
[408] 2025/11/17 17:08:25.650 Divide StockNo {3552}
[408] 2025/11/17 17:08:25.650 Add Basket MarketNo：1 StockIdx：435
[408] 2025/11/17 17:08:25.650 Divide StockNo {3653}
[408] 2025/11/17 17:08:25.650 Add Basket MarketNo：0 StockIdx：34165
[408] 2025/11/17 17:08:25.650 Divide StockNo {3661}
[408] 2025/11/17 17:08:25.650 Add Basket MarketNo：0 StockIdx：34166
[408] 2025/11/17 17:08:25.650 Divide StockNo {3673}
[408] 2025/11/17 17:08:25.650 Add Basket MarketNo：0 StockIdx：34169
[408] 2025/11/17 17:08:25.650 Divide StockNo {3680}
[408] 2025/11/17 17:08:25.650 Add Basket MarketNo：1 StockIdx：474
[408] 2025/11/17 17:08:25.650 Divide StockNo {3691}
[408] 2025/11/17 17:08:25.650 Add Basket MarketNo：1 StockIdx：484
[408] 2025/11/17 17:08:25.650 Divide StockNo {3702}
[408] 2025/11/17 17:08:25.650 Add Basket MarketNo：0 StockIdx：34174
[408] 2025/11/17 17:08:25.650 Divide StockNo {3706}
[408] 2025/11/17 17:08:25.650 Add Basket MarketNo：0 StockIdx：34178
[408] 2025/11/17 17:08:25.650 Divide StockNo {3711}
[408] 2025/11/17 17:08:25.650 Add Basket MarketNo：0 StockIdx：34180
[408] 2025/11/17 17:08:25.650 Divide StockNo {3714}
[408] 2025/11/17 17:08:25.650 Add Basket MarketNo：0 StockIdx：34182
[408] 2025/11/17 17:08:25.650 Divide StockNo {4123}
[408] 2025/11/17 17:08:25.650 Add Basket MarketNo：1 StockIdx：509
[408] 2025/11/17 17:08:25.650 Divide StockNo {4128}
[408] 2025/11/17 17:08:25.650 Add Basket MarketNo：1 StockIdx：514
[408] 2025/11/17 17:08:25.650 Divide StockNo {4162}
[408] 2025/11/17 17:08:25.650 Add Basket MarketNo：1 StockIdx：528
[408] 2025/11/17 17:08:25.650 Divide StockNo {4736}
[408] 2025/11/17 17:08:25.650 Add Basket MarketNo：0 StockIdx：34227
[408] 2025/11/17 17:08:25.650 Divide StockNo {4743}
[408] 2025/11/17 17:08:25.650 Add Basket MarketNo：1 StockIdx：619
[408] 2025/11/17 17:08:25.650 Divide StockNo {4904}
[408] 2025/11/17 17:08:25.650 Add Basket MarketNo：0 StockIdx：34238
[408] 2025/11/17 17:08:25.650 Divide StockNo {4919}
[408] 2025/11/17 17:08:25.650 Add Basket MarketNo：0 StockIdx：34243
[408] 2025/11/17 17:08:25.650 Divide StockNo {4938}
[408] 2025/11/17 17:08:25.650 Add Basket MarketNo：0 StockIdx：34248
[408] 2025/11/17 17:08:25.650 Divide StockNo {4958}
[408] 2025/11/17 17:08:25.650 Add Basket MarketNo：0 StockIdx：34254
[408] 2025/11/17 17:08:25.650 Divide StockNo {5009}
[408] 2025/11/17 17:08:25.650 Add Basket MarketNo：1 StockIdx：661
[408] 2025/11/17 17:08:25.650 Divide StockNo {5269}
[408] 2025/11/17 17:08:25.650 Add Basket MarketNo：0 StockIdx：34273
[408] 2025/11/17 17:08:25.650 Divide StockNo {5274}
[408] 2025/11/17 17:08:25.650 Add Basket MarketNo：1 StockIdx：695
[408] 2025/11/17 17:08:25.650 Divide StockNo {5347}
[408] 2025/11/17 17:08:25.650 Add Basket MarketNo：1 StockIdx：718
[408] 2025/11/17 17:08:25.650 Divide StockNo {5371}
[408] 2025/11/17 17:08:25.650 Add Basket MarketNo：1 StockIdx：725
[408] 2025/11/17 17:08:25.650 Divide StockNo {5388}
[408] 2025/11/17 17:08:25.650 Add Basket MarketNo：0 StockIdx：34280
[408] 2025/11/17 17:08:25.650 Divide StockNo {5425}
[408] 2025/11/17 17:08:25.650 Add Basket MarketNo：1 StockIdx：733
[408] 2025/11/17 17:08:25.650 Divide StockNo {5457}
[408] 2025/11/17 17:08:25.650 Add Basket MarketNo：1 StockIdx：745
[408] 2025/11/17 17:08:25.650 Divide StockNo {5483}
[408] 2025/11/17 17:08:25.651 Add Basket MarketNo：1 StockIdx：755
[408] 2025/11/17 17:08:25.651 Divide StockNo {5534}
[408] 2025/11/17 17:08:25.651 Add Basket MarketNo：0 StockIdx：34292
[408] 2025/11/17 17:08:25.651 Divide StockNo {5871}
[408] 2025/11/17 17:08:25.651 Add Basket MarketNo：0 StockIdx：34298
[408] 2025/11/17 17:08:25.651 Divide StockNo {5876}
[408] 2025/11/17 17:08:25.651 Add Basket MarketNo：0 StockIdx：34300
[408] 2025/11/17 17:08:25.651 Divide StockNo {5880}
[408] 2025/11/17 17:08:25.651 Add Basket MarketNo：0 StockIdx：34301
[408] 2025/11/17 17:08:25.651 Divide StockNo {5904}
[408] 2025/11/17 17:08:25.651 Add Basket MarketNo：1 StockIdx：789
[408] 2025/11/17 17:08:25.651 Divide StockNo {6005}
[408] 2025/11/17 17:08:25.651 Add Basket MarketNo：0 StockIdx：34304
[408] 2025/11/17 17:08:25.651 Divide StockNo {6116}
[408] 2025/11/17 17:08:25.651 Add Basket MarketNo：0 StockIdx：34309
[408] 2025/11/17 17:08:25.651 Divide StockNo {6121}
[408] 2025/11/17 17:08:25.651 Add Basket MarketNo：1 StockIdx：812
[408] 2025/11/17 17:08:25.651 Divide StockNo {6139}
[408] 2025/11/17 17:08:25.651 Add Basket MarketNo：0 StockIdx：34315
[408] 2025/11/17 17:08:25.651 Divide StockNo {6147}
[408] 2025/11/17 17:08:25.651 Add Basket MarketNo：1 StockIdx：830
[408] 2025/11/17 17:08:25.651 Divide StockNo {6153}
[408] 2025/11/17 17:08:25.651 Add Basket MarketNo：0 StockIdx：34319
[408] 2025/11/17 17:08:25.651 Divide StockNo {6173}
[408] 2025/11/17 17:08:25.651 Add Basket MarketNo：1 StockIdx：847
[408] 2025/11/17 17:08:25.651 Divide StockNo {6176}
[408] 2025/11/17 17:08:25.651 Add Basket MarketNo：0 StockIdx：34325
[408] 2025/11/17 17:08:25.651 Divide StockNo {6182}
[408] 2025/11/17 17:08:25.651 Add Basket MarketNo：1 StockIdx：855
[408] 2025/11/17 17:08:25.651 Divide StockNo {6188}
[408] 2025/11/17 17:08:25.651 Add Basket MarketNo：1 StockIdx：863
[408] 2025/11/17 17:08:25.651 Divide StockNo {6213}
[408] 2025/11/17 17:08:25.651 Add Basket MarketNo：0 StockIdx：34339
[408] 2025/11/17 17:08:25.651 Divide StockNo {6223}
[408] 2025/11/17 17:08:25.651 Add Basket MarketNo：1 StockIdx：889
[408] 2025/11/17 17:08:25.651 Divide StockNo {6239}
[408] 2025/11/17 17:08:25.651 Add Basket MarketNo：0 StockIdx：34348
[408] 2025/11/17 17:08:25.651 Divide StockNo {6245}
[408] 2025/11/17 17:08:25.651 Add Basket MarketNo：1 StockIdx：904
[408] 2025/11/17 17:08:25.651 Divide StockNo {6257}
[408] 2025/11/17 17:08:25.651 Add Basket MarketNo：0 StockIdx：34350
[408] 2025/11/17 17:08:25.651 Divide StockNo {6269}
[408] 2025/11/17 17:08:25.651 Add Basket MarketNo：0 StockIdx：34351
[408] 2025/11/17 17:08:25.651 Divide StockNo {6271}
[408] 2025/11/17 17:08:25.651 Add Basket MarketNo：0 StockIdx：34352
[408] 2025/11/17 17:08:25.651 Divide StockNo {6274}
[408] 2025/11/17 17:08:25.651 Add Basket MarketNo：1 StockIdx：916
[408] 2025/11/17 17:08:25.651 Divide StockNo {6278}
[408] 2025/11/17 17:08:25.651 Add Basket MarketNo：0 StockIdx：34354
[408] 2025/11/17 17:08:25.651 Divide StockNo {6279}
[408] 2025/11/17 17:08:25.651 Add Basket MarketNo：1 StockIdx：921
[408] 2025/11/17 17:08:25.651 Divide StockNo {6282}
[408] 2025/11/17 17:08:25.651 Add Basket MarketNo：0 StockIdx：34356
[408] 2025/11/17 17:08:25.651 Divide StockNo {6285}
[408] 2025/11/17 17:08:25.651 Add Basket MarketNo：0 StockIdx：34358
[408] 2025/11/17 17:08:25.651 Divide StockNo {6414}
[408] 2025/11/17 17:08:25.651 Add Basket MarketNo：0 StockIdx：34362
[408] 2025/11/17 17:08:25.651 Divide StockNo {6443}
[408] 2025/11/17 17:08:25.651 Add Basket MarketNo：0 StockIdx：34370
[408] 2025/11/17 17:08:25.651 Divide StockNo {6472}
[408] 2025/11/17 17:08:25.651 Add Basket MarketNo：0 StockIdx：34376
[408] 2025/11/17 17:08:25.651 Divide StockNo {6488}
[408] 2025/11/17 17:08:25.651 Add Basket MarketNo：1 StockIdx：957
[408] 2025/11/17 17:08:25.651 Divide StockNo {6505}
[408] 2025/11/17 17:08:25.651 Add Basket MarketNo：0 StockIdx：34380
[408] 2025/11/17 17:08:25.651 Divide StockNo {6510}
[408] 2025/11/17 17:08:25.651 Add Basket MarketNo：1 StockIdx：967
[408] 2025/11/17 17:08:25.651 Divide StockNo {6526}
[408] 2025/11/17 17:08:25.651 Add Basket MarketNo：0 StockIdx：34383
[408] 2025/11/17 17:08:25.651 Divide StockNo {6547}
[408] 2025/11/17 17:08:25.651 Add Basket MarketNo：1 StockIdx：982
[408] 2025/11/17 17:08:25.651 Divide StockNo {6669}
[408] 2025/11/17 17:08:25.651 Add Basket MarketNo：0 StockIdx：34412
[408] 2025/11/17 17:08:25.652 Divide StockNo {6757}
[408] 2025/11/17 17:08:25.652 Add Basket MarketNo：0 StockIdx：34429
[408] 2025/11/17 17:08:25.652 Divide StockNo {6770}
[408] 2025/11/17 17:08:25.652 Add Basket MarketNo：0 StockIdx：34431
[408] 2025/11/17 17:08:25.652 Divide StockNo {8039}
[408] 2025/11/17 17:08:25.652 Add Basket MarketNo：0 StockIdx：34506
[408] 2025/11/17 17:08:25.652 Divide StockNo {8044}
[408] 2025/11/17 17:08:25.652 Add Basket MarketNo：1 StockIdx：12426
[408] 2025/11/17 17:08:25.652 Divide StockNo {8046}
[408] 2025/11/17 17:08:25.652 Add Basket MarketNo：0 StockIdx：34508
[408] 2025/11/17 17:08:25.652 Divide StockNo {8069}
[408] 2025/11/17 17:08:25.652 Add Basket MarketNo：1 StockIdx：12438
[408] 2025/11/17 17:08:25.652 Divide StockNo {8086}
[408] 2025/11/17 17:08:25.652 Add Basket MarketNo：1 StockIdx：12447
[408] 2025/11/17 17:08:25.652 Divide StockNo {8112}
[408] 2025/11/17 17:08:25.652 Add Basket MarketNo：0 StockIdx：34517
[408] 2025/11/17 17:08:25.652 Divide StockNo {8150}
[408] 2025/11/17 17:08:25.652 Add Basket MarketNo：0 StockIdx：34521
[408] 2025/11/17 17:08:25.652 Divide StockNo {8163}
[408] 2025/11/17 17:08:25.652 Add Basket MarketNo：0 StockIdx：34523
[408] 2025/11/17 17:08:25.652 Divide StockNo {8299}
[408] 2025/11/17 17:08:25.652 Add Basket MarketNo：1 StockIdx：12486
[408] 2025/11/17 17:08:25.652 Divide StockNo {8358}
[408] 2025/11/17 17:08:25.652 Add Basket MarketNo：1 StockIdx：12492
[408] 2025/11/17 17:08:25.652 Divide StockNo {8436}
[408] 2025/11/17 17:08:25.652 Add Basket MarketNo：1 StockIdx：12517
[408] 2025/11/17 17:08:25.652 Divide StockNo {8454}
[408] 2025/11/17 17:08:25.652 Add Basket MarketNo：0 StockIdx：34542
[408] 2025/11/17 17:08:25.652 Divide StockNo {9904}
[408] 2025/11/17 17:08:25.652 Add Basket MarketNo：0 StockIdx：34571
[408] 2025/11/17 17:08:25.652 Divide StockNo {9914}
[408] 2025/11/17 17:08:25.652 Add Basket MarketNo：0 StockIdx：34579
[408] 2025/11/17 17:08:25.652 Divide StockNo {9938}
[408] 2025/11/17 17:08:25.652 Add Basket MarketNo：0 StockIdx：34595
[408] 2025/11/17 17:08:25.652 Divide StockNo {9939}
[408] 2025/11/17 17:08:25.652 Add Basket MarketNo：0 StockIdx：34596
[408] 2025/11/17 17:08:25.652 Divide StockNo {9945}
[408] 2025/11/17 17:08:25.652 Add Basket MarketNo：0 StockIdx：34603
[408] 2025/11/17 17:08:25.652 Divide StockNo {9958}
[408] 2025/11/17 17:08:25.652 Add Basket MarketNo：0 StockIdx：34606
[408] 2025/11/17 17:08:25.652 Divide StockNo {TSE}
[408] 2025/11/17 17:08:25.652 Stock Is Not Exist 
[408] 2025/11/17 17:08:25.652 Divide StockNo {TSE23}
[408] 2025/11/17 17:08:25.652 Add Basket MarketNo：0 StockIdx：34923
[408] 2025/11/17 17:08:25.652 Divide StockNo {TSE28}
[408] 2025/11/17 17:08:25.652 Add Basket MarketNo：0 StockIdx：34928
[408] 2025/11/17 17:08:25.652 Divide StockNo {TWMC}
[408] 2025/11/17 17:08:25.652 Stock Is Not Exist 
[408] 2025/11/17 17:08:25.652 Return PageNo： 1 
[12692] 2025/11/17 17:17:23.273 Precheck/DistributedServer Query result is 000,分配成功
[12692] 2025/11/17 17:17:23.273 >> Host srvsolace-tp2.capital.com.tw
[12692] 2025/11/17 17:17:23.278 SKQuoteLib_EnterMonitor IP：srvsolace-tp2.capital.com.tw
[12692] 2025/11/17 17:17:23.311 OnSessionConnect，Code: 3001, Error Code:0.
[12692] 2025/11/17 17:17:23.336 SKQuoteLib_EnterMonitorLONG starting
[12692] 2025/11/17 17:17:23.337 OnConnection ( 3001 , 0 ) 
[12692] 2025/11/17 17:17:23.584 Market Info is OK!
[12692] 2025/11/17 17:17:23.619 Catalog info is OK!
[12692] 2025/11/17 17:17:26.503 Solace RequestInitializeData (TO_S_19,S_1F)
[12692] 2025/11/17 17:17:26.503 Solace RequestInitializeData (TO_S_19,S_1F)
[12692] 2025/11/17 17:17:26.504 OnConnection ( 3003 , 0 ) 
[12692] 2025/11/17 17:17:27.840 SKQuoteLib_RequestStocks (1 , CAF00, CBF00, CCF00, CDF00, CEF00, CFF00, CGF00, CHF00, CJF00, CKF00, CLF00, CMF00, CNF00, CQF00, CRF00, CSF00, CUF00, CWF00, CXF00, CYF00, CZF00, DAF00, DBF00, DCF00, DEF00, DFF00, DGF00, DHF00, DIF00, DJF00, DKF00, DLF00, DNF00, DOF00, DPF00, DQF00, DSF00, DVF00, DWF00, DXF00, DYF00, DZF00, EEF00, EGF00, EHF00, EKF00, EMF00, EPF00, EYF00, EZF00, FBF00, FCF00, FEF00, FFF00, FGF00, FKF00, FNF00, FQF00, FRF00, FSF00, FTF00, FVF00, FWF00, FYF00, FZF00, GAF00, GCF00, GHF00, GIF00, GJF00, GKF00, GLF00, GMF00, GNF00, GOF00, GRF00, GUF00, GVF00, GWF00, GXF00, GYF00, GZF00, HAF00, HBF00, HCF00, HHF00, HIF00, HLF00, HOF00, HQF00, HSF00, IAF00, IHF00, IIF00, IJF00, IMF00, IOF00, IPF00, IQF00, IRF00, ITF00, IXF00, IYF00, IZF00, JBF00, JFF00, JMF00, JNF00, JPF00, JSF00, JWF00, JXF00, JZF00, KAF00, KBF00, KCF00, KDF00, KEF00, KFF00, KGF00, KIF00, KKF00, KLF00, KOF00, KPF00, KSF00, KUF00, KWF00, LBF00, LCF00, LEF00, LIF00, LMF00, LOF00, LQF00, LRF00, LTF00, LUF00, LVF00, LWF00, LXF00, LYF00, MAF00, MBF00, MJF00, MKF00, MQF00, MVF00, MYF00, NAF00, NBF00, NDF00, NEF00, NGF00, NIF00, NJF00, NLF00, NMF00, NOF00, NQF00, NSF00, NUF00, NVF00, NWF00, NYF00, OAF00, OBF00, ODF00, OEF00, OHF00, OJF00, OKF00, OLF00, OMF00, OOF00, OPF00, OQF00, ORF00, OSF00, OTF00, OUF00, OVF00, OWF00, OXF00, OYF00, OZF00, PAF00, PBF00, PCF00, PDF00, PEF00, PFF00, PGF00, PHF00, PIF00, PJF00, PKF00, PLF00, PMF00, PNF00, PPF00, PQF00, PRF00, PSF00, PTF00, PUF00, PVF00, PWF00, PXF00, PYF00, PZF00, QAF00, QBF00, QCF00, QDF00, QEF00, QFF00, QGF00, QHF00, QIF00, QJF00, QKF00, QLF00, QMF00, QNF00, QOF00, QPF00, QQF00, QRF00, QSF00, QTF00, QUF00, QVF00, QWF00, QXF00, QYF00, QZF00, RAF00, RBF00, RCF00, RDF00, REF00, RFF00, RGF00, RIF00, RJF00, RKF00, RLF00, RMF00, RNF00, ROF00, RPF00, RQF00, RRF00, RSF00, RUF00, RVF00, RWF00, RXF00, RYF00, RZF00, SAF00, SBF00, SCF00, SDF00, SEF00, SFF00, SGF00, SIF00, SJF00, SKF00, SLF00, SMF00, SNF00, SQF00, SRF00, SSF00, SUF00, SVF00, SWF00, SYF00, SZF00, UAF00, UBF00, UCF00, UEF00, UFF00, UGF00, UHF00, UIF00, UJF00, UKF00, ULF00, UMF00, UOF00, UPF00, UQF00, URF00, USF00, UTF00, UUF00, UVF00, UWF00, 0050, 0056, 006205, 006206, 00636, 00639, 00643, 00679B, 00687B, 00719B, 00757, 00772B, 00878, 00885, 00893, 00919, 00923, 00929, 00937B, 00940, 1101, 1102, 1210, 1216, 1301, 1303, 1312, 1314, 1319, 1326, 1402, 1440, 1476, 1477, 1503, 1504, 1513, 1536, 1565, 1590, 1605, 1609, 1707, 1717, 1718, 1722, 1795, 1802, 1904, 1905, 1907, 1909, 2002, 2006, 2014, 2027, 2049, 2059, 2105, 2201, 2231, 2301, 2303, 2308, 2312, 2313, 2317, 2323, 2324, 2327, 2328, 2330, 2331, 2332, 2337, 2338, 2340, 2344, 2345, 2347, 2352, 2353, 2354, 2355, 2356, 2357, 2360, 2368, 2371, 2376, 2377, 2379, 2382, 2383, 2385, 2388, 2392, 2393, 2401, 2404, 2408, 2409, 2412, 2439, 2441, 2449, 2454, 2455, 2457, 2458, 2474, 2481, 2485, 2486, 2489, 2492, 2498, 2515, 2520, 2542, 2548, 2603, 2605, 2606, 2609, 2610, 2615, 2618, 2633, 2634, 2801, 2834, 2880, 2881, 2882, 2883, 2884, 2885, 2886, 2887, 2888, 2890, 2891, 2892, 2913, 2915, 3005, 3006, 3008, 3017, 3019, 3034, 3035, 3036, 3037, 3042, 3044, 3045, 3078, 3081, 3105, 3152, 3189, 3227, 3231, 3260, 3264, 3293, 3324, 3374, 3376, 3380, 3406, 3443, 3481, 3529, 3532, 3533, 3552, 3653, 3661, 3673, 3680, 3691, 3702, 3706, 3711, 3714, 4123, 4128, 4162, 4736, 4743, 4904, 4919, 4938, 4958, 5009, 5269, 5274, 5347, 5371, 5388, 5425, 5457, 5483, 5534, 5871, 5876, 5880, 5904, 6005, 6116, 6121, 6139, 6147, 6153, 6173, 6176, 6182, 6188, 6213, 6223, 6239, 6245, 6257, 6269, 6271, 6274, 6278, 6279, 6282, 6285, 6414, 6443, 6472, 6488, 6505, 6510, 6526, 6547, 6669, 6757, 6770, 8039, 8044, 8046, 8069, 8086, 8112, 8150, 8163, 8299, 8358, 8436, 8454, 9904, 9914, 9938, 9939, 9945, 9958, TSE, TSE23, TSE28, TWMC)
[12692] 2025/11/17 17:17:27.843 Divide StockNo {CAF00}
[12692] 2025/11/17 17:17:27.843 Add Basket MarketNo：2 StockIdx：160
[12692] 2025/11/17 17:17:27.843 Divide StockNo {CBF00}
[12692] 2025/11/17 17:17:27.843 Add Basket MarketNo：2 StockIdx：166
[12692] 2025/11/17 17:17:27.843 Divide StockNo {CCF00}
[12692] 2025/11/17 17:17:27.843 Add Basket MarketNo：2 StockIdx：5656
[12692] 2025/11/17 17:17:27.843 Divide StockNo {CDF00}
[12692] 2025/11/17 17:17:27.843 Add Basket MarketNo：2 StockIdx：5662
[12692] 2025/11/17 17:17:27.843 Divide StockNo {CEF00}
[12692] 2025/11/17 17:17:27.843 Add Basket MarketNo：2 StockIdx：184
[12692] 2025/11/17 17:17:27.843 Divide StockNo {CFF00}
[12692] 2025/11/17 17:17:27.843 Add Basket MarketNo：2 StockIdx：193
[12692] 2025/11/17 17:17:27.843 Divide StockNo {CGF00}
[12692] 2025/11/17 17:17:27.843 Add Basket MarketNo：2 StockIdx：199
[12692] 2025/11/17 17:17:27.843 Divide StockNo {CHF00}
[12692] 2025/11/17 17:17:27.843 Add Basket MarketNo：2 StockIdx：205
[12692] 2025/11/17 17:17:27.843 Divide StockNo {CJF00}
[12692] 2025/11/17 17:17:27.843 Add Basket MarketNo：2 StockIdx：211
[12692] 2025/11/17 17:17:27.843 Divide StockNo {CKF00}
[12692] 2025/11/17 17:17:27.843 Add Basket MarketNo：2 StockIdx：217
[12692] 2025/11/17 17:17:27.843 Divide StockNo {CLF00}
[12692] 2025/11/17 17:17:27.843 Add Basket MarketNo：2 StockIdx：223
[12692] 2025/11/17 17:17:27.843 Divide StockNo {CMF00}
[12692] 2025/11/17 17:17:27.843 Add Basket MarketNo：2 StockIdx：229
[12692] 2025/11/17 17:17:27.843 Divide StockNo {CNF00}
[12692] 2025/11/17 17:17:27.843 Add Basket MarketNo：2 StockIdx：235
[12692] 2025/11/17 17:17:27.843 Divide StockNo {CQF00}
[12692] 2025/11/17 17:17:27.843 Add Basket MarketNo：2 StockIdx：241
[12692] 2025/11/17 17:17:27.843 Divide StockNo {CRF00}
[12692] 2025/11/17 17:17:27.843 Add Basket MarketNo：2 StockIdx：247
[12692] 2025/11/17 17:17:27.843 Divide StockNo {CSF00}
[12692] 2025/11/17 17:17:27.843 Add Basket MarketNo：2 StockIdx：253
[12692] 2025/11/17 17:17:27.843 Divide StockNo {CUF00}
[12692] 2025/11/17 17:17:27.843 Add Basket MarketNo：2 StockIdx：259
[12692] 2025/11/17 17:17:27.843 Divide StockNo {CWF00}
[12692] 2025/11/17 17:17:27.843 Add Basket MarketNo：2 StockIdx：265
[12692] 2025/11/17 17:17:27.843 Divide StockNo {CXF00}
[12692] 2025/11/17 17:17:27.843 Add Basket MarketNo：2 StockIdx：274
[12692] 2025/11/17 17:17:27.843 Divide StockNo {CYF00}
[12692] 2025/11/17 17:17:27.843 Add Basket MarketNo：2 StockIdx：280
[12692] 2025/11/17 17:17:27.843 Divide StockNo {CZF00}
[12692] 2025/11/17 17:17:27.843 Add Basket MarketNo：2 StockIdx：286
[12692] 2025/11/17 17:17:27.843 Divide StockNo {DAF00}
[12692] 2025/11/17 17:17:27.843 Add Basket MarketNo：2 StockIdx：292
[12692] 2025/11/17 17:17:27.843 Divide StockNo {DBF00}
[12692] 2025/11/17 17:17:27.843 Add Basket MarketNo：2 StockIdx：298
[12692] 2025/11/17 17:17:27.843 Divide StockNo {DCF00}
[12692] 2025/11/17 17:17:27.843 Add Basket MarketNo：2 StockIdx：304
[12692] 2025/11/17 17:17:27.843 Divide StockNo {DEF00}
[12692] 2025/11/17 17:17:27.843 Add Basket MarketNo：2 StockIdx：311
[12692] 2025/11/17 17:17:27.843 Divide StockNo {DFF00}
[12692] 2025/11/17 17:17:27.843 Add Basket MarketNo：2 StockIdx：319
[12692] 2025/11/17 17:17:27.843 Divide StockNo {DGF00}
[12692] 2025/11/17 17:17:27.843 Add Basket MarketNo：2 StockIdx：325
[12692] 2025/11/17 17:17:27.844 Divide StockNo {DHF00}
[12692] 2025/11/17 17:17:27.844 Add Basket MarketNo：2 StockIdx：331
[12692] 2025/11/17 17:17:27.844 Divide StockNo {DIF00}
[12692] 2025/11/17 17:17:27.844 Add Basket MarketNo：2 StockIdx：337
[12692] 2025/11/17 17:17:27.844 Divide StockNo {DJF00}
[12692] 2025/11/17 17:17:27.844 Add Basket MarketNo：2 StockIdx：343
[12692] 2025/11/17 17:17:27.844 Divide StockNo {DKF00}
[12692] 2025/11/17 17:17:27.844 Add Basket MarketNo：2 StockIdx：349
[12692] 2025/11/17 17:17:27.844 Divide StockNo {DLF00}
[12692] 2025/11/17 17:17:27.844 Add Basket MarketNo：2 StockIdx：355
[12692] 2025/11/17 17:17:27.844 Divide StockNo {DNF00}
[12692] 2025/11/17 17:17:27.844 Add Basket MarketNo：2 StockIdx：361
[12692] 2025/11/17 17:17:27.844 Divide StockNo {DOF00}
[12692] 2025/11/17 17:17:27.844 Add Basket MarketNo：2 StockIdx：368
[12692] 2025/11/17 17:17:27.844 Divide StockNo {DPF00}
[12692] 2025/11/17 17:17:27.844 Add Basket MarketNo：2 StockIdx：375
[12692] 2025/11/17 17:17:27.844 Divide StockNo {DQF00}
[12692] 2025/11/17 17:17:27.844 Add Basket MarketNo：2 StockIdx：381
[12692] 2025/11/17 17:17:27.844 Divide StockNo {DSF00}
[12692] 2025/11/17 17:17:27.844 Add Basket MarketNo：2 StockIdx：387
[12692] 2025/11/17 17:17:27.844 Divide StockNo {DVF00}
[12692] 2025/11/17 17:17:27.844 Add Basket MarketNo：2 StockIdx：393
[12692] 2025/11/17 17:17:27.844 Divide StockNo {DWF00}
[12692] 2025/11/17 17:17:27.844 Add Basket MarketNo：2 StockIdx：399
[12692] 2025/11/17 17:17:27.844 Divide StockNo {DXF00}
[12692] 2025/11/17 17:17:27.844 Add Basket MarketNo：2 StockIdx：405
[12692] 2025/11/17 17:17:27.844 Divide StockNo {DYF00}
[12692] 2025/11/17 17:17:27.844 Add Basket MarketNo：2 StockIdx：411
[12692] 2025/11/17 17:17:27.844 Divide StockNo {DZF00}
[12692] 2025/11/17 17:17:27.844 Add Basket MarketNo：2 StockIdx：417
[12692] 2025/11/17 17:17:27.844 Divide StockNo {EEF00}
[12692] 2025/11/17 17:17:27.844 Add Basket MarketNo：2 StockIdx：423
[12692] 2025/11/17 17:17:27.844 Divide StockNo {EGF00}
[12692] 2025/11/17 17:17:27.844 Add Basket MarketNo：2 StockIdx：429
[12692] 2025/11/17 17:17:27.844 Divide StockNo {EHF00}
[12692] 2025/11/17 17:17:27.844 Add Basket MarketNo：2 StockIdx：435
[12692] 2025/11/17 17:17:27.844 Divide StockNo {EKF00}
[12692] 2025/11/17 17:17:27.844 Add Basket MarketNo：2 StockIdx：441
[12692] 2025/11/17 17:17:27.844 Divide StockNo {EMF00}
[12692] 2025/11/17 17:17:27.844 Add Basket MarketNo：2 StockIdx：447
[12692] 2025/11/17 17:17:27.844 Divide StockNo {EPF00}
[12692] 2025/11/17 17:17:27.844 Add Basket MarketNo：2 StockIdx：453
[12692] 2025/11/17 17:17:27.844 Divide StockNo {EYF00}
[12692] 2025/11/17 17:17:27.844 Add Basket MarketNo：2 StockIdx：459
[12692] 2025/11/17 17:17:27.844 Divide StockNo {EZF00}
[12692] 2025/11/17 17:17:27.844 Add Basket MarketNo：2 StockIdx：465
[12692] 2025/11/17 17:17:27.844 Divide StockNo {FBF00}
[12692] 2025/11/17 17:17:27.844 Add Basket MarketNo：2 StockIdx：471
[12692] 2025/11/17 17:17:27.844 Divide StockNo {FCF00}
[12692] 2025/11/17 17:17:27.844 Add Basket MarketNo：2 StockIdx：477
[12692] 2025/11/17 17:17:27.844 Divide StockNo {FEF00}
[12692] 2025/11/17 17:17:27.844 Add Basket MarketNo：2 StockIdx：481
[12692] 2025/11/17 17:17:27.844 Divide StockNo {FFF00}
[12692] 2025/11/17 17:17:27.844 Add Basket MarketNo：2 StockIdx：488
[12692] 2025/11/17 17:17:27.844 Divide StockNo {FGF00}
[12692] 2025/11/17 17:17:27.844 Add Basket MarketNo：2 StockIdx：494
[12692] 2025/11/17 17:17:27.844 Divide StockNo {FKF00}
[12692] 2025/11/17 17:17:27.844 Add Basket MarketNo：2 StockIdx：500
[12692] 2025/11/17 17:17:27.844 Divide StockNo {FNF00}
[12692] 2025/11/17 17:17:27.844 Add Basket MarketNo：2 StockIdx：506
[12692] 2025/11/17 17:17:27.844 Divide StockNo {FQF00}
[12692] 2025/11/17 17:17:27.844 Add Basket MarketNo：2 StockIdx：512
[12692] 2025/11/17 17:17:27.844 Divide StockNo {FRF00}
[12692] 2025/11/17 17:17:27.844 Add Basket MarketNo：2 StockIdx：518
[12692] 2025/11/17 17:17:27.844 Divide StockNo {FSF00}
[12692] 2025/11/17 17:17:27.844 Add Basket MarketNo：2 StockIdx：524
[12692] 2025/11/17 17:17:27.844 Divide StockNo {FTF00}
[12692] 2025/11/17 17:17:27.844 Add Basket MarketNo：2 StockIdx：530
[12692] 2025/11/17 17:17:27.844 Divide StockNo {FVF00}
[12692] 2025/11/17 17:17:27.844 Add Basket MarketNo：2 StockIdx：536
[12692] 2025/11/17 17:17:27.844 Divide StockNo {FWF00}
[12692] 2025/11/17 17:17:27.844 Add Basket MarketNo：2 StockIdx：542
[12692] 2025/11/17 17:17:27.844 Divide StockNo {FYF00}
[12692] 2025/11/17 17:17:27.844 Add Basket MarketNo：2 StockIdx：548
[12692] 2025/11/17 17:17:27.845 Divide StockNo {FZF00}
[12692] 2025/11/17 17:17:27.845 Add Basket MarketNo：2 StockIdx：554
[12692] 2025/11/17 17:17:27.845 Divide StockNo {GAF00}
[12692] 2025/11/17 17:17:27.845 Add Basket MarketNo：2 StockIdx：560
[12692] 2025/11/17 17:17:27.845 Divide StockNo {GCF00}
[12692] 2025/11/17 17:17:27.845 Add Basket MarketNo：2 StockIdx：566
[12692] 2025/11/17 17:17:27.845 Divide StockNo {GHF00}
[12692] 2025/11/17 17:17:27.845 Add Basket MarketNo：2 StockIdx：572
[12692] 2025/11/17 17:17:27.845 Divide StockNo {GIF00}
[12692] 2025/11/17 17:17:27.845 Add Basket MarketNo：2 StockIdx：578
[12692] 2025/11/17 17:17:27.845 Divide StockNo {GJF00}
[12692] 2025/11/17 17:17:27.845 Add Basket MarketNo：2 StockIdx：584
[12692] 2025/11/17 17:17:27.845 Divide StockNo {GKF00}
[12692] 2025/11/17 17:17:27.845 Add Basket MarketNo：2 StockIdx：590
[12692] 2025/11/17 17:17:27.845 Divide StockNo {GLF00}
[12692] 2025/11/17 17:17:27.845 Add Basket MarketNo：2 StockIdx：596
[12692] 2025/11/17 17:17:27.845 Divide StockNo {GMF00}
[12692] 2025/11/17 17:17:27.845 Add Basket MarketNo：2 StockIdx：602
[12692] 2025/11/17 17:17:27.845 Divide StockNo {GNF00}
[12692] 2025/11/17 17:17:27.845 Add Basket MarketNo：2 StockIdx：608
[12692] 2025/11/17 17:17:27.845 Divide StockNo {GOF00}
[12692] 2025/11/17 17:17:27.845 Add Basket MarketNo：2 StockIdx：614
[12692] 2025/11/17 17:17:27.845 Divide StockNo {GRF00}
[12692] 2025/11/17 17:17:27.845 Add Basket MarketNo：2 StockIdx：620
[12692] 2025/11/17 17:17:27.845 Divide StockNo {GUF00}
[12692] 2025/11/17 17:17:27.845 Add Basket MarketNo：2 StockIdx：626
[12692] 2025/11/17 17:17:27.845 Divide StockNo {GVF00}
[12692] 2025/11/17 17:17:27.845 Add Basket MarketNo：2 StockIdx：632
[12692] 2025/11/17 17:17:27.845 Divide StockNo {GWF00}
[12692] 2025/11/17 17:17:27.845 Add Basket MarketNo：2 StockIdx：638
[12692] 2025/11/17 17:17:27.845 Divide StockNo {GXF00}
[12692] 2025/11/17 17:17:27.845 Add Basket MarketNo：2 StockIdx：644
[12692] 2025/11/17 17:17:27.845 Divide StockNo {GYF00}
[12692] 2025/11/17 17:17:27.845 Add Basket MarketNo：2 StockIdx：650
[12692] 2025/11/17 17:17:27.845 Divide StockNo {GZF00}
[12692] 2025/11/17 17:17:27.845 Add Basket MarketNo：2 StockIdx：656
[12692] 2025/11/17 17:17:27.845 Divide StockNo {HAF00}
[12692] 2025/11/17 17:17:27.845 Add Basket MarketNo：2 StockIdx：662
[12692] 2025/11/17 17:17:27.845 Divide StockNo {HBF00}
[12692] 2025/11/17 17:17:27.845 Add Basket MarketNo：2 StockIdx：671
[12692] 2025/11/17 17:17:27.845 Divide StockNo {HCF00}
[12692] 2025/11/17 17:17:27.845 Add Basket MarketNo：2 StockIdx：677
[12692] 2025/11/17 17:17:27.845 Divide StockNo {HHF00}
[12692] 2025/11/17 17:17:27.845 Add Basket MarketNo：2 StockIdx：683
[12692] 2025/11/17 17:17:27.845 Divide StockNo {HIF00}
[12692] 2025/11/17 17:17:27.845 Add Basket MarketNo：2 StockIdx：694
[12692] 2025/11/17 17:17:27.845 Divide StockNo {HLF00}
[12692] 2025/11/17 17:17:27.845 Add Basket MarketNo：2 StockIdx：700
[12692] 2025/11/17 17:17:27.845 Divide StockNo {HOF00}
[12692] 2025/11/17 17:17:27.845 Add Basket MarketNo：2 StockIdx：711
[12692] 2025/11/17 17:17:27.845 Divide StockNo {HQF00}
[12692] 2025/11/17 17:17:27.845 Add Basket MarketNo：2 StockIdx：717
[12692] 2025/11/17 17:17:27.845 Divide StockNo {HSF00}
[12692] 2025/11/17 17:17:27.845 Add Basket MarketNo：2 StockIdx：723
[12692] 2025/11/17 17:17:27.845 Divide StockNo {IAF00}
[12692] 2025/11/17 17:17:27.845 Add Basket MarketNo：2 StockIdx：729
[12692] 2025/11/17 17:17:27.845 Divide StockNo {IHF00}
[12692] 2025/11/17 17:17:27.845 Add Basket MarketNo：2 StockIdx：737
[12692] 2025/11/17 17:17:27.845 Divide StockNo {IIF00}
[12692] 2025/11/17 17:17:27.845 Add Basket MarketNo：2 StockIdx：743
[12692] 2025/11/17 17:17:27.845 Divide StockNo {IJF00}
[12692] 2025/11/17 17:17:27.845 Add Basket MarketNo：2 StockIdx：749
[12692] 2025/11/17 17:17:27.845 Divide StockNo {IMF00}
[12692] 2025/11/17 17:17:27.845 Add Basket MarketNo：2 StockIdx：755
[12692] 2025/11/17 17:17:27.845 Divide StockNo {IOF00}
[12692] 2025/11/17 17:17:27.845 Add Basket MarketNo：2 StockIdx：761
[12692] 2025/11/17 17:17:27.845 Divide StockNo {IPF00}
[12692] 2025/11/17 17:17:27.845 Add Basket MarketNo：2 StockIdx：767
[12692] 2025/11/17 17:17:27.845 Divide StockNo {IQF00}
[12692] 2025/11/17 17:17:27.845 Add Basket MarketNo：2 StockIdx：773
[12692] 2025/11/17 17:17:27.846 Divide StockNo {IRF00}
[12692] 2025/11/17 17:17:27.846 Add Basket MarketNo：2 StockIdx：779
[12692] 2025/11/17 17:17:27.846 Divide StockNo {ITF00}
[12692] 2025/11/17 17:17:27.846 Add Basket MarketNo：2 StockIdx：790
[12692] 2025/11/17 17:17:27.846 Divide StockNo {IXF00}
[12692] 2025/11/17 17:17:27.846 Add Basket MarketNo：2 StockIdx：796
[12692] 2025/11/17 17:17:27.846 Divide StockNo {IYF00}
[12692] 2025/11/17 17:17:27.846 Add Basket MarketNo：2 StockIdx：802
[12692] 2025/11/17 17:17:27.846 Divide StockNo {IZF00}
[12692] 2025/11/17 17:17:27.846 Add Basket MarketNo：2 StockIdx：808
[12692] 2025/11/17 17:17:27.846 Divide StockNo {JBF00}
[12692] 2025/11/17 17:17:27.846 Add Basket MarketNo：2 StockIdx：814
[12692] 2025/11/17 17:17:27.846 Divide StockNo {JFF00}
[12692] 2025/11/17 17:17:27.846 Add Basket MarketNo：2 StockIdx：820
[12692] 2025/11/17 17:17:27.846 Divide StockNo {JMF00}
[12692] 2025/11/17 17:17:27.846 Add Basket MarketNo：2 StockIdx：826
[12692] 2025/11/17 17:17:27.846 Divide StockNo {JNF00}
[12692] 2025/11/17 17:17:27.846 Add Basket MarketNo：2 StockIdx：832
[12692] 2025/11/17 17:17:27.846 Divide StockNo {JPF00}
[12692] 2025/11/17 17:17:27.846 Add Basket MarketNo：2 StockIdx：838
[12692] 2025/11/17 17:17:27.846 Divide StockNo {JSF00}
[12692] 2025/11/17 17:17:27.846 Add Basket MarketNo：2 StockIdx：844
[12692] 2025/11/17 17:17:27.846 Divide StockNo {JWF00}
[12692] 2025/11/17 17:17:27.846 Add Basket MarketNo：2 StockIdx：850
[12692] 2025/11/17 17:17:27.846 Divide StockNo {JXF00}
[12692] 2025/11/17 17:17:27.846 Add Basket MarketNo：2 StockIdx：856
[12692] 2025/11/17 17:17:27.846 Divide StockNo {JZF00}
[12692] 2025/11/17 17:17:27.846 Add Basket MarketNo：2 StockIdx：862
[12692] 2025/11/17 17:17:27.846 Divide StockNo {KAF00}
[12692] 2025/11/17 17:17:27.846 Add Basket MarketNo：2 StockIdx：868
[12692] 2025/11/17 17:17:27.846 Divide StockNo {KBF00}
[12692] 2025/11/17 17:17:27.846 Add Basket MarketNo：2 StockIdx：874
[12692] 2025/11/17 17:17:27.846 Divide StockNo {KCF00}
[12692] 2025/11/17 17:17:27.846 Add Basket MarketNo：2 StockIdx：880
[12692] 2025/11/17 17:17:27.846 Divide StockNo {KDF00}
[12692] 2025/11/17 17:17:27.846 Add Basket MarketNo：2 StockIdx：886
[12692] 2025/11/17 17:17:27.846 Divide StockNo {KEF00}
[12692] 2025/11/17 17:17:27.846 Add Basket MarketNo：2 StockIdx：892
[12692] 2025/11/17 17:17:27.846 Divide StockNo {KFF00}
[12692] 2025/11/17 17:17:27.846 Add Basket MarketNo：2 StockIdx：898
[12692] 2025/11/17 17:17:27.846 Divide StockNo {KGF00}
[12692] 2025/11/17 17:17:27.846 Add Basket MarketNo：2 StockIdx：904
[12692] 2025/11/17 17:17:27.846 Divide StockNo {KIF00}
[12692] 2025/11/17 17:17:27.846 Add Basket MarketNo：2 StockIdx：910
[12692] 2025/11/17 17:17:27.846 Divide StockNo {KKF00}
[12692] 2025/11/17 17:17:27.846 Add Basket MarketNo：2 StockIdx：916
[12692] 2025/11/17 17:17:27.846 Divide StockNo {KLF00}
[12692] 2025/11/17 17:17:27.846 Add Basket MarketNo：2 StockIdx：922
[12692] 2025/11/17 17:17:27.846 Divide StockNo {KOF00}
[12692] 2025/11/17 17:17:27.846 Add Basket MarketNo：2 StockIdx：928
[12692] 2025/11/17 17:17:27.846 Divide StockNo {KPF00}
[12692] 2025/11/17 17:17:27.846 Add Basket MarketNo：2 StockIdx：934
[12692] 2025/11/17 17:17:27.846 Divide StockNo {KSF00}
[12692] 2025/11/17 17:17:27.846 Add Basket MarketNo：2 StockIdx：940
[12692] 2025/11/17 17:17:27.846 Divide StockNo {KUF00}
[12692] 2025/11/17 17:17:27.846 Add Basket MarketNo：2 StockIdx：946
[12692] 2025/11/17 17:17:27.848 Divide StockNo {KWF00}
[12692] 2025/11/17 17:17:27.848 Add Basket MarketNo：2 StockIdx：952
[12692] 2025/11/17 17:17:27.848 Divide StockNo {LBF00}
[12692] 2025/11/17 17:17:27.848 Add Basket MarketNo：2 StockIdx：958
[12692] 2025/11/17 17:17:27.848 Divide StockNo {LCF00}
[12692] 2025/11/17 17:17:27.848 Add Basket MarketNo：2 StockIdx：964
[12692] 2025/11/17 17:17:27.848 Divide StockNo {LEF00}
[12692] 2025/11/17 17:17:27.848 Add Basket MarketNo：2 StockIdx：970
[12692] 2025/11/17 17:17:27.848 Divide StockNo {LIF00}
[12692] 2025/11/17 17:17:27.848 Add Basket MarketNo：2 StockIdx：976
[12692] 2025/11/17 17:17:27.848 Divide StockNo {LMF00}
[12692] 2025/11/17 17:17:27.848 Add Basket MarketNo：2 StockIdx：982
[12692] 2025/11/17 17:17:27.848 Divide StockNo {LOF00}
[12692] 2025/11/17 17:17:27.848 Add Basket MarketNo：2 StockIdx：988
[12692] 2025/11/17 17:17:27.848 Divide StockNo {LQF00}
[12692] 2025/11/17 17:17:27.848 Add Basket MarketNo：2 StockIdx：994
[12692] 2025/11/17 17:17:27.848 Divide StockNo {LRF00}
[12692] 2025/11/17 17:17:27.848 Add Basket MarketNo：2 StockIdx：1000
[12692] 2025/11/17 17:17:27.848 Divide StockNo {LTF00}
[12692] 2025/11/17 17:17:27.848 Add Basket MarketNo：2 StockIdx：1008
[12692] 2025/11/17 17:17:27.848 Divide StockNo {LUF00}
[12692] 2025/11/17 17:17:27.848 Add Basket MarketNo：2 StockIdx：1014
[12692] 2025/11/17 17:17:27.848 Divide StockNo {LVF00}
[12692] 2025/11/17 17:17:27.848 Add Basket MarketNo：2 StockIdx：1020
[12692] 2025/11/17 17:17:27.848 Divide StockNo {LWF00}
[12692] 2025/11/17 17:17:27.848 Add Basket MarketNo：2 StockIdx：1028
[12692] 2025/11/17 17:17:27.848 Divide StockNo {LXF00}
[12692] 2025/11/17 17:17:27.848 Add Basket MarketNo：2 StockIdx：1034
[12692] 2025/11/17 17:17:27.848 Divide StockNo {LYF00}
[12692] 2025/11/17 17:17:27.848 Add Basket MarketNo：2 StockIdx：1041
[12692] 2025/11/17 17:17:27.848 Divide StockNo {MAF00}
[12692] 2025/11/17 17:17:27.849 Add Basket MarketNo：2 StockIdx：1047
[12692] 2025/11/17 17:17:27.849 Divide StockNo {MBF00}
[12692] 2025/11/17 17:17:27.849 Add Basket MarketNo：2 StockIdx：1050
[12692] 2025/11/17 17:17:27.849 Divide StockNo {MJF00}
[12692] 2025/11/17 17:17:27.849 Add Basket MarketNo：2 StockIdx：1056
[12692] 2025/11/17 17:17:27.849 Divide StockNo {MKF00}
[12692] 2025/11/17 17:17:27.849 Add Basket MarketNo：2 StockIdx：1062
[12692] 2025/11/17 17:17:27.849 Divide StockNo {MQF00}
[12692] 2025/11/17 17:17:27.849 Add Basket MarketNo：2 StockIdx：1068
[12692] 2025/11/17 17:17:27.849 Divide StockNo {MVF00}
[12692] 2025/11/17 17:17:27.849 Add Basket MarketNo：2 StockIdx：1074
[12692] 2025/11/17 17:17:27.849 Divide StockNo {MYF00}
[12692] 2025/11/17 17:17:27.849 Add Basket MarketNo：2 StockIdx：1080
[12692] 2025/11/17 17:17:27.849 Divide StockNo {NAF00}
[12692] 2025/11/17 17:17:27.849 Add Basket MarketNo：2 StockIdx：1086
[12692] 2025/11/17 17:17:27.849 Divide StockNo {NBF00}
[12692] 2025/11/17 17:17:27.849 Add Basket MarketNo：2 StockIdx：1092
[12692] 2025/11/17 17:17:27.849 Divide StockNo {NDF00}
[12692] 2025/11/17 17:17:27.849 Add Basket MarketNo：2 StockIdx：1098
[12692] 2025/11/17 17:17:27.849 Divide StockNo {NEF00}
[12692] 2025/11/17 17:17:27.849 Add Basket MarketNo：2 StockIdx：1104
[12692] 2025/11/17 17:17:27.849 Divide StockNo {NGF00}
[12692] 2025/11/17 17:17:27.849 Add Basket MarketNo：2 StockIdx：1110
[12692] 2025/11/17 17:17:27.849 Divide StockNo {NIF00}
[12692] 2025/11/17 17:17:27.849 Add Basket MarketNo：2 StockIdx：1116
[12692] 2025/11/17 17:17:27.849 Divide StockNo {NJF00}
[12692] 2025/11/17 17:17:27.849 Add Basket MarketNo：2 StockIdx：1124
[12692] 2025/11/17 17:17:27.849 Divide StockNo {NLF00}
[12692] 2025/11/17 17:17:27.849 Add Basket MarketNo：2 StockIdx：1130
[12692] 2025/11/17 17:17:27.849 Divide StockNo {NMF00}
[12692] 2025/11/17 17:17:27.849 Add Basket MarketNo：2 StockIdx：1136
[12692] 2025/11/17 17:17:27.849 Divide StockNo {NOF00}
[12692] 2025/11/17 17:17:27.849 Add Basket MarketNo：2 StockIdx：1142
[12692] 2025/11/17 17:17:27.849 Divide StockNo {NQF00}
[12692] 2025/11/17 17:17:27.849 Add Basket MarketNo：2 StockIdx：1148
[12692] 2025/11/17 17:17:27.849 Divide StockNo {NSF00}
[12692] 2025/11/17 17:17:27.849 Add Basket MarketNo：2 StockIdx：1154
[12692] 2025/11/17 17:17:27.849 Divide StockNo {NUF00}
[12692] 2025/11/17 17:17:27.849 Add Basket MarketNo：2 StockIdx：1160
[12692] 2025/11/17 17:17:27.849 Divide StockNo {NVF00}
[12692] 2025/11/17 17:17:27.849 Add Basket MarketNo：2 StockIdx：1166
[12692] 2025/11/17 17:17:27.849 Divide StockNo {NWF00}
[12692] 2025/11/17 17:17:27.849 Add Basket MarketNo：2 StockIdx：1172
[12692] 2025/11/17 17:17:27.849 Divide StockNo {NYF00}
[12692] 2025/11/17 17:17:27.849 Add Basket MarketNo：2 StockIdx：5668
[12692] 2025/11/17 17:17:27.849 Divide StockNo {OAF00}
[12692] 2025/11/17 17:17:27.849 Add Basket MarketNo：2 StockIdx：1184
[12692] 2025/11/17 17:17:27.849 Divide StockNo {OBF00}
[12692] 2025/11/17 17:17:27.849 Add Basket MarketNo：2 StockIdx：1190
[12692] 2025/11/17 17:17:27.849 Divide StockNo {ODF00}
[12692] 2025/11/17 17:17:27.849 Add Basket MarketNo：2 StockIdx：1196
[12692] 2025/11/17 17:17:27.849 Divide StockNo {OEF00}
[12692] 2025/11/17 17:17:27.849 Add Basket MarketNo：2 StockIdx：1202
[12692] 2025/11/17 17:17:27.849 Divide StockNo {OHF00}
[12692] 2025/11/17 17:17:27.849 Add Basket MarketNo：2 StockIdx：1208
[12692] 2025/11/17 17:17:27.849 Divide StockNo {OJF00}
[12692] 2025/11/17 17:17:27.849 Add Basket MarketNo：2 StockIdx：1214
[12692] 2025/11/17 17:17:27.849 Divide StockNo {OKF00}
[12692] 2025/11/17 17:17:27.849 Add Basket MarketNo：2 StockIdx：1220
[12692] 2025/11/17 17:17:27.849 Divide StockNo {OLF00}
[12692] 2025/11/17 17:17:27.849 Add Basket MarketNo：2 StockIdx：1226
[12692] 2025/11/17 17:17:27.849 Divide StockNo {OMF00}
[12692] 2025/11/17 17:17:27.849 Add Basket MarketNo：2 StockIdx：1232
[12692] 2025/11/17 17:17:27.849 Divide StockNo {OOF00}
[12692] 2025/11/17 17:17:27.849 Add Basket MarketNo：2 StockIdx：1238
[12692] 2025/11/17 17:17:27.849 Divide StockNo {OPF00}
[12692] 2025/11/17 17:17:27.849 Add Basket MarketNo：2 StockIdx：1244
[12692] 2025/11/17 17:17:27.849 Divide StockNo {OQF00}
[12692] 2025/11/17 17:17:27.849 Add Basket MarketNo：2 StockIdx：1250
[12692] 2025/11/17 17:17:27.849 Divide StockNo {ORF00}
[12692] 2025/11/17 17:17:27.849 Add Basket MarketNo：2 StockIdx：1256
[12692] 2025/11/17 17:17:27.849 Divide StockNo {OSF00}
[12692] 2025/11/17 17:17:27.849 Add Basket MarketNo：2 StockIdx：1262
[12692] 2025/11/17 17:17:27.850 Divide StockNo {OTF00}
[12692] 2025/11/17 17:17:27.850 Add Basket MarketNo：2 StockIdx：1268
[12692] 2025/11/17 17:17:27.850 Divide StockNo {OUF00}
[12692] 2025/11/17 17:17:27.850 Add Basket MarketNo：2 StockIdx：1274
[12692] 2025/11/17 17:17:27.850 Divide StockNo {OVF00}
[12692] 2025/11/17 17:17:27.850 Add Basket MarketNo：2 StockIdx：1280
[12692] 2025/11/17 17:17:27.850 Divide StockNo {OWF00}
[12692] 2025/11/17 17:17:27.850 Add Basket MarketNo：2 StockIdx：1286
[12692] 2025/11/17 17:17:27.850 Divide StockNo {OXF00}
[12692] 2025/11/17 17:17:27.850 Add Basket MarketNo：2 StockIdx：1292
[12692] 2025/11/17 17:17:27.850 Divide StockNo {OYF00}
[12692] 2025/11/17 17:17:27.850 Add Basket MarketNo：2 StockIdx：1298
[12692] 2025/11/17 17:17:27.850 Divide StockNo {OZF00}
[12692] 2025/11/17 17:17:27.850 Add Basket MarketNo：2 StockIdx：1304
[12692] 2025/11/17 17:17:27.850 Divide StockNo {PAF00}
[12692] 2025/11/17 17:17:27.850 Add Basket MarketNo：2 StockIdx：1310
[12692] 2025/11/17 17:17:27.850 Divide StockNo {PBF00}
[12692] 2025/11/17 17:17:27.850 Add Basket MarketNo：2 StockIdx：1316
[12692] 2025/11/17 17:17:27.850 Divide StockNo {PCF00}
[12692] 2025/11/17 17:17:27.850 Add Basket MarketNo：2 StockIdx：1322
[12692] 2025/11/17 17:17:27.850 Divide StockNo {PDF00}
[12692] 2025/11/17 17:17:27.850 Add Basket MarketNo：2 StockIdx：1328
[12692] 2025/11/17 17:17:27.850 Divide StockNo {PEF00}
[12692] 2025/11/17 17:17:27.850 Add Basket MarketNo：2 StockIdx：1334
[12692] 2025/11/17 17:17:27.850 Divide StockNo {PFF00}
[12692] 2025/11/17 17:17:27.850 Add Basket MarketNo：2 StockIdx：1340
[12692] 2025/11/17 17:17:27.850 Divide StockNo {PGF00}
[12692] 2025/11/17 17:17:27.850 Add Basket MarketNo：2 StockIdx：1346
[12692] 2025/11/17 17:17:27.850 Divide StockNo {PHF00}
[12692] 2025/11/17 17:17:27.850 Add Basket MarketNo：2 StockIdx：1352
[12692] 2025/11/17 17:17:27.850 Divide StockNo {PIF00}
[12692] 2025/11/17 17:17:27.850 Add Basket MarketNo：2 StockIdx：1358
[12692] 2025/11/17 17:17:27.850 Divide StockNo {PJF00}
[12692] 2025/11/17 17:17:27.850 Add Basket MarketNo：2 StockIdx：1364
[12692] 2025/11/17 17:17:27.850 Divide StockNo {PKF00}
[12692] 2025/11/17 17:17:27.850 Add Basket MarketNo：2 StockIdx：1370
[12692] 2025/11/17 17:17:27.850 Divide StockNo {PLF00}
[12692] 2025/11/17 17:17:27.850 Add Basket MarketNo：2 StockIdx：1376
[12692] 2025/11/17 17:17:27.850 Divide StockNo {PMF00}
[12692] 2025/11/17 17:17:27.850 Add Basket MarketNo：2 StockIdx：1382
[12692] 2025/11/17 17:17:27.850 Divide StockNo {PNF00}
[12692] 2025/11/17 17:17:27.850 Add Basket MarketNo：2 StockIdx：1388
[12692] 2025/11/17 17:17:27.850 Divide StockNo {PPF00}
[12692] 2025/11/17 17:17:27.850 Add Basket MarketNo：2 StockIdx：1394
[12692] 2025/11/17 17:17:27.850 Divide StockNo {PQF00}
[12692] 2025/11/17 17:17:27.850 Add Basket MarketNo：2 StockIdx：1400
[12692] 2025/11/17 17:17:27.850 Divide StockNo {PRF00}
[12692] 2025/11/17 17:17:27.850 Add Basket MarketNo：2 StockIdx：1406
[12692] 2025/11/17 17:17:27.850 Divide StockNo {PSF00}
[12692] 2025/11/17 17:17:27.850 Add Basket MarketNo：2 StockIdx：1412
[12692] 2025/11/17 17:17:27.850 Divide StockNo {PTF00}
[12692] 2025/11/17 17:17:27.850 Add Basket MarketNo：2 StockIdx：1419
[12692] 2025/11/17 17:17:27.850 Divide StockNo {PUF00}
[12692] 2025/11/17 17:17:27.850 Add Basket MarketNo：2 StockIdx：1425
[12692] 2025/11/17 17:17:27.850 Divide StockNo {PVF00}
[12692] 2025/11/17 17:17:27.850 Add Basket MarketNo：2 StockIdx：1431
[12692] 2025/11/17 17:17:27.850 Divide StockNo {PWF00}
[12692] 2025/11/17 17:17:27.850 Add Basket MarketNo：2 StockIdx：1437
[12692] 2025/11/17 17:17:27.850 Divide StockNo {PXF00}
[12692] 2025/11/17 17:17:27.850 Add Basket MarketNo：2 StockIdx：1443
[12692] 2025/11/17 17:17:27.850 Divide StockNo {PYF00}
[12692] 2025/11/17 17:17:27.850 Add Basket MarketNo：2 StockIdx：1449
[12692] 2025/11/17 17:17:27.850 Divide StockNo {PZF00}
[12692] 2025/11/17 17:17:27.850 Add Basket MarketNo：2 StockIdx：1455
[12692] 2025/11/17 17:17:27.850 Divide StockNo {QAF00}
[12692] 2025/11/17 17:17:27.850 Add Basket MarketNo：2 StockIdx：1461
[12692] 2025/11/17 17:17:27.850 Divide StockNo {QBF00}
[12692] 2025/11/17 17:17:27.850 Add Basket MarketNo：2 StockIdx：1467
[12692] 2025/11/17 17:17:27.851 Divide StockNo {QCF00}
[12692] 2025/11/17 17:17:27.851 Add Basket MarketNo：2 StockIdx：1473
[12692] 2025/11/17 17:17:27.851 Divide StockNo {QDF00}
[12692] 2025/11/17 17:17:27.851 Add Basket MarketNo：2 StockIdx：1479
[12692] 2025/11/17 17:17:27.851 Divide StockNo {QEF00}
[12692] 2025/11/17 17:17:27.851 Add Basket MarketNo：2 StockIdx：1485
[12692] 2025/11/17 17:17:27.851 Divide StockNo {QFF00}
[12692] 2025/11/17 17:17:27.851 Add Basket MarketNo：2 StockIdx：5674
[12692] 2025/11/17 17:17:27.851 Divide StockNo {QGF00}
[12692] 2025/11/17 17:17:27.851 Add Basket MarketNo：2 StockIdx：1498
[12692] 2025/11/17 17:17:27.851 Divide StockNo {QHF00}
[12692] 2025/11/17 17:17:27.851 Add Basket MarketNo：2 StockIdx：1504
[12692] 2025/11/17 17:17:27.851 Divide StockNo {QIF00}
[12692] 2025/11/17 17:17:27.851 Add Basket MarketNo：2 StockIdx：1510
[12692] 2025/11/17 17:17:27.851 Divide StockNo {QJF00}
[12692] 2025/11/17 17:17:27.851 Add Basket MarketNo：2 StockIdx：1514
[12692] 2025/11/17 17:17:27.851 Divide StockNo {QKF00}
[12692] 2025/11/17 17:17:27.851 Add Basket MarketNo：2 StockIdx：1520
[12692] 2025/11/17 17:17:27.851 Divide StockNo {QLF00}
[12692] 2025/11/17 17:17:27.851 Add Basket MarketNo：2 StockIdx：1526
[12692] 2025/11/17 17:17:27.851 Divide StockNo {QMF00}
[12692] 2025/11/17 17:17:27.851 Add Basket MarketNo：2 StockIdx：1532
[12692] 2025/11/17 17:17:27.851 Divide StockNo {QNF00}
[12692] 2025/11/17 17:17:27.851 Add Basket MarketNo：2 StockIdx：1538
[12692] 2025/11/17 17:17:27.851 Divide StockNo {QOF00}
[12692] 2025/11/17 17:17:27.851 Add Basket MarketNo：2 StockIdx：1544
[12692] 2025/11/17 17:17:27.851 Divide StockNo {QPF00}
[12692] 2025/11/17 17:17:27.851 Add Basket MarketNo：2 StockIdx：1550
[12692] 2025/11/17 17:17:27.851 Divide StockNo {QQF00}
[12692] 2025/11/17 17:17:27.851 Add Basket MarketNo：2 StockIdx：1556
[12692] 2025/11/17 17:17:27.851 Divide StockNo {QRF00}
[12692] 2025/11/17 17:17:27.851 Add Basket MarketNo：2 StockIdx：1562
[12692] 2025/11/17 17:17:27.851 Divide StockNo {QSF00}
[12692] 2025/11/17 17:17:27.851 Add Basket MarketNo：2 StockIdx：1568
[12692] 2025/11/17 17:17:27.851 Divide StockNo {QTF00}
[12692] 2025/11/17 17:17:27.851 Add Basket MarketNo：2 StockIdx：1574
[12692] 2025/11/17 17:17:27.851 Divide StockNo {QUF00}
[12692] 2025/11/17 17:17:27.851 Add Basket MarketNo：2 StockIdx：1580
[12692] 2025/11/17 17:17:27.851 Divide StockNo {QVF00}
[12692] 2025/11/17 17:17:27.851 Add Basket MarketNo：2 StockIdx：1586
[12692] 2025/11/17 17:17:27.851 Divide StockNo {QWF00}
[12692] 2025/11/17 17:17:27.851 Add Basket MarketNo：2 StockIdx：1592
[12692] 2025/11/17 17:17:27.851 Divide StockNo {QXF00}
[12692] 2025/11/17 17:17:27.851 Add Basket MarketNo：2 StockIdx：1598
[12692] 2025/11/17 17:17:27.851 Divide StockNo {QYF00}
[12692] 2025/11/17 17:17:27.851 Add Basket MarketNo：2 StockIdx：1604
[12692] 2025/11/17 17:17:27.851 Divide StockNo {QZF00}
[12692] 2025/11/17 17:17:27.851 Add Basket MarketNo：2 StockIdx：1610
[12692] 2025/11/17 17:17:27.851 Divide StockNo {RAF00}
[12692] 2025/11/17 17:17:27.851 Add Basket MarketNo：2 StockIdx：1616
[12692] 2025/11/17 17:17:27.851 Divide StockNo {RBF00}
[12692] 2025/11/17 17:17:27.851 Add Basket MarketNo：2 StockIdx：1622
[12692] 2025/11/17 17:17:27.851 Divide StockNo {RCF00}
[12692] 2025/11/17 17:17:27.851 Add Basket MarketNo：2 StockIdx：1628
[12692] 2025/11/17 17:17:27.851 Divide StockNo {RDF00}
[12692] 2025/11/17 17:17:27.851 Add Basket MarketNo：2 StockIdx：1634
[12692] 2025/11/17 17:17:27.851 Divide StockNo {REF00}
[12692] 2025/11/17 17:17:27.851 Add Basket MarketNo：2 StockIdx：1640
[12692] 2025/11/17 17:17:27.851 Divide StockNo {RFF00}
[12692] 2025/11/17 17:17:27.851 Add Basket MarketNo：2 StockIdx：1646
[12692] 2025/11/17 17:17:27.851 Divide StockNo {RGF00}
[12692] 2025/11/17 17:17:27.851 Add Basket MarketNo：2 StockIdx：1652
[12692] 2025/11/17 17:17:27.851 Divide StockNo {RIF00}
[12692] 2025/11/17 17:17:27.851 Add Basket MarketNo：2 StockIdx：1658
[12692] 2025/11/17 17:17:27.851 Divide StockNo {RJF00}
[12692] 2025/11/17 17:17:27.851 Add Basket MarketNo：2 StockIdx：1664
[12692] 2025/11/17 17:17:27.851 Divide StockNo {RKF00}
[12692] 2025/11/17 17:17:27.851 Add Basket MarketNo：2 StockIdx：1670
[12692] 2025/11/17 17:17:27.851 Divide StockNo {RLF00}
[12692] 2025/11/17 17:17:27.851 Add Basket MarketNo：2 StockIdx：1676
[12692] 2025/11/17 17:17:27.851 Divide StockNo {RMF00}
[12692] 2025/11/17 17:17:27.852 Stock Is Not Exist 
[12692] 2025/11/17 17:17:27.852 Divide StockNo {RNF00}
[12692] 2025/11/17 17:17:27.852 Add Basket MarketNo：2 StockIdx：1682
[12692] 2025/11/17 17:17:27.852 Divide StockNo {ROF00}
[12692] 2025/11/17 17:17:27.852 Add Basket MarketNo：2 StockIdx：1688
[12692] 2025/11/17 17:17:27.852 Divide StockNo {RPF00}
[12692] 2025/11/17 17:17:27.852 Add Basket MarketNo：2 StockIdx：1694
[12692] 2025/11/17 17:17:27.852 Divide StockNo {RQF00}
[12692] 2025/11/17 17:17:27.852 Stock Is Not Exist 
[12692] 2025/11/17 17:17:27.852 Divide StockNo {RRF00}
[12692] 2025/11/17 17:17:27.852 Add Basket MarketNo：2 StockIdx：1701
[12692] 2025/11/17 17:17:27.852 Divide StockNo {RSF00}
[12692] 2025/11/17 17:17:27.852 Add Basket MarketNo：2 StockIdx：1707
[12692] 2025/11/17 17:17:27.852 Divide StockNo {RUF00}
[12692] 2025/11/17 17:17:27.852 Add Basket MarketNo：2 StockIdx：1713
[12692] 2025/11/17 17:17:27.852 Divide StockNo {RVF00}
[12692] 2025/11/17 17:17:27.852 Add Basket MarketNo：2 StockIdx：1719
[12692] 2025/11/17 17:17:27.852 Divide StockNo {RWF00}
[12692] 2025/11/17 17:17:27.852 Add Basket MarketNo：2 StockIdx：1725
[12692] 2025/11/17 17:17:27.852 Divide StockNo {RXF00}
[12692] 2025/11/17 17:17:27.852 Add Basket MarketNo：2 StockIdx：1731
[12692] 2025/11/17 17:17:27.852 Divide StockNo {RYF00}
[12692] 2025/11/17 17:17:27.852 Add Basket MarketNo：2 StockIdx：1737
[12692] 2025/11/17 17:17:27.852 Divide StockNo {RZF00}
[12692] 2025/11/17 17:17:27.852 Add Basket MarketNo：2 StockIdx：5680
[12692] 2025/11/17 17:17:27.852 Divide StockNo {SAF00}
[12692] 2025/11/17 17:17:27.852 Add Basket MarketNo：2 StockIdx：1749
[12692] 2025/11/17 17:17:27.852 Divide StockNo {SBF00}
[12692] 2025/11/17 17:17:27.852 Add Basket MarketNo：2 StockIdx：1755
[12692] 2025/11/17 17:17:27.852 Divide StockNo {SCF00}
[12692] 2025/11/17 17:17:27.852 Add Basket MarketNo：2 StockIdx：1761
[12692] 2025/11/17 17:17:27.852 Divide StockNo {SDF00}
[12692] 2025/11/17 17:17:27.852 Add Basket MarketNo：2 StockIdx：1767
[12692] 2025/11/17 17:17:27.852 Divide StockNo {SEF00}
[12692] 2025/11/17 17:17:27.852 Add Basket MarketNo：2 StockIdx：1773
[12692] 2025/11/17 17:17:27.852 Divide StockNo {SFF00}
[12692] 2025/11/17 17:17:27.852 Add Basket MarketNo：2 StockIdx：1779
[12692] 2025/11/17 17:17:27.852 Divide StockNo {SGF00}
[12692] 2025/11/17 17:17:27.852 Add Basket MarketNo：2 StockIdx：1785
[12692] 2025/11/17 17:17:27.852 Divide StockNo {SIF00}
[12692] 2025/11/17 17:17:27.852 Add Basket MarketNo：2 StockIdx：1791
[12692] 2025/11/17 17:17:27.852 Divide StockNo {SJF00}
[12692] 2025/11/17 17:17:27.852 Add Basket MarketNo：2 StockIdx：1797
[12692] 2025/11/17 17:17:27.852 Divide StockNo {SKF00}
[12692] 2025/11/17 17:17:27.852 Add Basket MarketNo：2 StockIdx：1803
[12692] 2025/11/17 17:17:27.852 Divide StockNo {SLF00}
[12692] 2025/11/17 17:17:27.852 Add Basket MarketNo：2 StockIdx：1809
[12692] 2025/11/17 17:17:27.852 Divide StockNo {SMF00}
[12692] 2025/11/17 17:17:27.852 Add Basket MarketNo：2 StockIdx：1815
[12692] 2025/11/17 17:17:27.852 Divide StockNo {SNF00}
[12692] 2025/11/17 17:17:27.852 Add Basket MarketNo：2 StockIdx：1821
[12692] 2025/11/17 17:17:27.852 Divide StockNo {SQF00}
[12692] 2025/11/17 17:17:27.852 Add Basket MarketNo：2 StockIdx：1827
[12692] 2025/11/17 17:17:27.852 Divide StockNo {SRF00}
[12692] 2025/11/17 17:17:27.852 Add Basket MarketNo：2 StockIdx：5686
[12692] 2025/11/17 17:17:27.852 Divide StockNo {SSF00}
[12692] 2025/11/17 17:17:27.852 Add Basket MarketNo：2 StockIdx：1840
[12692] 2025/11/17 17:17:27.852 Divide StockNo {SUF00}
[12692] 2025/11/17 17:17:27.852 Add Basket MarketNo：2 StockIdx：1846
[12692] 2025/11/17 17:17:27.852 Divide StockNo {SVF00}
[12692] 2025/11/17 17:17:27.852 Add Basket MarketNo：2 StockIdx：1852
[12692] 2025/11/17 17:17:27.852 Divide StockNo {SWF00}
[12692] 2025/11/17 17:17:27.852 Add Basket MarketNo：2 StockIdx：1858
[12692] 2025/11/17 17:17:27.852 Divide StockNo {SYF00}
[12692] 2025/11/17 17:17:27.852 Add Basket MarketNo：2 StockIdx：1864
[12692] 2025/11/17 17:17:27.852 Divide StockNo {SZF00}
[12692] 2025/11/17 17:17:27.852 Add Basket MarketNo：2 StockIdx：1870
[12692] 2025/11/17 17:17:27.852 Divide StockNo {UAF00}
[12692] 2025/11/17 17:17:27.852 Add Basket MarketNo：2 StockIdx：1876
[12692] 2025/11/17 17:17:27.852 Divide StockNo {UBF00}
[12692] 2025/11/17 17:17:27.853 Add Basket MarketNo：2 StockIdx：1882
[12692] 2025/11/17 17:17:27.853 Divide StockNo {UCF00}
[12692] 2025/11/17 17:17:27.853 Add Basket MarketNo：2 StockIdx：1888
[12692] 2025/11/17 17:17:27.853 Divide StockNo {UEF00}
[12692] 2025/11/17 17:17:27.853 Add Basket MarketNo：2 StockIdx：1894
[12692] 2025/11/17 17:17:27.853 Divide StockNo {UFF00}
[12692] 2025/11/17 17:17:27.853 Add Basket MarketNo：2 StockIdx：1900
[12692] 2025/11/17 17:17:27.853 Divide StockNo {UGF00}
[12692] 2025/11/17 17:17:27.853 Add Basket MarketNo：2 StockIdx：1906
[12692] 2025/11/17 17:17:27.853 Divide StockNo {UHF00}
[12692] 2025/11/17 17:17:27.853 Add Basket MarketNo：2 StockIdx：1912
[12692] 2025/11/17 17:17:27.853 Divide StockNo {UIF00}
[12692] 2025/11/17 17:17:27.853 Add Basket MarketNo：2 StockIdx：1918
[12692] 2025/11/17 17:17:27.853 Divide StockNo {UJF00}
[12692] 2025/11/17 17:17:27.853 Add Basket MarketNo：2 StockIdx：1924
[12692] 2025/11/17 17:17:27.853 Divide StockNo {UKF00}
[12692] 2025/11/17 17:17:27.853 Add Basket MarketNo：2 StockIdx：1930
[12692] 2025/11/17 17:17:27.853 Divide StockNo {ULF00}
[12692] 2025/11/17 17:17:27.853 Add Basket MarketNo：2 StockIdx：1936
[12692] 2025/11/17 17:17:27.853 Divide StockNo {UMF00}
[12692] 2025/11/17 17:17:27.853 Add Basket MarketNo：2 StockIdx：1942
[12692] 2025/11/17 17:17:27.853 Divide StockNo {UOF00}
[12692] 2025/11/17 17:17:27.853 Add Basket MarketNo：2 StockIdx：1948
[12692] 2025/11/17 17:17:27.853 Divide StockNo {UPF00}
[12692] 2025/11/17 17:17:27.853 Add Basket MarketNo：2 StockIdx：1954
[12692] 2025/11/17 17:17:27.853 Divide StockNo {UQF00}
[12692] 2025/11/17 17:17:27.853 Add Basket MarketNo：2 StockIdx：1960
[12692] 2025/11/17 17:17:27.853 Divide StockNo {URF00}
[12692] 2025/11/17 17:17:27.853 Add Basket MarketNo：2 StockIdx：1967
[12692] 2025/11/17 17:17:27.853 Divide StockNo {USF00}
[12692] 2025/11/17 17:17:27.853 Add Basket MarketNo：2 StockIdx：1973
[12692] 2025/11/17 17:17:27.853 Divide StockNo {UTF00}
[12692] 2025/11/17 17:17:27.853 Add Basket MarketNo：2 StockIdx：1979
[12692] 2025/11/17 17:17:27.853 Divide StockNo {UUF00}
[12692] 2025/11/17 17:17:27.853 Add Basket MarketNo：2 StockIdx：1985
[12692] 2025/11/17 17:17:27.853 Divide StockNo {UVF00}
[12692] 2025/11/17 17:17:27.853 Add Basket MarketNo：2 StockIdx：1991
[12692] 2025/11/17 17:17:27.853 Divide StockNo {UWF00}
[12692] 2025/11/17 17:17:27.853 Add Basket MarketNo：2 StockIdx：1997
[12692] 2025/11/17 17:17:27.853 Divide StockNo {0050}
[12692] 2025/11/17 17:17:27.853 Add Basket MarketNo：0 StockIdx：0
[12692] 2025/11/17 17:17:27.853 Divide StockNo {0056}
[12692] 2025/11/17 17:17:27.853 Add Basket MarketNo：0 StockIdx：5
[12692] 2025/11/17 17:17:27.853 Divide StockNo {006205}
[12692] 2025/11/17 17:17:27.853 Add Basket MarketNo：0 StockIdx：10
[12692] 2025/11/17 17:17:27.853 Divide StockNo {006206}
[12692] 2025/11/17 17:17:27.853 Add Basket MarketNo：0 StockIdx：11
[12692] 2025/11/17 17:17:27.853 Divide StockNo {00636}
[12692] 2025/11/17 17:17:27.853 Add Basket MarketNo：0 StockIdx：20
[12692] 2025/11/17 17:17:27.853 Divide StockNo {00639}
[12692] 2025/11/17 17:17:27.853 Add Basket MarketNo：0 StockIdx：24
[12692] 2025/11/17 17:17:27.853 Divide StockNo {00643}
[12692] 2025/11/17 17:17:27.853 Add Basket MarketNo：0 StockIdx：28
[12692] 2025/11/17 17:17:27.853 Divide StockNo {00679B}
[12692] 2025/11/17 17:17:27.853 Add Basket MarketNo：1 StockIdx：1
[12692] 2025/11/17 17:17:27.853 Divide StockNo {00687B}
[12692] 2025/11/17 17:17:27.853 Add Basket MarketNo：1 StockIdx：2
[12692] 2025/11/17 17:17:27.853 Divide StockNo {00719B}
[12692] 2025/11/17 17:17:27.853 Add Basket MarketNo：1 StockIdx：8
[12692] 2025/11/17 17:17:27.853 Divide StockNo {00757}
[12692] 2025/11/17 17:17:27.853 Add Basket MarketNo：0 StockIdx：98
[12692] 2025/11/17 17:17:27.853 Divide StockNo {00772B}
[12692] 2025/11/17 17:17:27.853 Add Basket MarketNo：1 StockIdx：32
[12692] 2025/11/17 17:17:27.853 Divide StockNo {00878}
[12692] 2025/11/17 17:17:27.853 Add Basket MarketNo：0 StockIdx：113
[12692] 2025/11/17 17:17:27.853 Divide StockNo {00885}
[12692] 2025/11/17 17:17:27.853 Add Basket MarketNo：0 StockIdx：116
[12692] 2025/11/17 17:17:27.853 Divide StockNo {00893}
[12692] 2025/11/17 17:17:27.853 Add Basket MarketNo：0 StockIdx：119
[12692] 2025/11/17 17:17:27.853 Divide StockNo {00919}
[12692] 2025/11/17 17:17:27.853 Add Basket MarketNo：0 StockIdx：143
[12692] 2025/11/17 17:17:27.853 Divide StockNo {00923}
[12692] 2025/11/17 17:17:27.853 Add Basket MarketNo：0 StockIdx：147
[12692] 2025/11/17 17:17:27.854 Divide StockNo {00929}
[12692] 2025/11/17 17:17:27.854 Add Basket MarketNo：0 StockIdx：151
[12692] 2025/11/17 17:17:27.854 Divide StockNo {00937B}
[12692] 2025/11/17 17:17:27.854 Add Basket MarketNo：1 StockIdx：82
[12692] 2025/11/17 17:17:27.854 Divide StockNo {00940}
[12692] 2025/11/17 17:17:27.854 Add Basket MarketNo：0 StockIdx：159
[12692] 2025/11/17 17:17:27.854 Divide StockNo {1101}
[12692] 2025/11/17 17:17:27.854 Add Basket MarketNo：0 StockIdx：33515
[12692] 2025/11/17 17:17:27.854 Divide StockNo {1102}
[12692] 2025/11/17 17:17:27.854 Add Basket MarketNo：0 StockIdx：33517
[12692] 2025/11/17 17:17:27.854 Divide StockNo {1210}
[12692] 2025/11/17 17:17:27.854 Add Basket MarketNo：0 StockIdx：33525
[12692] 2025/11/17 17:17:27.854 Divide StockNo {1216}
[12692] 2025/11/17 17:17:27.854 Add Basket MarketNo：0 StockIdx：33528
[12692] 2025/11/17 17:17:27.854 Divide StockNo {1301}
[12692] 2025/11/17 17:17:27.854 Add Basket MarketNo：0 StockIdx：33543
[12692] 2025/11/17 17:17:27.854 Divide StockNo {1303}
[12692] 2025/11/17 17:17:27.854 Add Basket MarketNo：0 StockIdx：33544
[12692] 2025/11/17 17:17:27.854 Divide StockNo {1312}
[12692] 2025/11/17 17:17:27.854 Add Basket MarketNo：0 StockIdx：33551
[12692] 2025/11/17 17:17:27.854 Divide StockNo {1314}
[12692] 2025/11/17 17:17:27.854 Add Basket MarketNo：0 StockIdx：33554
[12692] 2025/11/17 17:17:27.854 Divide StockNo {1319}
[12692] 2025/11/17 17:17:27.854 Add Basket MarketNo：0 StockIdx：33557
[12692] 2025/11/17 17:17:27.854 Divide StockNo {1326}
[12692] 2025/11/17 17:17:27.854 Add Basket MarketNo：0 StockIdx：33562
[12692] 2025/11/17 17:17:27.854 Divide StockNo {1402}
[12692] 2025/11/17 17:17:27.854 Add Basket MarketNo：0 StockIdx：33569
[12692] 2025/11/17 17:17:27.854 Divide StockNo {1440}
[12692] 2025/11/17 17:17:27.854 Add Basket MarketNo：0 StockIdx：33586
[12692] 2025/11/17 17:17:27.854 Divide StockNo {1476}
[12692] 2025/11/17 17:17:27.854 Add Basket MarketNo：0 StockIdx：33616
[12692] 2025/11/17 17:17:27.854 Divide StockNo {1477}
[12692] 2025/11/17 17:17:27.854 Add Basket MarketNo：0 StockIdx：33617
[12692] 2025/11/17 17:17:27.854 Divide StockNo {1503}
[12692] 2025/11/17 17:17:27.854 Add Basket MarketNo：0 StockIdx：33618
[12692] 2025/11/17 17:17:27.854 Divide StockNo {1504}
[12692] 2025/11/17 17:17:27.854 Add Basket MarketNo：0 StockIdx：33619
[12692] 2025/11/17 17:17:27.854 Divide StockNo {1513}
[12692] 2025/11/17 17:17:27.854 Add Basket MarketNo：0 StockIdx：33622
[12692] 2025/11/17 17:17:27.854 Divide StockNo {1536}
[12692] 2025/11/17 17:17:27.854 Add Basket MarketNo：0 StockIdx：33642
[12692] 2025/11/17 17:17:27.854 Divide StockNo {1565}
[12692] 2025/11/17 17:17:27.854 Add Basket MarketNo：1 StockIdx：140
[12692] 2025/11/17 17:17:27.854 Divide StockNo {1590}
[12692] 2025/11/17 17:17:27.854 Add Basket MarketNo：0 StockIdx：33656
[12692] 2025/11/17 17:17:27.854 Divide StockNo {1605}
[12692] 2025/11/17 17:17:27.854 Add Basket MarketNo：0 StockIdx：33661
[12692] 2025/11/17 17:17:27.854 Divide StockNo {1609}
[12692] 2025/11/17 17:17:27.854 Add Basket MarketNo：0 StockIdx：33663
[12692] 2025/11/17 17:17:27.854 Divide StockNo {1707}
[12692] 2025/11/17 17:17:27.854 Add Basket MarketNo：0 StockIdx：33673
[12692] 2025/11/17 17:17:27.854 Divide StockNo {1717}
[12692] 2025/11/17 17:17:27.854 Add Basket MarketNo：0 StockIdx：33681
[12692] 2025/11/17 17:17:27.854 Divide StockNo {1718}
[12692] 2025/11/17 17:17:27.854 Add Basket MarketNo：0 StockIdx：33682
[12692] 2025/11/17 17:17:27.854 Divide StockNo {1722}
[12692] 2025/11/17 17:17:27.854 Add Basket MarketNo：0 StockIdx：33685
[12692] 2025/11/17 17:17:27.854 Divide StockNo {1795}
[12692] 2025/11/17 17:17:27.854 Add Basket MarketNo：0 StockIdx：33706
[12692] 2025/11/17 17:17:27.854 Divide StockNo {1802}
[12692] 2025/11/17 17:17:27.854 Add Basket MarketNo：0 StockIdx：33707
[12692] 2025/11/17 17:17:27.854 Divide StockNo {1904}
[12692] 2025/11/17 17:17:27.854 Add Basket MarketNo：0 StockIdx：33714
[12692] 2025/11/17 17:17:27.854 Divide StockNo {1905}
[12692] 2025/11/17 17:17:27.854 Add Basket MarketNo：0 StockIdx：33715
[12692] 2025/11/17 17:17:27.854 Divide StockNo {1907}
[12692] 2025/11/17 17:17:27.855 Add Basket MarketNo：0 StockIdx：33717
[12692] 2025/11/17 17:17:27.855 Divide StockNo {1909}
[12692] 2025/11/17 17:17:27.855 Add Basket MarketNo：0 StockIdx：33718
[12692] 2025/11/17 17:17:27.855 Divide StockNo {2002}
[12692] 2025/11/17 17:17:27.855 Add Basket MarketNo：0 StockIdx：33719
[12692] 2025/11/17 17:17:27.855 Divide StockNo {2006}
[12692] 2025/11/17 17:17:27.855 Add Basket MarketNo：0 StockIdx：33721
[12692] 2025/11/17 17:17:27.855 Divide StockNo {2014}
[12692] 2025/11/17 17:17:27.855 Add Basket MarketNo：0 StockIdx：33728
[12692] 2025/11/17 17:17:27.855 Divide StockNo {2027}
[12692] 2025/11/17 17:17:27.855 Add Basket MarketNo：0 StockIdx：33736
[12692] 2025/11/17 17:17:27.855 Divide StockNo {2049}
[12692] 2025/11/17 17:17:27.855 Add Basket MarketNo：0 StockIdx：33745
[12692] 2025/11/17 17:17:27.855 Divide StockNo {2059}
[12692] 2025/11/17 17:17:27.855 Add Basket MarketNo：0 StockIdx：33746
[12692] 2025/11/17 17:17:27.855 Divide StockNo {2105}
[12692] 2025/11/17 17:17:27.855 Add Basket MarketNo：0 StockIdx：33753
[12692] 2025/11/17 17:17:27.855 Divide StockNo {2201}
[12692] 2025/11/17 17:17:27.855 Add Basket MarketNo：0 StockIdx：33760
[12692] 2025/11/17 17:17:27.855 Divide StockNo {2231}
[12692] 2025/11/17 17:17:27.855 Add Basket MarketNo：0 StockIdx：33768
[12692] 2025/11/17 17:17:27.855 Divide StockNo {2301}
[12692] 2025/11/17 17:17:27.855 Add Basket MarketNo：0 StockIdx：33779
[12692] 2025/11/17 17:17:27.855 Divide StockNo {2303}
[12692] 2025/11/17 17:17:27.855 Add Basket MarketNo：0 StockIdx：33781
[12692] 2025/11/17 17:17:27.855 Divide StockNo {2308}
[12692] 2025/11/17 17:17:27.855 Add Basket MarketNo：0 StockIdx：33783
[12692] 2025/11/17 17:17:27.855 Divide StockNo {2312}
[12692] 2025/11/17 17:17:27.855 Add Basket MarketNo：0 StockIdx：33784
[12692] 2025/11/17 17:17:27.855 Divide StockNo {2313}
[12692] 2025/11/17 17:17:27.855 Add Basket MarketNo：0 StockIdx：33785
[12692] 2025/11/17 17:17:27.855 Divide StockNo {2317}
[12692] 2025/11/17 17:17:27.855 Add Basket MarketNo：0 StockIdx：33788
[12692] 2025/11/17 17:17:27.855 Divide StockNo {2323}
[12692] 2025/11/17 17:17:27.855 Add Basket MarketNo：0 StockIdx：33790
[12692] 2025/11/17 17:17:27.855 Divide StockNo {2324}
[12692] 2025/11/17 17:17:27.855 Add Basket MarketNo：0 StockIdx：33791
[12692] 2025/11/17 17:17:27.855 Divide StockNo {2327}
[12692] 2025/11/17 17:17:27.855 Add Basket MarketNo：0 StockIdx：33792
[12692] 2025/11/17 17:17:27.855 Divide StockNo {2328}
[12692] 2025/11/17 17:17:27.855 Add Basket MarketNo：0 StockIdx：33793
[12692] 2025/11/17 17:17:27.855 Divide StockNo {2330}
[12692] 2025/11/17 17:17:27.855 Add Basket MarketNo：0 StockIdx：33795
[12692] 2025/11/17 17:17:27.855 Divide StockNo {2331}
[12692] 2025/11/17 17:17:27.855 Add Basket MarketNo：0 StockIdx：33796
[12692] 2025/11/17 17:17:27.855 Divide StockNo {2332}
[12692] 2025/11/17 17:17:27.855 Add Basket MarketNo：0 StockIdx：33797
[12692] 2025/11/17 17:17:27.855 Divide StockNo {2337}
[12692] 2025/11/17 17:17:27.855 Add Basket MarketNo：0 StockIdx：33798
[12692] 2025/11/17 17:17:27.855 Divide StockNo {2338}
[12692] 2025/11/17 17:17:27.855 Add Basket MarketNo：0 StockIdx：33799
[12692] 2025/11/17 17:17:27.855 Divide StockNo {2340}
[12692] 2025/11/17 17:17:27.855 Add Basket MarketNo：0 StockIdx：33800
[12692] 2025/11/17 17:17:27.855 Divide StockNo {2344}
[12692] 2025/11/17 17:17:27.855 Add Basket MarketNo：0 StockIdx：33802
[12692] 2025/11/17 17:17:27.855 Divide StockNo {2345}
[12692] 2025/11/17 17:17:27.855 Add Basket MarketNo：0 StockIdx：33803
[12692] 2025/11/17 17:17:27.855 Divide StockNo {2347}
[12692] 2025/11/17 17:17:27.855 Add Basket MarketNo：0 StockIdx：33804
[12692] 2025/11/17 17:17:27.855 Divide StockNo {2352}
[12692] 2025/11/17 17:17:27.855 Add Basket MarketNo：0 StockIdx：33809
[12692] 2025/11/17 17:17:27.855 Divide StockNo {2353}
[12692] 2025/11/17 17:17:27.855 Add Basket MarketNo：0 StockIdx：33810
[12692] 2025/11/17 17:17:27.855 Divide StockNo {2354}
[12692] 2025/11/17 17:17:27.855 Add Basket MarketNo：0 StockIdx：33811
[12692] 2025/11/17 17:17:27.855 Divide StockNo {2355}
[12692] 2025/11/17 17:17:27.855 Add Basket MarketNo：0 StockIdx：33812
[12692] 2025/11/17 17:17:27.855 Divide StockNo {2356}
[12692] 2025/11/17 17:17:27.855 Add Basket MarketNo：0 StockIdx：33813
[12692] 2025/11/17 17:17:27.855 Divide StockNo {2357}
[12692] 2025/11/17 17:17:27.855 Add Basket MarketNo：0 StockIdx：33814
[12692] 2025/11/17 17:17:27.855 Divide StockNo {2360}
[12692] 2025/11/17 17:17:27.855 Add Basket MarketNo：0 StockIdx：33816
[12692] 2025/11/17 17:17:27.855 Divide StockNo {2368}
[12692] 2025/11/17 17:17:27.856 Add Basket MarketNo：0 StockIdx：33822
[12692] 2025/11/17 17:17:27.856 Divide StockNo {2371}
[12692] 2025/11/17 17:17:27.856 Add Basket MarketNo：0 StockIdx：33824
[12692] 2025/11/17 17:17:27.856 Divide StockNo {2376}
[12692] 2025/11/17 17:17:27.856 Add Basket MarketNo：0 StockIdx：33828
[12692] 2025/11/17 17:17:27.856 Divide StockNo {2377}
[12692] 2025/11/17 17:17:27.856 Add Basket MarketNo：0 StockIdx：33829
[12692] 2025/11/17 17:17:27.856 Divide StockNo {2379}
[12692] 2025/11/17 17:17:27.856 Add Basket MarketNo：0 StockIdx：33830
[12692] 2025/11/17 17:17:27.856 Divide StockNo {2382}
[12692] 2025/11/17 17:17:27.856 Add Basket MarketNo：0 StockIdx：33832
[12692] 2025/11/17 17:17:27.856 Divide StockNo {2383}
[12692] 2025/11/17 17:17:27.856 Add Basket MarketNo：0 StockIdx：33833
[12692] 2025/11/17 17:17:27.856 Divide StockNo {2385}
[12692] 2025/11/17 17:17:27.856 Add Basket MarketNo：0 StockIdx：33834
[12692] 2025/11/17 17:17:27.856 Divide StockNo {2388}
[12692] 2025/11/17 17:17:27.856 Add Basket MarketNo：0 StockIdx：33836
[12692] 2025/11/17 17:17:27.856 Divide StockNo {2392}
[12692] 2025/11/17 17:17:27.856 Add Basket MarketNo：0 StockIdx：33838
[12692] 2025/11/17 17:17:27.856 Divide StockNo {2393}
[12692] 2025/11/17 17:17:27.856 Add Basket MarketNo：0 StockIdx：33839
[12692] 2025/11/17 17:17:27.856 Divide StockNo {2401}
[12692] 2025/11/17 17:17:27.856 Add Basket MarketNo：0 StockIdx：33843
[12692] 2025/11/17 17:17:27.856 Divide StockNo {2404}
[12692] 2025/11/17 17:17:27.856 Add Basket MarketNo：0 StockIdx：33845
[12692] 2025/11/17 17:17:27.856 Divide StockNo {2408}
[12692] 2025/11/17 17:17:27.856 Add Basket MarketNo：0 StockIdx：33848
[12692] 2025/11/17 17:17:27.856 Divide StockNo {2409}
[12692] 2025/11/17 17:17:27.856 Add Basket MarketNo：0 StockIdx：33849
[12692] 2025/11/17 17:17:27.856 Divide StockNo {2412}
[12692] 2025/11/17 17:17:27.856 Add Basket MarketNo：0 StockIdx：33850
[12692] 2025/11/17 17:17:27.856 Divide StockNo {2439}
[12692] 2025/11/17 17:17:27.856 Add Basket MarketNo：0 StockIdx：33872
[12692] 2025/11/17 17:17:27.856 Divide StockNo {2441}
[12692] 2025/11/17 17:17:27.856 Add Basket MarketNo：0 StockIdx：33874
[12692] 2025/11/17 17:17:27.856 Divide StockNo {2449}
[12692] 2025/11/17 17:17:27.856 Add Basket MarketNo：0 StockIdx：33877
[12692] 2025/11/17 17:17:27.856 Divide StockNo {2454}
[12692] 2025/11/17 17:17:27.856 Add Basket MarketNo：0 StockIdx：33881
[12692] 2025/11/17 17:17:27.856 Divide StockNo {2455}
[12692] 2025/11/17 17:17:27.856 Add Basket MarketNo：0 StockIdx：33882
[12692] 2025/11/17 17:17:27.856 Divide StockNo {2457}
[12692] 2025/11/17 17:17:27.856 Add Basket MarketNo：0 StockIdx：33883
[12692] 2025/11/17 17:17:27.856 Divide StockNo {2458}
[12692] 2025/11/17 17:17:27.856 Add Basket MarketNo：0 StockIdx：33884
[12692] 2025/11/17 17:17:27.856 Divide StockNo {2474}
[12692] 2025/11/17 17:17:27.856 Add Basket MarketNo：0 StockIdx：33896
[12692] 2025/11/17 17:17:27.856 Divide StockNo {2481}
[12692] 2025/11/17 17:17:27.856 Add Basket MarketNo：0 StockIdx：33901
[12692] 2025/11/17 17:17:27.856 Divide StockNo {2485}
[12692] 2025/11/17 17:17:27.856 Add Basket MarketNo：0 StockIdx：33905
[12692] 2025/11/17 17:17:27.856 Divide StockNo {2486}
[12692] 2025/11/17 17:17:27.856 Add Basket MarketNo：0 StockIdx：33906
[12692] 2025/11/17 17:17:27.856 Divide StockNo {2489}
[12692] 2025/11/17 17:17:27.856 Add Basket MarketNo：0 StockIdx：33908
[12692] 2025/11/17 17:17:27.856 Divide StockNo {2492}
[12692] 2025/11/17 17:17:27.856 Add Basket MarketNo：0 StockIdx：33910
[12692] 2025/11/17 17:17:27.856 Divide StockNo {2498}
[12692] 2025/11/17 17:17:27.856 Add Basket MarketNo：0 StockIdx：33915
[12692] 2025/11/17 17:17:27.856 Divide StockNo {2515}
[12692] 2025/11/17 17:17:27.856 Add Basket MarketNo：0 StockIdx：33923
[12692] 2025/11/17 17:17:27.856 Divide StockNo {2520}
[12692] 2025/11/17 17:17:27.856 Add Basket MarketNo：0 StockIdx：33925
[12692] 2025/11/17 17:17:27.856 Divide StockNo {2542}
[12692] 2025/11/17 17:17:27.856 Add Basket MarketNo：0 StockIdx：33937
[12692] 2025/11/17 17:17:27.856 Divide StockNo {2548}
[12692] 2025/11/17 17:17:27.856 Add Basket MarketNo：0 StockIdx：33942
[12692] 2025/11/17 17:17:27.856 Divide StockNo {2603}
[12692] 2025/11/17 17:17:27.856 Add Basket MarketNo：0 StockIdx：33945
[12692] 2025/11/17 17:17:27.856 Divide StockNo {2605}
[12692] 2025/11/17 17:17:27.856 Add Basket MarketNo：0 StockIdx：33946
[12692] 2025/11/17 17:17:27.856 Divide StockNo {2606}
[12692] 2025/11/17 17:17:27.856 Add Basket MarketNo：0 StockIdx：33947
[12692] 2025/11/17 17:17:27.856 Divide StockNo {2609}
[12692] 2025/11/17 17:17:27.856 Add Basket MarketNo：0 StockIdx：33950
[12692] 2025/11/17 17:17:27.857 Divide StockNo {2610}
[12692] 2025/11/17 17:17:27.857 Add Basket MarketNo：0 StockIdx：33951
[12692] 2025/11/17 17:17:27.857 Divide StockNo {2615}
[12692] 2025/11/17 17:17:27.857 Add Basket MarketNo：0 StockIdx：33956
[12692] 2025/11/17 17:17:27.857 Divide StockNo {2618}
[12692] 2025/11/17 17:17:27.857 Add Basket MarketNo：0 StockIdx：33959
[12692] 2025/11/17 17:17:27.857 Divide StockNo {2633}
[12692] 2025/11/17 17:17:27.857 Add Basket MarketNo：0 StockIdx：33961
[12692] 2025/11/17 17:17:27.857 Divide StockNo {2634}
[12692] 2025/11/17 17:17:27.857 Add Basket MarketNo：0 StockIdx：33962
[12692] 2025/11/17 17:17:27.857 Divide StockNo {2801}
[12692] 2025/11/17 17:17:27.857 Add Basket MarketNo：0 StockIdx：33983
[12692] 2025/11/17 17:17:27.857 Divide StockNo {2834}
[12692] 2025/11/17 17:17:27.857 Add Basket MarketNo：0 StockIdx：33988
[12692] 2025/11/17 17:17:27.857 Divide StockNo {2880}
[12692] 2025/11/17 17:17:27.857 Add Basket MarketNo：0 StockIdx：34000
[12692] 2025/11/17 17:17:27.857 Divide StockNo {2881}
[12692] 2025/11/17 17:17:27.857 Add Basket MarketNo：0 StockIdx：34001
[12692] 2025/11/17 17:17:27.857 Divide StockNo {2882}
[12692] 2025/11/17 17:17:27.857 Add Basket MarketNo：0 StockIdx：34005
[12692] 2025/11/17 17:17:27.857 Divide StockNo {2883}
[12692] 2025/11/17 17:17:27.857 Add Basket MarketNo：0 StockIdx：34008
[12692] 2025/11/17 17:17:27.857 Divide StockNo {2884}
[12692] 2025/11/17 17:17:27.857 Add Basket MarketNo：0 StockIdx：34010
[12692] 2025/11/17 17:17:27.857 Divide StockNo {2885}
[12692] 2025/11/17 17:17:27.857 Add Basket MarketNo：0 StockIdx：34011
[12692] 2025/11/17 17:17:27.857 Divide StockNo {2886}
[12692] 2025/11/17 17:17:27.857 Add Basket MarketNo：0 StockIdx：34012
[12692] 2025/11/17 17:17:27.857 Divide StockNo {2887}
[12692] 2025/11/17 17:17:27.857 Add Basket MarketNo：0 StockIdx：34013
[12692] 2025/11/17 17:17:27.857 Divide StockNo {2888}
[12692] 2025/11/17 17:17:27.857 Stock Is Not Exist 
[12692] 2025/11/17 17:17:27.857 Divide StockNo {2890}
[12692] 2025/11/17 17:17:27.857 Add Basket MarketNo：0 StockIdx：34021
[12692] 2025/11/17 17:17:27.857 Divide StockNo {2891}
[12692] 2025/11/17 17:17:27.857 Add Basket MarketNo：0 StockIdx：34022
[12692] 2025/11/17 17:17:27.857 Divide StockNo {2892}
[12692] 2025/11/17 17:17:27.857 Add Basket MarketNo：0 StockIdx：34025
[12692] 2025/11/17 17:17:27.857 Divide StockNo {2913}
[12692] 2025/11/17 17:17:27.857 Add Basket MarketNo：0 StockIdx：34037
[12692] 2025/11/17 17:17:27.857 Divide StockNo {2915}
[12692] 2025/11/17 17:17:27.857 Add Basket MarketNo：0 StockIdx：34038
[12692] 2025/11/17 17:17:27.857 Divide StockNo {3005}
[12692] 2025/11/17 17:17:27.857 Add Basket MarketNo：0 StockIdx：34046
[12692] 2025/11/17 17:17:27.857 Divide StockNo {3006}
[12692] 2025/11/17 17:17:27.857 Add Basket MarketNo：0 StockIdx：34047
[12692] 2025/11/17 17:17:27.857 Divide StockNo {3008}
[12692] 2025/11/17 17:17:27.857 Add Basket MarketNo：0 StockIdx：34048
[12692] 2025/11/17 17:17:27.857 Divide StockNo {3017}
[12692] 2025/11/17 17:17:27.857 Add Basket MarketNo：0 StockIdx：34055
[12692] 2025/11/17 17:17:27.857 Divide StockNo {3019}
[12692] 2025/11/17 17:17:27.857 Add Basket MarketNo：0 StockIdx：34057
[12692] 2025/11/17 17:17:27.857 Divide StockNo {3034}
[12692] 2025/11/17 17:17:27.857 Add Basket MarketNo：0 StockIdx：34071
[12692] 2025/11/17 17:17:27.857 Divide StockNo {3035}
[12692] 2025/11/17 17:17:27.857 Add Basket MarketNo：0 StockIdx：34072
[12692] 2025/11/17 17:17:27.857 Divide StockNo {3036}
[12692] 2025/11/17 17:17:27.857 Add Basket MarketNo：0 StockIdx：34073
[12692] 2025/11/17 17:17:27.857 Divide StockNo {3037}
[12692] 2025/11/17 17:17:27.857 Add Basket MarketNo：0 StockIdx：34075
[12692] 2025/11/17 17:17:27.857 Divide StockNo {3042}
[12692] 2025/11/17 17:17:27.857 Add Basket MarketNo：0 StockIdx：34079
[12692] 2025/11/17 17:17:27.857 Divide StockNo {3044}
[12692] 2025/11/17 17:17:27.857 Add Basket MarketNo：0 StockIdx：34081
[12692] 2025/11/17 17:17:27.857 Divide StockNo {3045}
[12692] 2025/11/17 17:17:27.857 Add Basket MarketNo：0 StockIdx：34082
[12692] 2025/11/17 17:17:27.857 Divide StockNo {3078}
[12692] 2025/11/17 17:17:27.857 Add Basket MarketNo：1 StockIdx：270
[12692] 2025/11/17 17:17:27.857 Divide StockNo {3081}
[12692] 2025/11/17 17:17:27.857 Add Basket MarketNo：1 StockIdx：271
[12692] 2025/11/17 17:17:27.857 Divide StockNo {3105}
[12692] 2025/11/17 17:17:27.857 Add Basket MarketNo：1 StockIdx：281
[12692] 2025/11/17 17:17:27.857 Divide StockNo {3152}
[12692] 2025/11/17 17:17:27.857 Add Basket MarketNo：1 StockIdx：296
[12692] 2025/11/17 17:17:27.858 Divide StockNo {3189}
[12692] 2025/11/17 17:17:27.858 Add Basket MarketNo：0 StockIdx：34109
[12692] 2025/11/17 17:17:27.858 Divide StockNo {3227}
[12692] 2025/11/17 17:17:27.858 Add Basket MarketNo：1 StockIdx：320
[12692] 2025/11/17 17:17:27.858 Divide StockNo {3231}
[12692] 2025/11/17 17:17:27.858 Add Basket MarketNo：0 StockIdx：34112
[12692] 2025/11/17 17:17:27.858 Divide StockNo {3260}
[12692] 2025/11/17 17:17:27.858 Add Basket MarketNo：1 StockIdx：329
[12692] 2025/11/17 17:17:27.858 Divide StockNo {3264}
[12692] 2025/11/17 17:17:27.858 Add Basket MarketNo：1 StockIdx：330
[12692] 2025/11/17 17:17:27.858 Divide StockNo {3293}
[12692] 2025/11/17 17:17:27.858 Add Basket MarketNo：1 StockIdx：343
[12692] 2025/11/17 17:17:27.858 Divide StockNo {3324}
[12692] 2025/11/17 17:17:27.858 Add Basket MarketNo：1 StockIdx：359
[12692] 2025/11/17 17:17:27.858 Divide StockNo {3374}
[12692] 2025/11/17 17:17:27.858 Add Basket MarketNo：1 StockIdx：376
[12692] 2025/11/17 17:17:27.858 Divide StockNo {3376}
[12692] 2025/11/17 17:17:27.858 Add Basket MarketNo：0 StockIdx：34124
[12692] 2025/11/17 17:17:27.858 Divide StockNo {3380}
[12692] 2025/11/17 17:17:27.858 Add Basket MarketNo：0 StockIdx：34125
[12692] 2025/11/17 17:17:27.858 Divide StockNo {3406}
[12692] 2025/11/17 17:17:27.858 Add Basket MarketNo：0 StockIdx：34126
[12692] 2025/11/17 17:17:27.858 Divide StockNo {3443}
[12692] 2025/11/17 17:17:27.858 Add Basket MarketNo：0 StockIdx：34132
[12692] 2025/11/17 17:17:27.858 Divide StockNo {3481}
[12692] 2025/11/17 17:17:27.858 Add Basket MarketNo：0 StockIdx：34136
[12692] 2025/11/17 17:17:27.858 Divide StockNo {3529}
[12692] 2025/11/17 17:17:27.858 Add Basket MarketNo：1 StockIdx：424
[12692] 2025/11/17 17:17:27.858 Divide StockNo {3532}
[12692] 2025/11/17 17:17:27.858 Add Basket MarketNo：0 StockIdx：34144
[12692] 2025/11/17 17:17:27.858 Divide StockNo {3533}
[12692] 2025/11/17 17:17:27.858 Add Basket MarketNo：0 StockIdx：34145
[12692] 2025/11/17 17:17:27.858 Divide StockNo {3552}
[12692] 2025/11/17 17:17:27.858 Add Basket MarketNo：1 StockIdx：435
[12692] 2025/11/17 17:17:27.858 Divide StockNo {3653}
[12692] 2025/11/17 17:17:27.858 Add Basket MarketNo：0 StockIdx：34165
[12692] 2025/11/17 17:17:27.858 Divide StockNo {3661}
[12692] 2025/11/17 17:17:27.858 Add Basket MarketNo：0 StockIdx：34166
[12692] 2025/11/17 17:17:27.858 Divide StockNo {3673}
[12692] 2025/11/17 17:17:27.858 Add Basket MarketNo：0 StockIdx：34169
[12692] 2025/11/17 17:17:27.858 Divide StockNo {3680}
[12692] 2025/11/17 17:17:27.858 Add Basket MarketNo：1 StockIdx：474
[12692] 2025/11/17 17:17:27.858 Divide StockNo {3691}
[12692] 2025/11/17 17:17:27.858 Add Basket MarketNo：1 StockIdx：484
[12692] 2025/11/17 17:17:27.858 Divide StockNo {3702}
[12692] 2025/11/17 17:17:27.858 Add Basket MarketNo：0 StockIdx：34174
[12692] 2025/11/17 17:17:27.858 Divide StockNo {3706}
[12692] 2025/11/17 17:17:27.858 Add Basket MarketNo：0 StockIdx：34178
[12692] 2025/11/17 17:17:27.858 Divide StockNo {3711}
[12692] 2025/11/17 17:17:27.858 Add Basket MarketNo：0 StockIdx：34180
[12692] 2025/11/17 17:17:27.858 Divide StockNo {3714}
[12692] 2025/11/17 17:17:27.858 Add Basket MarketNo：0 StockIdx：34182
[12692] 2025/11/17 17:17:27.858 Divide StockNo {4123}
[12692] 2025/11/17 17:17:27.858 Add Basket MarketNo：1 StockIdx：509
[12692] 2025/11/17 17:17:27.858 Divide StockNo {4128}
[12692] 2025/11/17 17:17:27.858 Add Basket MarketNo：1 StockIdx：514
[12692] 2025/11/17 17:17:27.858 Divide StockNo {4162}
[12692] 2025/11/17 17:17:27.858 Add Basket MarketNo：1 StockIdx：528
[12692] 2025/11/17 17:17:27.858 Divide StockNo {4736}
[12692] 2025/11/17 17:17:27.858 Add Basket MarketNo：0 StockIdx：34227
[12692] 2025/11/17 17:17:27.858 Divide StockNo {4743}
[12692] 2025/11/17 17:17:27.858 Add Basket MarketNo：1 StockIdx：619
[12692] 2025/11/17 17:17:27.858 Divide StockNo {4904}
[12692] 2025/11/17 17:17:27.858 Add Basket MarketNo：0 StockIdx：34238
[12692] 2025/11/17 17:17:27.858 Divide StockNo {4919}
[12692] 2025/11/17 17:17:27.858 Add Basket MarketNo：0 StockIdx：34243
[12692] 2025/11/17 17:17:27.858 Divide StockNo {4938}
[12692] 2025/11/17 17:17:27.858 Add Basket MarketNo：0 StockIdx：34248
[12692] 2025/11/17 17:17:27.858 Divide StockNo {4958}
[12692] 2025/11/17 17:17:27.859 Add Basket MarketNo：0 StockIdx：34254
[12692] 2025/11/17 17:17:27.859 Divide StockNo {5009}
[12692] 2025/11/17 17:17:27.859 Add Basket MarketNo：1 StockIdx：661
[12692] 2025/11/17 17:17:27.859 Divide StockNo {5269}
[12692] 2025/11/17 17:17:27.859 Add Basket MarketNo：0 StockIdx：34273
[12692] 2025/11/17 17:17:27.859 Divide StockNo {5274}
[12692] 2025/11/17 17:17:27.859 Add Basket MarketNo：1 StockIdx：695
[12692] 2025/11/17 17:17:27.859 Divide StockNo {5347}
[12692] 2025/11/17 17:17:27.859 Add Basket MarketNo：1 StockIdx：718
[12692] 2025/11/17 17:17:27.859 Divide StockNo {5371}
[12692] 2025/11/17 17:17:27.859 Add Basket MarketNo：1 StockIdx：725
[12692] 2025/11/17 17:17:27.859 Divide StockNo {5388}
[12692] 2025/11/17 17:17:27.859 Add Basket MarketNo：0 StockIdx：34280
[12692] 2025/11/17 17:17:27.859 Divide StockNo {5425}
[12692] 2025/11/17 17:17:27.859 Add Basket MarketNo：1 StockIdx：733
[12692] 2025/11/17 17:17:27.859 Divide StockNo {5457}
[12692] 2025/11/17 17:17:27.859 Add Basket MarketNo：1 StockIdx：745
[12692] 2025/11/17 17:17:27.859 Divide StockNo {5483}
[12692] 2025/11/17 17:17:27.859 Add Basket MarketNo：1 StockIdx：755
[12692] 2025/11/17 17:17:27.859 Divide StockNo {5534}
[12692] 2025/11/17 17:17:27.859 Add Basket MarketNo：0 StockIdx：34292
[12692] 2025/11/17 17:17:27.859 Divide StockNo {5871}
[12692] 2025/11/17 17:17:27.859 Add Basket MarketNo：0 StockIdx：34298
[12692] 2025/11/17 17:17:27.859 Divide StockNo {5876}
[12692] 2025/11/17 17:17:27.859 Add Basket MarketNo：0 StockIdx：34300
[12692] 2025/11/17 17:17:27.859 Divide StockNo {5880}
[12692] 2025/11/17 17:17:27.859 Add Basket MarketNo：0 StockIdx：34301
[12692] 2025/11/17 17:17:27.859 Divide StockNo {5904}
[12692] 2025/11/17 17:17:27.859 Add Basket MarketNo：1 StockIdx：789
[12692] 2025/11/17 17:17:27.859 Divide StockNo {6005}
[12692] 2025/11/17 17:17:27.859 Add Basket MarketNo：0 StockIdx：34304
[12692] 2025/11/17 17:17:27.859 Divide StockNo {6116}
[12692] 2025/11/17 17:17:27.859 Add Basket MarketNo：0 StockIdx：34309
[12692] 2025/11/17 17:17:27.859 Divide StockNo {6121}
[12692] 2025/11/17 17:17:27.859 Add Basket MarketNo：1 StockIdx：812
[12692] 2025/11/17 17:17:27.859 Divide StockNo {6139}
[12692] 2025/11/17 17:17:27.859 Add Basket MarketNo：0 StockIdx：34315
[12692] 2025/11/17 17:17:27.859 Divide StockNo {6147}
[12692] 2025/11/17 17:17:27.859 Add Basket MarketNo：1 StockIdx：830
[12692] 2025/11/17 17:17:27.859 Divide StockNo {6153}
[12692] 2025/11/17 17:17:27.859 Add Basket MarketNo：0 StockIdx：34319
[12692] 2025/11/17 17:17:27.859 Divide StockNo {6173}
[12692] 2025/11/17 17:17:27.859 Add Basket MarketNo：1 StockIdx：847
[12692] 2025/11/17 17:17:27.859 Divide StockNo {6176}
[12692] 2025/11/17 17:17:27.859 Add Basket MarketNo：0 StockIdx：34325
[12692] 2025/11/17 17:17:27.859 Divide StockNo {6182}
[12692] 2025/11/17 17:17:27.859 Add Basket MarketNo：1 StockIdx：855
[12692] 2025/11/17 17:17:27.859 Divide StockNo {6188}
[12692] 2025/11/17 17:17:27.859 Add Basket MarketNo：1 StockIdx：863
[12692] 2025/11/17 17:17:27.859 Divide StockNo {6213}
[12692] 2025/11/17 17:17:27.859 Add Basket MarketNo：0 StockIdx：34339
[12692] 2025/11/17 17:17:27.859 Divide StockNo {6223}
[12692] 2025/11/17 17:17:27.859 Add Basket MarketNo：1 StockIdx：889
[12692] 2025/11/17 17:17:27.859 Divide StockNo {6239}
[12692] 2025/11/17 17:17:27.859 Add Basket MarketNo：0 StockIdx：34348
[12692] 2025/11/17 17:17:27.859 Divide StockNo {6245}
[12692] 2025/11/17 17:17:27.859 Add Basket MarketNo：1 StockIdx：904
[12692] 2025/11/17 17:17:27.859 Divide StockNo {6257}
[12692] 2025/11/17 17:17:27.859 Add Basket MarketNo：0 StockIdx：34350
[12692] 2025/11/17 17:17:27.859 Divide StockNo {6269}
[12692] 2025/11/17 17:17:27.859 Add Basket MarketNo：0 StockIdx：34351
[12692] 2025/11/17 17:17:27.859 Divide StockNo {6271}
[12692] 2025/11/17 17:17:27.859 Add Basket MarketNo：0 StockIdx：34352
[12692] 2025/11/17 17:17:27.859 Divide StockNo {6274}
[12692] 2025/11/17 17:17:27.859 Add Basket MarketNo：1 StockIdx：916
[12692] 2025/11/17 17:17:27.859 Divide StockNo {6278}
[12692] 2025/11/17 17:17:27.859 Add Basket MarketNo：0 StockIdx：34354
[12692] 2025/11/17 17:17:27.859 Divide StockNo {6279}
[12692] 2025/11/17 17:17:27.859 Add Basket MarketNo：1 StockIdx：921
[12692] 2025/11/17 17:17:27.859 Divide StockNo {6282}
[12692] 2025/11/17 17:17:27.859 Add Basket MarketNo：0 StockIdx：34356
[12692] 2025/11/17 17:17:27.859 Divide StockNo {6285}
[12692] 2025/11/17 17:17:27.859 Add Basket MarketNo：0 StockIdx：34358
[12692] 2025/11/17 17:17:27.859 Divide StockNo {6414}
[12692] 2025/11/17 17:17:27.859 Add Basket MarketNo：0 StockIdx：34362
[12692] 2025/11/17 17:17:27.860 Divide StockNo {6443}
[12692] 2025/11/17 17:17:27.860 Add Basket MarketNo：0 StockIdx：34370
[12692] 2025/11/17 17:17:27.860 Divide StockNo {6472}
[12692] 2025/11/17 17:17:27.860 Add Basket MarketNo：0 StockIdx：34376
[12692] 2025/11/17 17:17:27.860 Divide StockNo {6488}
[12692] 2025/11/17 17:17:27.860 Add Basket MarketNo：1 StockIdx：957
[12692] 2025/11/17 17:17:27.860 Divide StockNo {6505}
[12692] 2025/11/17 17:17:27.860 Add Basket MarketNo：0 StockIdx：34380
[12692] 2025/11/17 17:17:27.860 Divide StockNo {6510}
[12692] 2025/11/17 17:17:27.860 Add Basket MarketNo：1 StockIdx：967
[12692] 2025/11/17 17:17:27.860 Divide StockNo {6526}
[12692] 2025/11/17 17:17:27.860 Add Basket MarketNo：0 StockIdx：34383
[12692] 2025/11/17 17:17:27.860 Divide StockNo {6547}
[12692] 2025/11/17 17:17:27.860 Add Basket MarketNo：1 StockIdx：982
[12692] 2025/11/17 17:17:27.860 Divide StockNo {6669}
[12692] 2025/11/17 17:17:27.860 Add Basket MarketNo：0 StockIdx：34412
[12692] 2025/11/17 17:17:27.860 Divide StockNo {6757}
[12692] 2025/11/17 17:17:27.860 Add Basket MarketNo：0 StockIdx：34429
[12692] 2025/11/17 17:17:27.860 Divide StockNo {6770}
[12692] 2025/11/17 17:17:27.860 Add Basket MarketNo：0 StockIdx：34431
[12692] 2025/11/17 17:17:27.860 Divide StockNo {8039}
[12692] 2025/11/17 17:17:27.860 Add Basket MarketNo：0 StockIdx：34506
[12692] 2025/11/17 17:17:27.860 Divide StockNo {8044}
[12692] 2025/11/17 17:17:27.860 Add Basket MarketNo：1 StockIdx：12426
[12692] 2025/11/17 17:17:27.860 Divide StockNo {8046}
[12692] 2025/11/17 17:17:27.860 Add Basket MarketNo：0 StockIdx：34508
[12692] 2025/11/17 17:17:27.860 Divide StockNo {8069}
[12692] 2025/11/17 17:17:27.860 Add Basket MarketNo：1 StockIdx：12438
[12692] 2025/11/17 17:17:27.860 Divide StockNo {8086}
[12692] 2025/11/17 17:17:27.860 Add Basket MarketNo：1 StockIdx：12447
[12692] 2025/11/17 17:17:27.860 Divide StockNo {8112}
[12692] 2025/11/17 17:17:27.860 Add Basket MarketNo：0 StockIdx：34517
[12692] 2025/11/17 17:17:27.860 Divide StockNo {8150}
[12692] 2025/11/17 17:17:27.860 Add Basket MarketNo：0 StockIdx：34521
[12692] 2025/11/17 17:17:27.860 Divide StockNo {8163}
[12692] 2025/11/17 17:17:27.860 Add Basket MarketNo：0 StockIdx：34523
[12692] 2025/11/17 17:17:27.860 Divide StockNo {8299}
[12692] 2025/11/17 17:17:27.860 Add Basket MarketNo：1 StockIdx：12486
[12692] 2025/11/17 17:17:27.860 Divide StockNo {8358}
[12692] 2025/11/17 17:17:27.860 Add Basket MarketNo：1 StockIdx：12492
[12692] 2025/11/17 17:17:27.860 Divide StockNo {8436}
[12692] 2025/11/17 17:17:27.860 Add Basket MarketNo：1 StockIdx：12517
[12692] 2025/11/17 17:17:27.860 Divide StockNo {8454}
[12692] 2025/11/17 17:17:27.860 Add Basket MarketNo：0 StockIdx：34542
[12692] 2025/11/17 17:17:27.860 Divide StockNo {9904}
[12692] 2025/11/17 17:17:27.860 Add Basket MarketNo：0 StockIdx：34571
[12692] 2025/11/17 17:17:27.860 Divide StockNo {9914}
[12692] 2025/11/17 17:17:27.860 Add Basket MarketNo：0 StockIdx：34579
[12692] 2025/11/17 17:17:27.860 Divide StockNo {9938}
[12692] 2025/11/17 17:17:27.860 Add Basket MarketNo：0 StockIdx：34595
[12692] 2025/11/17 17:17:27.860 Divide StockNo {9939}
[12692] 2025/11/17 17:17:27.860 Add Basket MarketNo：0 StockIdx：34596
[12692] 2025/11/17 17:17:27.860 Divide StockNo {9945}
[12692] 2025/11/17 17:17:27.860 Add Basket MarketNo：0 StockIdx：34603
[12692] 2025/11/17 17:17:27.860 Divide StockNo {9958}
[12692] 2025/11/17 17:17:27.860 Add Basket MarketNo：0 StockIdx：34606
[12692] 2025/11/17 17:17:27.860 Divide StockNo {TSE}
[12692] 2025/11/17 17:17:27.860 Stock Is Not Exist 
[12692] 2025/11/17 17:17:27.860 Divide StockNo {TSE23}
[12692] 2025/11/17 17:17:27.860 Add Basket MarketNo：0 StockIdx：34923
[12692] 2025/11/17 17:17:27.860 Divide StockNo {TSE28}
[12692] 2025/11/17 17:17:27.860 Add Basket MarketNo：0 StockIdx：34928
[12692] 2025/11/17 17:17:27.860 Divide StockNo {TWMC}
[12692] 2025/11/17 17:17:27.860 Stock Is Not Exist 
[12692] 2025/11/17 17:17:27.860 Return PageNo： 1 
