-----------------------------------------------------------------
[28592] 2025/10/08 09:50:04.050 Precheck/DistributedServer Query result is 000,分配成功
[28592] 2025/10/08 09:50:04.050 >> Host srvsolace-tpa.capital.com.tw
[28592] 2025/10/08 09:50:04.097 SKQuoteLib_EnterMonitor IP：srvsolace-tpa.capital.com.tw
[28592] 2025/10/08 09:50:04.364 OnSessionConnect，Code: 3001, Error Code:0.
[28592] 2025/10/08 09:50:04.415 SKQuoteLib_EnterMonitorLONG starting
[28592] 2025/10/08 09:50:04.417 OnConnection ( 3001 , 0 ) 
[28592] 2025/10/08 09:50:05.575 Market Info is OK!
[28592] 2025/10/08 09:50:05.667 Catalog info is OK!
[28592] 2025/10/08 09:50:09.383 Solace RequestInitializeData (TO_S_19,S_1F)
[28592] 2025/10/08 09:50:09.384 Solace RequestInitializeData (TO_S_19,S_1F)
[28592] 2025/10/08 09:50:09.392 OnConnection ( 3003 , 0 ) 
[28592] 2025/10/08 09:50:11.093 SKQuoteLib_RequestStocks (1 , CAF00, CBF00, CCF00, CDF00, CEF00, CFF00, CGF00, CHF00, CJF00, CKF00, CLF00, CMF00, CNF00, CQF00, CRF00, CSF00, CUF00, CWF00, CXF00, CYF00, CZF00, DAF00, DBF00, DCF00, DEF00, DFF00, DGF00, DHF00, DIF00, DJF00, DKF00, DLF00, DNF00, DOF00, DPF00, DQF00, DSF00, DVF00, DWF00, DXF00, DYF00, DZF00, EEF00, EGF00, EHF00, EKF00, EMF00, EPF00, EYF00, EZF00, FBF00, FCF00, FEF00, FFF00, FGF00, FKF00, FNF00, FQF00, FRF00, FSF00, FTF00, FVF00, FWF00, FYF00, FZF00, GAF00, GCF00, GHF00, GIF00, GJF00, GKF00, GLF00, GMF00, GNF00, GOF00, GRF00, GUF00, GVF00, GWF00, GXF00, GYF00, GZF00, HAF00, HBF00, HCF00, HHF00, HIF00, HLF00, HOF00, HQF00, HSF00, IAF00, IHF00, IIF00, IJF00, IMF00, IOF00, IPF00, IQF00, IRF00, ITF00, IXF00, IYF00, IZF00, JBF00, JFF00, JMF00, JNF00, JPF00, JSF00, JWF00, JXF00, JZF00, KAF00, KBF00, KCF00, KDF00, KEF00, KFF00, KGF00, KIF00, KKF00, KLF00, KOF00, KPF00, KSF00, KUF00, KWF00, LBF00, LCF00, LEF00, LIF00, LMF00, LOF00, LQF00, LRF00, LTF00, LUF00, LVF00, LWF00, LXF00, LYF00, MAF00, MBF00, MJF00, MKF00, MQF00, MVF00, MYF00, NAF00, NBF00, NDF00, NEF00, NGF00, NIF00, NJF00, NLF00, NMF00, NOF00, NQF00, NSF00, NUF00, NVF00, NWF00, NYF00, OAF00, OBF00, ODF00, OEF00, OHF00, OJF00, OKF00, OLF00, OMF00, OOF00, OPF00, OQF00, ORF00, OSF00, OTF00, OUF00, OVF00, OWF00, OXF00, OYF00, OZF00, PAF00, PBF00, PCF00, PDF00, PEF00, PFF00, PGF00, PHF00, PIF00, PJF00, PKF00, PLF00, PMF00, PNF00, PPF00, PQF00, PRF00, PSF00, PTF00, PUF00, PVF00, PWF00, PXF00, PYF00, PZF00, QAF00, QBF00, QCF00, QDF00, QEF00, QFF00, QGF00, QHF00, QIF00, QJF00, QKF00, QLF00, QMF00, QNF00, QOF00, QPF00, QQF00, QRF00, QSF00, QTF00, QUF00, QVF00, QWF00, QXF00, QYF00, QZF00, RAF00, RBF00, RCF00, RDF00, REF00, RFF00, RGF00, RIF00, RJF00, RKF00, RLF00, RMF00, RNF00, ROF00, RPF00, RQF00, RRF00, RSF00, RUF00, RVF00, RWF00, RXF00, RYF00, RZF00, SAF00, SBF00, SCF00, SDF00, SEF00, SFF00, SGF00, SIF00, SJF00, SKF00, SLF00, SMF00, SNF00, SQF00, SRF00, SSF00, SUF00, SVF00, SWF00, SYF00, SZF00, UAF00, UBF00, UCF00, UEF00, UFF00, UGF00, UHF00, UIF00, UJF00, UKF00, ULF00, UMF00, UOF00, UPF00, UQF00, URF00, USF00, UTF00, UUF00, UVF00, UWF00, 0050, 0056, 006205, 006206, 00636, 00639, 00643, 00679B, 00687B, 00719B, 00757, 00772B, 00878, 00885, 00893, 00919, 00923, 00929, 00937B, 00940, 1101, 1102, 1210, 1216, 1301, 1303, 1312, 1314, 1319, 1326, 1402, 1440, 1476, 1477, 1503, 1504, 1513, 1536, 1565, 1590, 1605, 1609, 1707, 1717, 1718, 1722, 1795, 1802, 1904, 1905, 1907, 1909, 2002, 2006, 2014, 2027, 2049, 2059, 2105, 2201, 2231, 2301, 2303, 2308, 2312, 2313, 2317, 2323, 2324, 2327, 2328, 2330, 2331, 2332, 2337, 2338, 2340, 2344, 2345, 2347, 2352, 2353, 2354, 2355, 2356, 2357, 2360, 2368, 2371, 2376, 2377, 2379, 2382, 2383, 2385, 2388, 2392, 2393, 2401, 2404, 2408, 2409, 2412, 2439, 2441, 2449, 2454, 2455, 2457, 2458, 2474, 2481, 2485, 2486, 2489, 2492, 2498, 2515, 2520, 2542, 2548, 2603, 2605, 2606, 2609, 2610, 2615, 2618, 2633, 2634, 2801, 2834, 2880, 2881, 2882, 2883, 2884, 2885, 2886, 2887, 2888, 2890, 2891, 2892, 2913, 2915, 3005, 3006, 3008, 3017, 3019, 3034, 3035, 3036, 3037, 3042, 3044, 3045, 3078, 3081, 3105, 3152, 3189, 3227, 3231, 3260, 3264, 3293, 3324, 3374, 3376, 3380, 3406, 3443, 3481, 3529, 3532, 3533, 3552, 3653, 3661, 3673, 3680, 3691, 3702, 3706, 3711, 3714, 4123, 4128, 4162, 4736, 4743, 4904, 4919, 4938, 4958, 5009, 5269, 5274, 5347, 5371, 5388, 5425, 5457, 5483, 5534, 5871, 5876, 5880, 5904, 6005, 6116, 6121, 6139, 6147, 6153, 6173, 6176, 6182, 6188, 6213, 6223, 6239, 6245, 6257, 6269, 6271, 6274, 6278, 6279, 6282, 6285, 6414, 6443, 6472, 6488, 6505, 6510, 6526, 6547, 6669, 6757, 6770, 8039, 8044, 8046, 8069, 8086, 8112, 8150, 8163, 8299, 8358, 8436, 8454, 9904, 9914, 9938, 9939, 9945, 9958, TSE, TSE23, TSE28, TWMC)
[28592] 2025/10/08 09:50:11.096 Divide StockNo {CAF00}
[28592] 2025/10/08 09:50:11.096 Add Basket MarketNo：2 StockIdx：703
[28592] 2025/10/08 09:50:11.096 Divide StockNo {CBF00}
[28592] 2025/10/08 09:50:11.096 Add Basket MarketNo：2 StockIdx：709
[28592] 2025/10/08 09:50:11.096 Divide StockNo {CCF00}
[28592] 2025/10/08 09:50:11.096 Add Basket MarketNo：2 StockIdx：120
[28592] 2025/10/08 09:50:11.096 Divide StockNo {CDF00}
[28592] 2025/10/08 09:50:11.096 Add Basket MarketNo：2 StockIdx：126
[28592] 2025/10/08 09:50:11.096 Divide StockNo {CEF00}
[28592] 2025/10/08 09:50:11.096 Add Basket MarketNo：2 StockIdx：727
[28592] 2025/10/08 09:50:11.096 Divide StockNo {CFF00}
[28592] 2025/10/08 09:50:11.096 Add Basket MarketNo：2 StockIdx：737
[28592] 2025/10/08 09:50:11.096 Divide StockNo {CGF00}
[28592] 2025/10/08 09:50:11.096 Add Basket MarketNo：2 StockIdx：743
[28592] 2025/10/08 09:50:11.096 Divide StockNo {CHF00}
[28592] 2025/10/08 09:50:11.096 Add Basket MarketNo：2 StockIdx：749
[28592] 2025/10/08 09:50:11.096 Divide StockNo {CJF00}
[28592] 2025/10/08 09:50:11.096 Add Basket MarketNo：2 StockIdx：755
[28592] 2025/10/08 09:50:11.096 Divide StockNo {CKF00}
[28592] 2025/10/08 09:50:11.096 Add Basket MarketNo：2 StockIdx：761
[28592] 2025/10/08 09:50:11.096 Divide StockNo {CLF00}
[28592] 2025/10/08 09:50:11.096 Add Basket MarketNo：2 StockIdx：767
[28592] 2025/10/08 09:50:11.096 Divide StockNo {CMF00}
[28592] 2025/10/08 09:50:11.096 Add Basket MarketNo：2 StockIdx：773
[28592] 2025/10/08 09:50:11.096 Divide StockNo {CNF00}
[28592] 2025/10/08 09:50:11.096 Add Basket MarketNo：2 StockIdx：779
[28592] 2025/10/08 09:50:11.096 Divide StockNo {CQF00}
[28592] 2025/10/08 09:50:11.096 Add Basket MarketNo：2 StockIdx：785
[28592] 2025/10/08 09:50:11.097 Divide StockNo {CRF00}
[28592] 2025/10/08 09:50:11.097 Add Basket MarketNo：2 StockIdx：791
[28592] 2025/10/08 09:50:11.097 Divide StockNo {CSF00}
[28592] 2025/10/08 09:50:11.097 Add Basket MarketNo：2 StockIdx：797
[28592] 2025/10/08 09:50:11.097 Divide StockNo {CUF00}
[28592] 2025/10/08 09:50:11.097 Add Basket MarketNo：2 StockIdx：804
[28592] 2025/10/08 09:50:11.097 Divide StockNo {CWF00}
[28592] 2025/10/08 09:50:11.097 Add Basket MarketNo：2 StockIdx：810
[28592] 2025/10/08 09:50:11.097 Divide StockNo {CXF00}
[28592] 2025/10/08 09:50:11.097 Add Basket MarketNo：2 StockIdx：820
[28592] 2025/10/08 09:50:11.097 Divide StockNo {CYF00}
[28592] 2025/10/08 09:50:11.097 Add Basket MarketNo：2 StockIdx：826
[28592] 2025/10/08 09:50:11.097 Divide StockNo {CZF00}
[28592] 2025/10/08 09:50:11.097 Add Basket MarketNo：2 StockIdx：832
[28592] 2025/10/08 09:50:11.097 Divide StockNo {DAF00}
[28592] 2025/10/08 09:50:11.097 Add Basket MarketNo：2 StockIdx：838
[28592] 2025/10/08 09:50:11.097 Divide StockNo {DBF00}
[28592] 2025/10/08 09:50:11.097 Add Basket MarketNo：2 StockIdx：844
[28592] 2025/10/08 09:50:11.097 Divide StockNo {DCF00}
[28592] 2025/10/08 09:50:11.097 Add Basket MarketNo：2 StockIdx：850
[28592] 2025/10/08 09:50:11.097 Divide StockNo {DEF00}
[28592] 2025/10/08 09:50:11.097 Add Basket MarketNo：2 StockIdx：857
[28592] 2025/10/08 09:50:11.097 Divide StockNo {DFF00}
[28592] 2025/10/08 09:50:11.097 Add Basket MarketNo：2 StockIdx：865
[28592] 2025/10/08 09:50:11.097 Divide StockNo {DGF00}
[28592] 2025/10/08 09:50:11.097 Add Basket MarketNo：2 StockIdx：871
[28592] 2025/10/08 09:50:11.097 Divide StockNo {DHF00}
[28592] 2025/10/08 09:50:11.097 Add Basket MarketNo：2 StockIdx：877
[28592] 2025/10/08 09:50:11.097 Divide StockNo {DIF00}
[28592] 2025/10/08 09:50:11.097 Add Basket MarketNo：2 StockIdx：883
[28592] 2025/10/08 09:50:11.097 Divide StockNo {DJF00}
[28592] 2025/10/08 09:50:11.097 Add Basket MarketNo：2 StockIdx：889
[28592] 2025/10/08 09:50:11.097 Divide StockNo {DKF00}
[28592] 2025/10/08 09:50:11.097 Add Basket MarketNo：2 StockIdx：895
[28592] 2025/10/08 09:50:11.097 Divide StockNo {DLF00}
[28592] 2025/10/08 09:50:11.097 Add Basket MarketNo：2 StockIdx：901
[28592] 2025/10/08 09:50:11.097 Divide StockNo {DNF00}
[28592] 2025/10/08 09:50:11.097 Add Basket MarketNo：2 StockIdx：907
[28592] 2025/10/08 09:50:11.097 Divide StockNo {DOF00}
[28592] 2025/10/08 09:50:11.097 Add Basket MarketNo：2 StockIdx：914
[28592] 2025/10/08 09:50:11.097 Divide StockNo {DPF00}
[28592] 2025/10/08 09:50:11.097 Add Basket MarketNo：2 StockIdx：921
[28592] 2025/10/08 09:50:11.097 Divide StockNo {DQF00}
[28592] 2025/10/08 09:50:11.097 Add Basket MarketNo：2 StockIdx：927
[28592] 2025/10/08 09:50:11.097 Divide StockNo {DSF00}
[28592] 2025/10/08 09:50:11.097 Add Basket MarketNo：2 StockIdx：933
[28592] 2025/10/08 09:50:11.097 Divide StockNo {DVF00}
[28592] 2025/10/08 09:50:11.097 Add Basket MarketNo：2 StockIdx：939
[28592] 2025/10/08 09:50:11.097 Divide StockNo {DWF00}
[28592] 2025/10/08 09:50:11.097 Add Basket MarketNo：2 StockIdx：945
[28592] 2025/10/08 09:50:11.097 Divide StockNo {DXF00}
[28592] 2025/10/08 09:50:11.097 Add Basket MarketNo：2 StockIdx：951
[28592] 2025/10/08 09:50:11.097 Divide StockNo {DYF00}
[28592] 2025/10/08 09:50:11.097 Add Basket MarketNo：2 StockIdx：957
[28592] 2025/10/08 09:50:11.097 Divide StockNo {DZF00}
[28592] 2025/10/08 09:50:11.097 Add Basket MarketNo：2 StockIdx：963
[28592] 2025/10/08 09:50:11.097 Divide StockNo {EEF00}
[28592] 2025/10/08 09:50:11.097 Add Basket MarketNo：2 StockIdx：969
[28592] 2025/10/08 09:50:11.097 Divide StockNo {EGF00}
[28592] 2025/10/08 09:50:11.097 Add Basket MarketNo：2 StockIdx：975
[28592] 2025/10/08 09:50:11.097 Divide StockNo {EHF00}
[28592] 2025/10/08 09:50:11.097 Add Basket MarketNo：2 StockIdx：981
[28592] 2025/10/08 09:50:11.098 Divide StockNo {EKF00}
[28592] 2025/10/08 09:50:11.098 Add Basket MarketNo：2 StockIdx：987
[28592] 2025/10/08 09:50:11.098 Divide StockNo {EMF00}
[28592] 2025/10/08 09:50:11.098 Add Basket MarketNo：2 StockIdx：993
[28592] 2025/10/08 09:50:11.098 Divide StockNo {EPF00}
[28592] 2025/10/08 09:50:11.098 Add Basket MarketNo：2 StockIdx：999
[28592] 2025/10/08 09:50:11.098 Divide StockNo {EYF00}
[28592] 2025/10/08 09:50:11.098 Add Basket MarketNo：2 StockIdx：1005
[28592] 2025/10/08 09:50:11.098 Divide StockNo {EZF00}
[28592] 2025/10/08 09:50:11.098 Add Basket MarketNo：2 StockIdx：1011
[28592] 2025/10/08 09:50:11.098 Divide StockNo {FBF00}
[28592] 2025/10/08 09:50:11.098 Add Basket MarketNo：2 StockIdx：1017
[28592] 2025/10/08 09:50:11.098 Divide StockNo {FCF00}
[28592] 2025/10/08 09:50:11.098 Add Basket MarketNo：2 StockIdx：1023
[28592] 2025/10/08 09:50:11.098 Divide StockNo {FEF00}
[28592] 2025/10/08 09:50:11.098 Add Basket MarketNo：2 StockIdx：1028
[28592] 2025/10/08 09:50:11.098 Divide StockNo {FFF00}
[28592] 2025/10/08 09:50:11.098 Add Basket MarketNo：2 StockIdx：1035
[28592] 2025/10/08 09:50:11.098 Divide StockNo {FGF00}
[28592] 2025/10/08 09:50:11.098 Add Basket MarketNo：2 StockIdx：1041
[28592] 2025/10/08 09:50:11.098 Divide StockNo {FKF00}
[28592] 2025/10/08 09:50:11.098 Add Basket MarketNo：2 StockIdx：1047
[28592] 2025/10/08 09:50:11.098 Divide StockNo {FNF00}
[28592] 2025/10/08 09:50:11.098 Add Basket MarketNo：2 StockIdx：1053
[28592] 2025/10/08 09:50:11.098 Divide StockNo {FQF00}
[28592] 2025/10/08 09:50:11.098 Add Basket MarketNo：2 StockIdx：1059
[28592] 2025/10/08 09:50:11.098 Divide StockNo {FRF00}
[28592] 2025/10/08 09:50:11.098 Add Basket MarketNo：2 StockIdx：1065
[28592] 2025/10/08 09:50:11.098 Divide StockNo {FSF00}
[28592] 2025/10/08 09:50:11.098 Add Basket MarketNo：2 StockIdx：1071
[28592] 2025/10/08 09:50:11.098 Divide StockNo {FTF00}
[28592] 2025/10/08 09:50:11.098 Add Basket MarketNo：2 StockIdx：1077
[28592] 2025/10/08 09:50:11.098 Divide StockNo {FVF00}
[28592] 2025/10/08 09:50:11.098 Add Basket MarketNo：2 StockIdx：1083
[28592] 2025/10/08 09:50:11.098 Divide StockNo {FWF00}
[28592] 2025/10/08 09:50:11.098 Add Basket MarketNo：2 StockIdx：1089
[28592] 2025/10/08 09:50:11.098 Divide StockNo {FYF00}
[28592] 2025/10/08 09:50:11.098 Add Basket MarketNo：2 StockIdx：1095
[28592] 2025/10/08 09:50:11.098 Divide StockNo {FZF00}
[28592] 2025/10/08 09:50:11.098 Add Basket MarketNo：2 StockIdx：1101
[28592] 2025/10/08 09:50:11.098 Divide StockNo {GAF00}
[28592] 2025/10/08 09:50:11.098 Add Basket MarketNo：2 StockIdx：1107
[28592] 2025/10/08 09:50:11.098 Divide StockNo {GCF00}
[28592] 2025/10/08 09:50:11.098 Add Basket MarketNo：2 StockIdx：1113
[28592] 2025/10/08 09:50:11.098 Divide StockNo {GHF00}
[28592] 2025/10/08 09:50:11.098 Add Basket MarketNo：2 StockIdx：1119
[28592] 2025/10/08 09:50:11.098 Divide StockNo {GIF00}
[28592] 2025/10/08 09:50:11.098 Add Basket MarketNo：2 StockIdx：1125
[28592] 2025/10/08 09:50:11.098 Divide StockNo {GJF00}
[28592] 2025/10/08 09:50:11.098 Add Basket MarketNo：2 StockIdx：1131
[28592] 2025/10/08 09:50:11.098 Divide StockNo {GKF00}
[28592] 2025/10/08 09:50:11.098 Add Basket MarketNo：2 StockIdx：1137
[28592] 2025/10/08 09:50:11.098 Divide StockNo {GLF00}
[28592] 2025/10/08 09:50:11.098 Add Basket MarketNo：2 StockIdx：1143
[28592] 2025/10/08 09:50:11.098 Divide StockNo {GMF00}
[28592] 2025/10/08 09:50:11.098 Add Basket MarketNo：2 StockIdx：1149
[28592] 2025/10/08 09:50:11.098 Divide StockNo {GNF00}
[28592] 2025/10/08 09:50:11.098 Add Basket MarketNo：2 StockIdx：1155
[28592] 2025/10/08 09:50:11.098 Divide StockNo {GOF00}
[28592] 2025/10/08 09:50:11.098 Add Basket MarketNo：2 StockIdx：1161
[28592] 2025/10/08 09:50:11.098 Divide StockNo {GRF00}
[28592] 2025/10/08 09:50:11.098 Add Basket MarketNo：2 StockIdx：1167
[28592] 2025/10/08 09:50:11.098 Divide StockNo {GUF00}
[28592] 2025/10/08 09:50:11.098 Add Basket MarketNo：2 StockIdx：1173
[28592] 2025/10/08 09:50:11.099 Divide StockNo {GVF00}
[28592] 2025/10/08 09:50:11.099 Add Basket MarketNo：2 StockIdx：1179
[28592] 2025/10/08 09:50:11.099 Divide StockNo {GWF00}
[28592] 2025/10/08 09:50:11.099 Add Basket MarketNo：2 StockIdx：1185
[28592] 2025/10/08 09:50:11.099 Divide StockNo {GXF00}
[28592] 2025/10/08 09:50:11.099 Add Basket MarketNo：2 StockIdx：1191
[28592] 2025/10/08 09:50:11.099 Divide StockNo {GYF00}
[28592] 2025/10/08 09:50:11.099 Add Basket MarketNo：2 StockIdx：1197
[28592] 2025/10/08 09:50:11.099 Divide StockNo {GZF00}
[28592] 2025/10/08 09:50:11.099 Add Basket MarketNo：2 StockIdx：1203
[28592] 2025/10/08 09:50:11.099 Divide StockNo {HAF00}
[28592] 2025/10/08 09:50:11.099 Add Basket MarketNo：2 StockIdx：1209
[28592] 2025/10/08 09:50:11.099 Divide StockNo {HBF00}
[28592] 2025/10/08 09:50:11.099 Add Basket MarketNo：2 StockIdx：1220
[28592] 2025/10/08 09:50:11.099 Divide StockNo {HCF00}
[28592] 2025/10/08 09:50:11.099 Add Basket MarketNo：2 StockIdx：1226
[28592] 2025/10/08 09:50:11.099 Divide StockNo {HHF00}
[28592] 2025/10/08 09:50:11.099 Add Basket MarketNo：2 StockIdx：1232
[28592] 2025/10/08 09:50:11.099 Divide StockNo {HIF00}
[28592] 2025/10/08 09:50:11.099 Add Basket MarketNo：2 StockIdx：1238
[28592] 2025/10/08 09:50:11.099 Divide StockNo {HLF00}
[28592] 2025/10/08 09:50:11.099 Add Basket MarketNo：2 StockIdx：1244
[28592] 2025/10/08 09:50:11.099 Divide StockNo {HOF00}
[28592] 2025/10/08 09:50:11.099 Add Basket MarketNo：2 StockIdx：1256
[28592] 2025/10/08 09:50:11.099 Divide StockNo {HQF00}
[28592] 2025/10/08 09:50:11.099 Add Basket MarketNo：2 StockIdx：1263
[28592] 2025/10/08 09:50:11.099 Divide StockNo {HSF00}
[28592] 2025/10/08 09:50:11.099 Add Basket MarketNo：2 StockIdx：1269
[28592] 2025/10/08 09:50:11.099 Divide StockNo {IAF00}
[28592] 2025/10/08 09:50:11.099 Add Basket MarketNo：2 StockIdx：1275
[28592] 2025/10/08 09:50:11.099 Divide StockNo {IHF00}
[28592] 2025/10/08 09:50:11.099 Add Basket MarketNo：2 StockIdx：1283
[28592] 2025/10/08 09:50:11.106 Divide StockNo {IIF00}
[28592] 2025/10/08 09:50:11.106 Add Basket MarketNo：2 StockIdx：1289
[28592] 2025/10/08 09:50:11.106 Divide StockNo {IJF00}
[28592] 2025/10/08 09:50:11.106 Add Basket MarketNo：2 StockIdx：1295
[28592] 2025/10/08 09:50:11.106 Divide StockNo {IMF00}
[28592] 2025/10/08 09:50:11.106 Add Basket MarketNo：2 StockIdx：1301
[28592] 2025/10/08 09:50:11.106 Divide StockNo {IOF00}
[28592] 2025/10/08 09:50:11.106 Add Basket MarketNo：2 StockIdx：1307
[28592] 2025/10/08 09:50:11.106 Divide StockNo {IPF00}
[28592] 2025/10/08 09:50:11.106 Add Basket MarketNo：2 StockIdx：1313
[28592] 2025/10/08 09:50:11.106 Divide StockNo {IQF00}
[28592] 2025/10/08 09:50:11.106 Add Basket MarketNo：2 StockIdx：1319
[28592] 2025/10/08 09:50:11.106 Divide StockNo {IRF00}
[28592] 2025/10/08 09:50:11.106 Add Basket MarketNo：2 StockIdx：1325
[28592] 2025/10/08 09:50:11.106 Divide StockNo {ITF00}
[28592] 2025/10/08 09:50:11.106 Add Basket MarketNo：2 StockIdx：1331
[28592] 2025/10/08 09:50:11.106 Divide StockNo {IXF00}
[28592] 2025/10/08 09:50:11.106 Add Basket MarketNo：2 StockIdx：1337
[28592] 2025/10/08 09:50:11.106 Divide StockNo {IYF00}
[28592] 2025/10/08 09:50:11.106 Add Basket MarketNo：2 StockIdx：1343
[28592] 2025/10/08 09:50:11.106 Divide StockNo {IZF00}
[28592] 2025/10/08 09:50:11.106 Add Basket MarketNo：2 StockIdx：1349
[28592] 2025/10/08 09:50:11.106 Divide StockNo {JBF00}
[28592] 2025/10/08 09:50:11.106 Add Basket MarketNo：2 StockIdx：1355
[28592] 2025/10/08 09:50:11.106 Divide StockNo {JFF00}
[28592] 2025/10/08 09:50:11.106 Add Basket MarketNo：2 StockIdx：1361
[28592] 2025/10/08 09:50:11.106 Divide StockNo {JMF00}
[28592] 2025/10/08 09:50:11.106 Add Basket MarketNo：2 StockIdx：1367
[28592] 2025/10/08 09:50:11.106 Divide StockNo {JNF00}
[28592] 2025/10/08 09:50:11.106 Add Basket MarketNo：2 StockIdx：1373
[28592] 2025/10/08 09:50:11.106 Divide StockNo {JPF00}
[28592] 2025/10/08 09:50:11.106 Add Basket MarketNo：2 StockIdx：1379
[28592] 2025/10/08 09:50:11.106 Divide StockNo {JSF00}
[28592] 2025/10/08 09:50:11.106 Add Basket MarketNo：2 StockIdx：1385
[28592] 2025/10/08 09:50:11.106 Divide StockNo {JWF00}
[28592] 2025/10/08 09:50:11.106 Add Basket MarketNo：2 StockIdx：1391
[28592] 2025/10/08 09:50:11.106 Divide StockNo {JXF00}
[28592] 2025/10/08 09:50:11.106 Add Basket MarketNo：2 StockIdx：1397
[28592] 2025/10/08 09:50:11.106 Divide StockNo {JZF00}
[28592] 2025/10/08 09:50:11.106 Add Basket MarketNo：2 StockIdx：1403
[28592] 2025/10/08 09:50:11.106 Divide StockNo {KAF00}
[28592] 2025/10/08 09:50:11.106 Add Basket MarketNo：2 StockIdx：1409
[28592] 2025/10/08 09:50:11.106 Divide StockNo {KBF00}
[28592] 2025/10/08 09:50:11.107 Add Basket MarketNo：2 StockIdx：1415
[28592] 2025/10/08 09:50:11.107 Divide StockNo {KCF00}
[28592] 2025/10/08 09:50:11.107 Add Basket MarketNo：2 StockIdx：1421
[28592] 2025/10/08 09:50:11.107 Divide StockNo {KDF00}
[28592] 2025/10/08 09:50:11.107 Add Basket MarketNo：2 StockIdx：1427
[28592] 2025/10/08 09:50:11.107 Divide StockNo {KEF00}
[28592] 2025/10/08 09:50:11.107 Add Basket MarketNo：2 StockIdx：1433
[28592] 2025/10/08 09:50:11.107 Divide StockNo {KFF00}
[28592] 2025/10/08 09:50:11.107 Add Basket MarketNo：2 StockIdx：1439
[28592] 2025/10/08 09:50:11.107 Divide StockNo {KGF00}
[28592] 2025/10/08 09:50:11.107 Add Basket MarketNo：2 StockIdx：1445
[28592] 2025/10/08 09:50:11.107 Divide StockNo {KIF00}
[28592] 2025/10/08 09:50:11.107 Add Basket MarketNo：2 StockIdx：1451
[28592] 2025/10/08 09:50:11.107 Divide StockNo {KKF00}
[28592] 2025/10/08 09:50:11.107 Add Basket MarketNo：2 StockIdx：1457
[28592] 2025/10/08 09:50:11.107 Divide StockNo {KLF00}
[28592] 2025/10/08 09:50:11.107 Add Basket MarketNo：2 StockIdx：1463
[28592] 2025/10/08 09:50:11.107 Divide StockNo {KOF00}
[28592] 2025/10/08 09:50:11.107 Add Basket MarketNo：2 StockIdx：1469
[28592] 2025/10/08 09:50:11.107 Divide StockNo {KPF00}
[28592] 2025/10/08 09:50:11.107 Add Basket MarketNo：2 StockIdx：1475
[28592] 2025/10/08 09:50:11.107 Divide StockNo {KSF00}
[28592] 2025/10/08 09:50:11.107 Add Basket MarketNo：2 StockIdx：1481
[28592] 2025/10/08 09:50:11.107 Divide StockNo {KUF00}
[28592] 2025/10/08 09:50:11.107 Add Basket MarketNo：2 StockIdx：1487
[28592] 2025/10/08 09:50:11.107 Divide StockNo {KWF00}
[28592] 2025/10/08 09:50:11.107 Add Basket MarketNo：2 StockIdx：1493
[28592] 2025/10/08 09:50:11.107 Divide StockNo {LBF00}
[28592] 2025/10/08 09:50:11.107 Add Basket MarketNo：2 StockIdx：1499
[28592] 2025/10/08 09:50:11.107 Divide StockNo {LCF00}
[28592] 2025/10/08 09:50:11.107 Add Basket MarketNo：2 StockIdx：1505
[28592] 2025/10/08 09:50:11.107 Divide StockNo {LEF00}
[28592] 2025/10/08 09:50:11.107 Add Basket MarketNo：2 StockIdx：1511
[28592] 2025/10/08 09:50:11.107 Divide StockNo {LIF00}
[28592] 2025/10/08 09:50:11.107 Add Basket MarketNo：2 StockIdx：1517
[28592] 2025/10/08 09:50:11.107 Divide StockNo {LMF00}
[28592] 2025/10/08 09:50:11.107 Add Basket MarketNo：2 StockIdx：1523
[28592] 2025/10/08 09:50:11.107 Divide StockNo {LOF00}
[28592] 2025/10/08 09:50:11.107 Add Basket MarketNo：2 StockIdx：1529
[28592] 2025/10/08 09:50:11.107 Divide StockNo {LQF00}
[28592] 2025/10/08 09:50:11.107 Add Basket MarketNo：2 StockIdx：1535
[28592] 2025/10/08 09:50:11.107 Divide StockNo {LRF00}
[28592] 2025/10/08 09:50:11.108 Add Basket MarketNo：2 StockIdx：1541
[28592] 2025/10/08 09:50:11.108 Divide StockNo {LTF00}
[28592] 2025/10/08 09:50:11.108 Add Basket MarketNo：2 StockIdx：1551
[28592] 2025/10/08 09:50:11.108 Divide StockNo {LUF00}
[28592] 2025/10/08 09:50:11.108 Add Basket MarketNo：2 StockIdx：1557
[28592] 2025/10/08 09:50:11.108 Divide StockNo {LVF00}
[28592] 2025/10/08 09:50:11.108 Add Basket MarketNo：2 StockIdx：1563
[28592] 2025/10/08 09:50:11.108 Divide StockNo {LWF00}
[28592] 2025/10/08 09:50:11.108 Add Basket MarketNo：2 StockIdx：1571
[28592] 2025/10/08 09:50:11.108 Divide StockNo {LXF00}
[28592] 2025/10/08 09:50:11.108 Add Basket MarketNo：2 StockIdx：1577
[28592] 2025/10/08 09:50:11.108 Divide StockNo {LYF00}
[28592] 2025/10/08 09:50:11.108 Add Basket MarketNo：2 StockIdx：1584
[28592] 2025/10/08 09:50:11.108 Divide StockNo {MAF00}
[28592] 2025/10/08 09:50:11.108 Add Basket MarketNo：2 StockIdx：1590
[28592] 2025/10/08 09:50:11.108 Divide StockNo {MBF00}
[28592] 2025/10/08 09:50:11.108 Add Basket MarketNo：2 StockIdx：1593
[28592] 2025/10/08 09:50:11.108 Divide StockNo {MJF00}
[28592] 2025/10/08 09:50:11.108 Add Basket MarketNo：2 StockIdx：1599
[28592] 2025/10/08 09:50:11.108 Divide StockNo {MKF00}
[28592] 2025/10/08 09:50:11.108 Add Basket MarketNo：2 StockIdx：1605
[28592] 2025/10/08 09:50:11.108 Divide StockNo {MQF00}
[28592] 2025/10/08 09:50:11.108 Add Basket MarketNo：2 StockIdx：1611
[28592] 2025/10/08 09:50:11.108 Divide StockNo {MVF00}
[28592] 2025/10/08 09:50:11.108 Add Basket MarketNo：2 StockIdx：1617
[28592] 2025/10/08 09:50:11.108 Divide StockNo {MYF00}
[28592] 2025/10/08 09:50:11.108 Add Basket MarketNo：2 StockIdx：1623
[28592] 2025/10/08 09:50:11.108 Divide StockNo {NAF00}
[28592] 2025/10/08 09:50:11.108 Add Basket MarketNo：2 StockIdx：1629
[28592] 2025/10/08 09:50:11.108 Divide StockNo {NBF00}
[28592] 2025/10/08 09:50:11.108 Add Basket MarketNo：2 StockIdx：1635
[28592] 2025/10/08 09:50:11.108 Divide StockNo {NDF00}
[28592] 2025/10/08 09:50:11.108 Add Basket MarketNo：2 StockIdx：1641
[28592] 2025/10/08 09:50:11.108 Divide StockNo {NEF00}
[28592] 2025/10/08 09:50:11.108 Add Basket MarketNo：2 StockIdx：1647
[28592] 2025/10/08 09:50:11.108 Divide StockNo {NGF00}
[28592] 2025/10/08 09:50:11.108 Add Basket MarketNo：2 StockIdx：1653
[28592] 2025/10/08 09:50:11.108 Divide StockNo {NIF00}
[28592] 2025/10/08 09:50:11.108 Add Basket MarketNo：2 StockIdx：1659
[28592] 2025/10/08 09:50:11.108 Divide StockNo {NJF00}
[28592] 2025/10/08 09:50:11.108 Add Basket MarketNo：2 StockIdx：1668
[28592] 2025/10/08 09:50:11.108 Divide StockNo {NLF00}
[28592] 2025/10/08 09:50:11.108 Add Basket MarketNo：2 StockIdx：1674
[28592] 2025/10/08 09:50:11.108 Divide StockNo {NMF00}
[28592] 2025/10/08 09:50:11.108 Add Basket MarketNo：2 StockIdx：1680
[28592] 2025/10/08 09:50:11.108 Divide StockNo {NOF00}
[28592] 2025/10/08 09:50:11.108 Add Basket MarketNo：2 StockIdx：1686
[28592] 2025/10/08 09:50:11.108 Divide StockNo {NQF00}
[28592] 2025/10/08 09:50:11.108 Add Basket MarketNo：2 StockIdx：1692
[28592] 2025/10/08 09:50:11.108 Divide StockNo {NSF00}
[28592] 2025/10/08 09:50:11.108 Add Basket MarketNo：2 StockIdx：1698
[28592] 2025/10/08 09:50:11.108 Divide StockNo {NUF00}
[28592] 2025/10/08 09:50:11.108 Add Basket MarketNo：2 StockIdx：1704
[28592] 2025/10/08 09:50:11.108 Divide StockNo {NVF00}
[28592] 2025/10/08 09:50:11.108 Add Basket MarketNo：2 StockIdx：1710
[28592] 2025/10/08 09:50:11.108 Divide StockNo {NWF00}
[28592] 2025/10/08 09:50:11.108 Add Basket MarketNo：2 StockIdx：1716
[28592] 2025/10/08 09:50:11.108 Divide StockNo {NYF00}
[28592] 2025/10/08 09:50:11.108 Add Basket MarketNo：2 StockIdx：132
[28592] 2025/10/08 09:50:11.108 Divide StockNo {OAF00}
[28592] 2025/10/08 09:50:11.108 Add Basket MarketNo：2 StockIdx：1728
[28592] 2025/10/08 09:50:11.108 Divide StockNo {OBF00}
[28592] 2025/10/08 09:50:11.109 Add Basket MarketNo：2 StockIdx：1734
[28592] 2025/10/08 09:50:11.109 Divide StockNo {ODF00}
[28592] 2025/10/08 09:50:11.109 Add Basket MarketNo：2 StockIdx：1740
[28592] 2025/10/08 09:50:11.109 Divide StockNo {OEF00}
[28592] 2025/10/08 09:50:11.109 Add Basket MarketNo：2 StockIdx：1746
[28592] 2025/10/08 09:50:11.109 Divide StockNo {OHF00}
[28592] 2025/10/08 09:50:11.109 Add Basket MarketNo：2 StockIdx：1752
[28592] 2025/10/08 09:50:11.109 Divide StockNo {OJF00}
[28592] 2025/10/08 09:50:11.109 Add Basket MarketNo：2 StockIdx：1760
[28592] 2025/10/08 09:50:11.109 Divide StockNo {OKF00}
[28592] 2025/10/08 09:50:11.109 Add Basket MarketNo：2 StockIdx：1766
[28592] 2025/10/08 09:50:11.109 Divide StockNo {OLF00}
[28592] 2025/10/08 09:50:11.109 Add Basket MarketNo：2 StockIdx：1772
[28592] 2025/10/08 09:50:11.109 Divide StockNo {OMF00}
[28592] 2025/10/08 09:50:11.109 Add Basket MarketNo：2 StockIdx：1778
[28592] 2025/10/08 09:50:11.109 Divide StockNo {OOF00}
[28592] 2025/10/08 09:50:11.109 Add Basket MarketNo：2 StockIdx：1784
[28592] 2025/10/08 09:50:11.109 Divide StockNo {OPF00}
[28592] 2025/10/08 09:50:11.109 Add Basket MarketNo：2 StockIdx：1790
[28592] 2025/10/08 09:50:11.109 Divide StockNo {OQF00}
[28592] 2025/10/08 09:50:11.109 Add Basket MarketNo：2 StockIdx：1796
[28592] 2025/10/08 09:50:11.109 Divide StockNo {ORF00}
[28592] 2025/10/08 09:50:11.109 Add Basket MarketNo：2 StockIdx：1802
[28592] 2025/10/08 09:50:11.109 Divide StockNo {OSF00}
[28592] 2025/10/08 09:50:11.109 Add Basket MarketNo：2 StockIdx：1808
[28592] 2025/10/08 09:50:11.109 Divide StockNo {OTF00}
[28592] 2025/10/08 09:50:11.109 Add Basket MarketNo：2 StockIdx：1814
[28592] 2025/10/08 09:50:11.109 Divide StockNo {OUF00}
[28592] 2025/10/08 09:50:11.109 Add Basket MarketNo：2 StockIdx：1820
[28592] 2025/10/08 09:50:11.109 Divide StockNo {OVF00}
[28592] 2025/10/08 09:50:11.109 Add Basket MarketNo：2 StockIdx：1826
[28592] 2025/10/08 09:50:11.109 Divide StockNo {OWF00}
[28592] 2025/10/08 09:50:11.109 Add Basket MarketNo：2 StockIdx：1832
[28592] 2025/10/08 09:50:11.109 Divide StockNo {OXF00}
[28592] 2025/10/08 09:50:11.109 Add Basket MarketNo：2 StockIdx：1838
[28592] 2025/10/08 09:50:11.109 Divide StockNo {OYF00}
[28592] 2025/10/08 09:50:11.109 Add Basket MarketNo：2 StockIdx：1844
[28592] 2025/10/08 09:50:11.109 Divide StockNo {OZF00}
[28592] 2025/10/08 09:50:11.109 Add Basket MarketNo：2 StockIdx：1850
[28592] 2025/10/08 09:50:11.109 Divide StockNo {PAF00}
[28592] 2025/10/08 09:50:11.109 Add Basket MarketNo：2 StockIdx：1856
[28592] 2025/10/08 09:50:11.109 Divide StockNo {PBF00}
[28592] 2025/10/08 09:50:11.109 Add Basket MarketNo：2 StockIdx：1862
[28592] 2025/10/08 09:50:11.110 Divide StockNo {PCF00}
[28592] 2025/10/08 09:50:11.110 Add Basket MarketNo：2 StockIdx：1868
[28592] 2025/10/08 09:50:11.110 Divide StockNo {PDF00}
[28592] 2025/10/08 09:50:11.110 Add Basket MarketNo：2 StockIdx：1874
[28592] 2025/10/08 09:50:11.110 Divide StockNo {PEF00}
[28592] 2025/10/08 09:50:11.110 Add Basket MarketNo：2 StockIdx：1880
[28592] 2025/10/08 09:50:11.110 Divide StockNo {PFF00}
[28592] 2025/10/08 09:50:11.110 Add Basket MarketNo：2 StockIdx：1886
[28592] 2025/10/08 09:50:11.110 Divide StockNo {PGF00}
[28592] 2025/10/08 09:50:11.110 Add Basket MarketNo：2 StockIdx：1892
[28592] 2025/10/08 09:50:11.110 Divide StockNo {PHF00}
[28592] 2025/10/08 09:50:11.110 Add Basket MarketNo：2 StockIdx：1898
[28592] 2025/10/08 09:50:11.110 Divide StockNo {PIF00}
[28592] 2025/10/08 09:50:11.110 Add Basket MarketNo：2 StockIdx：1904
[28592] 2025/10/08 09:50:11.110 Divide StockNo {PJF00}
[28592] 2025/10/08 09:50:11.110 Add Basket MarketNo：2 StockIdx：1910
[28592] 2025/10/08 09:50:11.110 Divide StockNo {PKF00}
[28592] 2025/10/08 09:50:11.110 Add Basket MarketNo：2 StockIdx：1916
[28592] 2025/10/08 09:50:11.110 Divide StockNo {PLF00}
[28592] 2025/10/08 09:50:11.110 Add Basket MarketNo：2 StockIdx：1922
[28592] 2025/10/08 09:50:11.110 Divide StockNo {PMF00}
[28592] 2025/10/08 09:50:11.110 Add Basket MarketNo：2 StockIdx：1928
[28592] 2025/10/08 09:50:11.110 Divide StockNo {PNF00}
[28592] 2025/10/08 09:50:11.111 Add Basket MarketNo：2 StockIdx：1934
[28592] 2025/10/08 09:50:11.111 Divide StockNo {PPF00}
[28592] 2025/10/08 09:50:11.111 Add Basket MarketNo：2 StockIdx：1940
[28592] 2025/10/08 09:50:11.111 Divide StockNo {PQF00}
[28592] 2025/10/08 09:50:11.111 Add Basket MarketNo：2 StockIdx：1946
[28592] 2025/10/08 09:50:11.111 Divide StockNo {PRF00}
[28592] 2025/10/08 09:50:11.111 Add Basket MarketNo：2 StockIdx：1952
[28592] 2025/10/08 09:50:11.111 Divide StockNo {PSF00}
[28592] 2025/10/08 09:50:11.111 Add Basket MarketNo：2 StockIdx：1958
[28592] 2025/10/08 09:50:11.111 Divide StockNo {PTF00}
[28592] 2025/10/08 09:50:11.111 Add Basket MarketNo：2 StockIdx：1967
[28592] 2025/10/08 09:50:11.111 Divide StockNo {PUF00}
[28592] 2025/10/08 09:50:11.111 Add Basket MarketNo：2 StockIdx：1973
[28592] 2025/10/08 09:50:11.111 Divide StockNo {PVF00}
[28592] 2025/10/08 09:50:11.111 Add Basket MarketNo：2 StockIdx：1979
[28592] 2025/10/08 09:50:11.111 Divide StockNo {PWF00}
[28592] 2025/10/08 09:50:11.111 Add Basket MarketNo：2 StockIdx：1985
[28592] 2025/10/08 09:50:11.111 Divide StockNo {PXF00}
[28592] 2025/10/08 09:50:11.111 Add Basket MarketNo：2 StockIdx：1991
[28592] 2025/10/08 09:50:11.111 Divide StockNo {PYF00}
[28592] 2025/10/08 09:50:11.111 Add Basket MarketNo：2 StockIdx：1997
[28592] 2025/10/08 09:50:11.111 Divide StockNo {PZF00}
[28592] 2025/10/08 09:50:11.111 Add Basket MarketNo：2 StockIdx：2003
[28592] 2025/10/08 09:50:11.111 Divide StockNo {QAF00}
[28592] 2025/10/08 09:50:11.111 Add Basket MarketNo：2 StockIdx：2009
[28592] 2025/10/08 09:50:11.111 Divide StockNo {QBF00}
[28592] 2025/10/08 09:50:11.111 Add Basket MarketNo：2 StockIdx：2015
[28592] 2025/10/08 09:50:11.111 Divide StockNo {QCF00}
[28592] 2025/10/08 09:50:11.111 Add Basket MarketNo：2 StockIdx：2021
[28592] 2025/10/08 09:50:11.112 Divide StockNo {QDF00}
[28592] 2025/10/08 09:50:11.112 Add Basket MarketNo：2 StockIdx：2027
[28592] 2025/10/08 09:50:11.112 Divide StockNo {QEF00}
[28592] 2025/10/08 09:50:11.112 Add Basket MarketNo：2 StockIdx：2033
[28592] 2025/10/08 09:50:11.112 Divide StockNo {QFF00}
[28592] 2025/10/08 09:50:11.113 Add Basket MarketNo：2 StockIdx：138
[28592] 2025/10/08 09:50:11.113 Divide StockNo {QGF00}
[28592] 2025/10/08 09:50:11.113 Add Basket MarketNo：2 StockIdx：2046
[28592] 2025/10/08 09:50:11.113 Divide StockNo {QHF00}
[28592] 2025/10/08 09:50:11.113 Add Basket MarketNo：2 StockIdx：2052
[28592] 2025/10/08 09:50:11.113 Divide StockNo {QIF00}
[28592] 2025/10/08 09:50:11.113 Add Basket MarketNo：2 StockIdx：2058
[28592] 2025/10/08 09:50:11.113 Divide StockNo {QJF00}
[28592] 2025/10/08 09:50:11.113 Add Basket MarketNo：2 StockIdx：2062
[28592] 2025/10/08 09:50:11.113 Divide StockNo {QKF00}
[28592] 2025/10/08 09:50:11.113 Add Basket MarketNo：2 StockIdx：2068
[28592] 2025/10/08 09:50:11.113 Divide StockNo {QLF00}
[28592] 2025/10/08 09:50:11.113 Add Basket MarketNo：2 StockIdx：2074
[28592] 2025/10/08 09:50:11.113 Divide StockNo {QMF00}
[28592] 2025/10/08 09:50:11.113 Add Basket MarketNo：2 StockIdx：2080
[28592] 2025/10/08 09:50:11.113 Divide StockNo {QNF00}
[28592] 2025/10/08 09:50:11.113 Add Basket MarketNo：2 StockIdx：2086
[28592] 2025/10/08 09:50:11.113 Divide StockNo {QOF00}
[28592] 2025/10/08 09:50:11.113 Add Basket MarketNo：2 StockIdx：2092
[28592] 2025/10/08 09:50:11.113 Divide StockNo {QPF00}
[28592] 2025/10/08 09:50:11.113 Add Basket MarketNo：2 StockIdx：2098
[28592] 2025/10/08 09:50:11.113 Divide StockNo {QQF00}
[28592] 2025/10/08 09:50:11.113 Add Basket MarketNo：2 StockIdx：2104
[28592] 2025/10/08 09:50:11.113 Divide StockNo {QRF00}
[28592] 2025/10/08 09:50:11.113 Add Basket MarketNo：2 StockIdx：2110
[28592] 2025/10/08 09:50:11.113 Divide StockNo {QSF00}
[28592] 2025/10/08 09:50:11.113 Add Basket MarketNo：2 StockIdx：2116
[28592] 2025/10/08 09:50:11.113 Divide StockNo {QTF00}
[28592] 2025/10/08 09:50:11.113 Add Basket MarketNo：2 StockIdx：2122
[28592] 2025/10/08 09:50:11.113 Divide StockNo {QUF00}
[28592] 2025/10/08 09:50:11.113 Add Basket MarketNo：2 StockIdx：2128
[28592] 2025/10/08 09:50:11.113 Divide StockNo {QVF00}
[28592] 2025/10/08 09:50:11.113 Add Basket MarketNo：2 StockIdx：2134
[28592] 2025/10/08 09:50:11.113 Divide StockNo {QWF00}
[28592] 2025/10/08 09:50:11.113 Add Basket MarketNo：2 StockIdx：2140
[28592] 2025/10/08 09:50:11.114 Divide StockNo {QXF00}
[28592] 2025/10/08 09:50:11.114 Add Basket MarketNo：2 StockIdx：2146
[28592] 2025/10/08 09:50:11.114 Divide StockNo {QYF00}
[28592] 2025/10/08 09:50:11.114 Add Basket MarketNo：2 StockIdx：2152
[28592] 2025/10/08 09:50:11.114 Divide StockNo {QZF00}
[28592] 2025/10/08 09:50:11.114 Add Basket MarketNo：2 StockIdx：2158
[28592] 2025/10/08 09:50:11.114 Divide StockNo {RAF00}
[28592] 2025/10/08 09:50:11.114 Add Basket MarketNo：2 StockIdx：2164
[28592] 2025/10/08 09:50:11.114 Divide StockNo {RBF00}
[28592] 2025/10/08 09:50:11.114 Add Basket MarketNo：2 StockIdx：2170
[28592] 2025/10/08 09:50:11.114 Divide StockNo {RCF00}
[28592] 2025/10/08 09:50:11.114 Add Basket MarketNo：2 StockIdx：2176
[28592] 2025/10/08 09:50:11.115 Divide StockNo {RDF00}
[28592] 2025/10/08 09:50:11.115 Add Basket MarketNo：2 StockIdx：2182
[28592] 2025/10/08 09:50:11.115 Divide StockNo {REF00}
[28592] 2025/10/08 09:50:11.115 Add Basket MarketNo：2 StockIdx：2188
[28592] 2025/10/08 09:50:11.115 Divide StockNo {RFF00}
[28592] 2025/10/08 09:50:11.115 Add Basket MarketNo：2 StockIdx：2194
[28592] 2025/10/08 09:50:11.115 Divide StockNo {RGF00}
[28592] 2025/10/08 09:50:11.115 Add Basket MarketNo：2 StockIdx：2200
[28592] 2025/10/08 09:50:11.115 Divide StockNo {RIF00}
[28592] 2025/10/08 09:50:11.115 Add Basket MarketNo：2 StockIdx：2206
[28592] 2025/10/08 09:50:11.115 Divide StockNo {RJF00}
[28592] 2025/10/08 09:50:11.115 Add Basket MarketNo：2 StockIdx：2212
[28592] 2025/10/08 09:50:11.115 Divide StockNo {RKF00}
[28592] 2025/10/08 09:50:11.115 Add Basket MarketNo：2 StockIdx：2218
[28592] 2025/10/08 09:50:11.115 Divide StockNo {RLF00}
[28592] 2025/10/08 09:50:11.115 Add Basket MarketNo：2 StockIdx：2224
[28592] 2025/10/08 09:50:11.115 Divide StockNo {RMF00}
[28592] 2025/10/08 09:50:11.115 Stock Is Not Exist 
[28592] 2025/10/08 09:50:11.115 Divide StockNo {RNF00}
[28592] 2025/10/08 09:50:11.115 Add Basket MarketNo：2 StockIdx：2230
[28592] 2025/10/08 09:50:11.115 Divide StockNo {ROF00}
[28592] 2025/10/08 09:50:11.115 Add Basket MarketNo：2 StockIdx：2236
[28592] 2025/10/08 09:50:11.115 Divide StockNo {RPF00}
[28592] 2025/10/08 09:50:11.115 Add Basket MarketNo：2 StockIdx：2242
[28592] 2025/10/08 09:50:11.115 Divide StockNo {RQF00}
[28592] 2025/10/08 09:50:11.116 Stock Is Not Exist 
[28592] 2025/10/08 09:50:11.116 Divide StockNo {RRF00}
[28592] 2025/10/08 09:50:11.116 Add Basket MarketNo：2 StockIdx：2249
[28592] 2025/10/08 09:50:11.116 Divide StockNo {RSF00}
[28592] 2025/10/08 09:50:11.116 Add Basket MarketNo：2 StockIdx：2255
[28592] 2025/10/08 09:50:11.116 Divide StockNo {RUF00}
[28592] 2025/10/08 09:50:11.116 Add Basket MarketNo：2 StockIdx：2261
[28592] 2025/10/08 09:50:11.116 Divide StockNo {RVF00}
[28592] 2025/10/08 09:50:11.116 Add Basket MarketNo：2 StockIdx：2267
[28592] 2025/10/08 09:50:11.116 Divide StockNo {RWF00}
[28592] 2025/10/08 09:50:11.116 Add Basket MarketNo：2 StockIdx：2273
[28592] 2025/10/08 09:50:11.116 Divide StockNo {RXF00}
[28592] 2025/10/08 09:50:11.116 Add Basket MarketNo：2 StockIdx：2279
[28592] 2025/10/08 09:50:11.116 Divide StockNo {RYF00}
[28592] 2025/10/08 09:50:11.116 Add Basket MarketNo：2 StockIdx：2285
[28592] 2025/10/08 09:50:11.116 Divide StockNo {RZF00}
[28592] 2025/10/08 09:50:11.116 Add Basket MarketNo：2 StockIdx：144
[28592] 2025/10/08 09:50:11.116 Divide StockNo {SAF00}
[28592] 2025/10/08 09:50:11.116 Add Basket MarketNo：2 StockIdx：2297
[28592] 2025/10/08 09:50:11.116 Divide StockNo {SBF00}
[28592] 2025/10/08 09:50:11.116 Add Basket MarketNo：2 StockIdx：2303
[28592] 2025/10/08 09:50:11.116 Divide StockNo {SCF00}
[28592] 2025/10/08 09:50:11.116 Add Basket MarketNo：2 StockIdx：2309
[28592] 2025/10/08 09:50:11.116 Divide StockNo {SDF00}
[28592] 2025/10/08 09:50:11.116 Add Basket MarketNo：2 StockIdx：2315
[28592] 2025/10/08 09:50:11.116 Divide StockNo {SEF00}
[28592] 2025/10/08 09:50:11.116 Add Basket MarketNo：2 StockIdx：2321
[28592] 2025/10/08 09:50:11.116 Divide StockNo {SFF00}
[28592] 2025/10/08 09:50:11.116 Add Basket MarketNo：2 StockIdx：2327
[28592] 2025/10/08 09:50:11.116 Divide StockNo {SGF00}
[28592] 2025/10/08 09:50:11.116 Add Basket MarketNo：2 StockIdx：2333
[28592] 2025/10/08 09:50:11.116 Divide StockNo {SIF00}
[28592] 2025/10/08 09:50:11.116 Add Basket MarketNo：2 StockIdx：2339
[28592] 2025/10/08 09:50:11.116 Divide StockNo {SJF00}
[28592] 2025/10/08 09:50:11.116 Add Basket MarketNo：2 StockIdx：2345
[28592] 2025/10/08 09:50:11.116 Divide StockNo {SKF00}
[28592] 2025/10/08 09:50:11.116 Add Basket MarketNo：2 StockIdx：2351
[28592] 2025/10/08 09:50:11.116 Divide StockNo {SLF00}
[28592] 2025/10/08 09:50:11.116 Add Basket MarketNo：2 StockIdx：2357
[28592] 2025/10/08 09:50:11.116 Divide StockNo {SMF00}
[28592] 2025/10/08 09:50:11.117 Add Basket MarketNo：2 StockIdx：2363
[28592] 2025/10/08 09:50:11.117 Divide StockNo {SNF00}
[28592] 2025/10/08 09:50:11.117 Add Basket MarketNo：2 StockIdx：2369
[28592] 2025/10/08 09:50:11.117 Divide StockNo {SQF00}
[28592] 2025/10/08 09:50:11.117 Add Basket MarketNo：2 StockIdx：2375
[28592] 2025/10/08 09:50:11.117 Divide StockNo {SRF00}
[28592] 2025/10/08 09:50:11.117 Add Basket MarketNo：2 StockIdx：150
[28592] 2025/10/08 09:50:11.117 Divide StockNo {SSF00}
[28592] 2025/10/08 09:50:11.117 Add Basket MarketNo：2 StockIdx：2388
[28592] 2025/10/08 09:50:11.117 Divide StockNo {SUF00}
[28592] 2025/10/08 09:50:11.117 Add Basket MarketNo：2 StockIdx：2394
[28592] 2025/10/08 09:50:11.117 Divide StockNo {SVF00}
[28592] 2025/10/08 09:50:11.117 Add Basket MarketNo：2 StockIdx：2400
[28592] 2025/10/08 09:50:11.117 Divide StockNo {SWF00}
[28592] 2025/10/08 09:50:11.117 Add Basket MarketNo：2 StockIdx：2406
[28592] 2025/10/08 09:50:11.117 Divide StockNo {SYF00}
[28592] 2025/10/08 09:50:11.117 Add Basket MarketNo：2 StockIdx：2412
[28592] 2025/10/08 09:50:11.117 Divide StockNo {SZF00}
[28592] 2025/10/08 09:50:11.117 Add Basket MarketNo：2 StockIdx：2418
[28592] 2025/10/08 09:50:11.117 Divide StockNo {UAF00}
[28592] 2025/10/08 09:50:11.117 Add Basket MarketNo：2 StockIdx：2424
[28592] 2025/10/08 09:50:11.117 Divide StockNo {UBF00}
[28592] 2025/10/08 09:50:11.117 Add Basket MarketNo：2 StockIdx：2430
[28592] 2025/10/08 09:50:11.117 Divide StockNo {UCF00}
[28592] 2025/10/08 09:50:11.117 Add Basket MarketNo：2 StockIdx：2436
[28592] 2025/10/08 09:50:11.117 Divide StockNo {UEF00}
[28592] 2025/10/08 09:50:11.117 Add Basket MarketNo：2 StockIdx：2442
[28592] 2025/10/08 09:50:11.117 Divide StockNo {UFF00}
[28592] 2025/10/08 09:50:11.117 Add Basket MarketNo：2 StockIdx：2448
[28592] 2025/10/08 09:50:11.117 Divide StockNo {UGF00}
[28592] 2025/10/08 09:50:11.117 Add Basket MarketNo：2 StockIdx：2454
[28592] 2025/10/08 09:50:11.117 Divide StockNo {UHF00}
[28592] 2025/10/08 09:50:11.117 Add Basket MarketNo：2 StockIdx：2460
[28592] 2025/10/08 09:50:11.117 Divide StockNo {UIF00}
[28592] 2025/10/08 09:50:11.117 Add Basket MarketNo：2 StockIdx：2466
[28592] 2025/10/08 09:50:11.117 Divide StockNo {UJF00}
[28592] 2025/10/08 09:50:11.117 Add Basket MarketNo：2 StockIdx：2472
[28592] 2025/10/08 09:50:11.117 Divide StockNo {UKF00}
[28592] 2025/10/08 09:50:11.117 Add Basket MarketNo：2 StockIdx：2478
[28592] 2025/10/08 09:50:11.117 Divide StockNo {ULF00}
[28592] 2025/10/08 09:50:11.117 Add Basket MarketNo：2 StockIdx：2484
[28592] 2025/10/08 09:50:11.117 Divide StockNo {UMF00}
[28592] 2025/10/08 09:50:11.117 Add Basket MarketNo：2 StockIdx：2490
[28592] 2025/10/08 09:50:11.118 Divide StockNo {UOF00}
[28592] 2025/10/08 09:50:11.118 Add Basket MarketNo：2 StockIdx：2496
[28592] 2025/10/08 09:50:11.118 Divide StockNo {UPF00}
[28592] 2025/10/08 09:50:11.118 Add Basket MarketNo：2 StockIdx：2502
[28592] 2025/10/08 09:50:11.118 Divide StockNo {UQF00}
[28592] 2025/10/08 09:50:11.118 Add Basket MarketNo：2 StockIdx：2508
[28592] 2025/10/08 09:50:11.118 Divide StockNo {URF00}
[28592] 2025/10/08 09:50:11.118 Add Basket MarketNo：2 StockIdx：2515
[28592] 2025/10/08 09:50:11.118 Divide StockNo {USF00}
[28592] 2025/10/08 09:50:11.118 Add Basket MarketNo：2 StockIdx：2521
[28592] 2025/10/08 09:50:11.118 Divide StockNo {UTF00}
[28592] 2025/10/08 09:50:11.118 Add Basket MarketNo：2 StockIdx：2527
[28592] 2025/10/08 09:50:11.118 Divide StockNo {UUF00}
[28592] 2025/10/08 09:50:11.118 Add Basket MarketNo：2 StockIdx：2533
[28592] 2025/10/08 09:50:11.118 Divide StockNo {UVF00}
[28592] 2025/10/08 09:50:11.118 Add Basket MarketNo：2 StockIdx：2539
[28592] 2025/10/08 09:50:11.119 Divide StockNo {UWF00}
[28592] 2025/10/08 09:50:11.119 Add Basket MarketNo：2 StockIdx：2545
[28592] 2025/10/08 09:50:11.119 Divide StockNo {0050}
[28592] 2025/10/08 09:50:11.119 Add Basket MarketNo：0 StockIdx：0
[28592] 2025/10/08 09:50:11.119 Divide StockNo {0056}
[28592] 2025/10/08 09:50:11.119 Add Basket MarketNo：0 StockIdx：5
[28592] 2025/10/08 09:50:11.119 Divide StockNo {006205}
[28592] 2025/10/08 09:50:11.119 Add Basket MarketNo：0 StockIdx：10
[28592] 2025/10/08 09:50:11.119 Divide StockNo {006206}
[28592] 2025/10/08 09:50:11.119 Add Basket MarketNo：0 StockIdx：11
[28592] 2025/10/08 09:50:11.119 Divide StockNo {00636}
[28592] 2025/10/08 09:50:11.119 Add Basket MarketNo：0 StockIdx：20
[28592] 2025/10/08 09:50:11.119 Divide StockNo {00639}
[28592] 2025/10/08 09:50:11.119 Add Basket MarketNo：0 StockIdx：24
[28592] 2025/10/08 09:50:11.119 Divide StockNo {00643}
[28592] 2025/10/08 09:50:11.119 Add Basket MarketNo：0 StockIdx：28
[28592] 2025/10/08 09:50:11.119 Divide StockNo {00679B}
[28592] 2025/10/08 09:50:11.119 Add Basket MarketNo：1 StockIdx：1
[28592] 2025/10/08 09:50:11.119 Divide StockNo {00687B}
[28592] 2025/10/08 09:50:11.119 Add Basket MarketNo：1 StockIdx：2
[28592] 2025/10/08 09:50:11.119 Divide StockNo {00719B}
[28592] 2025/10/08 09:50:11.119 Add Basket MarketNo：1 StockIdx：8
[28592] 2025/10/08 09:50:11.119 Divide StockNo {00757}
[28592] 2025/10/08 09:50:11.119 Add Basket MarketNo：0 StockIdx：98
[28592] 2025/10/08 09:50:11.119 Divide StockNo {00772B}
[28592] 2025/10/08 09:50:11.119 Add Basket MarketNo：1 StockIdx：32
[28592] 2025/10/08 09:50:11.119 Divide StockNo {00878}
[28592] 2025/10/08 09:50:11.119 Add Basket MarketNo：0 StockIdx：113
[28592] 2025/10/08 09:50:11.119 Divide StockNo {00885}
[28592] 2025/10/08 09:50:11.119 Add Basket MarketNo：0 StockIdx：116
[28592] 2025/10/08 09:50:11.119 Divide StockNo {00893}
[28592] 2025/10/08 09:50:11.119 Add Basket MarketNo：0 StockIdx：119
[28592] 2025/10/08 09:50:11.119 Divide StockNo {00919}
[28592] 2025/10/08 09:50:11.119 Add Basket MarketNo：0 StockIdx：143
[28592] 2025/10/08 09:50:11.119 Divide StockNo {00923}
[28592] 2025/10/08 09:50:11.119 Add Basket MarketNo：0 StockIdx：147
[28592] 2025/10/08 09:50:11.119 Divide StockNo {00929}
[28592] 2025/10/08 09:50:11.119 Add Basket MarketNo：0 StockIdx：151
[28592] 2025/10/08 09:50:11.120 Divide StockNo {00937B}
[28592] 2025/10/08 09:50:11.120 Add Basket MarketNo：1 StockIdx：82
[28592] 2025/10/08 09:50:11.120 Divide StockNo {00940}
[28592] 2025/10/08 09:50:11.120 Add Basket MarketNo：0 StockIdx：159
[28592] 2025/10/08 09:50:11.120 Divide StockNo {1101}
[28592] 2025/10/08 09:50:11.120 Add Basket MarketNo：0 StockIdx：32223
[28592] 2025/10/08 09:50:11.120 Divide StockNo {1102}
[28592] 2025/10/08 09:50:11.120 Add Basket MarketNo：0 StockIdx：32225
[28592] 2025/10/08 09:50:11.120 Divide StockNo {1210}
[28592] 2025/10/08 09:50:11.120 Add Basket MarketNo：0 StockIdx：32233
[28592] 2025/10/08 09:50:11.120 Divide StockNo {1216}
[28592] 2025/10/08 09:50:11.120 Add Basket MarketNo：0 StockIdx：32236
[28592] 2025/10/08 09:50:11.120 Divide StockNo {1301}
[28592] 2025/10/08 09:50:11.120 Add Basket MarketNo：0 StockIdx：32251
[28592] 2025/10/08 09:50:11.120 Divide StockNo {1303}
[28592] 2025/10/08 09:50:11.120 Add Basket MarketNo：0 StockIdx：32252
[28592] 2025/10/08 09:50:11.120 Divide StockNo {1312}
[28592] 2025/10/08 09:50:11.120 Add Basket MarketNo：0 StockIdx：32259
[28592] 2025/10/08 09:50:11.120 Divide StockNo {1314}
[28592] 2025/10/08 09:50:11.120 Add Basket MarketNo：0 StockIdx：32262
[28592] 2025/10/08 09:50:11.120 Divide StockNo {1319}
[28592] 2025/10/08 09:50:11.120 Add Basket MarketNo：0 StockIdx：32265
[28592] 2025/10/08 09:50:11.120 Divide StockNo {1326}
[28592] 2025/10/08 09:50:11.120 Add Basket MarketNo：0 StockIdx：32270
[28592] 2025/10/08 09:50:11.120 Divide StockNo {1402}
[28592] 2025/10/08 09:50:11.120 Add Basket MarketNo：0 StockIdx：32277
[28592] 2025/10/08 09:50:11.120 Divide StockNo {1440}
[28592] 2025/10/08 09:50:11.120 Add Basket MarketNo：0 StockIdx：32294
[28592] 2025/10/08 09:50:11.120 Divide StockNo {1476}
[28592] 2025/10/08 09:50:11.120 Add Basket MarketNo：0 StockIdx：32324
[28592] 2025/10/08 09:50:11.120 Divide StockNo {1477}
[28592] 2025/10/08 09:50:11.120 Add Basket MarketNo：0 StockIdx：32325
[28592] 2025/10/08 09:50:11.120 Divide StockNo {1503}
[28592] 2025/10/08 09:50:11.120 Add Basket MarketNo：0 StockIdx：32326
[28592] 2025/10/08 09:50:11.120 Divide StockNo {1504}
[28592] 2025/10/08 09:50:11.120 Add Basket MarketNo：0 StockIdx：32327
[28592] 2025/10/08 09:50:11.120 Divide StockNo {1513}
[28592] 2025/10/08 09:50:11.120 Add Basket MarketNo：0 StockIdx：32330
[28592] 2025/10/08 09:50:11.120 Divide StockNo {1536}
[28592] 2025/10/08 09:50:11.120 Add Basket MarketNo：0 StockIdx：32350
[28592] 2025/10/08 09:50:11.120 Divide StockNo {1565}
[28592] 2025/10/08 09:50:11.120 Add Basket MarketNo：1 StockIdx：139
[28592] 2025/10/08 09:50:11.120 Divide StockNo {1590}
[28592] 2025/10/08 09:50:11.120 Add Basket MarketNo：0 StockIdx：32364
[28592] 2025/10/08 09:50:11.120 Divide StockNo {1605}
[28592] 2025/10/08 09:50:11.120 Add Basket MarketNo：0 StockIdx：32369
[28592] 2025/10/08 09:50:11.120 Divide StockNo {1609}
[28592] 2025/10/08 09:50:11.120 Add Basket MarketNo：0 StockIdx：32371
[28592] 2025/10/08 09:50:11.120 Divide StockNo {1707}
[28592] 2025/10/08 09:50:11.120 Add Basket MarketNo：0 StockIdx：32381
[28592] 2025/10/08 09:50:11.120 Divide StockNo {1717}
[28592] 2025/10/08 09:50:11.120 Add Basket MarketNo：0 StockIdx：32389
[28592] 2025/10/08 09:50:11.120 Divide StockNo {1718}
[28592] 2025/10/08 09:50:11.120 Add Basket MarketNo：0 StockIdx：32390
[28592] 2025/10/08 09:50:11.120 Divide StockNo {1722}
[28592] 2025/10/08 09:50:11.120 Add Basket MarketNo：0 StockIdx：32393
[28592] 2025/10/08 09:50:11.120 Divide StockNo {1795}
[28592] 2025/10/08 09:50:11.120 Add Basket MarketNo：0 StockIdx：32414
[28592] 2025/10/08 09:50:11.120 Divide StockNo {1802}
[28592] 2025/10/08 09:50:11.120 Add Basket MarketNo：0 StockIdx：32415
[28592] 2025/10/08 09:50:11.120 Divide StockNo {1904}
[28592] 2025/10/08 09:50:11.120 Add Basket MarketNo：0 StockIdx：32423
[28592] 2025/10/08 09:50:11.120 Divide StockNo {1905}
[28592] 2025/10/08 09:50:11.120 Add Basket MarketNo：0 StockIdx：32424
[28592] 2025/10/08 09:50:11.120 Divide StockNo {1907}
[28592] 2025/10/08 09:50:11.120 Add Basket MarketNo：0 StockIdx：32426
[28592] 2025/10/08 09:50:11.120 Divide StockNo {1909}
[28592] 2025/10/08 09:50:11.120 Add Basket MarketNo：0 StockIdx：32427
[28592] 2025/10/08 09:50:11.121 Divide StockNo {2002}
[28592] 2025/10/08 09:50:11.121 Add Basket MarketNo：0 StockIdx：32428
[28592] 2025/10/08 09:50:11.121 Divide StockNo {2006}
[28592] 2025/10/08 09:50:11.121 Add Basket MarketNo：0 StockIdx：32430
[28592] 2025/10/08 09:50:11.121 Divide StockNo {2014}
[28592] 2025/10/08 09:50:11.121 Add Basket MarketNo：0 StockIdx：32437
[28592] 2025/10/08 09:50:11.121 Divide StockNo {2027}
[28592] 2025/10/08 09:50:11.121 Add Basket MarketNo：0 StockIdx：32445
[28592] 2025/10/08 09:50:11.121 Divide StockNo {2049}
[28592] 2025/10/08 09:50:11.121 Add Basket MarketNo：0 StockIdx：32454
[28592] 2025/10/08 09:50:11.121 Divide StockNo {2059}
[28592] 2025/10/08 09:50:11.121 Add Basket MarketNo：0 StockIdx：32455
[28592] 2025/10/08 09:50:11.121 Divide StockNo {2105}
[28592] 2025/10/08 09:50:11.121 Add Basket MarketNo：0 StockIdx：32462
[28592] 2025/10/08 09:50:11.121 Divide StockNo {2201}
[28592] 2025/10/08 09:50:11.121 Add Basket MarketNo：0 StockIdx：32469
[28592] 2025/10/08 09:50:11.121 Divide StockNo {2231}
[28592] 2025/10/08 09:50:11.121 Add Basket MarketNo：0 StockIdx：32477
[28592] 2025/10/08 09:50:11.121 Divide StockNo {2301}
[28592] 2025/10/08 09:50:11.121 Add Basket MarketNo：0 StockIdx：32488
[28592] 2025/10/08 09:50:11.121 Divide StockNo {2303}
[28592] 2025/10/08 09:50:11.121 Add Basket MarketNo：0 StockIdx：32490
[28592] 2025/10/08 09:50:11.121 Divide StockNo {2308}
[28592] 2025/10/08 09:50:11.121 Add Basket MarketNo：0 StockIdx：32492
[28592] 2025/10/08 09:50:11.121 Divide StockNo {2312}
[28592] 2025/10/08 09:50:11.121 Add Basket MarketNo：0 StockIdx：32493
[28592] 2025/10/08 09:50:11.121 Divide StockNo {2313}
[28592] 2025/10/08 09:50:11.121 Add Basket MarketNo：0 StockIdx：32494
[28592] 2025/10/08 09:50:11.121 Divide StockNo {2317}
[28592] 2025/10/08 09:50:11.121 Add Basket MarketNo：0 StockIdx：32496
[28592] 2025/10/08 09:50:11.121 Divide StockNo {2323}
[28592] 2025/10/08 09:50:11.121 Add Basket MarketNo：0 StockIdx：32498
[28592] 2025/10/08 09:50:11.121 Divide StockNo {2324}
[28592] 2025/10/08 09:50:11.121 Add Basket MarketNo：0 StockIdx：32499
[28592] 2025/10/08 09:50:11.121 Divide StockNo {2327}
[28592] 2025/10/08 09:50:11.121 Add Basket MarketNo：0 StockIdx：32500
[28592] 2025/10/08 09:50:11.121 Divide StockNo {2328}
[28592] 2025/10/08 09:50:11.121 Add Basket MarketNo：0 StockIdx：32501
[28592] 2025/10/08 09:50:11.121 Divide StockNo {2330}
[28592] 2025/10/08 09:50:11.121 Add Basket MarketNo：0 StockIdx：32503
[28592] 2025/10/08 09:50:11.121 Divide StockNo {2331}
[28592] 2025/10/08 09:50:11.121 Add Basket MarketNo：0 StockIdx：32504
[28592] 2025/10/08 09:50:11.121 Divide StockNo {2332}
[28592] 2025/10/08 09:50:11.121 Add Basket MarketNo：0 StockIdx：32505
[28592] 2025/10/08 09:50:11.121 Divide StockNo {2337}
[28592] 2025/10/08 09:50:11.121 Add Basket MarketNo：0 StockIdx：32506
[28592] 2025/10/08 09:50:11.121 Divide StockNo {2338}
[28592] 2025/10/08 09:50:11.121 Add Basket MarketNo：0 StockIdx：32507
[28592] 2025/10/08 09:50:11.121 Divide StockNo {2340}
[28592] 2025/10/08 09:50:11.121 Add Basket MarketNo：0 StockIdx：32508
[28592] 2025/10/08 09:50:11.121 Divide StockNo {2344}
[28592] 2025/10/08 09:50:11.121 Add Basket MarketNo：0 StockIdx：32510
[28592] 2025/10/08 09:50:11.121 Divide StockNo {2345}
[28592] 2025/10/08 09:50:11.121 Add Basket MarketNo：0 StockIdx：32511
[28592] 2025/10/08 09:50:11.121 Divide StockNo {2347}
[28592] 2025/10/08 09:50:11.121 Add Basket MarketNo：0 StockIdx：32512
[28592] 2025/10/08 09:50:11.121 Divide StockNo {2352}
[28592] 2025/10/08 09:50:11.121 Add Basket MarketNo：0 StockIdx：32517
[28592] 2025/10/08 09:50:11.121 Divide StockNo {2353}
[28592] 2025/10/08 09:50:11.121 Add Basket MarketNo：0 StockIdx：32518
[28592] 2025/10/08 09:50:11.121 Divide StockNo {2354}
[28592] 2025/10/08 09:50:11.121 Add Basket MarketNo：0 StockIdx：32519
[28592] 2025/10/08 09:50:11.121 Divide StockNo {2355}
[28592] 2025/10/08 09:50:11.121 Add Basket MarketNo：0 StockIdx：32520
[28592] 2025/10/08 09:50:11.121 Divide StockNo {2356}
[28592] 2025/10/08 09:50:11.121 Add Basket MarketNo：0 StockIdx：32521
[28592] 2025/10/08 09:50:11.121 Divide StockNo {2357}
[28592] 2025/10/08 09:50:11.121 Add Basket MarketNo：0 StockIdx：32522
[28592] 2025/10/08 09:50:11.121 Divide StockNo {2360}
[28592] 2025/10/08 09:50:11.122 Add Basket MarketNo：0 StockIdx：32524
[28592] 2025/10/08 09:50:11.122 Divide StockNo {2368}
[28592] 2025/10/08 09:50:11.122 Add Basket MarketNo：0 StockIdx：32530
[28592] 2025/10/08 09:50:11.122 Divide StockNo {2371}
[28592] 2025/10/08 09:50:11.122 Add Basket MarketNo：0 StockIdx：32532
[28592] 2025/10/08 09:50:11.122 Divide StockNo {2376}
[28592] 2025/10/08 09:50:11.122 Add Basket MarketNo：0 StockIdx：32536
[28592] 2025/10/08 09:50:11.122 Divide StockNo {2377}
[28592] 2025/10/08 09:50:11.122 Add Basket MarketNo：0 StockIdx：32537
[28592] 2025/10/08 09:50:11.122 Divide StockNo {2379}
[28592] 2025/10/08 09:50:11.122 Add Basket MarketNo：0 StockIdx：32538
[28592] 2025/10/08 09:50:11.122 Divide StockNo {2382}
[28592] 2025/10/08 09:50:11.122 Add Basket MarketNo：0 StockIdx：32540
[28592] 2025/10/08 09:50:11.122 Divide StockNo {2383}
[28592] 2025/10/08 09:50:11.122 Add Basket MarketNo：0 StockIdx：32541
[28592] 2025/10/08 09:50:11.122 Divide StockNo {2385}
[28592] 2025/10/08 09:50:11.122 Add Basket MarketNo：0 StockIdx：32542
[28592] 2025/10/08 09:50:11.122 Divide StockNo {2388}
[28592] 2025/10/08 09:50:11.122 Add Basket MarketNo：0 StockIdx：32544
[28592] 2025/10/08 09:50:11.122 Divide StockNo {2392}
[28592] 2025/10/08 09:50:11.122 Add Basket MarketNo：0 StockIdx：32546
[28592] 2025/10/08 09:50:11.122 Divide StockNo {2393}
[28592] 2025/10/08 09:50:11.122 Add Basket MarketNo：0 StockIdx：32547
[28592] 2025/10/08 09:50:11.122 Divide StockNo {2401}
[28592] 2025/10/08 09:50:11.122 Add Basket MarketNo：0 StockIdx：32551
[28592] 2025/10/08 09:50:11.122 Divide StockNo {2404}
[28592] 2025/10/08 09:50:11.122 Add Basket MarketNo：0 StockIdx：32553
[28592] 2025/10/08 09:50:11.122 Divide StockNo {2408}
[28592] 2025/10/08 09:50:11.122 Add Basket MarketNo：0 StockIdx：32556
[28592] 2025/10/08 09:50:11.122 Divide StockNo {2409}
[28592] 2025/10/08 09:50:11.122 Add Basket MarketNo：0 StockIdx：32557
[28592] 2025/10/08 09:50:11.122 Divide StockNo {2412}
[28592] 2025/10/08 09:50:11.122 Add Basket MarketNo：0 StockIdx：32558
[28592] 2025/10/08 09:50:11.122 Divide StockNo {2439}
[28592] 2025/10/08 09:50:11.122 Add Basket MarketNo：0 StockIdx：32580
[28592] 2025/10/08 09:50:11.122 Divide StockNo {2441}
[28592] 2025/10/08 09:50:11.122 Add Basket MarketNo：0 StockIdx：32582
[28592] 2025/10/08 09:50:11.122 Divide StockNo {2449}
[28592] 2025/10/08 09:50:11.122 Add Basket MarketNo：0 StockIdx：32585
[28592] 2025/10/08 09:50:11.122 Divide StockNo {2454}
[28592] 2025/10/08 09:50:11.122 Add Basket MarketNo：0 StockIdx：32589
[28592] 2025/10/08 09:50:11.122 Divide StockNo {2455}
[28592] 2025/10/08 09:50:11.122 Add Basket MarketNo：0 StockIdx：32590
[28592] 2025/10/08 09:50:11.122 Divide StockNo {2457}
[28592] 2025/10/08 09:50:11.122 Add Basket MarketNo：0 StockIdx：32591
[28592] 2025/10/08 09:50:11.122 Divide StockNo {2458}
[28592] 2025/10/08 09:50:11.122 Add Basket MarketNo：0 StockIdx：32592
[28592] 2025/10/08 09:50:11.122 Divide StockNo {2474}
[28592] 2025/10/08 09:50:11.122 Add Basket MarketNo：0 StockIdx：32604
[28592] 2025/10/08 09:50:11.122 Divide StockNo {2481}
[28592] 2025/10/08 09:50:11.122 Add Basket MarketNo：0 StockIdx：32609
[28592] 2025/10/08 09:50:11.122 Divide StockNo {2485}
[28592] 2025/10/08 09:50:11.122 Add Basket MarketNo：0 StockIdx：32613
[28592] 2025/10/08 09:50:11.122 Divide StockNo {2486}
[28592] 2025/10/08 09:50:11.123 Add Basket MarketNo：0 StockIdx：32614
[28592] 2025/10/08 09:50:11.123 Divide StockNo {2489}
[28592] 2025/10/08 09:50:11.123 Add Basket MarketNo：0 StockIdx：32616
[28592] 2025/10/08 09:50:11.123 Divide StockNo {2492}
[28592] 2025/10/08 09:50:11.123 Add Basket MarketNo：0 StockIdx：32618
[28592] 2025/10/08 09:50:11.123 Divide StockNo {2498}
[28592] 2025/10/08 09:50:11.123 Add Basket MarketNo：0 StockIdx：32623
[28592] 2025/10/08 09:50:11.123 Divide StockNo {2515}
[28592] 2025/10/08 09:50:11.123 Add Basket MarketNo：0 StockIdx：32631
[28592] 2025/10/08 09:50:11.123 Divide StockNo {2520}
[28592] 2025/10/08 09:50:11.123 Add Basket MarketNo：0 StockIdx：32633
[28592] 2025/10/08 09:50:11.123 Divide StockNo {2542}
[28592] 2025/10/08 09:50:11.123 Add Basket MarketNo：0 StockIdx：32645
[28592] 2025/10/08 09:50:11.123 Divide StockNo {2548}
[28592] 2025/10/08 09:50:11.123 Add Basket MarketNo：0 StockIdx：32650
[28592] 2025/10/08 09:50:11.123 Divide StockNo {2603}
[28592] 2025/10/08 09:50:11.123 Add Basket MarketNo：0 StockIdx：32653
[28592] 2025/10/08 09:50:11.123 Divide StockNo {2605}
[28592] 2025/10/08 09:50:11.123 Add Basket MarketNo：0 StockIdx：32654
[28592] 2025/10/08 09:50:11.123 Divide StockNo {2606}
[28592] 2025/10/08 09:50:11.123 Add Basket MarketNo：0 StockIdx：32655
[28592] 2025/10/08 09:50:11.123 Divide StockNo {2609}
[28592] 2025/10/08 09:50:11.123 Add Basket MarketNo：0 StockIdx：32658
[28592] 2025/10/08 09:50:11.123 Divide StockNo {2610}
[28592] 2025/10/08 09:50:11.123 Add Basket MarketNo：0 StockIdx：32659
[28592] 2025/10/08 09:50:11.123 Divide StockNo {2615}
[28592] 2025/10/08 09:50:11.123 Add Basket MarketNo：0 StockIdx：32664
[28592] 2025/10/08 09:50:11.123 Divide StockNo {2618}
[28592] 2025/10/08 09:50:11.123 Add Basket MarketNo：0 StockIdx：32667
[28592] 2025/10/08 09:50:11.123 Divide StockNo {2633}
[28592] 2025/10/08 09:50:11.123 Add Basket MarketNo：0 StockIdx：32669
[28592] 2025/10/08 09:50:11.123 Divide StockNo {2634}
[28592] 2025/10/08 09:50:11.123 Add Basket MarketNo：0 StockIdx：32670
[28592] 2025/10/08 09:50:11.123 Divide StockNo {2801}
[28592] 2025/10/08 09:50:11.123 Add Basket MarketNo：0 StockIdx：32691
[28592] 2025/10/08 09:50:11.123 Divide StockNo {2834}
[28592] 2025/10/08 09:50:11.123 Add Basket MarketNo：0 StockIdx：32696
[28592] 2025/10/08 09:50:11.123 Divide StockNo {2880}
[28592] 2025/10/08 09:50:11.123 Add Basket MarketNo：0 StockIdx：32708
[28592] 2025/10/08 09:50:11.123 Divide StockNo {2881}
[28592] 2025/10/08 09:50:11.123 Add Basket MarketNo：0 StockIdx：32709
[28592] 2025/10/08 09:50:11.123 Divide StockNo {2882}
[28592] 2025/10/08 09:50:11.123 Add Basket MarketNo：0 StockIdx：32713
[28592] 2025/10/08 09:50:11.123 Divide StockNo {2883}
[28592] 2025/10/08 09:50:11.123 Add Basket MarketNo：0 StockIdx：32716
[28592] 2025/10/08 09:50:11.123 Divide StockNo {2884}
[28592] 2025/10/08 09:50:11.123 Add Basket MarketNo：0 StockIdx：32718
[28592] 2025/10/08 09:50:11.123 Divide StockNo {2885}
[28592] 2025/10/08 09:50:11.123 Add Basket MarketNo：0 StockIdx：32719
[28592] 2025/10/08 09:50:11.123 Divide StockNo {2886}
[28592] 2025/10/08 09:50:11.123 Add Basket MarketNo：0 StockIdx：32720
[28592] 2025/10/08 09:50:11.123 Divide StockNo {2887}
[28592] 2025/10/08 09:50:11.123 Add Basket MarketNo：0 StockIdx：32721
[28592] 2025/10/08 09:50:11.123 Divide StockNo {2888}
[28592] 2025/10/08 09:50:11.123 Stock Is Not Exist 
[28592] 2025/10/08 09:50:11.123 Divide StockNo {2890}
[28592] 2025/10/08 09:50:11.123 Add Basket MarketNo：0 StockIdx：32729
[28592] 2025/10/08 09:50:11.123 Divide StockNo {2891}
[28592] 2025/10/08 09:50:11.123 Add Basket MarketNo：0 StockIdx：32730
[28592] 2025/10/08 09:50:11.123 Divide StockNo {2892}
[28592] 2025/10/08 09:50:11.123 Add Basket MarketNo：0 StockIdx：32733
[28592] 2025/10/08 09:50:11.123 Divide StockNo {2913}
[28592] 2025/10/08 09:50:11.123 Add Basket MarketNo：0 StockIdx：32745
[28592] 2025/10/08 09:50:11.123 Divide StockNo {2915}
[28592] 2025/10/08 09:50:11.123 Add Basket MarketNo：0 StockIdx：32746
[28592] 2025/10/08 09:50:11.123 Divide StockNo {3005}
[28592] 2025/10/08 09:50:11.123 Add Basket MarketNo：0 StockIdx：32754
[28592] 2025/10/08 09:50:11.123 Divide StockNo {3006}
[28592] 2025/10/08 09:50:11.124 Add Basket MarketNo：0 StockIdx：32755
[28592] 2025/10/08 09:50:11.124 Divide StockNo {3008}
[28592] 2025/10/08 09:50:11.124 Add Basket MarketNo：0 StockIdx：32756
[28592] 2025/10/08 09:50:11.124 Divide StockNo {3017}
[28592] 2025/10/08 09:50:11.124 Add Basket MarketNo：0 StockIdx：32763
[28592] 2025/10/08 09:50:11.124 Divide StockNo {3019}
[28592] 2025/10/08 09:50:11.124 Add Basket MarketNo：0 StockIdx：32765
[28592] 2025/10/08 09:50:11.124 Divide StockNo {3034}
[28592] 2025/10/08 09:50:11.124 Add Basket MarketNo：0 StockIdx：32779
[28592] 2025/10/08 09:50:11.124 Divide StockNo {3035}
[28592] 2025/10/08 09:50:11.124 Add Basket MarketNo：0 StockIdx：32780
[28592] 2025/10/08 09:50:11.124 Divide StockNo {3036}
[28592] 2025/10/08 09:50:11.124 Add Basket MarketNo：0 StockIdx：32781
[28592] 2025/10/08 09:50:11.124 Divide StockNo {3037}
[28592] 2025/10/08 09:50:11.124 Add Basket MarketNo：0 StockIdx：32783
[28592] 2025/10/08 09:50:11.124 Divide StockNo {3042}
[28592] 2025/10/08 09:50:11.124 Add Basket MarketNo：0 StockIdx：32787
[28592] 2025/10/08 09:50:11.124 Divide StockNo {3044}
[28592] 2025/10/08 09:50:11.124 Add Basket MarketNo：0 StockIdx：32789
[28592] 2025/10/08 09:50:11.124 Divide StockNo {3045}
[28592] 2025/10/08 09:50:11.124 Add Basket MarketNo：0 StockIdx：32790
[28592] 2025/10/08 09:50:11.124 Divide StockNo {3078}
[28592] 2025/10/08 09:50:11.124 Add Basket MarketNo：1 StockIdx：267
[28592] 2025/10/08 09:50:11.124 Divide StockNo {3081}
[28592] 2025/10/08 09:50:11.124 Add Basket MarketNo：1 StockIdx：268
[28592] 2025/10/08 09:50:11.124 Divide StockNo {3105}
[28592] 2025/10/08 09:50:11.124 Add Basket MarketNo：1 StockIdx：278
[28592] 2025/10/08 09:50:11.124 Divide StockNo {3152}
[28592] 2025/10/08 09:50:11.124 Add Basket MarketNo：1 StockIdx：293
[28592] 2025/10/08 09:50:11.124 Divide StockNo {3189}
[28592] 2025/10/08 09:50:11.124 Add Basket MarketNo：0 StockIdx：32817
[28592] 2025/10/08 09:50:11.124 Divide StockNo {3227}
[28592] 2025/10/08 09:50:11.124 Add Basket MarketNo：1 StockIdx：316
[28592] 2025/10/08 09:50:11.124 Divide StockNo {3231}
[28592] 2025/10/08 09:50:11.124 Add Basket MarketNo：0 StockIdx：32820
[28592] 2025/10/08 09:50:11.124 Divide StockNo {3260}
[28592] 2025/10/08 09:50:11.124 Add Basket MarketNo：1 StockIdx：325
[28592] 2025/10/08 09:50:11.124 Divide StockNo {3264}
[28592] 2025/10/08 09:50:11.124 Add Basket MarketNo：1 StockIdx：326
[28592] 2025/10/08 09:50:11.124 Divide StockNo {3293}
[28592] 2025/10/08 09:50:11.124 Add Basket MarketNo：1 StockIdx：339
[28592] 2025/10/08 09:50:11.124 Divide StockNo {3324}
[28592] 2025/10/08 09:50:11.124 Add Basket MarketNo：1 StockIdx：355
[28592] 2025/10/08 09:50:11.124 Divide StockNo {3374}
[28592] 2025/10/08 09:50:11.124 Add Basket MarketNo：1 StockIdx：373
[28592] 2025/10/08 09:50:11.124 Divide StockNo {3376}
[28592] 2025/10/08 09:50:11.124 Add Basket MarketNo：0 StockIdx：32832
[28592] 2025/10/08 09:50:11.124 Divide StockNo {3380}
[28592] 2025/10/08 09:50:11.124 Add Basket MarketNo：0 StockIdx：32833
[28592] 2025/10/08 09:50:11.125 Divide StockNo {3406}
[28592] 2025/10/08 09:50:11.125 Add Basket MarketNo：0 StockIdx：32834
[28592] 2025/10/08 09:50:11.125 Divide StockNo {3443}
[28592] 2025/10/08 09:50:11.125 Add Basket MarketNo：0 StockIdx：32840
[28592] 2025/10/08 09:50:11.125 Divide StockNo {3481}
[28592] 2025/10/08 09:50:11.125 Add Basket MarketNo：0 StockIdx：32844
[28592] 2025/10/08 09:50:11.125 Divide StockNo {3529}
[28592] 2025/10/08 09:50:11.125 Add Basket MarketNo：1 StockIdx：423
[28592] 2025/10/08 09:50:11.125 Divide StockNo {3532}
[28592] 2025/10/08 09:50:11.125 Add Basket MarketNo：0 StockIdx：32852
[28592] 2025/10/08 09:50:11.125 Divide StockNo {3533}
[28592] 2025/10/08 09:50:11.125 Add Basket MarketNo：0 StockIdx：32853
[28592] 2025/10/08 09:50:11.125 Divide StockNo {3552}
[28592] 2025/10/08 09:50:11.125 Add Basket MarketNo：1 StockIdx：433
[28592] 2025/10/08 09:50:11.125 Divide StockNo {3653}
[28592] 2025/10/08 09:50:11.125 Add Basket MarketNo：0 StockIdx：32873
[28592] 2025/10/08 09:50:11.125 Divide StockNo {3661}
[28592] 2025/10/08 09:50:11.125 Add Basket MarketNo：0 StockIdx：32874
[28592] 2025/10/08 09:50:11.125 Divide StockNo {3673}
[28592] 2025/10/08 09:50:11.125 Add Basket MarketNo：0 StockIdx：32877
[28592] 2025/10/08 09:50:11.125 Divide StockNo {3680}
[28592] 2025/10/08 09:50:11.125 Add Basket MarketNo：1 StockIdx：472
[28592] 2025/10/08 09:50:11.125 Divide StockNo {3691}
[28592] 2025/10/08 09:50:11.125 Add Basket MarketNo：1 StockIdx：481
[28592] 2025/10/08 09:50:11.125 Divide StockNo {3702}
[28592] 2025/10/08 09:50:11.125 Add Basket MarketNo：0 StockIdx：32882
[28592] 2025/10/08 09:50:11.125 Divide StockNo {3706}
[28592] 2025/10/08 09:50:11.125 Add Basket MarketNo：0 StockIdx：32886
[28592] 2025/10/08 09:50:11.125 Divide StockNo {3711}
[28592] 2025/10/08 09:50:11.125 Add Basket MarketNo：0 StockIdx：32888
[28592] 2025/10/08 09:50:11.125 Divide StockNo {3714}
[28592] 2025/10/08 09:50:11.125 Add Basket MarketNo：0 StockIdx：32890
[28592] 2025/10/08 09:50:11.125 Divide StockNo {4123}
[28592] 2025/10/08 09:50:11.125 Add Basket MarketNo：1 StockIdx：505
[28592] 2025/10/08 09:50:11.125 Divide StockNo {4128}
[28592] 2025/10/08 09:50:11.125 Add Basket MarketNo：1 StockIdx：510
[28592] 2025/10/08 09:50:11.125 Divide StockNo {4162}
[28592] 2025/10/08 09:50:11.126 Add Basket MarketNo：1 StockIdx：524
[28592] 2025/10/08 09:50:11.126 Divide StockNo {4736}
[28592] 2025/10/08 09:50:11.126 Add Basket MarketNo：0 StockIdx：32935
[28592] 2025/10/08 09:50:11.126 Divide StockNo {4743}
[28592] 2025/10/08 09:50:11.126 Add Basket MarketNo：1 StockIdx：616
[28592] 2025/10/08 09:50:11.126 Divide StockNo {4904}
[28592] 2025/10/08 09:50:11.126 Add Basket MarketNo：0 StockIdx：32946
[28592] 2025/10/08 09:50:11.126 Divide StockNo {4919}
[28592] 2025/10/08 09:50:11.126 Add Basket MarketNo：0 StockIdx：32951
[28592] 2025/10/08 09:50:11.126 Divide StockNo {4938}
[28592] 2025/10/08 09:50:11.126 Add Basket MarketNo：0 StockIdx：32956
[28592] 2025/10/08 09:50:11.126 Divide StockNo {4958}
[28592] 2025/10/08 09:50:11.126 Add Basket MarketNo：0 StockIdx：32962
[28592] 2025/10/08 09:50:11.126 Divide StockNo {5009}
[28592] 2025/10/08 09:50:11.126 Add Basket MarketNo：1 StockIdx：660
[28592] 2025/10/08 09:50:11.126 Divide StockNo {5269}
[28592] 2025/10/08 09:50:11.126 Add Basket MarketNo：0 StockIdx：32981
[28592] 2025/10/08 09:50:11.126 Divide StockNo {5274}
[28592] 2025/10/08 09:50:11.126 Add Basket MarketNo：1 StockIdx：694
[28592] 2025/10/08 09:50:11.126 Divide StockNo {5347}
[28592] 2025/10/08 09:50:11.126 Add Basket MarketNo：1 StockIdx：718
[28592] 2025/10/08 09:50:11.126 Divide StockNo {5371}
[28592] 2025/10/08 09:50:11.126 Add Basket MarketNo：1 StockIdx：725
[28592] 2025/10/08 09:50:11.126 Divide StockNo {5388}
[28592] 2025/10/08 09:50:11.126 Add Basket MarketNo：0 StockIdx：32988
[28592] 2025/10/08 09:50:11.126 Divide StockNo {5425}
[28592] 2025/10/08 09:50:11.126 Add Basket MarketNo：1 StockIdx：733
[28592] 2025/10/08 09:50:11.126 Divide StockNo {5457}
[28592] 2025/10/08 09:50:11.126 Add Basket MarketNo：1 StockIdx：745
[28592] 2025/10/08 09:50:11.126 Divide StockNo {5483}
[28592] 2025/10/08 09:50:11.126 Add Basket MarketNo：1 StockIdx：755
[28592] 2025/10/08 09:50:11.126 Divide StockNo {5534}
[28592] 2025/10/08 09:50:11.126 Add Basket MarketNo：0 StockIdx：33000
[28592] 2025/10/08 09:50:11.126 Divide StockNo {5871}
[28592] 2025/10/08 09:50:11.126 Add Basket MarketNo：0 StockIdx：33006
[28592] 2025/10/08 09:50:11.126 Divide StockNo {5876}
[28592] 2025/10/08 09:50:11.126 Add Basket MarketNo：0 StockIdx：33008
[28592] 2025/10/08 09:50:11.126 Divide StockNo {5880}
[28592] 2025/10/08 09:50:11.126 Add Basket MarketNo：0 StockIdx：33009
[28592] 2025/10/08 09:50:11.126 Divide StockNo {5904}
[28592] 2025/10/08 09:50:11.127 Add Basket MarketNo：1 StockIdx：789
[28592] 2025/10/08 09:50:11.127 Divide StockNo {6005}
[28592] 2025/10/08 09:50:11.127 Add Basket MarketNo：0 StockIdx：33012
[28592] 2025/10/08 09:50:11.127 Divide StockNo {6116}
[28592] 2025/10/08 09:50:11.127 Add Basket MarketNo：0 StockIdx：33017
[28592] 2025/10/08 09:50:11.127 Divide StockNo {6121}
[28592] 2025/10/08 09:50:11.127 Add Basket MarketNo：1 StockIdx：812
[28592] 2025/10/08 09:50:11.127 Divide StockNo {6139}
[28592] 2025/10/08 09:50:11.127 Add Basket MarketNo：0 StockIdx：33023
[28592] 2025/10/08 09:50:11.127 Divide StockNo {6147}
[28592] 2025/10/08 09:50:11.127 Add Basket MarketNo：1 StockIdx：830
[28592] 2025/10/08 09:50:11.127 Divide StockNo {6153}
[28592] 2025/10/08 09:50:11.127 Add Basket MarketNo：0 StockIdx：33027
[28592] 2025/10/08 09:50:11.127 Divide StockNo {6173}
[28592] 2025/10/08 09:50:11.127 Add Basket MarketNo：1 StockIdx：845
[28592] 2025/10/08 09:50:11.127 Divide StockNo {6176}
[28592] 2025/10/08 09:50:11.127 Add Basket MarketNo：0 StockIdx：33033
[28592] 2025/10/08 09:50:11.127 Divide StockNo {6182}
[28592] 2025/10/08 09:50:11.127 Add Basket MarketNo：1 StockIdx：853
[28592] 2025/10/08 09:50:11.127 Divide StockNo {6188}
[28592] 2025/10/08 09:50:11.127 Add Basket MarketNo：1 StockIdx：861
[28592] 2025/10/08 09:50:11.127 Divide StockNo {6213}
[28592] 2025/10/08 09:50:11.127 Add Basket MarketNo：0 StockIdx：33047
[28592] 2025/10/08 09:50:11.127 Divide StockNo {6223}
[28592] 2025/10/08 09:50:11.127 Add Basket MarketNo：1 StockIdx：885
[28592] 2025/10/08 09:50:11.127 Divide StockNo {6239}
[28592] 2025/10/08 09:50:11.127 Add Basket MarketNo：0 StockIdx：33056
[28592] 2025/10/08 09:50:11.127 Divide StockNo {6245}
[28592] 2025/10/08 09:50:11.127 Add Basket MarketNo：1 StockIdx：900
[28592] 2025/10/08 09:50:11.127 Divide StockNo {6257}
[28592] 2025/10/08 09:50:11.127 Add Basket MarketNo：0 StockIdx：33058
[28592] 2025/10/08 09:50:11.127 Divide StockNo {6269}
[28592] 2025/10/08 09:50:11.127 Add Basket MarketNo：0 StockIdx：33059
[28592] 2025/10/08 09:50:11.127 Divide StockNo {6271}
[28592] 2025/10/08 09:50:11.128 Add Basket MarketNo：0 StockIdx：33060
[28592] 2025/10/08 09:50:11.128 Divide StockNo {6274}
[28592] 2025/10/08 09:50:11.128 Add Basket MarketNo：1 StockIdx：912
[28592] 2025/10/08 09:50:11.128 Divide StockNo {6278}
[28592] 2025/10/08 09:50:11.128 Add Basket MarketNo：0 StockIdx：33062
[28592] 2025/10/08 09:50:11.128 Divide StockNo {6279}
[28592] 2025/10/08 09:50:11.128 Add Basket MarketNo：1 StockIdx：916
[28592] 2025/10/08 09:50:11.128 Divide StockNo {6282}
[28592] 2025/10/08 09:50:11.128 Add Basket MarketNo：0 StockIdx：33064
[28592] 2025/10/08 09:50:11.128 Divide StockNo {6285}
[28592] 2025/10/08 09:50:11.128 Add Basket MarketNo：0 StockIdx：33066
[28592] 2025/10/08 09:50:11.128 Divide StockNo {6414}
[28592] 2025/10/08 09:50:11.128 Add Basket MarketNo：0 StockIdx：33070
[28592] 2025/10/08 09:50:11.128 Divide StockNo {6443}
[28592] 2025/10/08 09:50:11.128 Add Basket MarketNo：0 StockIdx：33078
[28592] 2025/10/08 09:50:11.128 Divide StockNo {6472}
[28592] 2025/10/08 09:50:11.128 Add Basket MarketNo：0 StockIdx：33084
[28592] 2025/10/08 09:50:11.128 Divide StockNo {6488}
[28592] 2025/10/08 09:50:11.128 Add Basket MarketNo：1 StockIdx：952
[28592] 2025/10/08 09:50:11.128 Divide StockNo {6505}
[28592] 2025/10/08 09:50:11.128 Add Basket MarketNo：0 StockIdx：33088
[28592] 2025/10/08 09:50:11.128 Divide StockNo {6510}
[28592] 2025/10/08 09:50:11.128 Add Basket MarketNo：1 StockIdx：962
[28592] 2025/10/08 09:50:11.128 Divide StockNo {6526}
[28592] 2025/10/08 09:50:11.128 Add Basket MarketNo：0 StockIdx：33091
[28592] 2025/10/08 09:50:11.128 Divide StockNo {6547}
[28592] 2025/10/08 09:50:11.128 Add Basket MarketNo：1 StockIdx：977
[28592] 2025/10/08 09:50:11.128 Divide StockNo {6669}
[28592] 2025/10/08 09:50:11.128 Add Basket MarketNo：0 StockIdx：33120
[28592] 2025/10/08 09:50:11.128 Divide StockNo {6757}
[28592] 2025/10/08 09:50:11.128 Add Basket MarketNo：0 StockIdx：33137
[28592] 2025/10/08 09:50:11.128 Divide StockNo {6770}
[28592] 2025/10/08 09:50:11.128 Add Basket MarketNo：0 StockIdx：33139
[28592] 2025/10/08 09:50:11.128 Divide StockNo {8039}
[28592] 2025/10/08 09:50:11.128 Add Basket MarketNo：0 StockIdx：33211
[28592] 2025/10/08 09:50:11.128 Divide StockNo {8044}
[28592] 2025/10/08 09:50:11.128 Add Basket MarketNo：1 StockIdx：12284
[28592] 2025/10/08 09:50:11.128 Divide StockNo {8046}
[28592] 2025/10/08 09:50:11.128 Add Basket MarketNo：0 StockIdx：33213
[28592] 2025/10/08 09:50:11.128 Divide StockNo {8069}
[28592] 2025/10/08 09:50:11.128 Add Basket MarketNo：1 StockIdx：12296
[28592] 2025/10/08 09:50:11.128 Divide StockNo {8086}
[28592] 2025/10/08 09:50:11.128 Add Basket MarketNo：1 StockIdx：12305
[28592] 2025/10/08 09:50:11.128 Divide StockNo {8112}
[28592] 2025/10/08 09:50:11.128 Add Basket MarketNo：0 StockIdx：33222
[28592] 2025/10/08 09:50:11.128 Divide StockNo {8150}
[28592] 2025/10/08 09:50:11.128 Add Basket MarketNo：0 StockIdx：33226
[28592] 2025/10/08 09:50:11.128 Divide StockNo {8163}
[28592] 2025/10/08 09:50:11.128 Add Basket MarketNo：0 StockIdx：33228
[28592] 2025/10/08 09:50:11.128 Divide StockNo {8299}
[28592] 2025/10/08 09:50:11.128 Add Basket MarketNo：1 StockIdx：12344
[28592] 2025/10/08 09:50:11.128 Divide StockNo {8358}
[28592] 2025/10/08 09:50:11.128 Add Basket MarketNo：1 StockIdx：12350
[28592] 2025/10/08 09:50:11.128 Divide StockNo {8436}
[28592] 2025/10/08 09:50:11.128 Add Basket MarketNo：1 StockIdx：12376
[28592] 2025/10/08 09:50:11.128 Divide StockNo {8454}
[28592] 2025/10/08 09:50:11.128 Add Basket MarketNo：0 StockIdx：33247
[28592] 2025/10/08 09:50:11.128 Divide StockNo {9904}
[28592] 2025/10/08 09:50:11.128 Add Basket MarketNo：0 StockIdx：33276
[28592] 2025/10/08 09:50:11.128 Divide StockNo {9914}
[28592] 2025/10/08 09:50:11.128 Add Basket MarketNo：0 StockIdx：33284
[28592] 2025/10/08 09:50:11.128 Divide StockNo {9938}
[28592] 2025/10/08 09:50:11.129 Add Basket MarketNo：0 StockIdx：33301
[28592] 2025/10/08 09:50:11.129 Divide StockNo {9939}
[28592] 2025/10/08 09:50:11.129 Add Basket MarketNo：0 StockIdx：33302
[28592] 2025/10/08 09:50:11.129 Divide StockNo {9945}
[28592] 2025/10/08 09:50:11.129 Add Basket MarketNo：0 StockIdx：33309
[28592] 2025/10/08 09:50:11.129 Divide StockNo {9958}
[28592] 2025/10/08 09:50:11.129 Add Basket MarketNo：0 StockIdx：33312
[28592] 2025/10/08 09:50:11.129 Divide StockNo {TSE}
[28592] 2025/10/08 09:50:11.129 Stock Is Not Exist 
[28592] 2025/10/08 09:50:11.129 Divide StockNo {TSE23}
[28592] 2025/10/08 09:50:11.129 Add Basket MarketNo：0 StockIdx：33629
[28592] 2025/10/08 09:50:11.129 Divide StockNo {TSE28}
[28592] 2025/10/08 09:50:11.129 Add Basket MarketNo：0 StockIdx：33634
[28592] 2025/10/08 09:50:11.129 Divide StockNo {TWMC}
[28592] 2025/10/08 09:50:11.129 Stock Is Not Exist 
[28592] 2025/10/08 09:50:11.129 Return PageNo： 1 
[13940] 2025/10/08 09:58:41.479 Precheck/DistributedServer Query result is 000,分配成功
[13940] 2025/10/08 09:58:41.479 >> Host srvsolace-tpa.capital.com.tw
[13940] 2025/10/08 09:58:41.483 SKQuoteLib_EnterMonitor IP：srvsolace-tpa.capital.com.tw
[13940] 2025/10/08 09:58:41.776 OnSessionConnect，Code: 3001, Error Code:0.
[13940] 2025/10/08 09:58:41.947 SKQuoteLib_EnterMonitorLONG starting
[13940] 2025/10/08 09:58:41.949 OnConnection ( 3001 , 0 ) 
[13940] 2025/10/08 09:58:42.678 Market Info is OK!
[13940] 2025/10/08 09:58:42.807 Catalog info is OK!
[13940] 2025/10/08 09:58:46.884 Solace RequestInitializeData (TO_S_19,S_1F)
[13940] 2025/10/08 09:58:46.884 Solace RequestInitializeData (TO_S_19,S_1F)
[13940] 2025/10/08 09:58:46.885 OnConnection ( 3003 , 0 ) 
[13940] 2025/10/08 09:58:48.819 SKQuoteLib_RequestStocks (1 , CAF00, CBF00, CCF00, CDF00, CEF00, CFF00, CGF00, CHF00, CJF00, CKF00, CLF00, CMF00, CNF00, CQF00, CRF00, CSF00, CUF00, CWF00, CXF00, CYF00, CZF00, DAF00, DBF00, DCF00, DEF00, DFF00, DGF00, DHF00, DIF00, DJF00, DKF00, DLF00, DNF00, DOF00, DPF00, DQF00, DSF00, DVF00, DWF00, DXF00, DYF00, DZF00, EEF00, EGF00, EHF00, EKF00, EMF00, EPF00, EYF00, EZF00, FBF00, FCF00, FEF00, FFF00, FGF00, FKF00, FNF00, FQF00, FRF00, FSF00, FTF00, FVF00, FWF00, FYF00, FZF00, GAF00, GCF00, GHF00, GIF00, GJF00, GKF00, GLF00, GMF00, GNF00, GOF00, GRF00, GUF00, GVF00, GWF00, GXF00, GYF00, GZF00, HAF00, HBF00, HCF00, HHF00, HIF00, HLF00, HOF00, HQF00, HSF00, IAF00, IHF00, IIF00, IJF00, IMF00, IOF00, IPF00, IQF00, IRF00, ITF00, IXF00, IYF00, IZF00, JBF00, JFF00, JMF00, JNF00, JPF00, JSF00, JWF00, JXF00, JZF00, KAF00, KBF00, KCF00, KDF00, KEF00, KFF00, KGF00, KIF00, KKF00, KLF00, KOF00, KPF00, KSF00, KUF00, KWF00, LBF00, LCF00, LEF00, LIF00, LMF00, LOF00, LQF00, LRF00, LTF00, LUF00, LVF00, LWF00, LXF00, LYF00, MAF00, MBF00, MJF00, MKF00, MQF00, MVF00, MYF00, NAF00, NBF00, NDF00, NEF00, NGF00, NIF00, NJF00, NLF00, NMF00, NOF00, NQF00, NSF00, NUF00, NVF00, NWF00, NYF00, OAF00, OBF00, ODF00, OEF00, OHF00, OJF00, OKF00, OLF00, OMF00, OOF00, OPF00, OQF00, ORF00, OSF00, OTF00, OUF00, OVF00, OWF00, OXF00, OYF00, OZF00, PAF00, PBF00, PCF00, PDF00, PEF00, PFF00, PGF00, PHF00, PIF00, PJF00, PKF00, PLF00, PMF00, PNF00, PPF00, PQF00, PRF00, PSF00, PTF00, PUF00, PVF00, PWF00, PXF00, PYF00, PZF00, QAF00, QBF00, QCF00, QDF00, QEF00, QFF00, QGF00, QHF00, QIF00, QJF00, QKF00, QLF00, QMF00, QNF00, QOF00, QPF00, QQF00, QRF00, QSF00, QTF00, QUF00, QVF00, QWF00, QXF00, QYF00, QZF00, RAF00, RBF00, RCF00, RDF00, REF00, RFF00, RGF00, RIF00, RJF00, RKF00, RLF00, RMF00, RNF00, ROF00, RPF00, RQF00, RRF00, RSF00, RUF00, RVF00, RWF00, RXF00, RYF00, RZF00, SAF00, SBF00, SCF00, SDF00, SEF00, SFF00, SGF00, SIF00, SJF00, SKF00, SLF00, SMF00, SNF00, SQF00, SRF00, SSF00, SUF00, SVF00, SWF00, SYF00, SZF00, UAF00, UBF00, UCF00, UEF00, UFF00, UGF00, UHF00, UIF00, UJF00, UKF00, ULF00, UMF00, UOF00, UPF00, UQF00, URF00, USF00, UTF00, UUF00, UVF00, UWF00, 0050, 0056, 006205, 006206, 00636, 00639, 00643, 00679B, 00687B, 00719B, 00757, 00772B, 00878, 00885, 00893, 00919, 00923, 00929, 00937B, 00940, 1101, 1102, 1210, 1216, 1301, 1303, 1312, 1314, 1319, 1326, 1402, 1440, 1476, 1477, 1503, 1504, 1513, 1536, 1565, 1590, 1605, 1609, 1707, 1717, 1718, 1722, 1795, 1802, 1904, 1905, 1907, 1909, 2002, 2006, 2014, 2027, 2049, 2059, 2105, 2201, 2231, 2301, 2303, 2308, 2312, 2313, 2317, 2323, 2324, 2327, 2328, 2330, 2331, 2332, 2337, 2338, 2340, 2344, 2345, 2347, 2352, 2353, 2354, 2355, 2356, 2357, 2360, 2368, 2371, 2376, 2377, 2379, 2382, 2383, 2385, 2388, 2392, 2393, 2401, 2404, 2408, 2409, 2412, 2439, 2441, 2449, 2454, 2455, 2457, 2458, 2474, 2481, 2485, 2486, 2489, 2492, 2498, 2515, 2520, 2542, 2548, 2603, 2605, 2606, 2609, 2610, 2615, 2618, 2633, 2634, 2801, 2834, 2880, 2881, 2882, 2883, 2884, 2885, 2886, 2887, 2888, 2890, 2891, 2892, 2913, 2915, 3005, 3006, 3008, 3017, 3019, 3034, 3035, 3036, 3037, 3042, 3044, 3045, 3078, 3081, 3105, 3152, 3189, 3227, 3231, 3260, 3264, 3293, 3324, 3374, 3376, 3380, 3406, 3443, 3481, 3529, 3532, 3533, 3552, 3653, 3661, 3673, 3680, 3691, 3702, 3706, 3711, 3714, 4123, 4128, 4162, 4736, 4743, 4904, 4919, 4938, 4958, 5009, 5269, 5274, 5347, 5371, 5388, 5425, 5457, 5483, 5534, 5871, 5876, 5880, 5904, 6005, 6116, 6121, 6139, 6147, 6153, 6173, 6176, 6182, 6188, 6213, 6223, 6239, 6245, 6257, 6269, 6271, 6274, 6278, 6279, 6282, 6285, 6414, 6443, 6472, 6488, 6505, 6510, 6526, 6547, 6669, 6757, 6770, 8039, 8044, 8046, 8069, 8086, 8112, 8150, 8163, 8299, 8358, 8436, 8454, 9904, 9914, 9938, 9939, 9945, 9958, TSE, TSE23, TSE28, TWMC)
[13940] 2025/10/08 09:58:48.829 Divide StockNo {CAF00}
[13940] 2025/10/08 09:58:48.829 Add Basket MarketNo：2 StockIdx：162
[13940] 2025/10/08 09:58:48.829 Divide StockNo {CBF00}
[13940] 2025/10/08 09:58:48.829 Add Basket MarketNo：2 StockIdx：168
[13940] 2025/10/08 09:58:48.829 Divide StockNo {CCF00}
[13940] 2025/10/08 09:58:48.829 Add Basket MarketNo：2 StockIdx：5613
[13940] 2025/10/08 09:58:48.829 Divide StockNo {CDF00}
[13940] 2025/10/08 09:58:48.829 Add Basket MarketNo：2 StockIdx：5619
[13940] 2025/10/08 09:58:48.830 Divide StockNo {CEF00}
[13940] 2025/10/08 09:58:48.830 Add Basket MarketNo：2 StockIdx：186
[13940] 2025/10/08 09:58:48.830 Divide StockNo {CFF00}
[13940] 2025/10/08 09:58:48.830 Add Basket MarketNo：2 StockIdx：196
[13940] 2025/10/08 09:58:48.830 Divide StockNo {CGF00}
[13940] 2025/10/08 09:58:48.830 Add Basket MarketNo：2 StockIdx：202
[13940] 2025/10/08 09:58:48.830 Divide StockNo {CHF00}
[13940] 2025/10/08 09:58:48.830 Add Basket MarketNo：2 StockIdx：208
[13940] 2025/10/08 09:58:48.830 Divide StockNo {CJF00}
[13940] 2025/10/08 09:58:48.830 Add Basket MarketNo：2 StockIdx：214
[13940] 2025/10/08 09:58:48.830 Divide StockNo {CKF00}
[13940] 2025/10/08 09:58:48.830 Add Basket MarketNo：2 StockIdx：220
[13940] 2025/10/08 09:58:48.830 Divide StockNo {CLF00}
[13940] 2025/10/08 09:58:48.830 Add Basket MarketNo：2 StockIdx：226
[13940] 2025/10/08 09:58:48.830 Divide StockNo {CMF00}
[13940] 2025/10/08 09:58:48.830 Add Basket MarketNo：2 StockIdx：232
[13940] 2025/10/08 09:58:48.830 Divide StockNo {CNF00}
[13940] 2025/10/08 09:58:48.830 Add Basket MarketNo：2 StockIdx：238
[13940] 2025/10/08 09:58:48.830 Divide StockNo {CQF00}
[13940] 2025/10/08 09:58:48.830 Add Basket MarketNo：2 StockIdx：244
[13940] 2025/10/08 09:58:48.830 Divide StockNo {CRF00}
[13940] 2025/10/08 09:58:48.830 Add Basket MarketNo：2 StockIdx：250
[13940] 2025/10/08 09:58:48.830 Divide StockNo {CSF00}
[13940] 2025/10/08 09:58:48.830 Add Basket MarketNo：2 StockIdx：256
[13940] 2025/10/08 09:58:48.830 Divide StockNo {CUF00}
[13940] 2025/10/08 09:58:48.830 Add Basket MarketNo：2 StockIdx：263
[13940] 2025/10/08 09:58:48.830 Divide StockNo {CWF00}
[13940] 2025/10/08 09:58:48.830 Add Basket MarketNo：2 StockIdx：269
[13940] 2025/10/08 09:58:48.830 Divide StockNo {CXF00}
[13940] 2025/10/08 09:58:48.830 Add Basket MarketNo：2 StockIdx：279
[13940] 2025/10/08 09:58:48.830 Divide StockNo {CYF00}
[13940] 2025/10/08 09:58:48.830 Add Basket MarketNo：2 StockIdx：285
[13940] 2025/10/08 09:58:48.830 Divide StockNo {CZF00}
[13940] 2025/10/08 09:58:48.830 Add Basket MarketNo：2 StockIdx：291
[13940] 2025/10/08 09:58:48.830 Divide StockNo {DAF00}
[13940] 2025/10/08 09:58:48.830 Add Basket MarketNo：2 StockIdx：297
[13940] 2025/10/08 09:58:48.830 Divide StockNo {DBF00}
[13940] 2025/10/08 09:58:48.830 Add Basket MarketNo：2 StockIdx：303
[13940] 2025/10/08 09:58:48.830 Divide StockNo {DCF00}
[13940] 2025/10/08 09:58:48.830 Add Basket MarketNo：2 StockIdx：309
[13940] 2025/10/08 09:58:48.830 Divide StockNo {DEF00}
[13940] 2025/10/08 09:58:48.830 Add Basket MarketNo：2 StockIdx：316
[13940] 2025/10/08 09:58:48.830 Divide StockNo {DFF00}
[13940] 2025/10/08 09:58:48.830 Add Basket MarketNo：2 StockIdx：324
[13940] 2025/10/08 09:58:48.830 Divide StockNo {DGF00}
[13940] 2025/10/08 09:58:48.830 Add Basket MarketNo：2 StockIdx：330
[13940] 2025/10/08 09:58:48.830 Divide StockNo {DHF00}
[13940] 2025/10/08 09:58:48.831 Add Basket MarketNo：2 StockIdx：336
[13940] 2025/10/08 09:58:48.831 Divide StockNo {DIF00}
[13940] 2025/10/08 09:58:48.831 Add Basket MarketNo：2 StockIdx：342
[13940] 2025/10/08 09:58:48.831 Divide StockNo {DJF00}
[13940] 2025/10/08 09:58:48.831 Add Basket MarketNo：2 StockIdx：348
[13940] 2025/10/08 09:58:48.831 Divide StockNo {DKF00}
[13940] 2025/10/08 09:58:48.831 Add Basket MarketNo：2 StockIdx：354
[13940] 2025/10/08 09:58:48.831 Divide StockNo {DLF00}
[13940] 2025/10/08 09:58:48.831 Add Basket MarketNo：2 StockIdx：360
[13940] 2025/10/08 09:58:48.831 Divide StockNo {DNF00}
[13940] 2025/10/08 09:58:48.831 Add Basket MarketNo：2 StockIdx：366
[13940] 2025/10/08 09:58:48.831 Divide StockNo {DOF00}
[13940] 2025/10/08 09:58:48.831 Add Basket MarketNo：2 StockIdx：373
[13940] 2025/10/08 09:58:48.831 Divide StockNo {DPF00}
[13940] 2025/10/08 09:58:48.831 Add Basket MarketNo：2 StockIdx：380
[13940] 2025/10/08 09:58:48.831 Divide StockNo {DQF00}
[13940] 2025/10/08 09:58:48.831 Add Basket MarketNo：2 StockIdx：386
[13940] 2025/10/08 09:58:48.831 Divide StockNo {DSF00}
[13940] 2025/10/08 09:58:48.831 Add Basket MarketNo：2 StockIdx：392
[13940] 2025/10/08 09:58:48.831 Divide StockNo {DVF00}
[13940] 2025/10/08 09:58:48.831 Add Basket MarketNo：2 StockIdx：398
[13940] 2025/10/08 09:58:48.831 Divide StockNo {DWF00}
[13940] 2025/10/08 09:58:48.831 Add Basket MarketNo：2 StockIdx：404
[13940] 2025/10/08 09:58:48.831 Divide StockNo {DXF00}
[13940] 2025/10/08 09:58:48.831 Add Basket MarketNo：2 StockIdx：410
[13940] 2025/10/08 09:58:48.831 Divide StockNo {DYF00}
[13940] 2025/10/08 09:58:48.831 Add Basket MarketNo：2 StockIdx：416
[13940] 2025/10/08 09:58:48.831 Divide StockNo {DZF00}
[13940] 2025/10/08 09:58:48.831 Add Basket MarketNo：2 StockIdx：422
[13940] 2025/10/08 09:58:48.831 Divide StockNo {EEF00}
[13940] 2025/10/08 09:58:48.831 Add Basket MarketNo：2 StockIdx：428
[13940] 2025/10/08 09:58:48.831 Divide StockNo {EGF00}
[13940] 2025/10/08 09:58:48.831 Add Basket MarketNo：2 StockIdx：434
[13940] 2025/10/08 09:58:48.831 Divide StockNo {EHF00}
[13940] 2025/10/08 09:58:48.831 Add Basket MarketNo：2 StockIdx：440
[13940] 2025/10/08 09:58:48.831 Divide StockNo {EKF00}
[13940] 2025/10/08 09:58:48.831 Add Basket MarketNo：2 StockIdx：446
[13940] 2025/10/08 09:58:48.831 Divide StockNo {EMF00}
[13940] 2025/10/08 09:58:48.831 Add Basket MarketNo：2 StockIdx：452
[13940] 2025/10/08 09:58:48.831 Divide StockNo {EPF00}
[13940] 2025/10/08 09:58:48.831 Add Basket MarketNo：2 StockIdx：458
[13940] 2025/10/08 09:58:48.831 Divide StockNo {EYF00}
[13940] 2025/10/08 09:58:48.831 Add Basket MarketNo：2 StockIdx：464
[13940] 2025/10/08 09:58:48.831 Divide StockNo {EZF00}
[13940] 2025/10/08 09:58:48.831 Add Basket MarketNo：2 StockIdx：470
[13940] 2025/10/08 09:58:48.831 Divide StockNo {FBF00}
[13940] 2025/10/08 09:58:48.831 Add Basket MarketNo：2 StockIdx：476
[13940] 2025/10/08 09:58:48.831 Divide StockNo {FCF00}
[13940] 2025/10/08 09:58:48.831 Add Basket MarketNo：2 StockIdx：482
[13940] 2025/10/08 09:58:48.831 Divide StockNo {FEF00}
[13940] 2025/10/08 09:58:48.831 Add Basket MarketNo：2 StockIdx：487
[13940] 2025/10/08 09:58:48.831 Divide StockNo {FFF00}
[13940] 2025/10/08 09:58:48.831 Add Basket MarketNo：2 StockIdx：494
[13940] 2025/10/08 09:58:48.831 Divide StockNo {FGF00}
[13940] 2025/10/08 09:58:48.831 Add Basket MarketNo：2 StockIdx：500
[13940] 2025/10/08 09:58:48.831 Divide StockNo {FKF00}
[13940] 2025/10/08 09:58:48.831 Add Basket MarketNo：2 StockIdx：506
[13940] 2025/10/08 09:58:48.832 Divide StockNo {FNF00}
[13940] 2025/10/08 09:58:48.832 Add Basket MarketNo：2 StockIdx：512
[13940] 2025/10/08 09:58:48.832 Divide StockNo {FQF00}
[13940] 2025/10/08 09:58:48.832 Add Basket MarketNo：2 StockIdx：518
[13940] 2025/10/08 09:58:48.832 Divide StockNo {FRF00}
[13940] 2025/10/08 09:58:48.832 Add Basket MarketNo：2 StockIdx：524
[13940] 2025/10/08 09:58:48.832 Divide StockNo {FSF00}
[13940] 2025/10/08 09:58:48.832 Add Basket MarketNo：2 StockIdx：530
[13940] 2025/10/08 09:58:48.832 Divide StockNo {FTF00}
[13940] 2025/10/08 09:58:48.832 Add Basket MarketNo：2 StockIdx：536
[13940] 2025/10/08 09:58:48.832 Divide StockNo {FVF00}
[13940] 2025/10/08 09:58:48.832 Add Basket MarketNo：2 StockIdx：542
[13940] 2025/10/08 09:58:48.832 Divide StockNo {FWF00}
[13940] 2025/10/08 09:58:48.832 Add Basket MarketNo：2 StockIdx：548
[13940] 2025/10/08 09:58:48.832 Divide StockNo {FYF00}
[13940] 2025/10/08 09:58:48.832 Add Basket MarketNo：2 StockIdx：554
[13940] 2025/10/08 09:58:48.832 Divide StockNo {FZF00}
[13940] 2025/10/08 09:58:48.832 Add Basket MarketNo：2 StockIdx：560
[13940] 2025/10/08 09:58:48.832 Divide StockNo {GAF00}
[13940] 2025/10/08 09:58:48.832 Add Basket MarketNo：2 StockIdx：566
[13940] 2025/10/08 09:58:48.832 Divide StockNo {GCF00}
[13940] 2025/10/08 09:58:48.832 Add Basket MarketNo：2 StockIdx：572
[13940] 2025/10/08 09:58:48.832 Divide StockNo {GHF00}
[13940] 2025/10/08 09:58:48.832 Add Basket MarketNo：2 StockIdx：578
[13940] 2025/10/08 09:58:48.832 Divide StockNo {GIF00}
[13940] 2025/10/08 09:58:48.832 Add Basket MarketNo：2 StockIdx：584
[13940] 2025/10/08 09:58:48.832 Divide StockNo {GJF00}
[13940] 2025/10/08 09:58:48.832 Add Basket MarketNo：2 StockIdx：590
[13940] 2025/10/08 09:58:48.832 Divide StockNo {GKF00}
[13940] 2025/10/08 09:58:48.832 Add Basket MarketNo：2 StockIdx：596
[13940] 2025/10/08 09:58:48.832 Divide StockNo {GLF00}
[13940] 2025/10/08 09:58:48.832 Add Basket MarketNo：2 StockIdx：602
[13940] 2025/10/08 09:58:48.832 Divide StockNo {GMF00}
[13940] 2025/10/08 09:58:48.832 Add Basket MarketNo：2 StockIdx：608
[13940] 2025/10/08 09:58:48.832 Divide StockNo {GNF00}
[13940] 2025/10/08 09:58:48.832 Add Basket MarketNo：2 StockIdx：614
[13940] 2025/10/08 09:58:48.832 Divide StockNo {GOF00}
[13940] 2025/10/08 09:58:48.832 Add Basket MarketNo：2 StockIdx：620
[13940] 2025/10/08 09:58:48.832 Divide StockNo {GRF00}
[13940] 2025/10/08 09:58:48.832 Add Basket MarketNo：2 StockIdx：626
[13940] 2025/10/08 09:58:48.832 Divide StockNo {GUF00}
[13940] 2025/10/08 09:58:48.832 Add Basket MarketNo：2 StockIdx：632
[13940] 2025/10/08 09:58:48.832 Divide StockNo {GVF00}
[13940] 2025/10/08 09:58:48.832 Add Basket MarketNo：2 StockIdx：638
[13940] 2025/10/08 09:58:48.832 Divide StockNo {GWF00}
[13940] 2025/10/08 09:58:48.832 Add Basket MarketNo：2 StockIdx：644
[13940] 2025/10/08 09:58:48.832 Divide StockNo {GXF00}
[13940] 2025/10/08 09:58:48.832 Add Basket MarketNo：2 StockIdx：650
[13940] 2025/10/08 09:58:48.832 Divide StockNo {GYF00}
[13940] 2025/10/08 09:58:48.832 Add Basket MarketNo：2 StockIdx：656
[13940] 2025/10/08 09:58:48.832 Divide StockNo {GZF00}
[13940] 2025/10/08 09:58:48.832 Add Basket MarketNo：2 StockIdx：662
[13940] 2025/10/08 09:58:48.832 Divide StockNo {HAF00}
[13940] 2025/10/08 09:58:48.832 Add Basket MarketNo：2 StockIdx：668
[13940] 2025/10/08 09:58:48.832 Divide StockNo {HBF00}
[13940] 2025/10/08 09:58:48.832 Add Basket MarketNo：2 StockIdx：679
[13940] 2025/10/08 09:58:48.832 Divide StockNo {HCF00}
[13940] 2025/10/08 09:58:48.832 Add Basket MarketNo：2 StockIdx：685
[13940] 2025/10/08 09:58:48.832 Divide StockNo {HHF00}
[13940] 2025/10/08 09:58:48.832 Add Basket MarketNo：2 StockIdx：691
[13940] 2025/10/08 09:58:48.832 Divide StockNo {HIF00}
[13940] 2025/10/08 09:58:48.832 Add Basket MarketNo：2 StockIdx：697
[13940] 2025/10/08 09:58:48.832 Divide StockNo {HLF00}
[13940] 2025/10/08 09:58:48.833 Add Basket MarketNo：2 StockIdx：703
[13940] 2025/10/08 09:58:48.833 Divide StockNo {HOF00}
[13940] 2025/10/08 09:58:48.833 Add Basket MarketNo：2 StockIdx：715
[13940] 2025/10/08 09:58:48.833 Divide StockNo {HQF00}
[13940] 2025/10/08 09:58:48.833 Add Basket MarketNo：2 StockIdx：722
[13940] 2025/10/08 09:58:48.833 Divide StockNo {HSF00}
[13940] 2025/10/08 09:58:48.833 Add Basket MarketNo：2 StockIdx：728
[13940] 2025/10/08 09:58:48.833 Divide StockNo {IAF00}
[13940] 2025/10/08 09:58:48.833 Add Basket MarketNo：2 StockIdx：734
[13940] 2025/10/08 09:58:48.833 Divide StockNo {IHF00}
[13940] 2025/10/08 09:58:48.833 Add Basket MarketNo：2 StockIdx：742
[13940] 2025/10/08 09:58:48.833 Divide StockNo {IIF00}
[13940] 2025/10/08 09:58:48.833 Add Basket MarketNo：2 StockIdx：748
[13940] 2025/10/08 09:58:48.833 Divide StockNo {IJF00}
[13940] 2025/10/08 09:58:48.833 Add Basket MarketNo：2 StockIdx：754
[13940] 2025/10/08 09:58:48.833 Divide StockNo {IMF00}
[13940] 2025/10/08 09:58:48.833 Add Basket MarketNo：2 StockIdx：760
[13940] 2025/10/08 09:58:48.833 Divide StockNo {IOF00}
[13940] 2025/10/08 09:58:48.833 Add Basket MarketNo：2 StockIdx：766
[13940] 2025/10/08 09:58:48.833 Divide StockNo {IPF00}
[13940] 2025/10/08 09:58:48.833 Add Basket MarketNo：2 StockIdx：772
[13940] 2025/10/08 09:58:48.833 Divide StockNo {IQF00}
[13940] 2025/10/08 09:58:48.833 Add Basket MarketNo：2 StockIdx：778
[13940] 2025/10/08 09:58:48.833 Divide StockNo {IRF00}
[13940] 2025/10/08 09:58:48.833 Add Basket MarketNo：2 StockIdx：784
[13940] 2025/10/08 09:58:48.833 Divide StockNo {ITF00}
[13940] 2025/10/08 09:58:48.833 Add Basket MarketNo：2 StockIdx：790
[13940] 2025/10/08 09:58:48.833 Divide StockNo {IXF00}
[13940] 2025/10/08 09:58:48.833 Add Basket MarketNo：2 StockIdx：796
[13940] 2025/10/08 09:58:48.833 Divide StockNo {IYF00}
[13940] 2025/10/08 09:58:48.833 Add Basket MarketNo：2 StockIdx：802
[13940] 2025/10/08 09:58:48.833 Divide StockNo {IZF00}
[13940] 2025/10/08 09:58:48.833 Add Basket MarketNo：2 StockIdx：808
[13940] 2025/10/08 09:58:48.833 Divide StockNo {JBF00}
[13940] 2025/10/08 09:58:48.833 Add Basket MarketNo：2 StockIdx：814
[13940] 2025/10/08 09:58:48.833 Divide StockNo {JFF00}
[13940] 2025/10/08 09:58:48.833 Add Basket MarketNo：2 StockIdx：820
[13940] 2025/10/08 09:58:48.833 Divide StockNo {JMF00}
[13940] 2025/10/08 09:58:48.833 Add Basket MarketNo：2 StockIdx：826
[13940] 2025/10/08 09:58:48.833 Divide StockNo {JNF00}
[13940] 2025/10/08 09:58:48.833 Add Basket MarketNo：2 StockIdx：832
[13940] 2025/10/08 09:58:48.833 Divide StockNo {JPF00}
[13940] 2025/10/08 09:58:48.833 Add Basket MarketNo：2 StockIdx：838
[13940] 2025/10/08 09:58:48.833 Divide StockNo {JSF00}
[13940] 2025/10/08 09:58:48.833 Add Basket MarketNo：2 StockIdx：844
[13940] 2025/10/08 09:58:48.833 Divide StockNo {JWF00}
[13940] 2025/10/08 09:58:48.833 Add Basket MarketNo：2 StockIdx：850
[13940] 2025/10/08 09:58:48.833 Divide StockNo {JXF00}
[13940] 2025/10/08 09:58:48.833 Add Basket MarketNo：2 StockIdx：856
[13940] 2025/10/08 09:58:48.833 Divide StockNo {JZF00}
[13940] 2025/10/08 09:58:48.833 Add Basket MarketNo：2 StockIdx：862
[13940] 2025/10/08 09:58:48.833 Divide StockNo {KAF00}
[13940] 2025/10/08 09:58:48.833 Add Basket MarketNo：2 StockIdx：868
[13940] 2025/10/08 09:58:48.833 Divide StockNo {KBF00}
[13940] 2025/10/08 09:58:48.833 Add Basket MarketNo：2 StockIdx：874
[13940] 2025/10/08 09:58:48.833 Divide StockNo {KCF00}
[13940] 2025/10/08 09:58:48.833 Add Basket MarketNo：2 StockIdx：880
[13940] 2025/10/08 09:58:48.833 Divide StockNo {KDF00}
[13940] 2025/10/08 09:58:48.833 Add Basket MarketNo：2 StockIdx：886
[13940] 2025/10/08 09:58:48.833 Divide StockNo {KEF00}
[13940] 2025/10/08 09:58:48.833 Add Basket MarketNo：2 StockIdx：892
[13940] 2025/10/08 09:58:48.833 Divide StockNo {KFF00}
[13940] 2025/10/08 09:58:48.833 Add Basket MarketNo：2 StockIdx：898
[13940] 2025/10/08 09:58:48.833 Divide StockNo {KGF00}
[13940] 2025/10/08 09:58:48.833 Add Basket MarketNo：2 StockIdx：904
[13940] 2025/10/08 09:58:48.833 Divide StockNo {KIF00}
[13940] 2025/10/08 09:58:48.833 Add Basket MarketNo：2 StockIdx：910
[13940] 2025/10/08 09:58:48.833 Divide StockNo {KKF00}
[13940] 2025/10/08 09:58:48.833 Add Basket MarketNo：2 StockIdx：916
[13940] 2025/10/08 09:58:48.834 Divide StockNo {KLF00}
[13940] 2025/10/08 09:58:48.834 Add Basket MarketNo：2 StockIdx：922
[13940] 2025/10/08 09:58:48.834 Divide StockNo {KOF00}
[13940] 2025/10/08 09:58:48.834 Add Basket MarketNo：2 StockIdx：928
[13940] 2025/10/08 09:58:48.834 Divide StockNo {KPF00}
[13940] 2025/10/08 09:58:48.834 Add Basket MarketNo：2 StockIdx：934
[13940] 2025/10/08 09:58:48.834 Divide StockNo {KSF00}
[13940] 2025/10/08 09:58:48.834 Add Basket MarketNo：2 StockIdx：940
[13940] 2025/10/08 09:58:48.834 Divide StockNo {KUF00}
[13940] 2025/10/08 09:58:48.834 Add Basket MarketNo：2 StockIdx：946
[13940] 2025/10/08 09:58:48.834 Divide StockNo {KWF00}
[13940] 2025/10/08 09:58:48.834 Add Basket MarketNo：2 StockIdx：952
[13940] 2025/10/08 09:58:48.834 Divide StockNo {LBF00}
[13940] 2025/10/08 09:58:48.834 Add Basket MarketNo：2 StockIdx：958
[13940] 2025/10/08 09:58:48.834 Divide StockNo {LCF00}
[13940] 2025/10/08 09:58:48.834 Add Basket MarketNo：2 StockIdx：964
[13940] 2025/10/08 09:58:48.834 Divide StockNo {LEF00}
[13940] 2025/10/08 09:58:48.834 Add Basket MarketNo：2 StockIdx：970
[13940] 2025/10/08 09:58:48.834 Divide StockNo {LIF00}
[13940] 2025/10/08 09:58:48.834 Add Basket MarketNo：2 StockIdx：976
[13940] 2025/10/08 09:58:48.834 Divide StockNo {LMF00}
[13940] 2025/10/08 09:58:48.834 Add Basket MarketNo：2 StockIdx：982
[13940] 2025/10/08 09:58:48.834 Divide StockNo {LOF00}
[13940] 2025/10/08 09:58:48.834 Add Basket MarketNo：2 StockIdx：988
[13940] 2025/10/08 09:58:48.834 Divide StockNo {LQF00}
[13940] 2025/10/08 09:58:48.835 Add Basket MarketNo：2 StockIdx：994
[13940] 2025/10/08 09:58:48.835 Divide StockNo {LRF00}
[13940] 2025/10/08 09:58:48.835 Add Basket MarketNo：2 StockIdx：1000
[13940] 2025/10/08 09:58:48.835 Divide StockNo {LTF00}
[13940] 2025/10/08 09:58:48.835 Add Basket MarketNo：2 StockIdx：1010
[13940] 2025/10/08 09:58:48.835 Divide StockNo {LUF00}
[13940] 2025/10/08 09:58:48.835 Add Basket MarketNo：2 StockIdx：1016
[13940] 2025/10/08 09:58:48.835 Divide StockNo {LVF00}
[13940] 2025/10/08 09:58:48.835 Add Basket MarketNo：2 StockIdx：1022
[13940] 2025/10/08 09:58:48.835 Divide StockNo {LWF00}
[13940] 2025/10/08 09:58:48.835 Add Basket MarketNo：2 StockIdx：1030
[13940] 2025/10/08 09:58:48.835 Divide StockNo {LXF00}
[13940] 2025/10/08 09:58:48.835 Add Basket MarketNo：2 StockIdx：1036
[13940] 2025/10/08 09:58:48.835 Divide StockNo {LYF00}
[13940] 2025/10/08 09:58:48.835 Add Basket MarketNo：2 StockIdx：1043
[13940] 2025/10/08 09:58:48.835 Divide StockNo {MAF00}
[13940] 2025/10/08 09:58:48.835 Add Basket MarketNo：2 StockIdx：1049
[13940] 2025/10/08 09:58:48.835 Divide StockNo {MBF00}
[13940] 2025/10/08 09:58:48.835 Add Basket MarketNo：2 StockIdx：1052
[13940] 2025/10/08 09:58:48.835 Divide StockNo {MJF00}
[13940] 2025/10/08 09:58:48.835 Add Basket MarketNo：2 StockIdx：1058
[13940] 2025/10/08 09:58:48.835 Divide StockNo {MKF00}
[13940] 2025/10/08 09:58:48.835 Add Basket MarketNo：2 StockIdx：1064
[13940] 2025/10/08 09:58:48.835 Divide StockNo {MQF00}
[13940] 2025/10/08 09:58:48.835 Add Basket MarketNo：2 StockIdx：1070
[13940] 2025/10/08 09:58:48.835 Divide StockNo {MVF00}
[13940] 2025/10/08 09:58:48.835 Add Basket MarketNo：2 StockIdx：1076
[13940] 2025/10/08 09:58:48.835 Divide StockNo {MYF00}
[13940] 2025/10/08 09:58:48.835 Add Basket MarketNo：2 StockIdx：1082
[13940] 2025/10/08 09:58:48.835 Divide StockNo {NAF00}
[13940] 2025/10/08 09:58:48.835 Add Basket MarketNo：2 StockIdx：1088
[13940] 2025/10/08 09:58:48.835 Divide StockNo {NBF00}
[13940] 2025/10/08 09:58:48.835 Add Basket MarketNo：2 StockIdx：1094
[13940] 2025/10/08 09:58:48.835 Divide StockNo {NDF00}
[13940] 2025/10/08 09:58:48.835 Add Basket MarketNo：2 StockIdx：1100
[13940] 2025/10/08 09:58:48.835 Divide StockNo {NEF00}
[13940] 2025/10/08 09:58:48.835 Add Basket MarketNo：2 StockIdx：1106
[13940] 2025/10/08 09:58:48.835 Divide StockNo {NGF00}
[13940] 2025/10/08 09:58:48.835 Add Basket MarketNo：2 StockIdx：1112
[13940] 2025/10/08 09:58:48.835 Divide StockNo {NIF00}
[13940] 2025/10/08 09:58:48.835 Add Basket MarketNo：2 StockIdx：1118
[13940] 2025/10/08 09:58:48.835 Divide StockNo {NJF00}
[13940] 2025/10/08 09:58:48.835 Add Basket MarketNo：2 StockIdx：1127
[13940] 2025/10/08 09:58:48.835 Divide StockNo {NLF00}
[13940] 2025/10/08 09:58:48.835 Add Basket MarketNo：2 StockIdx：1133
[13940] 2025/10/08 09:58:48.835 Divide StockNo {NMF00}
[13940] 2025/10/08 09:58:48.835 Add Basket MarketNo：2 StockIdx：1139
[13940] 2025/10/08 09:58:48.835 Divide StockNo {NOF00}
[13940] 2025/10/08 09:58:48.835 Add Basket MarketNo：2 StockIdx：1145
[13940] 2025/10/08 09:58:48.835 Divide StockNo {NQF00}
[13940] 2025/10/08 09:58:48.836 Add Basket MarketNo：2 StockIdx：1151
[13940] 2025/10/08 09:58:48.836 Divide StockNo {NSF00}
[13940] 2025/10/08 09:58:48.836 Add Basket MarketNo：2 StockIdx：1157
[13940] 2025/10/08 09:58:48.836 Divide StockNo {NUF00}
[13940] 2025/10/08 09:58:48.836 Add Basket MarketNo：2 StockIdx：1163
[13940] 2025/10/08 09:58:48.836 Divide StockNo {NVF00}
[13940] 2025/10/08 09:58:48.836 Add Basket MarketNo：2 StockIdx：1169
[13940] 2025/10/08 09:58:48.836 Divide StockNo {NWF00}
[13940] 2025/10/08 09:58:48.836 Add Basket MarketNo：2 StockIdx：1175
[13940] 2025/10/08 09:58:48.836 Divide StockNo {NYF00}
[13940] 2025/10/08 09:58:48.836 Add Basket MarketNo：2 StockIdx：5625
[13940] 2025/10/08 09:58:48.836 Divide StockNo {OAF00}
[13940] 2025/10/08 09:58:48.836 Add Basket MarketNo：2 StockIdx：1187
[13940] 2025/10/08 09:58:48.836 Divide StockNo {OBF00}
[13940] 2025/10/08 09:58:48.836 Add Basket MarketNo：2 StockIdx：1193
[13940] 2025/10/08 09:58:48.836 Divide StockNo {ODF00}
[13940] 2025/10/08 09:58:48.836 Add Basket MarketNo：2 StockIdx：1199
[13940] 2025/10/08 09:58:48.836 Divide StockNo {OEF00}
[13940] 2025/10/08 09:58:48.836 Add Basket MarketNo：2 StockIdx：1205
[13940] 2025/10/08 09:58:48.836 Divide StockNo {OHF00}
[13940] 2025/10/08 09:58:48.836 Add Basket MarketNo：2 StockIdx：1211
[13940] 2025/10/08 09:58:48.836 Divide StockNo {OJF00}
[13940] 2025/10/08 09:58:48.836 Add Basket MarketNo：2 StockIdx：1219
[13940] 2025/10/08 09:58:48.836 Divide StockNo {OKF00}
[13940] 2025/10/08 09:58:48.836 Add Basket MarketNo：2 StockIdx：1225
[13940] 2025/10/08 09:58:48.836 Divide StockNo {OLF00}
[13940] 2025/10/08 09:58:48.836 Add Basket MarketNo：2 StockIdx：1231
[13940] 2025/10/08 09:58:48.836 Divide StockNo {OMF00}
[13940] 2025/10/08 09:58:48.836 Add Basket MarketNo：2 StockIdx：1237
[13940] 2025/10/08 09:58:48.836 Divide StockNo {OOF00}
[13940] 2025/10/08 09:58:48.836 Add Basket MarketNo：2 StockIdx：1243
[13940] 2025/10/08 09:58:48.836 Divide StockNo {OPF00}
[13940] 2025/10/08 09:58:48.836 Add Basket MarketNo：2 StockIdx：1249
[13940] 2025/10/08 09:58:48.836 Divide StockNo {OQF00}
[13940] 2025/10/08 09:58:48.836 Add Basket MarketNo：2 StockIdx：1255
[13940] 2025/10/08 09:58:48.836 Divide StockNo {ORF00}
[13940] 2025/10/08 09:58:48.836 Add Basket MarketNo：2 StockIdx：1261
[13940] 2025/10/08 09:58:48.836 Divide StockNo {OSF00}
[13940] 2025/10/08 09:58:48.836 Add Basket MarketNo：2 StockIdx：1267
[13940] 2025/10/08 09:58:48.836 Divide StockNo {OTF00}
[13940] 2025/10/08 09:58:48.836 Add Basket MarketNo：2 StockIdx：1273
[13940] 2025/10/08 09:58:48.836 Divide StockNo {OUF00}
[13940] 2025/10/08 09:58:48.836 Add Basket MarketNo：2 StockIdx：1279
[13940] 2025/10/08 09:58:48.836 Divide StockNo {OVF00}
[13940] 2025/10/08 09:58:48.836 Add Basket MarketNo：2 StockIdx：1285
[13940] 2025/10/08 09:58:48.836 Divide StockNo {OWF00}
[13940] 2025/10/08 09:58:48.836 Add Basket MarketNo：2 StockIdx：1291
[13940] 2025/10/08 09:58:48.836 Divide StockNo {OXF00}
[13940] 2025/10/08 09:58:48.836 Add Basket MarketNo：2 StockIdx：1297
[13940] 2025/10/08 09:58:48.836 Divide StockNo {OYF00}
[13940] 2025/10/08 09:58:48.836 Add Basket MarketNo：2 StockIdx：1303
[13940] 2025/10/08 09:58:48.836 Divide StockNo {OZF00}
[13940] 2025/10/08 09:58:48.836 Add Basket MarketNo：2 StockIdx：1309
[13940] 2025/10/08 09:58:48.836 Divide StockNo {PAF00}
[13940] 2025/10/08 09:58:48.836 Add Basket MarketNo：2 StockIdx：1315
[13940] 2025/10/08 09:58:48.836 Divide StockNo {PBF00}
[13940] 2025/10/08 09:58:48.836 Add Basket MarketNo：2 StockIdx：1321
[13940] 2025/10/08 09:58:48.836 Divide StockNo {PCF00}
[13940] 2025/10/08 09:58:48.836 Add Basket MarketNo：2 StockIdx：1327
[13940] 2025/10/08 09:58:48.836 Divide StockNo {PDF00}
[13940] 2025/10/08 09:58:48.836 Add Basket MarketNo：2 StockIdx：1333
[13940] 2025/10/08 09:58:48.836 Divide StockNo {PEF00}
[13940] 2025/10/08 09:58:48.836 Add Basket MarketNo：2 StockIdx：1339
[13940] 2025/10/08 09:58:48.836 Divide StockNo {PFF00}
[13940] 2025/10/08 09:58:48.836 Add Basket MarketNo：2 StockIdx：1345
[13940] 2025/10/08 09:58:48.836 Divide StockNo {PGF00}
[13940] 2025/10/08 09:58:48.836 Add Basket MarketNo：2 StockIdx：1351
[13940] 2025/10/08 09:58:48.837 Divide StockNo {PHF00}
[13940] 2025/10/08 09:58:48.837 Add Basket MarketNo：2 StockIdx：1357
[13940] 2025/10/08 09:58:48.837 Divide StockNo {PIF00}
[13940] 2025/10/08 09:58:48.837 Add Basket MarketNo：2 StockIdx：1363
[13940] 2025/10/08 09:58:48.837 Divide StockNo {PJF00}
[13940] 2025/10/08 09:58:48.837 Add Basket MarketNo：2 StockIdx：1369
[13940] 2025/10/08 09:58:48.837 Divide StockNo {PKF00}
[13940] 2025/10/08 09:58:48.837 Add Basket MarketNo：2 StockIdx：1375
[13940] 2025/10/08 09:58:48.837 Divide StockNo {PLF00}
[13940] 2025/10/08 09:58:48.837 Add Basket MarketNo：2 StockIdx：1381
[13940] 2025/10/08 09:58:48.837 Divide StockNo {PMF00}
[13940] 2025/10/08 09:58:48.837 Add Basket MarketNo：2 StockIdx：1387
[13940] 2025/10/08 09:58:48.837 Divide StockNo {PNF00}
[13940] 2025/10/08 09:58:48.837 Add Basket MarketNo：2 StockIdx：1393
[13940] 2025/10/08 09:58:48.837 Divide StockNo {PPF00}
[13940] 2025/10/08 09:58:48.837 Add Basket MarketNo：2 StockIdx：1399
[13940] 2025/10/08 09:58:48.837 Divide StockNo {PQF00}
[13940] 2025/10/08 09:58:48.837 Add Basket MarketNo：2 StockIdx：1405
[13940] 2025/10/08 09:58:48.837 Divide StockNo {PRF00}
[13940] 2025/10/08 09:58:48.837 Add Basket MarketNo：2 StockIdx：1411
[13940] 2025/10/08 09:58:48.837 Divide StockNo {PSF00}
[13940] 2025/10/08 09:58:48.837 Add Basket MarketNo：2 StockIdx：1417
[13940] 2025/10/08 09:58:48.837 Divide StockNo {PTF00}
[13940] 2025/10/08 09:58:48.837 Add Basket MarketNo：2 StockIdx：1426
[13940] 2025/10/08 09:58:48.837 Divide StockNo {PUF00}
[13940] 2025/10/08 09:58:48.837 Add Basket MarketNo：2 StockIdx：1432
[13940] 2025/10/08 09:58:48.837 Divide StockNo {PVF00}
[13940] 2025/10/08 09:58:48.837 Add Basket MarketNo：2 StockIdx：1438
[13940] 2025/10/08 09:58:48.837 Divide StockNo {PWF00}
[13940] 2025/10/08 09:58:48.837 Add Basket MarketNo：2 StockIdx：1444
[13940] 2025/10/08 09:58:48.837 Divide StockNo {PXF00}
[13940] 2025/10/08 09:58:48.837 Add Basket MarketNo：2 StockIdx：1450
[13940] 2025/10/08 09:58:48.837 Divide StockNo {PYF00}
[13940] 2025/10/08 09:58:48.837 Add Basket MarketNo：2 StockIdx：1456
[13940] 2025/10/08 09:58:48.837 Divide StockNo {PZF00}
[13940] 2025/10/08 09:58:48.837 Add Basket MarketNo：2 StockIdx：1462
[13940] 2025/10/08 09:58:48.837 Divide StockNo {QAF00}
[13940] 2025/10/08 09:58:48.837 Add Basket MarketNo：2 StockIdx：1468
[13940] 2025/10/08 09:58:48.837 Divide StockNo {QBF00}
[13940] 2025/10/08 09:58:48.837 Add Basket MarketNo：2 StockIdx：1474
[13940] 2025/10/08 09:58:48.837 Divide StockNo {QCF00}
[13940] 2025/10/08 09:58:48.837 Add Basket MarketNo：2 StockIdx：1480
[13940] 2025/10/08 09:58:48.837 Divide StockNo {QDF00}
[13940] 2025/10/08 09:58:48.837 Add Basket MarketNo：2 StockIdx：1486
[13940] 2025/10/08 09:58:48.837 Divide StockNo {QEF00}
[13940] 2025/10/08 09:58:48.837 Add Basket MarketNo：2 StockIdx：1492
[13940] 2025/10/08 09:58:48.837 Divide StockNo {QFF00}
[13940] 2025/10/08 09:58:48.837 Add Basket MarketNo：2 StockIdx：5631
[13940] 2025/10/08 09:58:48.837 Divide StockNo {QGF00}
[13940] 2025/10/08 09:58:48.837 Add Basket MarketNo：2 StockIdx：1505
[13940] 2025/10/08 09:58:48.837 Divide StockNo {QHF00}
[13940] 2025/10/08 09:58:48.837 Add Basket MarketNo：2 StockIdx：1511
[13940] 2025/10/08 09:58:48.837 Divide StockNo {QIF00}
[13940] 2025/10/08 09:58:48.837 Add Basket MarketNo：2 StockIdx：1517
[13940] 2025/10/08 09:58:48.837 Divide StockNo {QJF00}
[13940] 2025/10/08 09:58:48.837 Add Basket MarketNo：2 StockIdx：1521
[13940] 2025/10/08 09:58:48.837 Divide StockNo {QKF00}
[13940] 2025/10/08 09:58:48.837 Add Basket MarketNo：2 StockIdx：1527
[13940] 2025/10/08 09:58:48.837 Divide StockNo {QLF00}
[13940] 2025/10/08 09:58:48.837 Add Basket MarketNo：2 StockIdx：1533
[13940] 2025/10/08 09:58:48.837 Divide StockNo {QMF00}
[13940] 2025/10/08 09:58:48.837 Add Basket MarketNo：2 StockIdx：1539
[13940] 2025/10/08 09:58:48.837 Divide StockNo {QNF00}
[13940] 2025/10/08 09:58:48.837 Add Basket MarketNo：2 StockIdx：1545
[13940] 2025/10/08 09:58:48.837 Divide StockNo {QOF00}
[13940] 2025/10/08 09:58:48.837 Add Basket MarketNo：2 StockIdx：1551
[13940] 2025/10/08 09:58:48.837 Divide StockNo {QPF00}
[13940] 2025/10/08 09:58:48.837 Add Basket MarketNo：2 StockIdx：1557
[13940] 2025/10/08 09:58:48.837 Divide StockNo {QQF00}
[13940] 2025/10/08 09:58:48.837 Add Basket MarketNo：2 StockIdx：1563
[13940] 2025/10/08 09:58:48.837 Divide StockNo {QRF00}
[13940] 2025/10/08 09:58:48.838 Add Basket MarketNo：2 StockIdx：1569
[13940] 2025/10/08 09:58:48.838 Divide StockNo {QSF00}
[13940] 2025/10/08 09:58:48.838 Add Basket MarketNo：2 StockIdx：1575
[13940] 2025/10/08 09:58:48.838 Divide StockNo {QTF00}
[13940] 2025/10/08 09:58:48.838 Add Basket MarketNo：2 StockIdx：1581
[13940] 2025/10/08 09:58:48.838 Divide StockNo {QUF00}
[13940] 2025/10/08 09:58:48.838 Add Basket MarketNo：2 StockIdx：1587
[13940] 2025/10/08 09:58:48.838 Divide StockNo {QVF00}
[13940] 2025/10/08 09:58:48.838 Add Basket MarketNo：2 StockIdx：1593
[13940] 2025/10/08 09:58:48.838 Divide StockNo {QWF00}
[13940] 2025/10/08 09:58:48.838 Add Basket MarketNo：2 StockIdx：1599
[13940] 2025/10/08 09:58:48.838 Divide StockNo {QXF00}
[13940] 2025/10/08 09:58:48.838 Add Basket MarketNo：2 StockIdx：1605
[13940] 2025/10/08 09:58:48.838 Divide StockNo {QYF00}
[13940] 2025/10/08 09:58:48.838 Add Basket MarketNo：2 StockIdx：1611
[13940] 2025/10/08 09:58:48.838 Divide StockNo {QZF00}
[13940] 2025/10/08 09:58:48.838 Add Basket MarketNo：2 StockIdx：1617
[13940] 2025/10/08 09:58:48.838 Divide StockNo {RAF00}
[13940] 2025/10/08 09:58:48.838 Add Basket MarketNo：2 StockIdx：1623
[13940] 2025/10/08 09:58:48.838 Divide StockNo {RBF00}
[13940] 2025/10/08 09:58:48.838 Add Basket MarketNo：2 StockIdx：1629
[13940] 2025/10/08 09:58:48.838 Divide StockNo {RCF00}
[13940] 2025/10/08 09:58:48.838 Add Basket MarketNo：2 StockIdx：1635
[13940] 2025/10/08 09:58:48.838 Divide StockNo {RDF00}
[13940] 2025/10/08 09:58:48.838 Add Basket MarketNo：2 StockIdx：1641
[13940] 2025/10/08 09:58:48.838 Divide StockNo {REF00}
[13940] 2025/10/08 09:58:48.838 Add Basket MarketNo：2 StockIdx：1647
[13940] 2025/10/08 09:58:48.838 Divide StockNo {RFF00}
[13940] 2025/10/08 09:58:48.838 Add Basket MarketNo：2 StockIdx：1653
[13940] 2025/10/08 09:58:48.838 Divide StockNo {RGF00}
[13940] 2025/10/08 09:58:48.838 Add Basket MarketNo：2 StockIdx：1659
[13940] 2025/10/08 09:58:48.838 Divide StockNo {RIF00}
[13940] 2025/10/08 09:58:48.838 Add Basket MarketNo：2 StockIdx：1665
[13940] 2025/10/08 09:58:48.838 Divide StockNo {RJF00}
[13940] 2025/10/08 09:58:48.838 Add Basket MarketNo：2 StockIdx：1671
[13940] 2025/10/08 09:58:48.838 Divide StockNo {RKF00}
[13940] 2025/10/08 09:58:48.838 Add Basket MarketNo：2 StockIdx：1677
[13940] 2025/10/08 09:58:48.838 Divide StockNo {RLF00}
[13940] 2025/10/08 09:58:48.838 Add Basket MarketNo：2 StockIdx：1683
[13940] 2025/10/08 09:58:48.838 Divide StockNo {RMF00}
[13940] 2025/10/08 09:58:48.838 Stock Is Not Exist 
[13940] 2025/10/08 09:58:48.838 Divide StockNo {RNF00}
[13940] 2025/10/08 09:58:48.838 Add Basket MarketNo：2 StockIdx：1689
[13940] 2025/10/08 09:58:48.838 Divide StockNo {ROF00}
[13940] 2025/10/08 09:58:48.838 Add Basket MarketNo：2 StockIdx：1695
[13940] 2025/10/08 09:58:48.838 Divide StockNo {RPF00}
[13940] 2025/10/08 09:58:48.838 Add Basket MarketNo：2 StockIdx：1701
[13940] 2025/10/08 09:58:48.838 Divide StockNo {RQF00}
[13940] 2025/10/08 09:58:48.838 Stock Is Not Exist 
[13940] 2025/10/08 09:58:48.838 Divide StockNo {RRF00}
[13940] 2025/10/08 09:58:48.838 Add Basket MarketNo：2 StockIdx：1708
[13940] 2025/10/08 09:58:48.838 Divide StockNo {RSF00}
[13940] 2025/10/08 09:58:48.838 Add Basket MarketNo：2 StockIdx：1714
[13940] 2025/10/08 09:58:48.838 Divide StockNo {RUF00}
[13940] 2025/10/08 09:58:48.838 Add Basket MarketNo：2 StockIdx：1720
[13940] 2025/10/08 09:58:48.838 Divide StockNo {RVF00}
[13940] 2025/10/08 09:58:48.838 Add Basket MarketNo：2 StockIdx：1726
[13940] 2025/10/08 09:58:48.838 Divide StockNo {RWF00}
[13940] 2025/10/08 09:58:48.838 Add Basket MarketNo：2 StockIdx：1732
[13940] 2025/10/08 09:58:48.838 Divide StockNo {RXF00}
[13940] 2025/10/08 09:58:48.838 Add Basket MarketNo：2 StockIdx：1738
[13940] 2025/10/08 09:58:48.838 Divide StockNo {RYF00}
[13940] 2025/10/08 09:58:48.838 Add Basket MarketNo：2 StockIdx：1744
[13940] 2025/10/08 09:58:48.838 Divide StockNo {RZF00}
[13940] 2025/10/08 09:58:48.839 Add Basket MarketNo：2 StockIdx：5637
[13940] 2025/10/08 09:58:48.839 Divide StockNo {SAF00}
[13940] 2025/10/08 09:58:48.839 Add Basket MarketNo：2 StockIdx：1756
[13940] 2025/10/08 09:58:48.839 Divide StockNo {SBF00}
[13940] 2025/10/08 09:58:48.839 Add Basket MarketNo：2 StockIdx：1762
[13940] 2025/10/08 09:58:48.839 Divide StockNo {SCF00}
[13940] 2025/10/08 09:58:48.839 Add Basket MarketNo：2 StockIdx：1768
[13940] 2025/10/08 09:58:48.839 Divide StockNo {SDF00}
[13940] 2025/10/08 09:58:48.839 Add Basket MarketNo：2 StockIdx：1774
[13940] 2025/10/08 09:58:48.839 Divide StockNo {SEF00}
[13940] 2025/10/08 09:58:48.839 Add Basket MarketNo：2 StockIdx：1780
[13940] 2025/10/08 09:58:48.839 Divide StockNo {SFF00}
[13940] 2025/10/08 09:58:48.839 Add Basket MarketNo：2 StockIdx：1786
[13940] 2025/10/08 09:58:48.839 Divide StockNo {SGF00}
[13940] 2025/10/08 09:58:48.839 Add Basket MarketNo：2 StockIdx：1792
[13940] 2025/10/08 09:58:48.839 Divide StockNo {SIF00}
[13940] 2025/10/08 09:58:48.839 Add Basket MarketNo：2 StockIdx：1798
[13940] 2025/10/08 09:58:48.839 Divide StockNo {SJF00}
[13940] 2025/10/08 09:58:48.839 Add Basket MarketNo：2 StockIdx：1804
[13940] 2025/10/08 09:58:48.839 Divide StockNo {SKF00}
[13940] 2025/10/08 09:58:48.839 Add Basket MarketNo：2 StockIdx：1810
[13940] 2025/10/08 09:58:48.839 Divide StockNo {SLF00}
[13940] 2025/10/08 09:58:48.839 Add Basket MarketNo：2 StockIdx：1816
[13940] 2025/10/08 09:58:48.839 Divide StockNo {SMF00}
[13940] 2025/10/08 09:58:48.839 Add Basket MarketNo：2 StockIdx：1822
[13940] 2025/10/08 09:58:48.839 Divide StockNo {SNF00}
[13940] 2025/10/08 09:58:48.839 Add Basket MarketNo：2 StockIdx：1828
[13940] 2025/10/08 09:58:48.839 Divide StockNo {SQF00}
[13940] 2025/10/08 09:58:48.839 Add Basket MarketNo：2 StockIdx：1834
[13940] 2025/10/08 09:58:48.839 Divide StockNo {SRF00}
[13940] 2025/10/08 09:58:48.839 Add Basket MarketNo：2 StockIdx：5643
[13940] 2025/10/08 09:58:48.839 Divide StockNo {SSF00}
[13940] 2025/10/08 09:58:48.839 Add Basket MarketNo：2 StockIdx：1847
[13940] 2025/10/08 09:58:48.839 Divide StockNo {SUF00}
[13940] 2025/10/08 09:58:48.839 Add Basket MarketNo：2 StockIdx：1853
[13940] 2025/10/08 09:58:48.839 Divide StockNo {SVF00}
[13940] 2025/10/08 09:58:48.839 Add Basket MarketNo：2 StockIdx：1859
[13940] 2025/10/08 09:58:48.839 Divide StockNo {SWF00}
[13940] 2025/10/08 09:58:48.839 Add Basket MarketNo：2 StockIdx：1865
[13940] 2025/10/08 09:58:48.839 Divide StockNo {SYF00}
[13940] 2025/10/08 09:58:48.839 Add Basket MarketNo：2 StockIdx：1871
[13940] 2025/10/08 09:58:48.839 Divide StockNo {SZF00}
[13940] 2025/10/08 09:58:48.839 Add Basket MarketNo：2 StockIdx：1877
[13940] 2025/10/08 09:58:48.839 Divide StockNo {UAF00}
[13940] 2025/10/08 09:58:48.839 Add Basket MarketNo：2 StockIdx：1883
[13940] 2025/10/08 09:58:48.839 Divide StockNo {UBF00}
[13940] 2025/10/08 09:58:48.839 Add Basket MarketNo：2 StockIdx：1889
[13940] 2025/10/08 09:58:48.839 Divide StockNo {UCF00}
[13940] 2025/10/08 09:58:48.839 Add Basket MarketNo：2 StockIdx：1895
[13940] 2025/10/08 09:58:48.839 Divide StockNo {UEF00}
[13940] 2025/10/08 09:58:48.839 Add Basket MarketNo：2 StockIdx：1901
[13940] 2025/10/08 09:58:48.839 Divide StockNo {UFF00}
[13940] 2025/10/08 09:58:48.839 Add Basket MarketNo：2 StockIdx：1907
[13940] 2025/10/08 09:58:48.839 Divide StockNo {UGF00}
[13940] 2025/10/08 09:58:48.839 Add Basket MarketNo：2 StockIdx：1913
[13940] 2025/10/08 09:58:48.839 Divide StockNo {UHF00}
[13940] 2025/10/08 09:58:48.839 Add Basket MarketNo：2 StockIdx：1919
[13940] 2025/10/08 09:58:48.839 Divide StockNo {UIF00}
[13940] 2025/10/08 09:58:48.839 Add Basket MarketNo：2 StockIdx：1925
[13940] 2025/10/08 09:58:48.839 Divide StockNo {UJF00}
[13940] 2025/10/08 09:58:48.839 Add Basket MarketNo：2 StockIdx：1931
[13940] 2025/10/08 09:58:48.839 Divide StockNo {UKF00}
[13940] 2025/10/08 09:58:48.839 Add Basket MarketNo：2 StockIdx：1937
[13940] 2025/10/08 09:58:48.839 Divide StockNo {ULF00}
[13940] 2025/10/08 09:58:48.839 Add Basket MarketNo：2 StockIdx：1943
[13940] 2025/10/08 09:58:48.839 Divide StockNo {UMF00}
[13940] 2025/10/08 09:58:48.840 Add Basket MarketNo：2 StockIdx：1949
[13940] 2025/10/08 09:58:48.840 Divide StockNo {UOF00}
[13940] 2025/10/08 09:58:48.840 Add Basket MarketNo：2 StockIdx：1955
[13940] 2025/10/08 09:58:48.840 Divide StockNo {UPF00}
[13940] 2025/10/08 09:58:48.840 Add Basket MarketNo：2 StockIdx：1961
[13940] 2025/10/08 09:58:48.840 Divide StockNo {UQF00}
[13940] 2025/10/08 09:58:48.840 Add Basket MarketNo：2 StockIdx：1967
[13940] 2025/10/08 09:58:48.840 Divide StockNo {URF00}
[13940] 2025/10/08 09:58:48.840 Add Basket MarketNo：2 StockIdx：1974
[13940] 2025/10/08 09:58:48.840 Divide StockNo {USF00}
[13940] 2025/10/08 09:58:48.840 Add Basket MarketNo：2 StockIdx：1980
[13940] 2025/10/08 09:58:48.840 Divide StockNo {UTF00}
[13940] 2025/10/08 09:58:48.840 Add Basket MarketNo：2 StockIdx：1986
[13940] 2025/10/08 09:58:48.840 Divide StockNo {UUF00}
[13940] 2025/10/08 09:58:48.840 Add Basket MarketNo：2 StockIdx：1992
[13940] 2025/10/08 09:58:48.840 Divide StockNo {UVF00}
[13940] 2025/10/08 09:58:48.840 Add Basket MarketNo：2 StockIdx：1998
[13940] 2025/10/08 09:58:48.840 Divide StockNo {UWF00}
[13940] 2025/10/08 09:58:48.840 Add Basket MarketNo：2 StockIdx：2004
[13940] 2025/10/08 09:58:48.840 Divide StockNo {0050}
[13940] 2025/10/08 09:58:48.840 Add Basket MarketNo：0 StockIdx：0
[13940] 2025/10/08 09:58:48.840 Divide StockNo {0056}
[13940] 2025/10/08 09:58:48.840 Add Basket MarketNo：0 StockIdx：5
[13940] 2025/10/08 09:58:48.840 Divide StockNo {006205}
[13940] 2025/10/08 09:58:48.840 Add Basket MarketNo：0 StockIdx：10
[13940] 2025/10/08 09:58:48.840 Divide StockNo {006206}
[13940] 2025/10/08 09:58:48.840 Add Basket MarketNo：0 StockIdx：11
[13940] 2025/10/08 09:58:48.840 Divide StockNo {00636}
[13940] 2025/10/08 09:58:48.840 Add Basket MarketNo：0 StockIdx：20
[13940] 2025/10/08 09:58:48.840 Divide StockNo {00639}
[13940] 2025/10/08 09:58:48.840 Add Basket MarketNo：0 StockIdx：24
[13940] 2025/10/08 09:58:48.840 Divide StockNo {00643}
[13940] 2025/10/08 09:58:48.840 Add Basket MarketNo：0 StockIdx：28
[13940] 2025/10/08 09:58:48.840 Divide StockNo {00679B}
[13940] 2025/10/08 09:58:48.840 Add Basket MarketNo：1 StockIdx：1
[13940] 2025/10/08 09:58:48.840 Divide StockNo {00687B}
[13940] 2025/10/08 09:58:48.840 Add Basket MarketNo：1 StockIdx：2
[13940] 2025/10/08 09:58:48.840 Divide StockNo {00719B}
[13940] 2025/10/08 09:58:48.840 Add Basket MarketNo：1 StockIdx：8
[13940] 2025/10/08 09:58:48.840 Divide StockNo {00757}
[13940] 2025/10/08 09:58:48.840 Add Basket MarketNo：0 StockIdx：98
[13940] 2025/10/08 09:58:48.840 Divide StockNo {00772B}
[13940] 2025/10/08 09:58:48.840 Add Basket MarketNo：1 StockIdx：32
[13940] 2025/10/08 09:58:48.840 Divide StockNo {00878}
[13940] 2025/10/08 09:58:48.840 Add Basket MarketNo：0 StockIdx：113
[13940] 2025/10/08 09:58:48.840 Divide StockNo {00885}
[13940] 2025/10/08 09:58:48.840 Add Basket MarketNo：0 StockIdx：116
[13940] 2025/10/08 09:58:48.840 Divide StockNo {00893}
[13940] 2025/10/08 09:58:48.840 Add Basket MarketNo：0 StockIdx：119
[13940] 2025/10/08 09:58:48.840 Divide StockNo {00919}
[13940] 2025/10/08 09:58:48.840 Add Basket MarketNo：0 StockIdx：143
[13940] 2025/10/08 09:58:48.840 Divide StockNo {00923}
[13940] 2025/10/08 09:58:48.840 Add Basket MarketNo：0 StockIdx：147
[13940] 2025/10/08 09:58:48.840 Divide StockNo {00929}
[13940] 2025/10/08 09:58:48.840 Add Basket MarketNo：0 StockIdx：151
[13940] 2025/10/08 09:58:48.840 Divide StockNo {00937B}
[13940] 2025/10/08 09:58:48.840 Add Basket MarketNo：1 StockIdx：82
[13940] 2025/10/08 09:58:48.840 Divide StockNo {00940}
[13940] 2025/10/08 09:58:48.840 Add Basket MarketNo：0 StockIdx：159
[13940] 2025/10/08 09:58:48.840 Divide StockNo {1101}
[13940] 2025/10/08 09:58:48.840 Add Basket MarketNo：0 StockIdx：32223
[13940] 2025/10/08 09:58:48.840 Divide StockNo {1102}
[13940] 2025/10/08 09:58:48.840 Add Basket MarketNo：0 StockIdx：32225
[13940] 2025/10/08 09:58:48.840 Divide StockNo {1210}
[13940] 2025/10/08 09:58:48.840 Add Basket MarketNo：0 StockIdx：32233
[13940] 2025/10/08 09:58:48.840 Divide StockNo {1216}
[13940] 2025/10/08 09:58:48.841 Add Basket MarketNo：0 StockIdx：32236
[13940] 2025/10/08 09:58:48.841 Divide StockNo {1301}
[13940] 2025/10/08 09:58:48.841 Add Basket MarketNo：0 StockIdx：32251
[13940] 2025/10/08 09:58:48.841 Divide StockNo {1303}
[13940] 2025/10/08 09:58:48.841 Add Basket MarketNo：0 StockIdx：32252
[13940] 2025/10/08 09:58:48.841 Divide StockNo {1312}
[13940] 2025/10/08 09:58:48.841 Add Basket MarketNo：0 StockIdx：32259
[13940] 2025/10/08 09:58:48.841 Divide StockNo {1314}
[13940] 2025/10/08 09:58:48.841 Add Basket MarketNo：0 StockIdx：32262
[13940] 2025/10/08 09:58:48.841 Divide StockNo {1319}
[13940] 2025/10/08 09:58:48.841 Add Basket MarketNo：0 StockIdx：32265
[13940] 2025/10/08 09:58:48.841 Divide StockNo {1326}
[13940] 2025/10/08 09:58:48.841 Add Basket MarketNo：0 StockIdx：32270
[13940] 2025/10/08 09:58:48.841 Divide StockNo {1402}
[13940] 2025/10/08 09:58:48.841 Add Basket MarketNo：0 StockIdx：32277
[13940] 2025/10/08 09:58:48.841 Divide StockNo {1440}
[13940] 2025/10/08 09:58:48.841 Add Basket MarketNo：0 StockIdx：32294
[13940] 2025/10/08 09:58:48.841 Divide StockNo {1476}
[13940] 2025/10/08 09:58:48.841 Add Basket MarketNo：0 StockIdx：32324
[13940] 2025/10/08 09:58:48.841 Divide StockNo {1477}
[13940] 2025/10/08 09:58:48.841 Add Basket MarketNo：0 StockIdx：32325
[13940] 2025/10/08 09:58:48.841 Divide StockNo {1503}
[13940] 2025/10/08 09:58:48.841 Add Basket MarketNo：0 StockIdx：32326
[13940] 2025/10/08 09:58:48.841 Divide StockNo {1504}
[13940] 2025/10/08 09:58:48.841 Add Basket MarketNo：0 StockIdx：32327
[13940] 2025/10/08 09:58:48.841 Divide StockNo {1513}
[13940] 2025/10/08 09:58:48.841 Add Basket MarketNo：0 StockIdx：32330
[13940] 2025/10/08 09:58:48.841 Divide StockNo {1536}
[13940] 2025/10/08 09:58:48.841 Add Basket MarketNo：0 StockIdx：32350
[13940] 2025/10/08 09:58:48.841 Divide StockNo {1565}
[13940] 2025/10/08 09:58:48.841 Add Basket MarketNo：1 StockIdx：139
[13940] 2025/10/08 09:58:48.841 Divide StockNo {1590}
[13940] 2025/10/08 09:58:48.841 Add Basket MarketNo：0 StockIdx：32364
[13940] 2025/10/08 09:58:48.841 Divide StockNo {1605}
[13940] 2025/10/08 09:58:48.841 Add Basket MarketNo：0 StockIdx：32369
[13940] 2025/10/08 09:58:48.841 Divide StockNo {1609}
[13940] 2025/10/08 09:58:48.841 Add Basket MarketNo：0 StockIdx：32371
[13940] 2025/10/08 09:58:48.841 Divide StockNo {1707}
[13940] 2025/10/08 09:58:48.841 Add Basket MarketNo：0 StockIdx：32381
[13940] 2025/10/08 09:58:48.841 Divide StockNo {1717}
[13940] 2025/10/08 09:58:48.841 Add Basket MarketNo：0 StockIdx：32389
[13940] 2025/10/08 09:58:48.841 Divide StockNo {1718}
[13940] 2025/10/08 09:58:48.841 Add Basket MarketNo：0 StockIdx：32390
[13940] 2025/10/08 09:58:48.841 Divide StockNo {1722}
[13940] 2025/10/08 09:58:48.841 Add Basket MarketNo：0 StockIdx：32393
[13940] 2025/10/08 09:58:48.841 Divide StockNo {1795}
[13940] 2025/10/08 09:58:48.841 Add Basket MarketNo：0 StockIdx：32414
[13940] 2025/10/08 09:58:48.841 Divide StockNo {1802}
[13940] 2025/10/08 09:58:48.841 Add Basket MarketNo：0 StockIdx：32415
[13940] 2025/10/08 09:58:48.841 Divide StockNo {1904}
[13940] 2025/10/08 09:58:48.841 Add Basket MarketNo：0 StockIdx：32423
[13940] 2025/10/08 09:58:48.841 Divide StockNo {1905}
[13940] 2025/10/08 09:58:48.841 Add Basket MarketNo：0 StockIdx：32424
[13940] 2025/10/08 09:58:48.841 Divide StockNo {1907}
[13940] 2025/10/08 09:58:48.841 Add Basket MarketNo：0 StockIdx：32426
[13940] 2025/10/08 09:58:48.841 Divide StockNo {1909}
[13940] 2025/10/08 09:58:48.841 Add Basket MarketNo：0 StockIdx：32427
[13940] 2025/10/08 09:58:48.841 Divide StockNo {2002}
[13940] 2025/10/08 09:58:48.841 Add Basket MarketNo：0 StockIdx：32428
[13940] 2025/10/08 09:58:48.841 Divide StockNo {2006}
[13940] 2025/10/08 09:58:48.841 Add Basket MarketNo：0 StockIdx：32430
[13940] 2025/10/08 09:58:48.841 Divide StockNo {2014}
[13940] 2025/10/08 09:58:48.841 Add Basket MarketNo：0 StockIdx：32437
[13940] 2025/10/08 09:58:48.841 Divide StockNo {2027}
[13940] 2025/10/08 09:58:48.841 Add Basket MarketNo：0 StockIdx：32445
[13940] 2025/10/08 09:58:48.841 Divide StockNo {2049}
[13940] 2025/10/08 09:58:48.841 Add Basket MarketNo：0 StockIdx：32454
[13940] 2025/10/08 09:58:48.841 Divide StockNo {2059}
[13940] 2025/10/08 09:58:48.841 Add Basket MarketNo：0 StockIdx：32455
[13940] 2025/10/08 09:58:48.842 Divide StockNo {2105}
[13940] 2025/10/08 09:58:48.842 Add Basket MarketNo：0 StockIdx：32462
[13940] 2025/10/08 09:58:48.842 Divide StockNo {2201}
[13940] 2025/10/08 09:58:48.842 Add Basket MarketNo：0 StockIdx：32469
[13940] 2025/10/08 09:58:48.842 Divide StockNo {2231}
[13940] 2025/10/08 09:58:48.842 Add Basket MarketNo：0 StockIdx：32477
[13940] 2025/10/08 09:58:48.842 Divide StockNo {2301}
[13940] 2025/10/08 09:58:48.842 Add Basket MarketNo：0 StockIdx：32488
[13940] 2025/10/08 09:58:48.842 Divide StockNo {2303}
[13940] 2025/10/08 09:58:48.842 Add Basket MarketNo：0 StockIdx：32490
[13940] 2025/10/08 09:58:48.842 Divide StockNo {2308}
[13940] 2025/10/08 09:58:48.842 Add Basket MarketNo：0 StockIdx：32492
[13940] 2025/10/08 09:58:48.842 Divide StockNo {2312}
[13940] 2025/10/08 09:58:48.842 Add Basket MarketNo：0 StockIdx：32493
[13940] 2025/10/08 09:58:48.842 Divide StockNo {2313}
[13940] 2025/10/08 09:58:48.842 Add Basket MarketNo：0 StockIdx：32494
[13940] 2025/10/08 09:58:48.842 Divide StockNo {2317}
[13940] 2025/10/08 09:58:48.842 Add Basket MarketNo：0 StockIdx：32496
[13940] 2025/10/08 09:58:48.842 Divide StockNo {2323}
[13940] 2025/10/08 09:58:48.842 Add Basket MarketNo：0 StockIdx：32498
[13940] 2025/10/08 09:58:48.842 Divide StockNo {2324}
[13940] 2025/10/08 09:58:48.842 Add Basket MarketNo：0 StockIdx：32499
[13940] 2025/10/08 09:58:48.842 Divide StockNo {2327}
[13940] 2025/10/08 09:58:48.842 Add Basket MarketNo：0 StockIdx：32500
[13940] 2025/10/08 09:58:48.842 Divide StockNo {2328}
[13940] 2025/10/08 09:58:48.842 Add Basket MarketNo：0 StockIdx：32501
[13940] 2025/10/08 09:58:48.842 Divide StockNo {2330}
[13940] 2025/10/08 09:58:48.842 Add Basket MarketNo：0 StockIdx：32503
[13940] 2025/10/08 09:58:48.842 Divide StockNo {2331}
[13940] 2025/10/08 09:58:48.842 Add Basket MarketNo：0 StockIdx：32504
[13940] 2025/10/08 09:58:48.842 Divide StockNo {2332}
[13940] 2025/10/08 09:58:48.842 Add Basket MarketNo：0 StockIdx：32505
[13940] 2025/10/08 09:58:48.842 Divide StockNo {2337}
[13940] 2025/10/08 09:58:48.842 Add Basket MarketNo：0 StockIdx：32506
[13940] 2025/10/08 09:58:48.842 Divide StockNo {2338}
[13940] 2025/10/08 09:58:48.842 Add Basket MarketNo：0 StockIdx：32507
[13940] 2025/10/08 09:58:48.842 Divide StockNo {2340}
[13940] 2025/10/08 09:58:48.842 Add Basket MarketNo：0 StockIdx：32508
[13940] 2025/10/08 09:58:48.842 Divide StockNo {2344}
[13940] 2025/10/08 09:58:48.842 Add Basket MarketNo：0 StockIdx：32510
[13940] 2025/10/08 09:58:48.842 Divide StockNo {2345}
[13940] 2025/10/08 09:58:48.842 Add Basket MarketNo：0 StockIdx：32511
[13940] 2025/10/08 09:58:48.842 Divide StockNo {2347}
[13940] 2025/10/08 09:58:48.842 Add Basket MarketNo：0 StockIdx：32512
[13940] 2025/10/08 09:58:48.842 Divide StockNo {2352}
[13940] 2025/10/08 09:58:48.842 Add Basket MarketNo：0 StockIdx：32517
[13940] 2025/10/08 09:58:48.842 Divide StockNo {2353}
[13940] 2025/10/08 09:58:48.842 Add Basket MarketNo：0 StockIdx：32518
[13940] 2025/10/08 09:58:48.842 Divide StockNo {2354}
[13940] 2025/10/08 09:58:48.842 Add Basket MarketNo：0 StockIdx：32519
[13940] 2025/10/08 09:58:48.842 Divide StockNo {2355}
[13940] 2025/10/08 09:58:48.842 Add Basket MarketNo：0 StockIdx：32520
[13940] 2025/10/08 09:58:48.842 Divide StockNo {2356}
[13940] 2025/10/08 09:58:48.842 Add Basket MarketNo：0 StockIdx：32521
[13940] 2025/10/08 09:58:48.842 Divide StockNo {2357}
[13940] 2025/10/08 09:58:48.842 Add Basket MarketNo：0 StockIdx：32522
[13940] 2025/10/08 09:58:48.842 Divide StockNo {2360}
[13940] 2025/10/08 09:58:48.842 Add Basket MarketNo：0 StockIdx：32524
[13940] 2025/10/08 09:58:48.842 Divide StockNo {2368}
[13940] 2025/10/08 09:58:48.842 Add Basket MarketNo：0 StockIdx：32530
[13940] 2025/10/08 09:58:48.842 Divide StockNo {2371}
[13940] 2025/10/08 09:58:48.842 Add Basket MarketNo：0 StockIdx：32532
[13940] 2025/10/08 09:58:48.842 Divide StockNo {2376}
[13940] 2025/10/08 09:58:48.842 Add Basket MarketNo：0 StockIdx：32536
[13940] 2025/10/08 09:58:48.842 Divide StockNo {2377}
[13940] 2025/10/08 09:58:48.842 Add Basket MarketNo：0 StockIdx：32537
[13940] 2025/10/08 09:58:48.842 Divide StockNo {2379}
[13940] 2025/10/08 09:58:48.843 Add Basket MarketNo：0 StockIdx：32538
[13940] 2025/10/08 09:58:48.843 Divide StockNo {2382}
[13940] 2025/10/08 09:58:48.843 Add Basket MarketNo：0 StockIdx：32540
[13940] 2025/10/08 09:58:48.843 Divide StockNo {2383}
[13940] 2025/10/08 09:58:48.843 Add Basket MarketNo：0 StockIdx：32541
[13940] 2025/10/08 09:58:48.843 Divide StockNo {2385}
[13940] 2025/10/08 09:58:48.843 Add Basket MarketNo：0 StockIdx：32542
[13940] 2025/10/08 09:58:48.843 Divide StockNo {2388}
[13940] 2025/10/08 09:58:48.843 Add Basket MarketNo：0 StockIdx：32544
[13940] 2025/10/08 09:58:48.843 Divide StockNo {2392}
[13940] 2025/10/08 09:58:48.843 Add Basket MarketNo：0 StockIdx：32546
[13940] 2025/10/08 09:58:48.843 Divide StockNo {2393}
[13940] 2025/10/08 09:58:48.843 Add Basket MarketNo：0 StockIdx：32547
[13940] 2025/10/08 09:58:48.843 Divide StockNo {2401}
[13940] 2025/10/08 09:58:48.843 Add Basket MarketNo：0 StockIdx：32551
[13940] 2025/10/08 09:58:48.843 Divide StockNo {2404}
[13940] 2025/10/08 09:58:48.843 Add Basket MarketNo：0 StockIdx：32553
[13940] 2025/10/08 09:58:48.843 Divide StockNo {2408}
[13940] 2025/10/08 09:58:48.843 Add Basket MarketNo：0 StockIdx：32556
[13940] 2025/10/08 09:58:48.843 Divide StockNo {2409}
[13940] 2025/10/08 09:58:48.843 Add Basket MarketNo：0 StockIdx：32557
[13940] 2025/10/08 09:58:48.843 Divide StockNo {2412}
[13940] 2025/10/08 09:58:48.843 Add Basket MarketNo：0 StockIdx：32558
[13940] 2025/10/08 09:58:48.843 Divide StockNo {2439}
[13940] 2025/10/08 09:58:48.843 Add Basket MarketNo：0 StockIdx：32580
[13940] 2025/10/08 09:58:48.843 Divide StockNo {2441}
[13940] 2025/10/08 09:58:48.843 Add Basket MarketNo：0 StockIdx：32582
[13940] 2025/10/08 09:58:48.843 Divide StockNo {2449}
[13940] 2025/10/08 09:58:48.843 Add Basket MarketNo：0 StockIdx：32585
[13940] 2025/10/08 09:58:48.843 Divide StockNo {2454}
[13940] 2025/10/08 09:58:48.843 Add Basket MarketNo：0 StockIdx：32589
[13940] 2025/10/08 09:58:48.843 Divide StockNo {2455}
[13940] 2025/10/08 09:58:48.843 Add Basket MarketNo：0 StockIdx：32590
[13940] 2025/10/08 09:58:48.843 Divide StockNo {2457}
[13940] 2025/10/08 09:58:48.843 Add Basket MarketNo：0 StockIdx：32591
[13940] 2025/10/08 09:58:48.843 Divide StockNo {2458}
[13940] 2025/10/08 09:58:48.843 Add Basket MarketNo：0 StockIdx：32592
[13940] 2025/10/08 09:58:48.843 Divide StockNo {2474}
[13940] 2025/10/08 09:58:48.843 Add Basket MarketNo：0 StockIdx：32604
[13940] 2025/10/08 09:58:48.843 Divide StockNo {2481}
[13940] 2025/10/08 09:58:48.843 Add Basket MarketNo：0 StockIdx：32609
[13940] 2025/10/08 09:58:48.843 Divide StockNo {2485}
[13940] 2025/10/08 09:58:48.843 Add Basket MarketNo：0 StockIdx：32613
[13940] 2025/10/08 09:58:48.843 Divide StockNo {2486}
[13940] 2025/10/08 09:58:48.843 Add Basket MarketNo：0 StockIdx：32614
[13940] 2025/10/08 09:58:48.843 Divide StockNo {2489}
[13940] 2025/10/08 09:58:48.843 Add Basket MarketNo：0 StockIdx：32616
[13940] 2025/10/08 09:58:48.843 Divide StockNo {2492}
[13940] 2025/10/08 09:58:48.843 Add Basket MarketNo：0 StockIdx：32618
[13940] 2025/10/08 09:58:48.843 Divide StockNo {2498}
[13940] 2025/10/08 09:58:48.843 Add Basket MarketNo：0 StockIdx：32623
[13940] 2025/10/08 09:58:48.843 Divide StockNo {2515}
[13940] 2025/10/08 09:58:48.843 Add Basket MarketNo：0 StockIdx：32631
[13940] 2025/10/08 09:58:48.843 Divide StockNo {2520}
[13940] 2025/10/08 09:58:48.843 Add Basket MarketNo：0 StockIdx：32633
[13940] 2025/10/08 09:58:48.843 Divide StockNo {2542}
[13940] 2025/10/08 09:58:48.843 Add Basket MarketNo：0 StockIdx：32645
[13940] 2025/10/08 09:58:48.843 Divide StockNo {2548}
[13940] 2025/10/08 09:58:48.843 Add Basket MarketNo：0 StockIdx：32650
[13940] 2025/10/08 09:58:48.843 Divide StockNo {2603}
[13940] 2025/10/08 09:58:48.843 Add Basket MarketNo：0 StockIdx：32653
[13940] 2025/10/08 09:58:48.843 Divide StockNo {2605}
[13940] 2025/10/08 09:58:48.844 Add Basket MarketNo：0 StockIdx：32654
[13940] 2025/10/08 09:58:48.844 Divide StockNo {2606}
[13940] 2025/10/08 09:58:48.844 Add Basket MarketNo：0 StockIdx：32655
[13940] 2025/10/08 09:58:48.844 Divide StockNo {2609}
[13940] 2025/10/08 09:58:48.844 Add Basket MarketNo：0 StockIdx：32658
[13940] 2025/10/08 09:58:48.844 Divide StockNo {2610}
[13940] 2025/10/08 09:58:48.844 Add Basket MarketNo：0 StockIdx：32659
[13940] 2025/10/08 09:58:48.844 Divide StockNo {2615}
[13940] 2025/10/08 09:58:48.844 Add Basket MarketNo：0 StockIdx：32664
[13940] 2025/10/08 09:58:48.844 Divide StockNo {2618}
[13940] 2025/10/08 09:58:48.844 Add Basket MarketNo：0 StockIdx：32667
[13940] 2025/10/08 09:58:48.844 Divide StockNo {2633}
[13940] 2025/10/08 09:58:48.844 Add Basket MarketNo：0 StockIdx：32669
[13940] 2025/10/08 09:58:48.844 Divide StockNo {2634}
[13940] 2025/10/08 09:58:48.844 Add Basket MarketNo：0 StockIdx：32670
[13940] 2025/10/08 09:58:48.844 Divide StockNo {2801}
[13940] 2025/10/08 09:58:48.844 Add Basket MarketNo：0 StockIdx：32691
[13940] 2025/10/08 09:58:48.844 Divide StockNo {2834}
[13940] 2025/10/08 09:58:48.844 Add Basket MarketNo：0 StockIdx：32696
[13940] 2025/10/08 09:58:48.844 Divide StockNo {2880}
[13940] 2025/10/08 09:58:48.844 Add Basket MarketNo：0 StockIdx：32708
[13940] 2025/10/08 09:58:48.844 Divide StockNo {2881}
[13940] 2025/10/08 09:58:48.844 Add Basket MarketNo：0 StockIdx：32709
[13940] 2025/10/08 09:58:48.844 Divide StockNo {2882}
[13940] 2025/10/08 09:58:48.844 Add Basket MarketNo：0 StockIdx：32713
[13940] 2025/10/08 09:58:48.844 Divide StockNo {2883}
[13940] 2025/10/08 09:58:48.844 Add Basket MarketNo：0 StockIdx：32716
[13940] 2025/10/08 09:58:48.844 Divide StockNo {2884}
[13940] 2025/10/08 09:58:48.844 Add Basket MarketNo：0 StockIdx：32718
[13940] 2025/10/08 09:58:48.844 Divide StockNo {2885}
[13940] 2025/10/08 09:58:48.844 Add Basket MarketNo：0 StockIdx：32719
[13940] 2025/10/08 09:58:48.844 Divide StockNo {2886}
[13940] 2025/10/08 09:58:48.844 Add Basket MarketNo：0 StockIdx：32720
[13940] 2025/10/08 09:58:48.844 Divide StockNo {2887}
[13940] 2025/10/08 09:58:48.844 Add Basket MarketNo：0 StockIdx：32721
[13940] 2025/10/08 09:58:48.844 Divide StockNo {2888}
[13940] 2025/10/08 09:58:48.844 Stock Is Not Exist 
[13940] 2025/10/08 09:58:48.844 Divide StockNo {2890}
[13940] 2025/10/08 09:58:48.844 Add Basket MarketNo：0 StockIdx：32729
[13940] 2025/10/08 09:58:48.844 Divide StockNo {2891}
[13940] 2025/10/08 09:58:48.844 Add Basket MarketNo：0 StockIdx：32730
[13940] 2025/10/08 09:58:48.844 Divide StockNo {2892}
[13940] 2025/10/08 09:58:48.844 Add Basket MarketNo：0 StockIdx：32733
[13940] 2025/10/08 09:58:48.844 Divide StockNo {2913}
[13940] 2025/10/08 09:58:48.844 Add Basket MarketNo：0 StockIdx：32745
[13940] 2025/10/08 09:58:48.844 Divide StockNo {2915}
[13940] 2025/10/08 09:58:48.844 Add Basket MarketNo：0 StockIdx：32746
[13940] 2025/10/08 09:58:48.844 Divide StockNo {3005}
[13940] 2025/10/08 09:58:48.844 Add Basket MarketNo：0 StockIdx：32754
[13940] 2025/10/08 09:58:48.844 Divide StockNo {3006}
[13940] 2025/10/08 09:58:48.845 Add Basket MarketNo：0 StockIdx：32755
[13940] 2025/10/08 09:58:48.845 Divide StockNo {3008}
[13940] 2025/10/08 09:58:48.845 Add Basket MarketNo：0 StockIdx：32756
[13940] 2025/10/08 09:58:48.845 Divide StockNo {3017}
[13940] 2025/10/08 09:58:48.845 Add Basket MarketNo：0 StockIdx：32763
[13940] 2025/10/08 09:58:48.845 Divide StockNo {3019}
[13940] 2025/10/08 09:58:48.845 Add Basket MarketNo：0 StockIdx：32765
[13940] 2025/10/08 09:58:48.845 Divide StockNo {3034}
[13940] 2025/10/08 09:58:48.845 Add Basket MarketNo：0 StockIdx：32779
[13940] 2025/10/08 09:58:48.845 Divide StockNo {3035}
[13940] 2025/10/08 09:58:48.845 Add Basket MarketNo：0 StockIdx：32780
[13940] 2025/10/08 09:58:48.845 Divide StockNo {3036}
[13940] 2025/10/08 09:58:48.845 Add Basket MarketNo：0 StockIdx：32781
[13940] 2025/10/08 09:58:48.845 Divide StockNo {3037}
[13940] 2025/10/08 09:58:48.845 Add Basket MarketNo：0 StockIdx：32783
[13940] 2025/10/08 09:58:48.845 Divide StockNo {3042}
[13940] 2025/10/08 09:58:48.845 Add Basket MarketNo：0 StockIdx：32787
[13940] 2025/10/08 09:58:48.845 Divide StockNo {3044}
[13940] 2025/10/08 09:58:48.845 Add Basket MarketNo：0 StockIdx：32789
[13940] 2025/10/08 09:58:48.845 Divide StockNo {3045}
[13940] 2025/10/08 09:58:48.845 Add Basket MarketNo：0 StockIdx：32790
[13940] 2025/10/08 09:58:48.845 Divide StockNo {3078}
[13940] 2025/10/08 09:58:48.846 Add Basket MarketNo：1 StockIdx：267
[13940] 2025/10/08 09:58:48.846 Divide StockNo {3081}
[13940] 2025/10/08 09:58:48.846 Add Basket MarketNo：1 StockIdx：268
[13940] 2025/10/08 09:58:48.846 Divide StockNo {3105}
[13940] 2025/10/08 09:58:48.846 Add Basket MarketNo：1 StockIdx：278
[13940] 2025/10/08 09:58:48.846 Divide StockNo {3152}
[13940] 2025/10/08 09:58:48.846 Add Basket MarketNo：1 StockIdx：293
[13940] 2025/10/08 09:58:48.846 Divide StockNo {3189}
[13940] 2025/10/08 09:58:48.846 Add Basket MarketNo：0 StockIdx：32817
[13940] 2025/10/08 09:58:48.846 Divide StockNo {3227}
[13940] 2025/10/08 09:58:48.846 Add Basket MarketNo：1 StockIdx：316
[13940] 2025/10/08 09:58:48.846 Divide StockNo {3231}
[13940] 2025/10/08 09:58:48.846 Add Basket MarketNo：0 StockIdx：32820
[13940] 2025/10/08 09:58:48.846 Divide StockNo {3260}
[13940] 2025/10/08 09:58:48.846 Add Basket MarketNo：1 StockIdx：325
[13940] 2025/10/08 09:58:48.846 Divide StockNo {3264}
[13940] 2025/10/08 09:58:48.846 Add Basket MarketNo：1 StockIdx：326
[13940] 2025/10/08 09:58:48.846 Divide StockNo {3293}
[13940] 2025/10/08 09:58:48.846 Add Basket MarketNo：1 StockIdx：339
[13940] 2025/10/08 09:58:48.846 Divide StockNo {3324}
[13940] 2025/10/08 09:58:48.846 Add Basket MarketNo：1 StockIdx：355
[13940] 2025/10/08 09:58:48.846 Divide StockNo {3374}
[13940] 2025/10/08 09:58:48.846 Add Basket MarketNo：1 StockIdx：373
[13940] 2025/10/08 09:58:48.846 Divide StockNo {3376}
[13940] 2025/10/08 09:58:48.846 Add Basket MarketNo：0 StockIdx：32832
[13940] 2025/10/08 09:58:48.846 Divide StockNo {3380}
[13940] 2025/10/08 09:58:48.846 Add Basket MarketNo：0 StockIdx：32833
[13940] 2025/10/08 09:58:48.846 Divide StockNo {3406}
[13940] 2025/10/08 09:58:48.846 Add Basket MarketNo：0 StockIdx：32834
[13940] 2025/10/08 09:58:48.846 Divide StockNo {3443}
[13940] 2025/10/08 09:58:48.846 Add Basket MarketNo：0 StockIdx：32840
[13940] 2025/10/08 09:58:48.846 Divide StockNo {3481}
[13940] 2025/10/08 09:58:48.846 Add Basket MarketNo：0 StockIdx：32844
[13940] 2025/10/08 09:58:48.847 Divide StockNo {3529}
[13940] 2025/10/08 09:58:48.847 Add Basket MarketNo：1 StockIdx：423
[13940] 2025/10/08 09:58:48.847 Divide StockNo {3532}
[13940] 2025/10/08 09:58:48.847 Add Basket MarketNo：0 StockIdx：32852
[13940] 2025/10/08 09:58:48.847 Divide StockNo {3533}
[13940] 2025/10/08 09:58:48.847 Add Basket MarketNo：0 StockIdx：32853
[13940] 2025/10/08 09:58:48.847 Divide StockNo {3552}
[13940] 2025/10/08 09:58:48.847 Add Basket MarketNo：1 StockIdx：433
[13940] 2025/10/08 09:58:48.847 Divide StockNo {3653}
[13940] 2025/10/08 09:58:48.847 Add Basket MarketNo：0 StockIdx：32873
[13940] 2025/10/08 09:58:48.847 Divide StockNo {3661}
[13940] 2025/10/08 09:58:48.847 Add Basket MarketNo：0 StockIdx：32874
[13940] 2025/10/08 09:58:48.847 Divide StockNo {3673}
[13940] 2025/10/08 09:58:48.847 Add Basket MarketNo：0 StockIdx：32877
[13940] 2025/10/08 09:58:48.847 Divide StockNo {3680}
[13940] 2025/10/08 09:58:48.847 Add Basket MarketNo：1 StockIdx：472
[13940] 2025/10/08 09:58:48.847 Divide StockNo {3691}
[13940] 2025/10/08 09:58:48.847 Add Basket MarketNo：1 StockIdx：481
[13940] 2025/10/08 09:58:48.847 Divide StockNo {3702}
[13940] 2025/10/08 09:58:48.847 Add Basket MarketNo：0 StockIdx：32882
[13940] 2025/10/08 09:58:48.847 Divide StockNo {3706}
[13940] 2025/10/08 09:58:48.847 Add Basket MarketNo：0 StockIdx：32886
[13940] 2025/10/08 09:58:48.847 Divide StockNo {3711}
[13940] 2025/10/08 09:58:48.847 Add Basket MarketNo：0 StockIdx：32888
[13940] 2025/10/08 09:58:48.847 Divide StockNo {3714}
[13940] 2025/10/08 09:58:48.847 Add Basket MarketNo：0 StockIdx：32890
[13940] 2025/10/08 09:58:48.847 Divide StockNo {4123}
[13940] 2025/10/08 09:58:48.847 Add Basket MarketNo：1 StockIdx：505
[13940] 2025/10/08 09:58:48.847 Divide StockNo {4128}
[13940] 2025/10/08 09:58:48.847 Add Basket MarketNo：1 StockIdx：510
[13940] 2025/10/08 09:58:48.847 Divide StockNo {4162}
[13940] 2025/10/08 09:58:48.848 Add Basket MarketNo：1 StockIdx：524
[13940] 2025/10/08 09:58:48.848 Divide StockNo {4736}
[13940] 2025/10/08 09:58:48.848 Add Basket MarketNo：0 StockIdx：32935
[13940] 2025/10/08 09:58:48.848 Divide StockNo {4743}
[13940] 2025/10/08 09:58:48.848 Add Basket MarketNo：1 StockIdx：616
[13940] 2025/10/08 09:58:48.848 Divide StockNo {4904}
[13940] 2025/10/08 09:58:48.848 Add Basket MarketNo：0 StockIdx：32946
[13940] 2025/10/08 09:58:48.848 Divide StockNo {4919}
[13940] 2025/10/08 09:58:48.848 Add Basket MarketNo：0 StockIdx：32951
[13940] 2025/10/08 09:58:48.848 Divide StockNo {4938}
[13940] 2025/10/08 09:58:48.848 Add Basket MarketNo：0 StockIdx：32956
[13940] 2025/10/08 09:58:48.848 Divide StockNo {4958}
[13940] 2025/10/08 09:58:48.848 Add Basket MarketNo：0 StockIdx：32962
[13940] 2025/10/08 09:58:48.848 Divide StockNo {5009}
[13940] 2025/10/08 09:58:48.848 Add Basket MarketNo：1 StockIdx：660
[13940] 2025/10/08 09:58:48.848 Divide StockNo {5269}
[13940] 2025/10/08 09:58:48.848 Add Basket MarketNo：0 StockIdx：32981
[13940] 2025/10/08 09:58:48.848 Divide StockNo {5274}
[13940] 2025/10/08 09:58:48.848 Add Basket MarketNo：1 StockIdx：694
[13940] 2025/10/08 09:58:48.848 Divide StockNo {5347}
[13940] 2025/10/08 09:58:48.848 Add Basket MarketNo：1 StockIdx：718
[13940] 2025/10/08 09:58:48.848 Divide StockNo {5371}
[13940] 2025/10/08 09:58:48.848 Add Basket MarketNo：1 StockIdx：725
[13940] 2025/10/08 09:58:48.848 Divide StockNo {5388}
[13940] 2025/10/08 09:58:48.848 Add Basket MarketNo：0 StockIdx：32988
[13940] 2025/10/08 09:58:48.848 Divide StockNo {5425}
[13940] 2025/10/08 09:58:48.848 Add Basket MarketNo：1 StockIdx：733
[13940] 2025/10/08 09:58:48.848 Divide StockNo {5457}
[13940] 2025/10/08 09:58:48.848 Add Basket MarketNo：1 StockIdx：745
[13940] 2025/10/08 09:58:48.848 Divide StockNo {5483}
[13940] 2025/10/08 09:58:48.848 Add Basket MarketNo：1 StockIdx：755
[13940] 2025/10/08 09:58:48.848 Divide StockNo {5534}
[13940] 2025/10/08 09:58:48.848 Add Basket MarketNo：0 StockIdx：33000
[13940] 2025/10/08 09:58:48.848 Divide StockNo {5871}
[13940] 2025/10/08 09:58:48.848 Add Basket MarketNo：0 StockIdx：33006
[13940] 2025/10/08 09:58:48.848 Divide StockNo {5876}
[13940] 2025/10/08 09:58:48.848 Add Basket MarketNo：0 StockIdx：33008
[13940] 2025/10/08 09:58:48.848 Divide StockNo {5880}
[13940] 2025/10/08 09:58:48.848 Add Basket MarketNo：0 StockIdx：33009
[13940] 2025/10/08 09:58:48.848 Divide StockNo {5904}
[13940] 2025/10/08 09:58:48.848 Add Basket MarketNo：1 StockIdx：789
[13940] 2025/10/08 09:58:48.849 Divide StockNo {6005}
[13940] 2025/10/08 09:58:48.849 Add Basket MarketNo：0 StockIdx：33012
[13940] 2025/10/08 09:58:48.849 Divide StockNo {6116}
[13940] 2025/10/08 09:58:48.849 Add Basket MarketNo：0 StockIdx：33017
[13940] 2025/10/08 09:58:48.849 Divide StockNo {6121}
[13940] 2025/10/08 09:58:48.849 Add Basket MarketNo：1 StockIdx：812
[13940] 2025/10/08 09:58:48.849 Divide StockNo {6139}
[13940] 2025/10/08 09:58:48.849 Add Basket MarketNo：0 StockIdx：33023
[13940] 2025/10/08 09:58:48.849 Divide StockNo {6147}
[13940] 2025/10/08 09:58:48.849 Add Basket MarketNo：1 StockIdx：830
[13940] 2025/10/08 09:58:48.849 Divide StockNo {6153}
[13940] 2025/10/08 09:58:48.849 Add Basket MarketNo：0 StockIdx：33027
[13940] 2025/10/08 09:58:48.849 Divide StockNo {6173}
[13940] 2025/10/08 09:58:48.849 Add Basket MarketNo：1 StockIdx：845
[13940] 2025/10/08 09:58:48.849 Divide StockNo {6176}
[13940] 2025/10/08 09:58:48.849 Add Basket MarketNo：0 StockIdx：33033
[13940] 2025/10/08 09:58:48.849 Divide StockNo {6182}
[13940] 2025/10/08 09:58:48.849 Add Basket MarketNo：1 StockIdx：853
[13940] 2025/10/08 09:58:48.849 Divide StockNo {6188}
[13940] 2025/10/08 09:58:48.849 Add Basket MarketNo：1 StockIdx：861
[13940] 2025/10/08 09:58:48.849 Divide StockNo {6213}
[13940] 2025/10/08 09:58:48.849 Add Basket MarketNo：0 StockIdx：33047
[13940] 2025/10/08 09:58:48.849 Divide StockNo {6223}
[13940] 2025/10/08 09:58:48.849 Add Basket MarketNo：1 StockIdx：885
[13940] 2025/10/08 09:58:48.849 Divide StockNo {6239}
[13940] 2025/10/08 09:58:48.849 Add Basket MarketNo：0 StockIdx：33056
[13940] 2025/10/08 09:58:48.849 Divide StockNo {6245}
[13940] 2025/10/08 09:58:48.849 Add Basket MarketNo：1 StockIdx：900
[13940] 2025/10/08 09:58:48.849 Divide StockNo {6257}
[13940] 2025/10/08 09:58:48.849 Add Basket MarketNo：0 StockIdx：33058
[13940] 2025/10/08 09:58:48.849 Divide StockNo {6269}
[13940] 2025/10/08 09:58:48.849 Add Basket MarketNo：0 StockIdx：33059
[13940] 2025/10/08 09:58:48.849 Divide StockNo {6271}
[13940] 2025/10/08 09:58:48.849 Add Basket MarketNo：0 StockIdx：33060
[13940] 2025/10/08 09:58:48.849 Divide StockNo {6274}
[13940] 2025/10/08 09:58:48.849 Add Basket MarketNo：1 StockIdx：912
[13940] 2025/10/08 09:58:48.849 Divide StockNo {6278}
[13940] 2025/10/08 09:58:48.849 Add Basket MarketNo：0 StockIdx：33062
[13940] 2025/10/08 09:58:48.849 Divide StockNo {6279}
[13940] 2025/10/08 09:58:48.849 Add Basket MarketNo：1 StockIdx：916
[13940] 2025/10/08 09:58:48.849 Divide StockNo {6282}
[13940] 2025/10/08 09:58:48.849 Add Basket MarketNo：0 StockIdx：33064
[13940] 2025/10/08 09:58:48.849 Divide StockNo {6285}
[13940] 2025/10/08 09:58:48.849 Add Basket MarketNo：0 StockIdx：33066
[13940] 2025/10/08 09:58:48.849 Divide StockNo {6414}
[13940] 2025/10/08 09:58:48.849 Add Basket MarketNo：0 StockIdx：33070
[13940] 2025/10/08 09:58:48.849 Divide StockNo {6443}
[13940] 2025/10/08 09:58:48.849 Add Basket MarketNo：0 StockIdx：33078
[13940] 2025/10/08 09:58:48.849 Divide StockNo {6472}
[13940] 2025/10/08 09:58:48.849 Add Basket MarketNo：0 StockIdx：33084
[13940] 2025/10/08 09:58:48.849 Divide StockNo {6488}
[13940] 2025/10/08 09:58:48.849 Add Basket MarketNo：1 StockIdx：952
[13940] 2025/10/08 09:58:48.849 Divide StockNo {6505}
[13940] 2025/10/08 09:58:48.849 Add Basket MarketNo：0 StockIdx：33088
[13940] 2025/10/08 09:58:48.849 Divide StockNo {6510}
[13940] 2025/10/08 09:58:48.849 Add Basket MarketNo：1 StockIdx：962
[13940] 2025/10/08 09:58:48.849 Divide StockNo {6526}
[13940] 2025/10/08 09:58:48.849 Add Basket MarketNo：0 StockIdx：33091
[13940] 2025/10/08 09:58:48.849 Divide StockNo {6547}
[13940] 2025/10/08 09:58:48.849 Add Basket MarketNo：1 StockIdx：977
[13940] 2025/10/08 09:58:48.849 Divide StockNo {6669}
[13940] 2025/10/08 09:58:48.849 Add Basket MarketNo：0 StockIdx：33120
[13940] 2025/10/08 09:58:48.849 Divide StockNo {6757}
[13940] 2025/10/08 09:58:48.849 Add Basket MarketNo：0 StockIdx：33137
[13940] 2025/10/08 09:58:48.849 Divide StockNo {6770}
[13940] 2025/10/08 09:58:48.849 Add Basket MarketNo：0 StockIdx：33139
[13940] 2025/10/08 09:58:48.849 Divide StockNo {8039}
[13940] 2025/10/08 09:58:48.849 Add Basket MarketNo：0 StockIdx：33211
[13940] 2025/10/08 09:58:48.849 Divide StockNo {8044}
[13940] 2025/10/08 09:58:48.850 Add Basket MarketNo：1 StockIdx：12284
[13940] 2025/10/08 09:58:48.850 Divide StockNo {8046}
[13940] 2025/10/08 09:58:48.850 Add Basket MarketNo：0 StockIdx：33213
[13940] 2025/10/08 09:58:48.850 Divide StockNo {8069}
[13940] 2025/10/08 09:58:48.850 Add Basket MarketNo：1 StockIdx：12296
[13940] 2025/10/08 09:58:48.850 Divide StockNo {8086}
[13940] 2025/10/08 09:58:48.850 Add Basket MarketNo：1 StockIdx：12305
[13940] 2025/10/08 09:58:48.850 Divide StockNo {8112}
[13940] 2025/10/08 09:58:48.850 Add Basket MarketNo：0 StockIdx：33222
[13940] 2025/10/08 09:58:48.850 Divide StockNo {8150}
[13940] 2025/10/08 09:58:48.850 Add Basket MarketNo：0 StockIdx：33226
[13940] 2025/10/08 09:58:48.850 Divide StockNo {8163}
[13940] 2025/10/08 09:58:48.850 Add Basket MarketNo：0 StockIdx：33228
[13940] 2025/10/08 09:58:48.850 Divide StockNo {8299}
[13940] 2025/10/08 09:58:48.850 Add Basket MarketNo：1 StockIdx：12344
[13940] 2025/10/08 09:58:48.850 Divide StockNo {8358}
[13940] 2025/10/08 09:58:48.850 Add Basket MarketNo：1 StockIdx：12350
[13940] 2025/10/08 09:58:48.850 Divide StockNo {8436}
[13940] 2025/10/08 09:58:48.850 Add Basket MarketNo：1 StockIdx：12376
[13940] 2025/10/08 09:58:48.850 Divide StockNo {8454}
[13940] 2025/10/08 09:58:48.850 Add Basket MarketNo：0 StockIdx：33247
[13940] 2025/10/08 09:58:48.850 Divide StockNo {9904}
[13940] 2025/10/08 09:58:48.850 Add Basket MarketNo：0 StockIdx：33276
[13940] 2025/10/08 09:58:48.850 Divide StockNo {9914}
[13940] 2025/10/08 09:58:48.850 Add Basket MarketNo：0 StockIdx：33284
[13940] 2025/10/08 09:58:48.850 Divide StockNo {9938}
[13940] 2025/10/08 09:58:48.850 Add Basket MarketNo：0 StockIdx：33301
[13940] 2025/10/08 09:58:48.850 Divide StockNo {9939}
[13940] 2025/10/08 09:58:48.850 Add Basket MarketNo：0 StockIdx：33302
[13940] 2025/10/08 09:58:48.850 Divide StockNo {9945}
[13940] 2025/10/08 09:58:48.850 Add Basket MarketNo：0 StockIdx：33309
[13940] 2025/10/08 09:58:48.850 Divide StockNo {9958}
[13940] 2025/10/08 09:58:48.850 Add Basket MarketNo：0 StockIdx：33312
[13940] 2025/10/08 09:58:48.850 Divide StockNo {TSE}
[13940] 2025/10/08 09:58:48.850 Stock Is Not Exist 
[13940] 2025/10/08 09:58:48.850 Divide StockNo {TSE23}
[13940] 2025/10/08 09:58:48.850 Add Basket MarketNo：0 StockIdx：33629
[13940] 2025/10/08 09:58:48.850 Divide StockNo {TSE28}
[13940] 2025/10/08 09:58:48.850 Add Basket MarketNo：0 StockIdx：33634
[13940] 2025/10/08 09:58:48.850 Divide StockNo {TWMC}
[13940] 2025/10/08 09:58:48.850 Stock Is Not Exist 
[13940] 2025/10/08 09:58:48.850 Return PageNo： 1 
[20148] 2025/10/08 10:48:24.193 Precheck/DistributedServer Query result is 000,分配成功
[20148] 2025/10/08 10:48:24.193 >> Host srvsolace-tpa.capital.com.tw
[20148] 2025/10/08 10:48:24.242 SKQuoteLib_EnterMonitor IP：srvsolace-tpa.capital.com.tw
[20148] 2025/10/08 10:48:24.348 OnSessionConnect，Code: 3001, Error Code:0.
[20148] 2025/10/08 10:48:24.433 SKQuoteLib_EnterMonitorLONG starting
[20148] 2025/10/08 10:48:24.434 OnConnection ( 3001 , 0 ) 
[20148] 2025/10/08 10:48:25.668 Market Info is OK!
[20148] 2025/10/08 10:48:25.791 Catalog info is OK!
[20148] 2025/10/08 10:48:30.262 Solace RequestInitializeData (TO_S_19,S_1F)
[20148] 2025/10/08 10:48:30.262 Solace RequestInitializeData (TO_S_19,S_1F)
[20148] 2025/10/08 10:48:30.263 OnConnection ( 3003 , 0 ) 
[20148] 2025/10/08 10:48:31.937 SKQuoteLib_RequestStocks (1 , CAF00, CBF00, CCF00, CDF00, CEF00, CFF00, CGF00, CHF00, CJF00, CKF00, CLF00, CMF00, CNF00, CQF00, CRF00, CSF00, CUF00, CWF00, CXF00, CYF00, CZF00, DAF00, DBF00, DCF00, DEF00, DFF00, DGF00, DHF00, DIF00, DJF00, DKF00, DLF00, DNF00, DOF00, DPF00, DQF00, DSF00, DVF00, DWF00, DXF00, DYF00, DZF00, EEF00, EGF00, EHF00, EKF00, EMF00, EPF00, EYF00, EZF00, FBF00, FCF00, FEF00, FFF00, FGF00, FKF00, FNF00, FQF00, FRF00, FSF00, FTF00, FVF00, FWF00, FYF00, FZF00, GAF00, GCF00, GHF00, GIF00, GJF00, GKF00, GLF00, GMF00, GNF00, GOF00, GRF00, GUF00, GVF00, GWF00, GXF00, GYF00, GZF00, HAF00, HBF00, HCF00, HHF00, HIF00, HLF00, HOF00, HQF00, HSF00, IAF00, IHF00, IIF00, IJF00, IMF00, IOF00, IPF00, IQF00, IRF00, ITF00, IXF00, IYF00, IZF00, JBF00, JFF00, JMF00, JNF00, JPF00, JSF00, JWF00, JXF00, JZF00, KAF00, KBF00, KCF00, KDF00, KEF00, KFF00, KGF00, KIF00, KKF00, KLF00, KOF00, KPF00, KSF00, KUF00, KWF00, LBF00, LCF00, LEF00, LIF00, LMF00, LOF00, LQF00, LRF00, LTF00, LUF00, LVF00, LWF00, LXF00, LYF00, MAF00, MBF00, MJF00, MKF00, MQF00, MVF00, MYF00, NAF00, NBF00, NDF00, NEF00, NGF00, NIF00, NJF00, NLF00, NMF00, NOF00, NQF00, NSF00, NUF00, NVF00, NWF00, NYF00, OAF00, OBF00, ODF00, OEF00, OHF00, OJF00, OKF00, OLF00, OMF00, OOF00, OPF00, OQF00, ORF00, OSF00, OTF00, OUF00, OVF00, OWF00, OXF00, OYF00, OZF00, PAF00, PBF00, PCF00, PDF00, PEF00, PFF00, PGF00, PHF00, PIF00, PJF00, PKF00, PLF00, PMF00, PNF00, PPF00, PQF00, PRF00, PSF00, PTF00, PUF00, PVF00, PWF00, PXF00, PYF00, PZF00, QAF00, QBF00, QCF00, QDF00, QEF00, QFF00, QGF00, QHF00, QIF00, QJF00, QKF00, QLF00, QMF00, QNF00, QOF00, QPF00, QQF00, QRF00, QSF00, QTF00, QUF00, QVF00, QWF00, QXF00, QYF00, QZF00, RAF00, RBF00, RCF00, RDF00, REF00, RFF00, RGF00, RIF00, RJF00, RKF00, RLF00, RMF00, RNF00, ROF00, RPF00, RQF00, RRF00, RSF00, RUF00, RVF00, RWF00, RXF00, RYF00, RZF00, SAF00, SBF00, SCF00, SDF00, SEF00, SFF00, SGF00, SIF00, SJF00, SKF00, SLF00, SMF00, SNF00, SQF00, SRF00, SSF00, SUF00, SVF00, SWF00, SYF00, SZF00, UAF00, UBF00, UCF00, UEF00, UFF00, UGF00, UHF00, UIF00, UJF00, UKF00, ULF00, UMF00, UOF00, UPF00, UQF00, URF00, USF00, UTF00, UUF00, UVF00, UWF00, 0050, 0056, 006205, 006206, 00636, 00639, 00643, 00679B, 00687B, 00719B, 00757, 00772B, 00878, 00885, 00893, 00919, 00923, 00929, 00937B, 00940, 1101, 1102, 1210, 1216, 1301, 1303, 1312, 1314, 1319, 1326, 1402, 1440, 1476, 1477, 1503, 1504, 1513, 1536, 1565, 1590, 1605, 1609, 1707, 1717, 1718, 1722, 1795, 1802, 1904, 1905, 1907, 1909, 2002, 2006, 2014, 2027, 2049, 2059, 2105, 2201, 2231, 2301, 2303, 2308, 2312, 2313, 2317, 2323, 2324, 2327, 2328, 2330, 2331, 2332, 2337, 2338, 2340, 2344, 2345, 2347, 2352, 2353, 2354, 2355, 2356, 2357, 2360, 2368, 2371, 2376, 2377, 2379, 2382, 2383, 2385, 2388, 2392, 2393, 2401, 2404, 2408, 2409, 2412, 2439, 2441, 2449, 2454, 2455, 2457, 2458, 2474, 2481, 2485, 2486, 2489, 2492, 2498, 2515, 2520, 2542, 2548, 2603, 2605, 2606, 2609, 2610, 2615, 2618, 2633, 2634, 2801, 2834, 2880, 2881, 2882, 2883, 2884, 2885, 2886, 2887, 2888, 2890, 2891, 2892, 2913, 2915, 3005, 3006, 3008, 3017, 3019, 3034, 3035, 3036, 3037, 3042, 3044, 3045, 3078, 3081, 3105, 3152, 3189, 3227, 3231, 3260, 3264, 3293, 3324, 3374, 3376, 3380, 3406, 3443, 3481, 3529, 3532, 3533, 3552, 3653, 3661, 3673, 3680, 3691, 3702, 3706, 3711, 3714, 4123, 4128, 4162, 4736, 4743, 4904, 4919, 4938, 4958, 5009, 5269, 5274, 5347, 5371, 5388, 5425, 5457, 5483, 5534, 5871, 5876, 5880, 5904, 6005, 6116, 6121, 6139, 6147, 6153, 6173, 6176, 6182, 6188, 6213, 6223, 6239, 6245, 6257, 6269, 6271, 6274, 6278, 6279, 6282, 6285, 6414, 6443, 6472, 6488, 6505, 6510, 6526, 6547, 6669, 6757, 6770, 8039, 8044, 8046, 8069, 8086, 8112, 8150, 8163, 8299, 8358, 8436, 8454, 9904, 9914, 9938, 9939, 9945, 9958, TSE, TSE23, TSE28, TWMC)
[20148] 2025/10/08 10:48:31.941 Divide StockNo {CAF00}
[20148] 2025/10/08 10:48:31.941 Add Basket MarketNo：2 StockIdx：162
[20148] 2025/10/08 10:48:31.941 Divide StockNo {CBF00}
[20148] 2025/10/08 10:48:31.941 Add Basket MarketNo：2 StockIdx：168
[20148] 2025/10/08 10:48:31.941 Divide StockNo {CCF00}
[20148] 2025/10/08 10:48:31.941 Add Basket MarketNo：2 StockIdx：5613
[20148] 2025/10/08 10:48:31.941 Divide StockNo {CDF00}
[20148] 2025/10/08 10:48:31.941 Add Basket MarketNo：2 StockIdx：5619
[20148] 2025/10/08 10:48:31.941 Divide StockNo {CEF00}
[20148] 2025/10/08 10:48:31.941 Add Basket MarketNo：2 StockIdx：186
[20148] 2025/10/08 10:48:31.941 Divide StockNo {CFF00}
[20148] 2025/10/08 10:48:31.941 Add Basket MarketNo：2 StockIdx：196
[20148] 2025/10/08 10:48:31.941 Divide StockNo {CGF00}
[20148] 2025/10/08 10:48:31.941 Add Basket MarketNo：2 StockIdx：202
[20148] 2025/10/08 10:48:31.941 Divide StockNo {CHF00}
[20148] 2025/10/08 10:48:31.941 Add Basket MarketNo：2 StockIdx：208
[20148] 2025/10/08 10:48:31.941 Divide StockNo {CJF00}
[20148] 2025/10/08 10:48:31.941 Add Basket MarketNo：2 StockIdx：214
[20148] 2025/10/08 10:48:31.941 Divide StockNo {CKF00}
[20148] 2025/10/08 10:48:31.941 Add Basket MarketNo：2 StockIdx：220
[20148] 2025/10/08 10:48:31.941 Divide StockNo {CLF00}
[20148] 2025/10/08 10:48:31.941 Add Basket MarketNo：2 StockIdx：226
[20148] 2025/10/08 10:48:31.941 Divide StockNo {CMF00}
[20148] 2025/10/08 10:48:31.941 Add Basket MarketNo：2 StockIdx：232
[20148] 2025/10/08 10:48:31.941 Divide StockNo {CNF00}
[20148] 2025/10/08 10:48:31.941 Add Basket MarketNo：2 StockIdx：238
[20148] 2025/10/08 10:48:31.941 Divide StockNo {CQF00}
[20148] 2025/10/08 10:48:31.941 Add Basket MarketNo：2 StockIdx：244
[20148] 2025/10/08 10:48:31.941 Divide StockNo {CRF00}
[20148] 2025/10/08 10:48:31.941 Add Basket MarketNo：2 StockIdx：250
[20148] 2025/10/08 10:48:31.941 Divide StockNo {CSF00}
[20148] 2025/10/08 10:48:31.941 Add Basket MarketNo：2 StockIdx：256
[20148] 2025/10/08 10:48:31.941 Divide StockNo {CUF00}
[20148] 2025/10/08 10:48:31.941 Add Basket MarketNo：2 StockIdx：263
[20148] 2025/10/08 10:48:31.941 Divide StockNo {CWF00}
[20148] 2025/10/08 10:48:31.941 Add Basket MarketNo：2 StockIdx：269
[20148] 2025/10/08 10:48:31.941 Divide StockNo {CXF00}
[20148] 2025/10/08 10:48:31.941 Add Basket MarketNo：2 StockIdx：279
[20148] 2025/10/08 10:48:31.941 Divide StockNo {CYF00}
[20148] 2025/10/08 10:48:31.941 Add Basket MarketNo：2 StockIdx：285
[20148] 2025/10/08 10:48:31.941 Divide StockNo {CZF00}
[20148] 2025/10/08 10:48:31.941 Add Basket MarketNo：2 StockIdx：291
[20148] 2025/10/08 10:48:31.941 Divide StockNo {DAF00}
[20148] 2025/10/08 10:48:31.941 Add Basket MarketNo：2 StockIdx：297
[20148] 2025/10/08 10:48:31.941 Divide StockNo {DBF00}
[20148] 2025/10/08 10:48:31.941 Add Basket MarketNo：2 StockIdx：303
[20148] 2025/10/08 10:48:31.941 Divide StockNo {DCF00}
[20148] 2025/10/08 10:48:31.941 Add Basket MarketNo：2 StockIdx：309
[20148] 2025/10/08 10:48:31.941 Divide StockNo {DEF00}
[20148] 2025/10/08 10:48:31.941 Add Basket MarketNo：2 StockIdx：316
[20148] 2025/10/08 10:48:31.941 Divide StockNo {DFF00}
[20148] 2025/10/08 10:48:31.941 Add Basket MarketNo：2 StockIdx：324
[20148] 2025/10/08 10:48:31.941 Divide StockNo {DGF00}
[20148] 2025/10/08 10:48:31.942 Add Basket MarketNo：2 StockIdx：330
[20148] 2025/10/08 10:48:31.942 Divide StockNo {DHF00}
[20148] 2025/10/08 10:48:31.942 Add Basket MarketNo：2 StockIdx：336
[20148] 2025/10/08 10:48:31.942 Divide StockNo {DIF00}
[20148] 2025/10/08 10:48:31.942 Add Basket MarketNo：2 StockIdx：342
[20148] 2025/10/08 10:48:31.942 Divide StockNo {DJF00}
[20148] 2025/10/08 10:48:31.942 Add Basket MarketNo：2 StockIdx：348
[20148] 2025/10/08 10:48:31.942 Divide StockNo {DKF00}
[20148] 2025/10/08 10:48:31.942 Add Basket MarketNo：2 StockIdx：354
[20148] 2025/10/08 10:48:31.942 Divide StockNo {DLF00}
[20148] 2025/10/08 10:48:31.942 Add Basket MarketNo：2 StockIdx：360
[20148] 2025/10/08 10:48:31.942 Divide StockNo {DNF00}
[20148] 2025/10/08 10:48:31.942 Add Basket MarketNo：2 StockIdx：366
[20148] 2025/10/08 10:48:31.942 Divide StockNo {DOF00}
[20148] 2025/10/08 10:48:31.942 Add Basket MarketNo：2 StockIdx：373
[20148] 2025/10/08 10:48:31.942 Divide StockNo {DPF00}
[20148] 2025/10/08 10:48:31.942 Add Basket MarketNo：2 StockIdx：380
[20148] 2025/10/08 10:48:31.942 Divide StockNo {DQF00}
[20148] 2025/10/08 10:48:31.942 Add Basket MarketNo：2 StockIdx：386
[20148] 2025/10/08 10:48:31.942 Divide StockNo {DSF00}
[20148] 2025/10/08 10:48:31.942 Add Basket MarketNo：2 StockIdx：392
[20148] 2025/10/08 10:48:31.942 Divide StockNo {DVF00}
[20148] 2025/10/08 10:48:31.942 Add Basket MarketNo：2 StockIdx：398
[20148] 2025/10/08 10:48:31.942 Divide StockNo {DWF00}
[20148] 2025/10/08 10:48:31.942 Add Basket MarketNo：2 StockIdx：404
[20148] 2025/10/08 10:48:31.942 Divide StockNo {DXF00}
[20148] 2025/10/08 10:48:31.942 Add Basket MarketNo：2 StockIdx：410
[20148] 2025/10/08 10:48:31.942 Divide StockNo {DYF00}
[20148] 2025/10/08 10:48:31.942 Add Basket MarketNo：2 StockIdx：416
[20148] 2025/10/08 10:48:31.942 Divide StockNo {DZF00}
[20148] 2025/10/08 10:48:31.942 Add Basket MarketNo：2 StockIdx：422
[20148] 2025/10/08 10:48:31.942 Divide StockNo {EEF00}
[20148] 2025/10/08 10:48:31.942 Add Basket MarketNo：2 StockIdx：428
[20148] 2025/10/08 10:48:31.942 Divide StockNo {EGF00}
[20148] 2025/10/08 10:48:31.942 Add Basket MarketNo：2 StockIdx：434
[20148] 2025/10/08 10:48:31.942 Divide StockNo {EHF00}
[20148] 2025/10/08 10:48:31.942 Add Basket MarketNo：2 StockIdx：440
[20148] 2025/10/08 10:48:31.942 Divide StockNo {EKF00}
[20148] 2025/10/08 10:48:31.942 Add Basket MarketNo：2 StockIdx：446
[20148] 2025/10/08 10:48:31.942 Divide StockNo {EMF00}
[20148] 2025/10/08 10:48:31.942 Add Basket MarketNo：2 StockIdx：452
[20148] 2025/10/08 10:48:31.942 Divide StockNo {EPF00}
[20148] 2025/10/08 10:48:31.942 Add Basket MarketNo：2 StockIdx：458
[20148] 2025/10/08 10:48:31.942 Divide StockNo {EYF00}
[20148] 2025/10/08 10:48:31.942 Add Basket MarketNo：2 StockIdx：464
[20148] 2025/10/08 10:48:31.942 Divide StockNo {EZF00}
[20148] 2025/10/08 10:48:31.942 Add Basket MarketNo：2 StockIdx：470
[20148] 2025/10/08 10:48:31.942 Divide StockNo {FBF00}
[20148] 2025/10/08 10:48:31.942 Add Basket MarketNo：2 StockIdx：476
[20148] 2025/10/08 10:48:31.942 Divide StockNo {FCF00}
[20148] 2025/10/08 10:48:31.942 Add Basket MarketNo：2 StockIdx：482
[20148] 2025/10/08 10:48:31.942 Divide StockNo {FEF00}
[20148] 2025/10/08 10:48:31.942 Add Basket MarketNo：2 StockIdx：487
[20148] 2025/10/08 10:48:31.942 Divide StockNo {FFF00}
[20148] 2025/10/08 10:48:31.942 Add Basket MarketNo：2 StockIdx：494
[20148] 2025/10/08 10:48:31.942 Divide StockNo {FGF00}
[20148] 2025/10/08 10:48:31.942 Add Basket MarketNo：2 StockIdx：500
[20148] 2025/10/08 10:48:31.942 Divide StockNo {FKF00}
[20148] 2025/10/08 10:48:31.942 Add Basket MarketNo：2 StockIdx：506
[20148] 2025/10/08 10:48:31.942 Divide StockNo {FNF00}
[20148] 2025/10/08 10:48:31.942 Add Basket MarketNo：2 StockIdx：512
[20148] 2025/10/08 10:48:31.942 Divide StockNo {FQF00}
[20148] 2025/10/08 10:48:31.942 Add Basket MarketNo：2 StockIdx：518
[20148] 2025/10/08 10:48:31.942 Divide StockNo {FRF00}
[20148] 2025/10/08 10:48:31.942 Add Basket MarketNo：2 StockIdx：524
[20148] 2025/10/08 10:48:31.942 Divide StockNo {FSF00}
[20148] 2025/10/08 10:48:31.942 Add Basket MarketNo：2 StockIdx：530
[20148] 2025/10/08 10:48:31.942 Divide StockNo {FTF00}
[20148] 2025/10/08 10:48:31.942 Add Basket MarketNo：2 StockIdx：536
[20148] 2025/10/08 10:48:31.943 Divide StockNo {FVF00}
[20148] 2025/10/08 10:48:31.943 Add Basket MarketNo：2 StockIdx：542
[20148] 2025/10/08 10:48:31.943 Divide StockNo {FWF00}
[20148] 2025/10/08 10:48:31.943 Add Basket MarketNo：2 StockIdx：548
[20148] 2025/10/08 10:48:31.943 Divide StockNo {FYF00}
[20148] 2025/10/08 10:48:31.943 Add Basket MarketNo：2 StockIdx：554
[20148] 2025/10/08 10:48:31.943 Divide StockNo {FZF00}
[20148] 2025/10/08 10:48:31.943 Add Basket MarketNo：2 StockIdx：560
[20148] 2025/10/08 10:48:31.943 Divide StockNo {GAF00}
[20148] 2025/10/08 10:48:31.943 Add Basket MarketNo：2 StockIdx：566
[20148] 2025/10/08 10:48:31.943 Divide StockNo {GCF00}
[20148] 2025/10/08 10:48:31.943 Add Basket MarketNo：2 StockIdx：572
[20148] 2025/10/08 10:48:31.943 Divide StockNo {GHF00}
[20148] 2025/10/08 10:48:31.943 Add Basket MarketNo：2 StockIdx：578
[20148] 2025/10/08 10:48:31.943 Divide StockNo {GIF00}
[20148] 2025/10/08 10:48:31.943 Add Basket MarketNo：2 StockIdx：584
[20148] 2025/10/08 10:48:31.943 Divide StockNo {GJF00}
[20148] 2025/10/08 10:48:31.943 Add Basket MarketNo：2 StockIdx：590
[20148] 2025/10/08 10:48:31.943 Divide StockNo {GKF00}
[20148] 2025/10/08 10:48:31.943 Add Basket MarketNo：2 StockIdx：596
[20148] 2025/10/08 10:48:31.943 Divide StockNo {GLF00}
[20148] 2025/10/08 10:48:31.943 Add Basket MarketNo：2 StockIdx：602
[20148] 2025/10/08 10:48:31.943 Divide StockNo {GMF00}
[20148] 2025/10/08 10:48:31.943 Add Basket MarketNo：2 StockIdx：608
[20148] 2025/10/08 10:48:31.943 Divide StockNo {GNF00}
[20148] 2025/10/08 10:48:31.943 Add Basket MarketNo：2 StockIdx：614
[20148] 2025/10/08 10:48:31.943 Divide StockNo {GOF00}
[20148] 2025/10/08 10:48:31.943 Add Basket MarketNo：2 StockIdx：620
[20148] 2025/10/08 10:48:31.943 Divide StockNo {GRF00}
[20148] 2025/10/08 10:48:31.943 Add Basket MarketNo：2 StockIdx：626
[20148] 2025/10/08 10:48:31.943 Divide StockNo {GUF00}
[20148] 2025/10/08 10:48:31.943 Add Basket MarketNo：2 StockIdx：632
[20148] 2025/10/08 10:48:31.943 Divide StockNo {GVF00}
[20148] 2025/10/08 10:48:31.943 Add Basket MarketNo：2 StockIdx：638
[20148] 2025/10/08 10:48:31.943 Divide StockNo {GWF00}
[20148] 2025/10/08 10:48:31.943 Add Basket MarketNo：2 StockIdx：644
[20148] 2025/10/08 10:48:31.943 Divide StockNo {GXF00}
[20148] 2025/10/08 10:48:31.943 Add Basket MarketNo：2 StockIdx：650
[20148] 2025/10/08 10:48:31.943 Divide StockNo {GYF00}
[20148] 2025/10/08 10:48:31.943 Add Basket MarketNo：2 StockIdx：656
[20148] 2025/10/08 10:48:31.943 Divide StockNo {GZF00}
[20148] 2025/10/08 10:48:31.943 Add Basket MarketNo：2 StockIdx：662
[20148] 2025/10/08 10:48:31.943 Divide StockNo {HAF00}
[20148] 2025/10/08 10:48:31.943 Add Basket MarketNo：2 StockIdx：668
[20148] 2025/10/08 10:48:31.943 Divide StockNo {HBF00}
[20148] 2025/10/08 10:48:31.943 Add Basket MarketNo：2 StockIdx：679
[20148] 2025/10/08 10:48:31.943 Divide StockNo {HCF00}
[20148] 2025/10/08 10:48:31.943 Add Basket MarketNo：2 StockIdx：685
[20148] 2025/10/08 10:48:31.943 Divide StockNo {HHF00}
[20148] 2025/10/08 10:48:31.943 Add Basket MarketNo：2 StockIdx：691
[20148] 2025/10/08 10:48:31.943 Divide StockNo {HIF00}
[20148] 2025/10/08 10:48:31.943 Add Basket MarketNo：2 StockIdx：697
[20148] 2025/10/08 10:48:31.943 Divide StockNo {HLF00}
[20148] 2025/10/08 10:48:31.943 Add Basket MarketNo：2 StockIdx：703
[20148] 2025/10/08 10:48:31.943 Divide StockNo {HOF00}
[20148] 2025/10/08 10:48:31.943 Add Basket MarketNo：2 StockIdx：715
[20148] 2025/10/08 10:48:31.943 Divide StockNo {HQF00}
[20148] 2025/10/08 10:48:31.944 Add Basket MarketNo：2 StockIdx：722
[20148] 2025/10/08 10:48:31.944 Divide StockNo {HSF00}
[20148] 2025/10/08 10:48:31.944 Add Basket MarketNo：2 StockIdx：728
[20148] 2025/10/08 10:48:31.944 Divide StockNo {IAF00}
[20148] 2025/10/08 10:48:31.944 Add Basket MarketNo：2 StockIdx：734
[20148] 2025/10/08 10:48:31.944 Divide StockNo {IHF00}
[20148] 2025/10/08 10:48:31.944 Add Basket MarketNo：2 StockIdx：742
[20148] 2025/10/08 10:48:31.944 Divide StockNo {IIF00}
[20148] 2025/10/08 10:48:31.944 Add Basket MarketNo：2 StockIdx：748
[20148] 2025/10/08 10:48:31.944 Divide StockNo {IJF00}
[20148] 2025/10/08 10:48:31.944 Add Basket MarketNo：2 StockIdx：754
[20148] 2025/10/08 10:48:31.944 Divide StockNo {IMF00}
[20148] 2025/10/08 10:48:31.944 Add Basket MarketNo：2 StockIdx：760
[20148] 2025/10/08 10:48:31.944 Divide StockNo {IOF00}
[20148] 2025/10/08 10:48:31.944 Add Basket MarketNo：2 StockIdx：766
[20148] 2025/10/08 10:48:31.944 Divide StockNo {IPF00}
[20148] 2025/10/08 10:48:31.944 Add Basket MarketNo：2 StockIdx：772
[20148] 2025/10/08 10:48:31.944 Divide StockNo {IQF00}
[20148] 2025/10/08 10:48:31.944 Add Basket MarketNo：2 StockIdx：778
[20148] 2025/10/08 10:48:31.944 Divide StockNo {IRF00}
[20148] 2025/10/08 10:48:31.944 Add Basket MarketNo：2 StockIdx：784
[20148] 2025/10/08 10:48:31.944 Divide StockNo {ITF00}
[20148] 2025/10/08 10:48:31.944 Add Basket MarketNo：2 StockIdx：790
[20148] 2025/10/08 10:48:31.944 Divide StockNo {IXF00}
[20148] 2025/10/08 10:48:31.944 Add Basket MarketNo：2 StockIdx：796
[20148] 2025/10/08 10:48:31.944 Divide StockNo {IYF00}
[20148] 2025/10/08 10:48:31.944 Add Basket MarketNo：2 StockIdx：802
[20148] 2025/10/08 10:48:31.944 Divide StockNo {IZF00}
[20148] 2025/10/08 10:48:31.944 Add Basket MarketNo：2 StockIdx：808
[20148] 2025/10/08 10:48:31.944 Divide StockNo {JBF00}
[20148] 2025/10/08 10:48:31.944 Add Basket MarketNo：2 StockIdx：814
[20148] 2025/10/08 10:48:31.944 Divide StockNo {JFF00}
[20148] 2025/10/08 10:48:31.944 Add Basket MarketNo：2 StockIdx：820
[20148] 2025/10/08 10:48:31.944 Divide StockNo {JMF00}
[20148] 2025/10/08 10:48:31.944 Add Basket MarketNo：2 StockIdx：826
[20148] 2025/10/08 10:48:31.944 Divide StockNo {JNF00}
[20148] 2025/10/08 10:48:31.944 Add Basket MarketNo：2 StockIdx：832
[20148] 2025/10/08 10:48:31.944 Divide StockNo {JPF00}
[20148] 2025/10/08 10:48:31.944 Add Basket MarketNo：2 StockIdx：838
[20148] 2025/10/08 10:48:31.944 Divide StockNo {JSF00}
[20148] 2025/10/08 10:48:31.944 Add Basket MarketNo：2 StockIdx：844
[20148] 2025/10/08 10:48:31.944 Divide StockNo {JWF00}
[20148] 2025/10/08 10:48:31.944 Add Basket MarketNo：2 StockIdx：850
[20148] 2025/10/08 10:48:31.945 Divide StockNo {JXF00}
[20148] 2025/10/08 10:48:31.945 Add Basket MarketNo：2 StockIdx：856
[20148] 2025/10/08 10:48:31.945 Divide StockNo {JZF00}
[20148] 2025/10/08 10:48:31.945 Add Basket MarketNo：2 StockIdx：862
[20148] 2025/10/08 10:48:31.945 Divide StockNo {KAF00}
[20148] 2025/10/08 10:48:31.945 Add Basket MarketNo：2 StockIdx：868
[20148] 2025/10/08 10:48:31.945 Divide StockNo {KBF00}
[20148] 2025/10/08 10:48:31.945 Add Basket MarketNo：2 StockIdx：874
[20148] 2025/10/08 10:48:31.945 Divide StockNo {KCF00}
[20148] 2025/10/08 10:48:31.945 Add Basket MarketNo：2 StockIdx：880
[20148] 2025/10/08 10:48:31.945 Divide StockNo {KDF00}
[20148] 2025/10/08 10:48:31.945 Add Basket MarketNo：2 StockIdx：886
[20148] 2025/10/08 10:48:31.945 Divide StockNo {KEF00}
[20148] 2025/10/08 10:48:31.945 Add Basket MarketNo：2 StockIdx：892
[20148] 2025/10/08 10:48:31.945 Divide StockNo {KFF00}
[20148] 2025/10/08 10:48:31.945 Add Basket MarketNo：2 StockIdx：898
[20148] 2025/10/08 10:48:31.945 Divide StockNo {KGF00}
[20148] 2025/10/08 10:48:31.945 Add Basket MarketNo：2 StockIdx：904
[20148] 2025/10/08 10:48:31.945 Divide StockNo {KIF00}
[20148] 2025/10/08 10:48:31.945 Add Basket MarketNo：2 StockIdx：910
[20148] 2025/10/08 10:48:31.945 Divide StockNo {KKF00}
[20148] 2025/10/08 10:48:31.945 Add Basket MarketNo：2 StockIdx：916
[20148] 2025/10/08 10:48:31.945 Divide StockNo {KLF00}
[20148] 2025/10/08 10:48:31.945 Add Basket MarketNo：2 StockIdx：922
[20148] 2025/10/08 10:48:31.945 Divide StockNo {KOF00}
[20148] 2025/10/08 10:48:31.945 Add Basket MarketNo：2 StockIdx：928
[20148] 2025/10/08 10:48:31.945 Divide StockNo {KPF00}
[20148] 2025/10/08 10:48:31.945 Add Basket MarketNo：2 StockIdx：934
[20148] 2025/10/08 10:48:31.945 Divide StockNo {KSF00}
[20148] 2025/10/08 10:48:31.945 Add Basket MarketNo：2 StockIdx：940
[20148] 2025/10/08 10:48:31.945 Divide StockNo {KUF00}
[20148] 2025/10/08 10:48:31.945 Add Basket MarketNo：2 StockIdx：946
[20148] 2025/10/08 10:48:31.945 Divide StockNo {KWF00}
[20148] 2025/10/08 10:48:31.945 Add Basket MarketNo：2 StockIdx：952
[20148] 2025/10/08 10:48:31.945 Divide StockNo {LBF00}
[20148] 2025/10/08 10:48:31.945 Add Basket MarketNo：2 StockIdx：958
[20148] 2025/10/08 10:48:31.945 Divide StockNo {LCF00}
[20148] 2025/10/08 10:48:31.945 Add Basket MarketNo：2 StockIdx：964
[20148] 2025/10/08 10:48:31.945 Divide StockNo {LEF00}
[20148] 2025/10/08 10:48:31.945 Add Basket MarketNo：2 StockIdx：970
[20148] 2025/10/08 10:48:31.945 Divide StockNo {LIF00}
[20148] 2025/10/08 10:48:31.945 Add Basket MarketNo：2 StockIdx：976
[20148] 2025/10/08 10:48:31.945 Divide StockNo {LMF00}
[20148] 2025/10/08 10:48:31.945 Add Basket MarketNo：2 StockIdx：982
[20148] 2025/10/08 10:48:31.945 Divide StockNo {LOF00}
[20148] 2025/10/08 10:48:31.945 Add Basket MarketNo：2 StockIdx：988
[20148] 2025/10/08 10:48:31.945 Divide StockNo {LQF00}
[20148] 2025/10/08 10:48:31.946 Add Basket MarketNo：2 StockIdx：994
[20148] 2025/10/08 10:48:31.946 Divide StockNo {LRF00}
[20148] 2025/10/08 10:48:31.946 Add Basket MarketNo：2 StockIdx：1000
[20148] 2025/10/08 10:48:31.946 Divide StockNo {LTF00}
[20148] 2025/10/08 10:48:31.946 Add Basket MarketNo：2 StockIdx：1010
[20148] 2025/10/08 10:48:31.946 Divide StockNo {LUF00}
[20148] 2025/10/08 10:48:31.946 Add Basket MarketNo：2 StockIdx：1016
[20148] 2025/10/08 10:48:31.946 Divide StockNo {LVF00}
[20148] 2025/10/08 10:48:31.946 Add Basket MarketNo：2 StockIdx：1022
[20148] 2025/10/08 10:48:31.946 Divide StockNo {LWF00}
[20148] 2025/10/08 10:48:31.946 Add Basket MarketNo：2 StockIdx：1030
[20148] 2025/10/08 10:48:31.946 Divide StockNo {LXF00}
[20148] 2025/10/08 10:48:31.946 Add Basket MarketNo：2 StockIdx：1036
[20148] 2025/10/08 10:48:31.946 Divide StockNo {LYF00}
[20148] 2025/10/08 10:48:31.946 Add Basket MarketNo：2 StockIdx：1043
[20148] 2025/10/08 10:48:31.946 Divide StockNo {MAF00}
[20148] 2025/10/08 10:48:31.946 Add Basket MarketNo：2 StockIdx：1049
[20148] 2025/10/08 10:48:31.946 Divide StockNo {MBF00}
[20148] 2025/10/08 10:48:31.946 Add Basket MarketNo：2 StockIdx：1052
[20148] 2025/10/08 10:48:31.946 Divide StockNo {MJF00}
[20148] 2025/10/08 10:48:31.946 Add Basket MarketNo：2 StockIdx：1058
[20148] 2025/10/08 10:48:31.946 Divide StockNo {MKF00}
[20148] 2025/10/08 10:48:31.946 Add Basket MarketNo：2 StockIdx：1064
[20148] 2025/10/08 10:48:31.946 Divide StockNo {MQF00}
[20148] 2025/10/08 10:48:31.946 Add Basket MarketNo：2 StockIdx：1070
[20148] 2025/10/08 10:48:31.946 Divide StockNo {MVF00}
[20148] 2025/10/08 10:48:31.946 Add Basket MarketNo：2 StockIdx：1076
[20148] 2025/10/08 10:48:31.946 Divide StockNo {MYF00}
[20148] 2025/10/08 10:48:31.946 Add Basket MarketNo：2 StockIdx：1082
[20148] 2025/10/08 10:48:31.946 Divide StockNo {NAF00}
[20148] 2025/10/08 10:48:31.946 Add Basket MarketNo：2 StockIdx：1088
[20148] 2025/10/08 10:48:31.946 Divide StockNo {NBF00}
[20148] 2025/10/08 10:48:31.946 Add Basket MarketNo：2 StockIdx：1094
[20148] 2025/10/08 10:48:31.946 Divide StockNo {NDF00}
[20148] 2025/10/08 10:48:31.946 Add Basket MarketNo：2 StockIdx：1100
[20148] 2025/10/08 10:48:31.946 Divide StockNo {NEF00}
[20148] 2025/10/08 10:48:31.946 Add Basket MarketNo：2 StockIdx：1106
[20148] 2025/10/08 10:48:31.946 Divide StockNo {NGF00}
[20148] 2025/10/08 10:48:31.947 Add Basket MarketNo：2 StockIdx：1112
[20148] 2025/10/08 10:48:31.947 Divide StockNo {NIF00}
[20148] 2025/10/08 10:48:31.947 Add Basket MarketNo：2 StockIdx：1118
[20148] 2025/10/08 10:48:31.947 Divide StockNo {NJF00}
[20148] 2025/10/08 10:48:31.947 Add Basket MarketNo：2 StockIdx：1127
[20148] 2025/10/08 10:48:31.947 Divide StockNo {NLF00}
[20148] 2025/10/08 10:48:31.947 Add Basket MarketNo：2 StockIdx：1133
[20148] 2025/10/08 10:48:31.947 Divide StockNo {NMF00}
[20148] 2025/10/08 10:48:31.947 Add Basket MarketNo：2 StockIdx：1139
[20148] 2025/10/08 10:48:31.947 Divide StockNo {NOF00}
[20148] 2025/10/08 10:48:31.947 Add Basket MarketNo：2 StockIdx：1145
[20148] 2025/10/08 10:48:31.947 Divide StockNo {NQF00}
[20148] 2025/10/08 10:48:31.947 Add Basket MarketNo：2 StockIdx：1151
[20148] 2025/10/08 10:48:31.947 Divide StockNo {NSF00}
[20148] 2025/10/08 10:48:31.947 Add Basket MarketNo：2 StockIdx：1157
[20148] 2025/10/08 10:48:31.947 Divide StockNo {NUF00}
[20148] 2025/10/08 10:48:31.947 Add Basket MarketNo：2 StockIdx：1163
[20148] 2025/10/08 10:48:31.947 Divide StockNo {NVF00}
[20148] 2025/10/08 10:48:31.947 Add Basket MarketNo：2 StockIdx：1169
[20148] 2025/10/08 10:48:31.947 Divide StockNo {NWF00}
[20148] 2025/10/08 10:48:31.947 Add Basket MarketNo：2 StockIdx：1175
[20148] 2025/10/08 10:48:31.947 Divide StockNo {NYF00}
[20148] 2025/10/08 10:48:31.947 Add Basket MarketNo：2 StockIdx：5625
[20148] 2025/10/08 10:48:31.947 Divide StockNo {OAF00}
[20148] 2025/10/08 10:48:31.947 Add Basket MarketNo：2 StockIdx：1187
[20148] 2025/10/08 10:48:31.947 Divide StockNo {OBF00}
[20148] 2025/10/08 10:48:31.947 Add Basket MarketNo：2 StockIdx：1193
[20148] 2025/10/08 10:48:31.947 Divide StockNo {ODF00}
[20148] 2025/10/08 10:48:31.947 Add Basket MarketNo：2 StockIdx：1199
[20148] 2025/10/08 10:48:31.947 Divide StockNo {OEF00}
[20148] 2025/10/08 10:48:31.947 Add Basket MarketNo：2 StockIdx：1205
[20148] 2025/10/08 10:48:31.947 Divide StockNo {OHF00}
[20148] 2025/10/08 10:48:31.947 Add Basket MarketNo：2 StockIdx：1211
[20148] 2025/10/08 10:48:31.947 Divide StockNo {OJF00}
[20148] 2025/10/08 10:48:31.947 Add Basket MarketNo：2 StockIdx：1219
[20148] 2025/10/08 10:48:31.947 Divide StockNo {OKF00}
[20148] 2025/10/08 10:48:31.947 Add Basket MarketNo：2 StockIdx：1225
[20148] 2025/10/08 10:48:31.947 Divide StockNo {OLF00}
[20148] 2025/10/08 10:48:31.947 Add Basket MarketNo：2 StockIdx：1231
[20148] 2025/10/08 10:48:31.947 Divide StockNo {OMF00}
[20148] 2025/10/08 10:48:31.947 Add Basket MarketNo：2 StockIdx：1237
[20148] 2025/10/08 10:48:31.947 Divide StockNo {OOF00}
[20148] 2025/10/08 10:48:31.947 Add Basket MarketNo：2 StockIdx：1243
[20148] 2025/10/08 10:48:31.947 Divide StockNo {OPF00}
[20148] 2025/10/08 10:48:31.947 Add Basket MarketNo：2 StockIdx：1249
[20148] 2025/10/08 10:48:31.947 Divide StockNo {OQF00}
[20148] 2025/10/08 10:48:31.947 Add Basket MarketNo：2 StockIdx：1255
[20148] 2025/10/08 10:48:31.948 Divide StockNo {ORF00}
[20148] 2025/10/08 10:48:31.948 Add Basket MarketNo：2 StockIdx：1261
[20148] 2025/10/08 10:48:31.948 Divide StockNo {OSF00}
[20148] 2025/10/08 10:48:31.948 Add Basket MarketNo：2 StockIdx：1267
[20148] 2025/10/08 10:48:31.948 Divide StockNo {OTF00}
[20148] 2025/10/08 10:48:31.948 Add Basket MarketNo：2 StockIdx：1273
[20148] 2025/10/08 10:48:31.948 Divide StockNo {OUF00}
[20148] 2025/10/08 10:48:31.948 Add Basket MarketNo：2 StockIdx：1279
[20148] 2025/10/08 10:48:31.948 Divide StockNo {OVF00}
[20148] 2025/10/08 10:48:31.948 Add Basket MarketNo：2 StockIdx：1285
[20148] 2025/10/08 10:48:31.948 Divide StockNo {OWF00}
[20148] 2025/10/08 10:48:31.948 Add Basket MarketNo：2 StockIdx：1291
[20148] 2025/10/08 10:48:31.948 Divide StockNo {OXF00}
[20148] 2025/10/08 10:48:31.948 Add Basket MarketNo：2 StockIdx：1297
[20148] 2025/10/08 10:48:31.948 Divide StockNo {OYF00}
[20148] 2025/10/08 10:48:31.948 Add Basket MarketNo：2 StockIdx：1303
[20148] 2025/10/08 10:48:31.948 Divide StockNo {OZF00}
[20148] 2025/10/08 10:48:31.948 Add Basket MarketNo：2 StockIdx：1309
[20148] 2025/10/08 10:48:31.948 Divide StockNo {PAF00}
[20148] 2025/10/08 10:48:31.948 Add Basket MarketNo：2 StockIdx：1315
[20148] 2025/10/08 10:48:31.948 Divide StockNo {PBF00}
[20148] 2025/10/08 10:48:31.948 Add Basket MarketNo：2 StockIdx：1321
[20148] 2025/10/08 10:48:31.948 Divide StockNo {PCF00}
[20148] 2025/10/08 10:48:31.948 Add Basket MarketNo：2 StockIdx：1327
[20148] 2025/10/08 10:48:31.948 Divide StockNo {PDF00}
[20148] 2025/10/08 10:48:31.948 Add Basket MarketNo：2 StockIdx：1333
[20148] 2025/10/08 10:48:31.948 Divide StockNo {PEF00}
[20148] 2025/10/08 10:48:31.948 Add Basket MarketNo：2 StockIdx：1339
[20148] 2025/10/08 10:48:31.948 Divide StockNo {PFF00}
[20148] 2025/10/08 10:48:31.948 Add Basket MarketNo：2 StockIdx：1345
[20148] 2025/10/08 10:48:31.948 Divide StockNo {PGF00}
[20148] 2025/10/08 10:48:31.948 Add Basket MarketNo：2 StockIdx：1351
[20148] 2025/10/08 10:48:31.948 Divide StockNo {PHF00}
[20148] 2025/10/08 10:48:31.948 Add Basket MarketNo：2 StockIdx：1357
[20148] 2025/10/08 10:48:31.948 Divide StockNo {PIF00}
[20148] 2025/10/08 10:48:31.948 Add Basket MarketNo：2 StockIdx：1363
[20148] 2025/10/08 10:48:31.948 Divide StockNo {PJF00}
[20148] 2025/10/08 10:48:31.948 Add Basket MarketNo：2 StockIdx：1369
[20148] 2025/10/08 10:48:31.948 Divide StockNo {PKF00}
[20148] 2025/10/08 10:48:31.948 Add Basket MarketNo：2 StockIdx：1375
[20148] 2025/10/08 10:48:31.948 Divide StockNo {PLF00}
[20148] 2025/10/08 10:48:31.948 Add Basket MarketNo：2 StockIdx：1381
[20148] 2025/10/08 10:48:31.948 Divide StockNo {PMF00}
[20148] 2025/10/08 10:48:31.948 Add Basket MarketNo：2 StockIdx：1387
[20148] 2025/10/08 10:48:31.948 Divide StockNo {PNF00}
[20148] 2025/10/08 10:48:31.948 Add Basket MarketNo：2 StockIdx：1393
[20148] 2025/10/08 10:48:31.948 Divide StockNo {PPF00}
[20148] 2025/10/08 10:48:31.948 Add Basket MarketNo：2 StockIdx：1399
[20148] 2025/10/08 10:48:31.948 Divide StockNo {PQF00}
[20148] 2025/10/08 10:48:31.949 Add Basket MarketNo：2 StockIdx：1405
[20148] 2025/10/08 10:48:31.949 Divide StockNo {PRF00}
[20148] 2025/10/08 10:48:31.949 Add Basket MarketNo：2 StockIdx：1411
[20148] 2025/10/08 10:48:31.949 Divide StockNo {PSF00}
[20148] 2025/10/08 10:48:31.949 Add Basket MarketNo：2 StockIdx：1417
[20148] 2025/10/08 10:48:31.949 Divide StockNo {PTF00}
[20148] 2025/10/08 10:48:31.949 Add Basket MarketNo：2 StockIdx：1426
[20148] 2025/10/08 10:48:31.949 Divide StockNo {PUF00}
[20148] 2025/10/08 10:48:31.949 Add Basket MarketNo：2 StockIdx：1432
[20148] 2025/10/08 10:48:31.949 Divide StockNo {PVF00}
[20148] 2025/10/08 10:48:31.949 Add Basket MarketNo：2 StockIdx：1438
[20148] 2025/10/08 10:48:31.949 Divide StockNo {PWF00}
[20148] 2025/10/08 10:48:31.949 Add Basket MarketNo：2 StockIdx：1444
[20148] 2025/10/08 10:48:31.949 Divide StockNo {PXF00}
[20148] 2025/10/08 10:48:31.949 Add Basket MarketNo：2 StockIdx：1450
[20148] 2025/10/08 10:48:31.949 Divide StockNo {PYF00}
[20148] 2025/10/08 10:48:31.949 Add Basket MarketNo：2 StockIdx：1456
[20148] 2025/10/08 10:48:31.949 Divide StockNo {PZF00}
[20148] 2025/10/08 10:48:31.949 Add Basket MarketNo：2 StockIdx：1462
[20148] 2025/10/08 10:48:31.949 Divide StockNo {QAF00}
[20148] 2025/10/08 10:48:31.949 Add Basket MarketNo：2 StockIdx：1468
[20148] 2025/10/08 10:48:31.949 Divide StockNo {QBF00}
[20148] 2025/10/08 10:48:31.949 Add Basket MarketNo：2 StockIdx：1474
[20148] 2025/10/08 10:48:31.949 Divide StockNo {QCF00}
[20148] 2025/10/08 10:48:31.949 Add Basket MarketNo：2 StockIdx：1480
[20148] 2025/10/08 10:48:31.949 Divide StockNo {QDF00}
[20148] 2025/10/08 10:48:31.949 Add Basket MarketNo：2 StockIdx：1486
[20148] 2025/10/08 10:48:31.949 Divide StockNo {QEF00}
[20148] 2025/10/08 10:48:31.949 Add Basket MarketNo：2 StockIdx：1492
[20148] 2025/10/08 10:48:31.949 Divide StockNo {QFF00}
[20148] 2025/10/08 10:48:31.949 Add Basket MarketNo：2 StockIdx：5631
[20148] 2025/10/08 10:48:31.949 Divide StockNo {QGF00}
[20148] 2025/10/08 10:48:31.949 Add Basket MarketNo：2 StockIdx：1505
[20148] 2025/10/08 10:48:31.949 Divide StockNo {QHF00}
[20148] 2025/10/08 10:48:31.949 Add Basket MarketNo：2 StockIdx：1511
[20148] 2025/10/08 10:48:31.949 Divide StockNo {QIF00}
[20148] 2025/10/08 10:48:31.949 Add Basket MarketNo：2 StockIdx：1517
[20148] 2025/10/08 10:48:31.949 Divide StockNo {QJF00}
[20148] 2025/10/08 10:48:31.949 Add Basket MarketNo：2 StockIdx：1521
[20148] 2025/10/08 10:48:31.949 Divide StockNo {QKF00}
[20148] 2025/10/08 10:48:31.949 Add Basket MarketNo：2 StockIdx：1527
[20148] 2025/10/08 10:48:31.949 Divide StockNo {QLF00}
[20148] 2025/10/08 10:48:31.949 Add Basket MarketNo：2 StockIdx：1533
[20148] 2025/10/08 10:48:31.949 Divide StockNo {QMF00}
[20148] 2025/10/08 10:48:31.949 Add Basket MarketNo：2 StockIdx：1539
[20148] 2025/10/08 10:48:31.949 Divide StockNo {QNF00}
[20148] 2025/10/08 10:48:31.949 Add Basket MarketNo：2 StockIdx：1545
[20148] 2025/10/08 10:48:31.949 Divide StockNo {QOF00}
[20148] 2025/10/08 10:48:31.949 Add Basket MarketNo：2 StockIdx：1551
[20148] 2025/10/08 10:48:31.949 Divide StockNo {QPF00}
[20148] 2025/10/08 10:48:31.949 Add Basket MarketNo：2 StockIdx：1557
[20148] 2025/10/08 10:48:31.949 Divide StockNo {QQF00}
[20148] 2025/10/08 10:48:31.949 Add Basket MarketNo：2 StockIdx：1563
[20148] 2025/10/08 10:48:31.949 Divide StockNo {QRF00}
[20148] 2025/10/08 10:48:31.949 Add Basket MarketNo：2 StockIdx：1569
[20148] 2025/10/08 10:48:31.949 Divide StockNo {QSF00}
[20148] 2025/10/08 10:48:31.949 Add Basket MarketNo：2 StockIdx：1575
[20148] 2025/10/08 10:48:31.950 Divide StockNo {QTF00}
[20148] 2025/10/08 10:48:31.950 Add Basket MarketNo：2 StockIdx：1581
[20148] 2025/10/08 10:48:31.950 Divide StockNo {QUF00}
[20148] 2025/10/08 10:48:31.950 Add Basket MarketNo：2 StockIdx：1587
[20148] 2025/10/08 10:48:31.950 Divide StockNo {QVF00}
[20148] 2025/10/08 10:48:31.950 Add Basket MarketNo：2 StockIdx：1593
[20148] 2025/10/08 10:48:31.950 Divide StockNo {QWF00}
[20148] 2025/10/08 10:48:31.950 Add Basket MarketNo：2 StockIdx：1599
[20148] 2025/10/08 10:48:31.950 Divide StockNo {QXF00}
[20148] 2025/10/08 10:48:31.950 Add Basket MarketNo：2 StockIdx：1605
[20148] 2025/10/08 10:48:31.950 Divide StockNo {QYF00}
[20148] 2025/10/08 10:48:31.950 Add Basket MarketNo：2 StockIdx：1611
[20148] 2025/10/08 10:48:31.950 Divide StockNo {QZF00}
[20148] 2025/10/08 10:48:31.950 Add Basket MarketNo：2 StockIdx：1617
[20148] 2025/10/08 10:48:31.950 Divide StockNo {RAF00}
[20148] 2025/10/08 10:48:31.950 Add Basket MarketNo：2 StockIdx：1623
[20148] 2025/10/08 10:48:31.950 Divide StockNo {RBF00}
[20148] 2025/10/08 10:48:31.950 Add Basket MarketNo：2 StockIdx：1629
[20148] 2025/10/08 10:48:31.950 Divide StockNo {RCF00}
[20148] 2025/10/08 10:48:31.950 Add Basket MarketNo：2 StockIdx：1635
[20148] 2025/10/08 10:48:31.950 Divide StockNo {RDF00}
[20148] 2025/10/08 10:48:31.950 Add Basket MarketNo：2 StockIdx：1641
[20148] 2025/10/08 10:48:31.950 Divide StockNo {REF00}
[20148] 2025/10/08 10:48:31.950 Add Basket MarketNo：2 StockIdx：1647
[20148] 2025/10/08 10:48:31.950 Divide StockNo {RFF00}
[20148] 2025/10/08 10:48:31.950 Add Basket MarketNo：2 StockIdx：1653
[20148] 2025/10/08 10:48:31.950 Divide StockNo {RGF00}
[20148] 2025/10/08 10:48:31.950 Add Basket MarketNo：2 StockIdx：1659
[20148] 2025/10/08 10:48:31.950 Divide StockNo {RIF00}
[20148] 2025/10/08 10:48:31.950 Add Basket MarketNo：2 StockIdx：1665
[20148] 2025/10/08 10:48:31.950 Divide StockNo {RJF00}
[20148] 2025/10/08 10:48:31.950 Add Basket MarketNo：2 StockIdx：1671
[20148] 2025/10/08 10:48:31.950 Divide StockNo {RKF00}
[20148] 2025/10/08 10:48:31.950 Add Basket MarketNo：2 StockIdx：1677
[20148] 2025/10/08 10:48:31.950 Divide StockNo {RLF00}
[20148] 2025/10/08 10:48:31.950 Add Basket MarketNo：2 StockIdx：1683
[20148] 2025/10/08 10:48:31.950 Divide StockNo {RMF00}
[20148] 2025/10/08 10:48:31.950 Stock Is Not Exist 
[20148] 2025/10/08 10:48:31.950 Divide StockNo {RNF00}
[20148] 2025/10/08 10:48:31.950 Add Basket MarketNo：2 StockIdx：1689
[20148] 2025/10/08 10:48:31.950 Divide StockNo {ROF00}
[20148] 2025/10/08 10:48:31.950 Add Basket MarketNo：2 StockIdx：1695
[20148] 2025/10/08 10:48:31.950 Divide StockNo {RPF00}
[20148] 2025/10/08 10:48:31.950 Add Basket MarketNo：2 StockIdx：1701
[20148] 2025/10/08 10:48:31.950 Divide StockNo {RQF00}
[20148] 2025/10/08 10:48:31.950 Stock Is Not Exist 
[20148] 2025/10/08 10:48:31.950 Divide StockNo {RRF00}
[20148] 2025/10/08 10:48:31.950 Add Basket MarketNo：2 StockIdx：1708
[20148] 2025/10/08 10:48:31.950 Divide StockNo {RSF00}
[20148] 2025/10/08 10:48:31.950 Add Basket MarketNo：2 StockIdx：1714
[20148] 2025/10/08 10:48:31.950 Divide StockNo {RUF00}
[20148] 2025/10/08 10:48:31.950 Add Basket MarketNo：2 StockIdx：1720
[20148] 2025/10/08 10:48:31.950 Divide StockNo {RVF00}
[20148] 2025/10/08 10:48:31.950 Add Basket MarketNo：2 StockIdx：1726
[20148] 2025/10/08 10:48:31.950 Divide StockNo {RWF00}
[20148] 2025/10/08 10:48:31.950 Add Basket MarketNo：2 StockIdx：1732
[20148] 2025/10/08 10:48:31.950 Divide StockNo {RXF00}
[20148] 2025/10/08 10:48:31.950 Add Basket MarketNo：2 StockIdx：1738
[20148] 2025/10/08 10:48:31.950 Divide StockNo {RYF00}
[20148] 2025/10/08 10:48:31.950 Add Basket MarketNo：2 StockIdx：1744
[20148] 2025/10/08 10:48:31.950 Divide StockNo {RZF00}
[20148] 2025/10/08 10:48:31.950 Add Basket MarketNo：2 StockIdx：5637
[20148] 2025/10/08 10:48:31.950 Divide StockNo {SAF00}
[20148] 2025/10/08 10:48:31.950 Add Basket MarketNo：2 StockIdx：1756
[20148] 2025/10/08 10:48:31.950 Divide StockNo {SBF00}
[20148] 2025/10/08 10:48:31.950 Add Basket MarketNo：2 StockIdx：1762
[20148] 2025/10/08 10:48:31.951 Divide StockNo {SCF00}
[20148] 2025/10/08 10:48:31.951 Add Basket MarketNo：2 StockIdx：1768
[20148] 2025/10/08 10:48:31.951 Divide StockNo {SDF00}
[20148] 2025/10/08 10:48:31.951 Add Basket MarketNo：2 StockIdx：1774
[20148] 2025/10/08 10:48:31.951 Divide StockNo {SEF00}
[20148] 2025/10/08 10:48:31.951 Add Basket MarketNo：2 StockIdx：1780
[20148] 2025/10/08 10:48:31.951 Divide StockNo {SFF00}
[20148] 2025/10/08 10:48:31.951 Add Basket MarketNo：2 StockIdx：1786
[20148] 2025/10/08 10:48:31.951 Divide StockNo {SGF00}
[20148] 2025/10/08 10:48:31.951 Add Basket MarketNo：2 StockIdx：1792
[20148] 2025/10/08 10:48:31.951 Divide StockNo {SIF00}
[20148] 2025/10/08 10:48:31.951 Add Basket MarketNo：2 StockIdx：1798
[20148] 2025/10/08 10:48:31.951 Divide StockNo {SJF00}
[20148] 2025/10/08 10:48:31.951 Add Basket MarketNo：2 StockIdx：1804
[20148] 2025/10/08 10:48:31.951 Divide StockNo {SKF00}
[20148] 2025/10/08 10:48:31.951 Add Basket MarketNo：2 StockIdx：1810
[20148] 2025/10/08 10:48:31.951 Divide StockNo {SLF00}
[20148] 2025/10/08 10:48:31.951 Add Basket MarketNo：2 StockIdx：1816
[20148] 2025/10/08 10:48:31.951 Divide StockNo {SMF00}
[20148] 2025/10/08 10:48:31.951 Add Basket MarketNo：2 StockIdx：1822
[20148] 2025/10/08 10:48:31.951 Divide StockNo {SNF00}
[20148] 2025/10/08 10:48:31.951 Add Basket MarketNo：2 StockIdx：1828
[20148] 2025/10/08 10:48:31.951 Divide StockNo {SQF00}
[20148] 2025/10/08 10:48:31.951 Add Basket MarketNo：2 StockIdx：1834
[20148] 2025/10/08 10:48:31.951 Divide StockNo {SRF00}
[20148] 2025/10/08 10:48:31.951 Add Basket MarketNo：2 StockIdx：5643
[20148] 2025/10/08 10:48:31.951 Divide StockNo {SSF00}
[20148] 2025/10/08 10:48:31.951 Add Basket MarketNo：2 StockIdx：1847
[20148] 2025/10/08 10:48:31.951 Divide StockNo {SUF00}
[20148] 2025/10/08 10:48:31.951 Add Basket MarketNo：2 StockIdx：1853
[20148] 2025/10/08 10:48:31.951 Divide StockNo {SVF00}
[20148] 2025/10/08 10:48:31.951 Add Basket MarketNo：2 StockIdx：1859
[20148] 2025/10/08 10:48:31.951 Divide StockNo {SWF00}
[20148] 2025/10/08 10:48:31.951 Add Basket MarketNo：2 StockIdx：1865
[20148] 2025/10/08 10:48:31.951 Divide StockNo {SYF00}
[20148] 2025/10/08 10:48:31.951 Add Basket MarketNo：2 StockIdx：1871
[20148] 2025/10/08 10:48:31.951 Divide StockNo {SZF00}
[20148] 2025/10/08 10:48:31.951 Add Basket MarketNo：2 StockIdx：1877
[20148] 2025/10/08 10:48:31.951 Divide StockNo {UAF00}
[20148] 2025/10/08 10:48:31.951 Add Basket MarketNo：2 StockIdx：1883
[20148] 2025/10/08 10:48:31.951 Divide StockNo {UBF00}
[20148] 2025/10/08 10:48:31.951 Add Basket MarketNo：2 StockIdx：1889
[20148] 2025/10/08 10:48:31.951 Divide StockNo {UCF00}
[20148] 2025/10/08 10:48:31.951 Add Basket MarketNo：2 StockIdx：1895
[20148] 2025/10/08 10:48:31.951 Divide StockNo {UEF00}
[20148] 2025/10/08 10:48:31.951 Add Basket MarketNo：2 StockIdx：1901
[20148] 2025/10/08 10:48:31.951 Divide StockNo {UFF00}
[20148] 2025/10/08 10:48:31.951 Add Basket MarketNo：2 StockIdx：1907
[20148] 2025/10/08 10:48:31.951 Divide StockNo {UGF00}
[20148] 2025/10/08 10:48:31.951 Add Basket MarketNo：2 StockIdx：1913
[20148] 2025/10/08 10:48:31.951 Divide StockNo {UHF00}
[20148] 2025/10/08 10:48:31.951 Add Basket MarketNo：2 StockIdx：1919
[20148] 2025/10/08 10:48:31.951 Divide StockNo {UIF00}
[20148] 2025/10/08 10:48:31.951 Add Basket MarketNo：2 StockIdx：1925
[20148] 2025/10/08 10:48:31.951 Divide StockNo {UJF00}
[20148] 2025/10/08 10:48:31.951 Add Basket MarketNo：2 StockIdx：1931
[20148] 2025/10/08 10:48:31.951 Divide StockNo {UKF00}
[20148] 2025/10/08 10:48:31.951 Add Basket MarketNo：2 StockIdx：1937
[20148] 2025/10/08 10:48:31.951 Divide StockNo {ULF00}
[20148] 2025/10/08 10:48:31.951 Add Basket MarketNo：2 StockIdx：1943
[20148] 2025/10/08 10:48:31.951 Divide StockNo {UMF00}
[20148] 2025/10/08 10:48:31.951 Add Basket MarketNo：2 StockIdx：1949
[20148] 2025/10/08 10:48:31.951 Divide StockNo {UOF00}
[20148] 2025/10/08 10:48:31.951 Add Basket MarketNo：2 StockIdx：1955
[20148] 2025/10/08 10:48:31.951 Divide StockNo {UPF00}
[20148] 2025/10/08 10:48:31.951 Add Basket MarketNo：2 StockIdx：1961
[20148] 2025/10/08 10:48:31.951 Divide StockNo {UQF00}
[20148] 2025/10/08 10:48:31.951 Add Basket MarketNo：2 StockIdx：1967
[20148] 2025/10/08 10:48:31.951 Divide StockNo {URF00}
[20148] 2025/10/08 10:48:31.952 Add Basket MarketNo：2 StockIdx：1974
[20148] 2025/10/08 10:48:31.952 Divide StockNo {USF00}
[20148] 2025/10/08 10:48:31.952 Add Basket MarketNo：2 StockIdx：1980
[20148] 2025/10/08 10:48:31.952 Divide StockNo {UTF00}
[20148] 2025/10/08 10:48:31.952 Add Basket MarketNo：2 StockIdx：1986
[20148] 2025/10/08 10:48:31.952 Divide StockNo {UUF00}
[20148] 2025/10/08 10:48:31.952 Add Basket MarketNo：2 StockIdx：1992
[20148] 2025/10/08 10:48:31.952 Divide StockNo {UVF00}
[20148] 2025/10/08 10:48:31.952 Add Basket MarketNo：2 StockIdx：1998
[20148] 2025/10/08 10:48:31.952 Divide StockNo {UWF00}
[20148] 2025/10/08 10:48:31.952 Add Basket MarketNo：2 StockIdx：2004
[20148] 2025/10/08 10:48:31.952 Divide StockNo {0050}
[20148] 2025/10/08 10:48:31.952 Add Basket MarketNo：0 StockIdx：0
[20148] 2025/10/08 10:48:31.952 Divide StockNo {0056}
[20148] 2025/10/08 10:48:31.952 Add Basket MarketNo：0 StockIdx：5
[20148] 2025/10/08 10:48:31.952 Divide StockNo {006205}
[20148] 2025/10/08 10:48:31.952 Add Basket MarketNo：0 StockIdx：10
[20148] 2025/10/08 10:48:31.952 Divide StockNo {006206}
[20148] 2025/10/08 10:48:31.952 Add Basket MarketNo：0 StockIdx：11
[20148] 2025/10/08 10:48:31.952 Divide StockNo {00636}
[20148] 2025/10/08 10:48:31.952 Add Basket MarketNo：0 StockIdx：20
[20148] 2025/10/08 10:48:31.952 Divide StockNo {00639}
[20148] 2025/10/08 10:48:31.952 Add Basket MarketNo：0 StockIdx：24
[20148] 2025/10/08 10:48:31.952 Divide StockNo {00643}
[20148] 2025/10/08 10:48:31.952 Add Basket MarketNo：0 StockIdx：28
[20148] 2025/10/08 10:48:31.952 Divide StockNo {00679B}
[20148] 2025/10/08 10:48:31.952 Add Basket MarketNo：1 StockIdx：1
[20148] 2025/10/08 10:48:31.952 Divide StockNo {00687B}
[20148] 2025/10/08 10:48:31.952 Add Basket MarketNo：1 StockIdx：2
[20148] 2025/10/08 10:48:31.952 Divide StockNo {00719B}
[20148] 2025/10/08 10:48:31.952 Add Basket MarketNo：1 StockIdx：8
[20148] 2025/10/08 10:48:31.952 Divide StockNo {00757}
[20148] 2025/10/08 10:48:31.952 Add Basket MarketNo：0 StockIdx：98
[20148] 2025/10/08 10:48:31.952 Divide StockNo {00772B}
[20148] 2025/10/08 10:48:31.952 Add Basket MarketNo：1 StockIdx：32
[20148] 2025/10/08 10:48:31.952 Divide StockNo {00878}
[20148] 2025/10/08 10:48:31.952 Add Basket MarketNo：0 StockIdx：113
[20148] 2025/10/08 10:48:31.952 Divide StockNo {00885}
[20148] 2025/10/08 10:48:31.952 Add Basket MarketNo：0 StockIdx：116
[20148] 2025/10/08 10:48:31.952 Divide StockNo {00893}
[20148] 2025/10/08 10:48:31.952 Add Basket MarketNo：0 StockIdx：119
[20148] 2025/10/08 10:48:31.952 Divide StockNo {00919}
[20148] 2025/10/08 10:48:31.952 Add Basket MarketNo：0 StockIdx：143
[20148] 2025/10/08 10:48:31.952 Divide StockNo {00923}
[20148] 2025/10/08 10:48:31.952 Add Basket MarketNo：0 StockIdx：147
[20148] 2025/10/08 10:48:31.952 Divide StockNo {00929}
[20148] 2025/10/08 10:48:31.952 Add Basket MarketNo：0 StockIdx：151
[20148] 2025/10/08 10:48:31.952 Divide StockNo {00937B}
[20148] 2025/10/08 10:48:31.952 Add Basket MarketNo：1 StockIdx：82
[20148] 2025/10/08 10:48:31.952 Divide StockNo {00940}
[20148] 2025/10/08 10:48:31.952 Add Basket MarketNo：0 StockIdx：159
[20148] 2025/10/08 10:48:31.952 Divide StockNo {1101}
[20148] 2025/10/08 10:48:31.952 Add Basket MarketNo：0 StockIdx：32223
[20148] 2025/10/08 10:48:31.952 Divide StockNo {1102}
[20148] 2025/10/08 10:48:31.952 Add Basket MarketNo：0 StockIdx：32225
[20148] 2025/10/08 10:48:31.952 Divide StockNo {1210}
[20148] 2025/10/08 10:48:31.952 Add Basket MarketNo：0 StockIdx：32233
[20148] 2025/10/08 10:48:31.953 Divide StockNo {1216}
[20148] 2025/10/08 10:48:31.953 Add Basket MarketNo：0 StockIdx：32236
[20148] 2025/10/08 10:48:31.953 Divide StockNo {1301}
[20148] 2025/10/08 10:48:31.953 Add Basket MarketNo：0 StockIdx：32251
[20148] 2025/10/08 10:48:31.953 Divide StockNo {1303}
[20148] 2025/10/08 10:48:31.953 Add Basket MarketNo：0 StockIdx：32252
[20148] 2025/10/08 10:48:31.953 Divide StockNo {1312}
[20148] 2025/10/08 10:48:31.953 Add Basket MarketNo：0 StockIdx：32259
[20148] 2025/10/08 10:48:31.953 Divide StockNo {1314}
[20148] 2025/10/08 10:48:31.953 Add Basket MarketNo：0 StockIdx：32262
[20148] 2025/10/08 10:48:31.953 Divide StockNo {1319}
[20148] 2025/10/08 10:48:31.953 Add Basket MarketNo：0 StockIdx：32265
[20148] 2025/10/08 10:48:31.953 Divide StockNo {1326}
[20148] 2025/10/08 10:48:31.953 Add Basket MarketNo：0 StockIdx：32270
[20148] 2025/10/08 10:48:31.953 Divide StockNo {1402}
[20148] 2025/10/08 10:48:31.953 Add Basket MarketNo：0 StockIdx：32277
[20148] 2025/10/08 10:48:31.953 Divide StockNo {1440}
[20148] 2025/10/08 10:48:31.953 Add Basket MarketNo：0 StockIdx：32294
[20148] 2025/10/08 10:48:31.953 Divide StockNo {1476}
[20148] 2025/10/08 10:48:31.953 Add Basket MarketNo：0 StockIdx：32324
[20148] 2025/10/08 10:48:31.953 Divide StockNo {1477}
[20148] 2025/10/08 10:48:31.953 Add Basket MarketNo：0 StockIdx：32325
[20148] 2025/10/08 10:48:31.953 Divide StockNo {1503}
[20148] 2025/10/08 10:48:31.953 Add Basket MarketNo：0 StockIdx：32326
[20148] 2025/10/08 10:48:31.953 Divide StockNo {1504}
[20148] 2025/10/08 10:48:31.953 Add Basket MarketNo：0 StockIdx：32327
[20148] 2025/10/08 10:48:31.953 Divide StockNo {1513}
[20148] 2025/10/08 10:48:31.953 Add Basket MarketNo：0 StockIdx：32330
[20148] 2025/10/08 10:48:31.953 Divide StockNo {1536}
[20148] 2025/10/08 10:48:31.953 Add Basket MarketNo：0 StockIdx：32350
[20148] 2025/10/08 10:48:31.953 Divide StockNo {1565}
[20148] 2025/10/08 10:48:31.953 Add Basket MarketNo：1 StockIdx：139
[20148] 2025/10/08 10:48:31.953 Divide StockNo {1590}
[20148] 2025/10/08 10:48:31.953 Add Basket MarketNo：0 StockIdx：32364
[20148] 2025/10/08 10:48:31.953 Divide StockNo {1605}
[20148] 2025/10/08 10:48:31.953 Add Basket MarketNo：0 StockIdx：32369
[20148] 2025/10/08 10:48:31.953 Divide StockNo {1609}
[20148] 2025/10/08 10:48:31.953 Add Basket MarketNo：0 StockIdx：32371
[20148] 2025/10/08 10:48:31.953 Divide StockNo {1707}
[20148] 2025/10/08 10:48:31.953 Add Basket MarketNo：0 StockIdx：32381
[20148] 2025/10/08 10:48:31.953 Divide StockNo {1717}
[20148] 2025/10/08 10:48:31.953 Add Basket MarketNo：0 StockIdx：32389
[20148] 2025/10/08 10:48:31.953 Divide StockNo {1718}
[20148] 2025/10/08 10:48:31.953 Add Basket MarketNo：0 StockIdx：32390
[20148] 2025/10/08 10:48:31.953 Divide StockNo {1722}
[20148] 2025/10/08 10:48:31.953 Add Basket MarketNo：0 StockIdx：32393
[20148] 2025/10/08 10:48:31.953 Divide StockNo {1795}
[20148] 2025/10/08 10:48:31.953 Add Basket MarketNo：0 StockIdx：32414
[20148] 2025/10/08 10:48:31.953 Divide StockNo {1802}
[20148] 2025/10/08 10:48:31.953 Add Basket MarketNo：0 StockIdx：32415
[20148] 2025/10/08 10:48:31.953 Divide StockNo {1904}
[20148] 2025/10/08 10:48:31.953 Add Basket MarketNo：0 StockIdx：32423
[20148] 2025/10/08 10:48:31.953 Divide StockNo {1905}
[20148] 2025/10/08 10:48:31.953 Add Basket MarketNo：0 StockIdx：32424
[20148] 2025/10/08 10:48:31.953 Divide StockNo {1907}
[20148] 2025/10/08 10:48:31.953 Add Basket MarketNo：0 StockIdx：32426
[20148] 2025/10/08 10:48:31.953 Divide StockNo {1909}
[20148] 2025/10/08 10:48:31.953 Add Basket MarketNo：0 StockIdx：32427
[20148] 2025/10/08 10:48:31.953 Divide StockNo {2002}
[20148] 2025/10/08 10:48:31.953 Add Basket MarketNo：0 StockIdx：32428
[20148] 2025/10/08 10:48:31.953 Divide StockNo {2006}
[20148] 2025/10/08 10:48:31.953 Add Basket MarketNo：0 StockIdx：32430
[20148] 2025/10/08 10:48:31.953 Divide StockNo {2014}
[20148] 2025/10/08 10:48:31.953 Add Basket MarketNo：0 StockIdx：32437
[20148] 2025/10/08 10:48:31.953 Divide StockNo {2027}
[20148] 2025/10/08 10:48:31.953 Add Basket MarketNo：0 StockIdx：32445
[20148] 2025/10/08 10:48:31.953 Divide StockNo {2049}
[20148] 2025/10/08 10:48:31.953 Add Basket MarketNo：0 StockIdx：32454
[20148] 2025/10/08 10:48:31.953 Divide StockNo {2059}
[20148] 2025/10/08 10:48:31.954 Add Basket MarketNo：0 StockIdx：32455
[20148] 2025/10/08 10:48:31.954 Divide StockNo {2105}
[20148] 2025/10/08 10:48:31.954 Add Basket MarketNo：0 StockIdx：32462
[20148] 2025/10/08 10:48:31.954 Divide StockNo {2201}
[20148] 2025/10/08 10:48:31.954 Add Basket MarketNo：0 StockIdx：32469
[20148] 2025/10/08 10:48:31.954 Divide StockNo {2231}
[20148] 2025/10/08 10:48:31.954 Add Basket MarketNo：0 StockIdx：32477
[20148] 2025/10/08 10:48:31.954 Divide StockNo {2301}
[20148] 2025/10/08 10:48:31.954 Add Basket MarketNo：0 StockIdx：32488
[20148] 2025/10/08 10:48:31.954 Divide StockNo {2303}
[20148] 2025/10/08 10:48:31.954 Add Basket MarketNo：0 StockIdx：32490
[20148] 2025/10/08 10:48:31.954 Divide StockNo {2308}
[20148] 2025/10/08 10:48:31.954 Add Basket MarketNo：0 StockIdx：32492
[20148] 2025/10/08 10:48:31.954 Divide StockNo {2312}
[20148] 2025/10/08 10:48:31.954 Add Basket MarketNo：0 StockIdx：32493
[20148] 2025/10/08 10:48:31.954 Divide StockNo {2313}
[20148] 2025/10/08 10:48:31.954 Add Basket MarketNo：0 StockIdx：32494
[20148] 2025/10/08 10:48:31.954 Divide StockNo {2317}
[20148] 2025/10/08 10:48:31.954 Add Basket MarketNo：0 StockIdx：32496
[20148] 2025/10/08 10:48:31.954 Divide StockNo {2323}
[20148] 2025/10/08 10:48:31.954 Add Basket MarketNo：0 StockIdx：32498
[20148] 2025/10/08 10:48:31.954 Divide StockNo {2324}
[20148] 2025/10/08 10:48:31.954 Add Basket MarketNo：0 StockIdx：32499
[20148] 2025/10/08 10:48:31.954 Divide StockNo {2327}
[20148] 2025/10/08 10:48:31.954 Add Basket MarketNo：0 StockIdx：32500
[20148] 2025/10/08 10:48:31.954 Divide StockNo {2328}
[20148] 2025/10/08 10:48:31.954 Add Basket MarketNo：0 StockIdx：32501
[20148] 2025/10/08 10:48:31.954 Divide StockNo {2330}
[20148] 2025/10/08 10:48:31.954 Add Basket MarketNo：0 StockIdx：32503
[20148] 2025/10/08 10:48:31.954 Divide StockNo {2331}
[20148] 2025/10/08 10:48:31.954 Add Basket MarketNo：0 StockIdx：32504
[20148] 2025/10/08 10:48:31.954 Divide StockNo {2332}
[20148] 2025/10/08 10:48:31.954 Add Basket MarketNo：0 StockIdx：32505
[20148] 2025/10/08 10:48:31.954 Divide StockNo {2337}
[20148] 2025/10/08 10:48:31.954 Add Basket MarketNo：0 StockIdx：32506
[20148] 2025/10/08 10:48:31.954 Divide StockNo {2338}
[20148] 2025/10/08 10:48:31.954 Add Basket MarketNo：0 StockIdx：32507
[20148] 2025/10/08 10:48:31.954 Divide StockNo {2340}
[20148] 2025/10/08 10:48:31.954 Add Basket MarketNo：0 StockIdx：32508
[20148] 2025/10/08 10:48:31.954 Divide StockNo {2344}
[20148] 2025/10/08 10:48:31.954 Add Basket MarketNo：0 StockIdx：32510
[20148] 2025/10/08 10:48:31.954 Divide StockNo {2345}
[20148] 2025/10/08 10:48:31.954 Add Basket MarketNo：0 StockIdx：32511
[20148] 2025/10/08 10:48:31.954 Divide StockNo {2347}
[20148] 2025/10/08 10:48:31.954 Add Basket MarketNo：0 StockIdx：32512
[20148] 2025/10/08 10:48:31.954 Divide StockNo {2352}
[20148] 2025/10/08 10:48:31.954 Add Basket MarketNo：0 StockIdx：32517
[20148] 2025/10/08 10:48:31.954 Divide StockNo {2353}
[20148] 2025/10/08 10:48:31.954 Add Basket MarketNo：0 StockIdx：32518
[20148] 2025/10/08 10:48:31.954 Divide StockNo {2354}
[20148] 2025/10/08 10:48:31.954 Add Basket MarketNo：0 StockIdx：32519
[20148] 2025/10/08 10:48:31.954 Divide StockNo {2355}
[20148] 2025/10/08 10:48:31.954 Add Basket MarketNo：0 StockIdx：32520
[20148] 2025/10/08 10:48:31.954 Divide StockNo {2356}
[20148] 2025/10/08 10:48:31.954 Add Basket MarketNo：0 StockIdx：32521
[20148] 2025/10/08 10:48:31.954 Divide StockNo {2357}
[20148] 2025/10/08 10:48:31.954 Add Basket MarketNo：0 StockIdx：32522
[20148] 2025/10/08 10:48:31.954 Divide StockNo {2360}
[20148] 2025/10/08 10:48:31.954 Add Basket MarketNo：0 StockIdx：32524
[20148] 2025/10/08 10:48:31.954 Divide StockNo {2368}
[20148] 2025/10/08 10:48:31.954 Add Basket MarketNo：0 StockIdx：32530
[20148] 2025/10/08 10:48:31.954 Divide StockNo {2371}
[20148] 2025/10/08 10:48:31.954 Add Basket MarketNo：0 StockIdx：32532
[20148] 2025/10/08 10:48:31.954 Divide StockNo {2376}
[20148] 2025/10/08 10:48:31.954 Add Basket MarketNo：0 StockIdx：32536
[20148] 2025/10/08 10:48:31.954 Divide StockNo {2377}
[20148] 2025/10/08 10:48:31.954 Add Basket MarketNo：0 StockIdx：32537
[20148] 2025/10/08 10:48:31.955 Divide StockNo {2379}
[20148] 2025/10/08 10:48:31.955 Add Basket MarketNo：0 StockIdx：32538
[20148] 2025/10/08 10:48:31.955 Divide StockNo {2382}
[20148] 2025/10/08 10:48:31.955 Add Basket MarketNo：0 StockIdx：32540
[20148] 2025/10/08 10:48:31.955 Divide StockNo {2383}
[20148] 2025/10/08 10:48:31.955 Add Basket MarketNo：0 StockIdx：32541
[20148] 2025/10/08 10:48:31.955 Divide StockNo {2385}
[20148] 2025/10/08 10:48:31.955 Add Basket MarketNo：0 StockIdx：32542
[20148] 2025/10/08 10:48:31.955 Divide StockNo {2388}
[20148] 2025/10/08 10:48:31.955 Add Basket MarketNo：0 StockIdx：32544
[20148] 2025/10/08 10:48:31.955 Divide StockNo {2392}
[20148] 2025/10/08 10:48:31.955 Add Basket MarketNo：0 StockIdx：32546
[20148] 2025/10/08 10:48:31.955 Divide StockNo {2393}
[20148] 2025/10/08 10:48:31.955 Add Basket MarketNo：0 StockIdx：32547
[20148] 2025/10/08 10:48:31.955 Divide StockNo {2401}
[20148] 2025/10/08 10:48:31.955 Add Basket MarketNo：0 StockIdx：32551
[20148] 2025/10/08 10:48:31.955 Divide StockNo {2404}
[20148] 2025/10/08 10:48:31.955 Add Basket MarketNo：0 StockIdx：32553
[20148] 2025/10/08 10:48:31.955 Divide StockNo {2408}
[20148] 2025/10/08 10:48:31.955 Add Basket MarketNo：0 StockIdx：32556
[20148] 2025/10/08 10:48:31.955 Divide StockNo {2409}
[20148] 2025/10/08 10:48:31.955 Add Basket MarketNo：0 StockIdx：32557
[20148] 2025/10/08 10:48:31.955 Divide StockNo {2412}
[20148] 2025/10/08 10:48:31.955 Add Basket MarketNo：0 StockIdx：32558
[20148] 2025/10/08 10:48:31.955 Divide StockNo {2439}
[20148] 2025/10/08 10:48:31.955 Add Basket MarketNo：0 StockIdx：32580
[20148] 2025/10/08 10:48:31.955 Divide StockNo {2441}
[20148] 2025/10/08 10:48:31.955 Add Basket MarketNo：0 StockIdx：32582
[20148] 2025/10/08 10:48:31.955 Divide StockNo {2449}
[20148] 2025/10/08 10:48:31.955 Add Basket MarketNo：0 StockIdx：32585
[20148] 2025/10/08 10:48:31.955 Divide StockNo {2454}
[20148] 2025/10/08 10:48:31.955 Add Basket MarketNo：0 StockIdx：32589
[20148] 2025/10/08 10:48:31.955 Divide StockNo {2455}
[20148] 2025/10/08 10:48:31.955 Add Basket MarketNo：0 StockIdx：32590
[20148] 2025/10/08 10:48:31.955 Divide StockNo {2457}
[20148] 2025/10/08 10:48:31.955 Add Basket MarketNo：0 StockIdx：32591
[20148] 2025/10/08 10:48:31.955 Divide StockNo {2458}
[20148] 2025/10/08 10:48:31.955 Add Basket MarketNo：0 StockIdx：32592
[20148] 2025/10/08 10:48:31.955 Divide StockNo {2474}
[20148] 2025/10/08 10:48:31.955 Add Basket MarketNo：0 StockIdx：32604
[20148] 2025/10/08 10:48:31.955 Divide StockNo {2481}
[20148] 2025/10/08 10:48:31.955 Add Basket MarketNo：0 StockIdx：32609
[20148] 2025/10/08 10:48:31.955 Divide StockNo {2485}
[20148] 2025/10/08 10:48:31.955 Add Basket MarketNo：0 StockIdx：32613
[20148] 2025/10/08 10:48:31.955 Divide StockNo {2486}
[20148] 2025/10/08 10:48:31.955 Add Basket MarketNo：0 StockIdx：32614
[20148] 2025/10/08 10:48:31.955 Divide StockNo {2489}
[20148] 2025/10/08 10:48:31.955 Add Basket MarketNo：0 StockIdx：32616
[20148] 2025/10/08 10:48:31.955 Divide StockNo {2492}
[20148] 2025/10/08 10:48:31.955 Add Basket MarketNo：0 StockIdx：32618
[20148] 2025/10/08 10:48:31.955 Divide StockNo {2498}
[20148] 2025/10/08 10:48:31.955 Add Basket MarketNo：0 StockIdx：32623
[20148] 2025/10/08 10:48:31.955 Divide StockNo {2515}
[20148] 2025/10/08 10:48:31.955 Add Basket MarketNo：0 StockIdx：32631
[20148] 2025/10/08 10:48:31.955 Divide StockNo {2520}
[20148] 2025/10/08 10:48:31.955 Add Basket MarketNo：0 StockIdx：32633
[20148] 2025/10/08 10:48:31.955 Divide StockNo {2542}
[20148] 2025/10/08 10:48:31.955 Add Basket MarketNo：0 StockIdx：32645
[20148] 2025/10/08 10:48:31.955 Divide StockNo {2548}
[20148] 2025/10/08 10:48:31.955 Add Basket MarketNo：0 StockIdx：32650
[20148] 2025/10/08 10:48:31.955 Divide StockNo {2603}
[20148] 2025/10/08 10:48:31.955 Add Basket MarketNo：0 StockIdx：32653
[20148] 2025/10/08 10:48:31.955 Divide StockNo {2605}
[20148] 2025/10/08 10:48:31.955 Add Basket MarketNo：0 StockIdx：32654
[20148] 2025/10/08 10:48:31.955 Divide StockNo {2606}
[20148] 2025/10/08 10:48:31.955 Add Basket MarketNo：0 StockIdx：32655
[20148] 2025/10/08 10:48:31.955 Divide StockNo {2609}
[20148] 2025/10/08 10:48:31.955 Add Basket MarketNo：0 StockIdx：32658
[20148] 2025/10/08 10:48:31.955 Divide StockNo {2610}
[20148] 2025/10/08 10:48:31.955 Add Basket MarketNo：0 StockIdx：32659
[20148] 2025/10/08 10:48:31.955 Divide StockNo {2615}
[20148] 2025/10/08 10:48:31.955 Add Basket MarketNo：0 StockIdx：32664
[20148] 2025/10/08 10:48:31.956 Divide StockNo {2618}
[20148] 2025/10/08 10:48:31.956 Add Basket MarketNo：0 StockIdx：32667
[20148] 2025/10/08 10:48:31.956 Divide StockNo {2633}
[20148] 2025/10/08 10:48:31.956 Add Basket MarketNo：0 StockIdx：32669
[20148] 2025/10/08 10:48:31.956 Divide StockNo {2634}
[20148] 2025/10/08 10:48:31.956 Add Basket MarketNo：0 StockIdx：32670
[20148] 2025/10/08 10:48:31.956 Divide StockNo {2801}
[20148] 2025/10/08 10:48:31.956 Add Basket MarketNo：0 StockIdx：32691
[20148] 2025/10/08 10:48:31.956 Divide StockNo {2834}
[20148] 2025/10/08 10:48:31.956 Add Basket MarketNo：0 StockIdx：32696
[20148] 2025/10/08 10:48:31.956 Divide StockNo {2880}
[20148] 2025/10/08 10:48:31.956 Add Basket MarketNo：0 StockIdx：32708
[20148] 2025/10/08 10:48:31.956 Divide StockNo {2881}
[20148] 2025/10/08 10:48:31.956 Add Basket MarketNo：0 StockIdx：32709
[20148] 2025/10/08 10:48:31.956 Divide StockNo {2882}
[20148] 2025/10/08 10:48:31.956 Add Basket MarketNo：0 StockIdx：32713
[20148] 2025/10/08 10:48:31.956 Divide StockNo {2883}
[20148] 2025/10/08 10:48:31.956 Add Basket MarketNo：0 StockIdx：32716
[20148] 2025/10/08 10:48:31.956 Divide StockNo {2884}
[20148] 2025/10/08 10:48:31.956 Add Basket MarketNo：0 StockIdx：32718
[20148] 2025/10/08 10:48:31.956 Divide StockNo {2885}
[20148] 2025/10/08 10:48:31.956 Add Basket MarketNo：0 StockIdx：32719
[20148] 2025/10/08 10:48:31.956 Divide StockNo {2886}
[20148] 2025/10/08 10:48:31.956 Add Basket MarketNo：0 StockIdx：32720
[20148] 2025/10/08 10:48:31.956 Divide StockNo {2887}
[20148] 2025/10/08 10:48:31.956 Add Basket MarketNo：0 StockIdx：32721
[20148] 2025/10/08 10:48:31.956 Divide StockNo {2888}
[20148] 2025/10/08 10:48:31.956 Stock Is Not Exist 
[20148] 2025/10/08 10:48:31.956 Divide StockNo {2890}
[20148] 2025/10/08 10:48:31.956 Add Basket MarketNo：0 StockIdx：32729
[20148] 2025/10/08 10:48:31.956 Divide StockNo {2891}
[20148] 2025/10/08 10:48:31.956 Add Basket MarketNo：0 StockIdx：32730
[20148] 2025/10/08 10:48:31.956 Divide StockNo {2892}
[20148] 2025/10/08 10:48:31.956 Add Basket MarketNo：0 StockIdx：32733
[20148] 2025/10/08 10:48:31.956 Divide StockNo {2913}
[20148] 2025/10/08 10:48:31.956 Add Basket MarketNo：0 StockIdx：32745
[20148] 2025/10/08 10:48:31.956 Divide StockNo {2915}
[20148] 2025/10/08 10:48:31.956 Add Basket MarketNo：0 StockIdx：32746
[20148] 2025/10/08 10:48:31.956 Divide StockNo {3005}
[20148] 2025/10/08 10:48:31.956 Add Basket MarketNo：0 StockIdx：32754
[20148] 2025/10/08 10:48:31.956 Divide StockNo {3006}
[20148] 2025/10/08 10:48:31.956 Add Basket MarketNo：0 StockIdx：32755
[20148] 2025/10/08 10:48:31.956 Divide StockNo {3008}
[20148] 2025/10/08 10:48:31.956 Add Basket MarketNo：0 StockIdx：32756
[20148] 2025/10/08 10:48:31.956 Divide StockNo {3017}
[20148] 2025/10/08 10:48:31.956 Add Basket MarketNo：0 StockIdx：32763
[20148] 2025/10/08 10:48:31.956 Divide StockNo {3019}
[20148] 2025/10/08 10:48:31.956 Add Basket MarketNo：0 StockIdx：32765
[20148] 2025/10/08 10:48:31.956 Divide StockNo {3034}
[20148] 2025/10/08 10:48:31.956 Add Basket MarketNo：0 StockIdx：32779
[20148] 2025/10/08 10:48:31.956 Divide StockNo {3035}
[20148] 2025/10/08 10:48:31.956 Add Basket MarketNo：0 StockIdx：32780
[20148] 2025/10/08 10:48:31.956 Divide StockNo {3036}
[20148] 2025/10/08 10:48:31.956 Add Basket MarketNo：0 StockIdx：32781
[20148] 2025/10/08 10:48:31.956 Divide StockNo {3037}
[20148] 2025/10/08 10:48:31.956 Add Basket MarketNo：0 StockIdx：32783
[20148] 2025/10/08 10:48:31.956 Divide StockNo {3042}
[20148] 2025/10/08 10:48:31.956 Add Basket MarketNo：0 StockIdx：32787
[20148] 2025/10/08 10:48:31.956 Divide StockNo {3044}
[20148] 2025/10/08 10:48:31.956 Add Basket MarketNo：0 StockIdx：32789
[20148] 2025/10/08 10:48:31.956 Divide StockNo {3045}
[20148] 2025/10/08 10:48:31.956 Add Basket MarketNo：0 StockIdx：32790
[20148] 2025/10/08 10:48:31.956 Divide StockNo {3078}
[20148] 2025/10/08 10:48:31.956 Add Basket MarketNo：1 StockIdx：267
[20148] 2025/10/08 10:48:31.956 Divide StockNo {3081}
[20148] 2025/10/08 10:48:31.957 Add Basket MarketNo：1 StockIdx：268
[20148] 2025/10/08 10:48:31.957 Divide StockNo {3105}
[20148] 2025/10/08 10:48:31.957 Add Basket MarketNo：1 StockIdx：278
[20148] 2025/10/08 10:48:31.957 Divide StockNo {3152}
[20148] 2025/10/08 10:48:31.957 Add Basket MarketNo：1 StockIdx：293
[20148] 2025/10/08 10:48:31.957 Divide StockNo {3189}
[20148] 2025/10/08 10:48:31.957 Add Basket MarketNo：0 StockIdx：32817
[20148] 2025/10/08 10:48:31.957 Divide StockNo {3227}
[20148] 2025/10/08 10:48:31.957 Add Basket MarketNo：1 StockIdx：316
[20148] 2025/10/08 10:48:31.957 Divide StockNo {3231}
[20148] 2025/10/08 10:48:31.957 Add Basket MarketNo：0 StockIdx：32820
[20148] 2025/10/08 10:48:31.957 Divide StockNo {3260}
[20148] 2025/10/08 10:48:31.957 Add Basket MarketNo：1 StockIdx：325
[20148] 2025/10/08 10:48:31.957 Divide StockNo {3264}
[20148] 2025/10/08 10:48:31.957 Add Basket MarketNo：1 StockIdx：326
[20148] 2025/10/08 10:48:31.957 Divide StockNo {3293}
[20148] 2025/10/08 10:48:31.957 Add Basket MarketNo：1 StockIdx：339
[20148] 2025/10/08 10:48:31.957 Divide StockNo {3324}
[20148] 2025/10/08 10:48:31.957 Add Basket MarketNo：1 StockIdx：355
[20148] 2025/10/08 10:48:31.957 Divide StockNo {3374}
[20148] 2025/10/08 10:48:31.957 Add Basket MarketNo：1 StockIdx：373
[20148] 2025/10/08 10:48:31.957 Divide StockNo {3376}
[20148] 2025/10/08 10:48:31.957 Add Basket MarketNo：0 StockIdx：32832
[20148] 2025/10/08 10:48:31.957 Divide StockNo {3380}
[20148] 2025/10/08 10:48:31.957 Add Basket MarketNo：0 StockIdx：32833
[20148] 2025/10/08 10:48:31.957 Divide StockNo {3406}
[20148] 2025/10/08 10:48:31.957 Add Basket MarketNo：0 StockIdx：32834
[20148] 2025/10/08 10:48:31.957 Divide StockNo {3443}
[20148] 2025/10/08 10:48:31.957 Add Basket MarketNo：0 StockIdx：32840
[20148] 2025/10/08 10:48:31.957 Divide StockNo {3481}
[20148] 2025/10/08 10:48:31.957 Add Basket MarketNo：0 StockIdx：32844
[20148] 2025/10/08 10:48:31.957 Divide StockNo {3529}
[20148] 2025/10/08 10:48:31.957 Add Basket MarketNo：1 StockIdx：423
[20148] 2025/10/08 10:48:31.957 Divide StockNo {3532}
[20148] 2025/10/08 10:48:31.957 Add Basket MarketNo：0 StockIdx：32852
[20148] 2025/10/08 10:48:31.957 Divide StockNo {3533}
[20148] 2025/10/08 10:48:31.957 Add Basket MarketNo：0 StockIdx：32853
[20148] 2025/10/08 10:48:31.957 Divide StockNo {3552}
[20148] 2025/10/08 10:48:31.957 Add Basket MarketNo：1 StockIdx：433
[20148] 2025/10/08 10:48:31.957 Divide StockNo {3653}
[20148] 2025/10/08 10:48:31.957 Add Basket MarketNo：0 StockIdx：32873
[20148] 2025/10/08 10:48:31.957 Divide StockNo {3661}
[20148] 2025/10/08 10:48:31.957 Add Basket MarketNo：0 StockIdx：32874
[20148] 2025/10/08 10:48:31.957 Divide StockNo {3673}
[20148] 2025/10/08 10:48:31.957 Add Basket MarketNo：0 StockIdx：32877
[20148] 2025/10/08 10:48:31.957 Divide StockNo {3680}
[20148] 2025/10/08 10:48:31.957 Add Basket MarketNo：1 StockIdx：472
[20148] 2025/10/08 10:48:31.957 Divide StockNo {3691}
[20148] 2025/10/08 10:48:31.957 Add Basket MarketNo：1 StockIdx：481
[20148] 2025/10/08 10:48:31.957 Divide StockNo {3702}
[20148] 2025/10/08 10:48:31.957 Add Basket MarketNo：0 StockIdx：32882
[20148] 2025/10/08 10:48:31.957 Divide StockNo {3706}
[20148] 2025/10/08 10:48:31.957 Add Basket MarketNo：0 StockIdx：32886
[20148] 2025/10/08 10:48:31.957 Divide StockNo {3711}
[20148] 2025/10/08 10:48:31.957 Add Basket MarketNo：0 StockIdx：32888
[20148] 2025/10/08 10:48:31.957 Divide StockNo {3714}
[20148] 2025/10/08 10:48:31.957 Add Basket MarketNo：0 StockIdx：32890
[20148] 2025/10/08 10:48:31.957 Divide StockNo {4123}
[20148] 2025/10/08 10:48:31.957 Add Basket MarketNo：1 StockIdx：505
[20148] 2025/10/08 10:48:31.957 Divide StockNo {4128}
[20148] 2025/10/08 10:48:31.957 Add Basket MarketNo：1 StockIdx：510
[20148] 2025/10/08 10:48:31.957 Divide StockNo {4162}
[20148] 2025/10/08 10:48:31.957 Add Basket MarketNo：1 StockIdx：524
[20148] 2025/10/08 10:48:31.958 Divide StockNo {4736}
[20148] 2025/10/08 10:48:31.958 Add Basket MarketNo：0 StockIdx：32935
[20148] 2025/10/08 10:48:31.958 Divide StockNo {4743}
[20148] 2025/10/08 10:48:31.958 Add Basket MarketNo：1 StockIdx：616
[20148] 2025/10/08 10:48:31.958 Divide StockNo {4904}
[20148] 2025/10/08 10:48:31.958 Add Basket MarketNo：0 StockIdx：32946
[20148] 2025/10/08 10:48:31.958 Divide StockNo {4919}
[20148] 2025/10/08 10:48:31.958 Add Basket MarketNo：0 StockIdx：32951
[20148] 2025/10/08 10:48:31.958 Divide StockNo {4938}
[20148] 2025/10/08 10:48:31.958 Add Basket MarketNo：0 StockIdx：32956
[20148] 2025/10/08 10:48:31.958 Divide StockNo {4958}
[20148] 2025/10/08 10:48:31.958 Add Basket MarketNo：0 StockIdx：32962
[20148] 2025/10/08 10:48:31.958 Divide StockNo {5009}
[20148] 2025/10/08 10:48:31.958 Add Basket MarketNo：1 StockIdx：660
[20148] 2025/10/08 10:48:31.958 Divide StockNo {5269}
[20148] 2025/10/08 10:48:31.958 Add Basket MarketNo：0 StockIdx：32981
[20148] 2025/10/08 10:48:31.958 Divide StockNo {5274}
[20148] 2025/10/08 10:48:31.958 Add Basket MarketNo：1 StockIdx：694
[20148] 2025/10/08 10:48:31.958 Divide StockNo {5347}
[20148] 2025/10/08 10:48:31.958 Add Basket MarketNo：1 StockIdx：718
[20148] 2025/10/08 10:48:31.958 Divide StockNo {5371}
[20148] 2025/10/08 10:48:31.958 Add Basket MarketNo：1 StockIdx：725
[20148] 2025/10/08 10:48:31.958 Divide StockNo {5388}
[20148] 2025/10/08 10:48:31.958 Add Basket MarketNo：0 StockIdx：32988
[20148] 2025/10/08 10:48:31.958 Divide StockNo {5425}
[20148] 2025/10/08 10:48:31.958 Add Basket MarketNo：1 StockIdx：733
[20148] 2025/10/08 10:48:31.958 Divide StockNo {5457}
[20148] 2025/10/08 10:48:31.958 Add Basket MarketNo：1 StockIdx：745
[20148] 2025/10/08 10:48:31.958 Divide StockNo {5483}
[20148] 2025/10/08 10:48:31.958 Add Basket MarketNo：1 StockIdx：755
[20148] 2025/10/08 10:48:31.958 Divide StockNo {5534}
[20148] 2025/10/08 10:48:31.958 Add Basket MarketNo：0 StockIdx：33000
[20148] 2025/10/08 10:48:31.958 Divide StockNo {5871}
[20148] 2025/10/08 10:48:31.958 Add Basket MarketNo：0 StockIdx：33006
[20148] 2025/10/08 10:48:31.958 Divide StockNo {5876}
[20148] 2025/10/08 10:48:31.958 Add Basket MarketNo：0 StockIdx：33008
[20148] 2025/10/08 10:48:31.958 Divide StockNo {5880}
[20148] 2025/10/08 10:48:31.958 Add Basket MarketNo：0 StockIdx：33009
[20148] 2025/10/08 10:48:31.958 Divide StockNo {5904}
[20148] 2025/10/08 10:48:31.958 Add Basket MarketNo：1 StockIdx：789
[20148] 2025/10/08 10:48:31.958 Divide StockNo {6005}
[20148] 2025/10/08 10:48:31.958 Add Basket MarketNo：0 StockIdx：33012
[20148] 2025/10/08 10:48:31.958 Divide StockNo {6116}
[20148] 2025/10/08 10:48:31.958 Add Basket MarketNo：0 StockIdx：33017
[20148] 2025/10/08 10:48:31.958 Divide StockNo {6121}
[20148] 2025/10/08 10:48:31.958 Add Basket MarketNo：1 StockIdx：812
[20148] 2025/10/08 10:48:31.958 Divide StockNo {6139}
[20148] 2025/10/08 10:48:31.958 Add Basket MarketNo：0 StockIdx：33023
[20148] 2025/10/08 10:48:31.958 Divide StockNo {6147}
[20148] 2025/10/08 10:48:31.958 Add Basket MarketNo：1 StockIdx：830
[20148] 2025/10/08 10:48:31.958 Divide StockNo {6153}
[20148] 2025/10/08 10:48:31.958 Add Basket MarketNo：0 StockIdx：33027
[20148] 2025/10/08 10:48:31.958 Divide StockNo {6173}
[20148] 2025/10/08 10:48:31.958 Add Basket MarketNo：1 StockIdx：845
[20148] 2025/10/08 10:48:31.958 Divide StockNo {6176}
[20148] 2025/10/08 10:48:31.958 Add Basket MarketNo：0 StockIdx：33033
[20148] 2025/10/08 10:48:31.958 Divide StockNo {6182}
[20148] 2025/10/08 10:48:31.958 Add Basket MarketNo：1 StockIdx：853
[20148] 2025/10/08 10:48:31.958 Divide StockNo {6188}
[20148] 2025/10/08 10:48:31.958 Add Basket MarketNo：1 StockIdx：861
[20148] 2025/10/08 10:48:31.958 Divide StockNo {6213}
[20148] 2025/10/08 10:48:31.958 Add Basket MarketNo：0 StockIdx：33047
[20148] 2025/10/08 10:48:31.958 Divide StockNo {6223}
[20148] 2025/10/08 10:48:31.958 Add Basket MarketNo：1 StockIdx：885
[20148] 2025/10/08 10:48:31.958 Divide StockNo {6239}
[20148] 2025/10/08 10:48:31.958 Add Basket MarketNo：0 StockIdx：33056
[20148] 2025/10/08 10:48:31.958 Divide StockNo {6245}
[20148] 2025/10/08 10:48:31.958 Add Basket MarketNo：1 StockIdx：900
[20148] 2025/10/08 10:48:31.959 Divide StockNo {6257}
[20148] 2025/10/08 10:48:31.959 Add Basket MarketNo：0 StockIdx：33058
[20148] 2025/10/08 10:48:31.959 Divide StockNo {6269}
[20148] 2025/10/08 10:48:31.959 Add Basket MarketNo：0 StockIdx：33059
[20148] 2025/10/08 10:48:31.959 Divide StockNo {6271}
[20148] 2025/10/08 10:48:31.959 Add Basket MarketNo：0 StockIdx：33060
[20148] 2025/10/08 10:48:31.959 Divide StockNo {6274}
[20148] 2025/10/08 10:48:31.959 Add Basket MarketNo：1 StockIdx：912
[20148] 2025/10/08 10:48:31.959 Divide StockNo {6278}
[20148] 2025/10/08 10:48:31.959 Add Basket MarketNo：0 StockIdx：33062
[20148] 2025/10/08 10:48:31.959 Divide StockNo {6279}
[20148] 2025/10/08 10:48:31.959 Add Basket MarketNo：1 StockIdx：916
[20148] 2025/10/08 10:48:31.959 Divide StockNo {6282}
[20148] 2025/10/08 10:48:31.959 Add Basket MarketNo：0 StockIdx：33064
[20148] 2025/10/08 10:48:31.959 Divide StockNo {6285}
[20148] 2025/10/08 10:48:31.959 Add Basket MarketNo：0 StockIdx：33066
[20148] 2025/10/08 10:48:31.959 Divide StockNo {6414}
[20148] 2025/10/08 10:48:31.959 Add Basket MarketNo：0 StockIdx：33070
[20148] 2025/10/08 10:48:31.959 Divide StockNo {6443}
[20148] 2025/10/08 10:48:31.959 Add Basket MarketNo：0 StockIdx：33078
[20148] 2025/10/08 10:48:31.959 Divide StockNo {6472}
[20148] 2025/10/08 10:48:31.959 Add Basket MarketNo：0 StockIdx：33084
[20148] 2025/10/08 10:48:31.959 Divide StockNo {6488}
[20148] 2025/10/08 10:48:31.959 Add Basket MarketNo：1 StockIdx：952
[20148] 2025/10/08 10:48:31.959 Divide StockNo {6505}
[20148] 2025/10/08 10:48:31.959 Add Basket MarketNo：0 StockIdx：33088
[20148] 2025/10/08 10:48:31.959 Divide StockNo {6510}
[20148] 2025/10/08 10:48:31.959 Add Basket MarketNo：1 StockIdx：962
[20148] 2025/10/08 10:48:31.959 Divide StockNo {6526}
[20148] 2025/10/08 10:48:31.959 Add Basket MarketNo：0 StockIdx：33091
[20148] 2025/10/08 10:48:31.959 Divide StockNo {6547}
[20148] 2025/10/08 10:48:31.959 Add Basket MarketNo：1 StockIdx：977
[20148] 2025/10/08 10:48:31.959 Divide StockNo {6669}
[20148] 2025/10/08 10:48:31.959 Add Basket MarketNo：0 StockIdx：33120
[20148] 2025/10/08 10:48:31.959 Divide StockNo {6757}
[20148] 2025/10/08 10:48:31.959 Add Basket MarketNo：0 StockIdx：33137
[20148] 2025/10/08 10:48:31.959 Divide StockNo {6770}
[20148] 2025/10/08 10:48:31.959 Add Basket MarketNo：0 StockIdx：33139
[20148] 2025/10/08 10:48:31.959 Divide StockNo {8039}
[20148] 2025/10/08 10:48:31.959 Add Basket MarketNo：0 StockIdx：33211
[20148] 2025/10/08 10:48:31.959 Divide StockNo {8044}
[20148] 2025/10/08 10:48:31.959 Add Basket MarketNo：1 StockIdx：12284
[20148] 2025/10/08 10:48:31.959 Divide StockNo {8046}
[20148] 2025/10/08 10:48:31.959 Add Basket MarketNo：0 StockIdx：33213
[20148] 2025/10/08 10:48:31.959 Divide StockNo {8069}
[20148] 2025/10/08 10:48:31.959 Add Basket MarketNo：1 StockIdx：12296
[20148] 2025/10/08 10:48:31.959 Divide StockNo {8086}
[20148] 2025/10/08 10:48:31.959 Add Basket MarketNo：1 StockIdx：12305
[20148] 2025/10/08 10:48:31.959 Divide StockNo {8112}
[20148] 2025/10/08 10:48:31.959 Add Basket MarketNo：0 StockIdx：33222
[20148] 2025/10/08 10:48:31.959 Divide StockNo {8150}
[20148] 2025/10/08 10:48:31.959 Add Basket MarketNo：0 StockIdx：33226
[20148] 2025/10/08 10:48:31.959 Divide StockNo {8163}
[20148] 2025/10/08 10:48:31.959 Add Basket MarketNo：0 StockIdx：33228
[20148] 2025/10/08 10:48:31.959 Divide StockNo {8299}
[20148] 2025/10/08 10:48:31.959 Add Basket MarketNo：1 StockIdx：12344
[20148] 2025/10/08 10:48:31.959 Divide StockNo {8358}
[20148] 2025/10/08 10:48:31.959 Add Basket MarketNo：1 StockIdx：12350
[20148] 2025/10/08 10:48:31.959 Divide StockNo {8436}
[20148] 2025/10/08 10:48:31.959 Add Basket MarketNo：1 StockIdx：12376
[20148] 2025/10/08 10:48:31.959 Divide StockNo {8454}
[20148] 2025/10/08 10:48:31.959 Add Basket MarketNo：0 StockIdx：33247
[20148] 2025/10/08 10:48:31.960 Divide StockNo {9904}
[20148] 2025/10/08 10:48:31.960 Add Basket MarketNo：0 StockIdx：33276
[20148] 2025/10/08 10:48:31.960 Divide StockNo {9914}
[20148] 2025/10/08 10:48:31.960 Add Basket MarketNo：0 StockIdx：33284
[20148] 2025/10/08 10:48:31.960 Divide StockNo {9938}
[20148] 2025/10/08 10:48:31.960 Add Basket MarketNo：0 StockIdx：33301
[20148] 2025/10/08 10:48:31.960 Divide StockNo {9939}
[20148] 2025/10/08 10:48:31.960 Add Basket MarketNo：0 StockIdx：33302
[20148] 2025/10/08 10:48:31.960 Divide StockNo {9945}
[20148] 2025/10/08 10:48:31.960 Add Basket MarketNo：0 StockIdx：33309
[20148] 2025/10/08 10:48:31.960 Divide StockNo {9958}
[20148] 2025/10/08 10:48:31.960 Add Basket MarketNo：0 StockIdx：33312
[20148] 2025/10/08 10:48:31.960 Divide StockNo {TSE}
[20148] 2025/10/08 10:48:31.960 Stock Is Not Exist 
[20148] 2025/10/08 10:48:31.960 Divide StockNo {TSE23}
[20148] 2025/10/08 10:48:31.960 Add Basket MarketNo：0 StockIdx：33629
[20148] 2025/10/08 10:48:31.960 Divide StockNo {TSE28}
[20148] 2025/10/08 10:48:31.960 Add Basket MarketNo：0 StockIdx：33634
[20148] 2025/10/08 10:48:31.960 Divide StockNo {TWMC}
[20148] 2025/10/08 10:48:31.960 Stock Is Not Exist 
[20148] 2025/10/08 10:48:31.960 Return PageNo： 1 
[13524] 2025/10/08 11:18:33.944 Precheck/DistributedServer Query result is 000,分配成功
[13524] 2025/10/08 11:18:33.944 >> Host srvsolace-tpa.capital.com.tw
[13524] 2025/10/08 11:18:33.984 SKQuoteLib_EnterMonitor IP：srvsolace-tpa.capital.com.tw
[13524] 2025/10/08 11:18:34.024 OnSessionConnect，Code: 3001, Error Code:0.
[13524] 2025/10/08 11:18:34.090 SKQuoteLib_EnterMonitorLONG starting
[13524] 2025/10/08 11:18:34.091 OnConnection ( 3001 , 0 ) 
[13524] 2025/10/08 11:18:35.136 Market Info is OK!
[13524] 2025/10/08 11:18:35.245 Catalog info is OK!
[13524] 2025/10/08 11:18:40.258 Solace RequestInitializeData (TO_S_19,S_1F)
[13524] 2025/10/08 11:18:40.258 Solace RequestInitializeData (TO_S_19,S_1F)
[13524] 2025/10/08 11:18:40.259 OnConnection ( 3003 , 0 ) 
[13524] 2025/10/08 11:19:19.069 SKQuoteLib_RequestStocks (1 , CAF00, CBF00, CCF00, CDF00, CEF00, CFF00, CGF00, CHF00, CJF00, CKF00, CLF00, CMF00, CNF00, CQF00, CRF00, CSF00, CUF00, CWF00, CXF00, CYF00, CZF00, DAF00, DBF00, DCF00, DEF00, DFF00, DGF00, DHF00, DIF00, DJF00, DKF00, DLF00, DNF00, DOF00, DPF00, DQF00, DSF00, DVF00, DWF00, DXF00, DYF00, DZF00, EEF00, EGF00, EHF00, EKF00, EMF00, EPF00, EYF00, EZF00, FBF00, FCF00, FEF00, FFF00, FGF00, FKF00, FNF00, FQF00, FRF00, FSF00, FTF00, FVF00, FWF00, FYF00, FZF00, GAF00, GCF00, GHF00, GIF00, GJF00, GKF00, GLF00, GMF00, GNF00, GOF00, GRF00, GUF00, GVF00, GWF00, GXF00, GYF00, GZF00, HAF00, HBF00, HCF00, HHF00, HIF00, HLF00, HOF00, HQF00, HSF00, IAF00, IHF00, IIF00, IJF00, IMF00, IOF00, IPF00, IQF00, IRF00, ITF00, IXF00, IYF00, IZF00, JBF00, JFF00, JMF00, JNF00, JPF00, JSF00, JWF00, JXF00, JZF00, KAF00, KBF00, KCF00, KDF00, KEF00, KFF00, KGF00, KIF00, KKF00, KLF00, KOF00, KPF00, KSF00, KUF00, KWF00, LBF00, LCF00, LEF00, LIF00, LMF00, LOF00, LQF00, LRF00, LTF00, LUF00, LVF00, LWF00, LXF00, LYF00, MAF00, MBF00, MJF00, MKF00, MQF00, MVF00, MYF00, NAF00, NBF00, NDF00, NEF00, NGF00, NIF00, NJF00, NLF00, NMF00, NOF00, NQF00, NSF00, NUF00, NVF00, NWF00, NYF00, OAF00, OBF00, ODF00, OEF00, OHF00, OJF00, OKF00, OLF00, OMF00, OOF00, OPF00, OQF00, ORF00, OSF00, OTF00, OUF00, OVF00, OWF00, OXF00, OYF00, OZF00, PAF00, PBF00, PCF00, PDF00, PEF00, PFF00, PGF00, PHF00, PIF00, PJF00, PKF00, PLF00, PMF00, PNF00, PPF00, PQF00, PRF00, PSF00, PTF00, PUF00, PVF00, PWF00, PXF00, PYF00, PZF00, QAF00, QBF00, QCF00, QDF00, QEF00, QFF00, QGF00, QHF00, QIF00, QJF00, QKF00, QLF00, QMF00, QNF00, QOF00, QPF00, QQF00, QRF00, QSF00, QTF00, QUF00, QVF00, QWF00, QXF00, QYF00, QZF00, RAF00, RBF00, RCF00, RDF00, REF00, RFF00, RGF00, RIF00, RJF00, RKF00, RLF00, RMF00, RNF00, ROF00, RPF00, RQF00, RRF00, RSF00, RUF00, RVF00, RWF00, RXF00, RYF00, RZF00, SAF00, SBF00, SCF00, SDF00, SEF00, SFF00, SGF00, SIF00, SJF00, SKF00, SLF00, SMF00, SNF00, SQF00, SRF00, SSF00, SUF00, SVF00, SWF00, SYF00, SZF00, UAF00, UBF00, UCF00, UEF00, UFF00, UGF00, UHF00, UIF00, UJF00, UKF00, ULF00, UMF00, UOF00, UPF00, UQF00, URF00, USF00, UTF00, UUF00, UVF00, UWF00, 0050, 0056, 006205, 006206, 00636, 00639, 00643, 00679B, 00687B, 00719B, 00757, 00772B, 00878, 00885, 00893, 00919, 00923, 00929, 00937B, 00940, 1101, 1102, 1210, 1216, 1301, 1303, 1312, 1314, 1319, 1326, 1402, 1440, 1476, 1477, 1503, 1504, 1513, 1536, 1565, 1590, 1605, 1609, 1707, 1717, 1718, 1722, 1795, 1802, 1904, 1905, 1907, 1909, 2002, 2006, 2014, 2027, 2049, 2059, 2105, 2201, 2231, 2301, 2303, 2308, 2312, 2313, 2317, 2323, 2324, 2327, 2328, 2330, 2331, 2332, 2337, 2338, 2340, 2344, 2345, 2347, 2352, 2353, 2354, 2355, 2356, 2357, 2360, 2368, 2371, 2376, 2377, 2379, 2382, 2383, 2385, 2388, 2392, 2393, 2401, 2404, 2408, 2409, 2412, 2439, 2441, 2449, 2454, 2455, 2457, 2458, 2474, 2481, 2485, 2486, 2489, 2492, 2498, 2515, 2520, 2542, 2548, 2603, 2605, 2606, 2609, 2610, 2615, 2618, 2633, 2634, 2801, 2834, 2880, 2881, 2882, 2883, 2884, 2885, 2886, 2887, 2888, 2890, 2891, 2892, 2913, 2915, 3005, 3006, 3008, 3017, 3019, 3034, 3035, 3036, 3037, 3042, 3044, 3045, 3078, 3081, 3105, 3152, 3189, 3227, 3231, 3260, 3264, 3293, 3324, 3374, 3376, 3380, 3406, 3443, 3481, 3529, 3532, 3533, 3552, 3653, 3661, 3673, 3680, 3691, 3702, 3706, 3711, 3714, 4123, 4128, 4162, 4736, 4743, 4904, 4919, 4938, 4958, 5009, 5269, 5274, 5347, 5371, 5388, 5425, 5457, 5483, 5534, 5871, 5876, 5880, 5904, 6005, 6116, 6121, 6139, 6147, 6153, 6173, 6176, 6182, 6188, 6213, 6223, 6239, 6245, 6257, 6269, 6271, 6274, 6278, 6279, 6282, 6285, 6414, 6443, 6472, 6488, 6505, 6510, 6526, 6547, 6669, 6757, 6770, 8039, 8044, 8046, 8069, 8086, 8112, 8150, 8163, 8299, 8358, 8436, 8454, 9904, 9914, 9938, 9939, 9945, 9958, TSE, TSE23, TSE28, TWMC)
[13524] 2025/10/08 11:19:19.073 Divide StockNo {CAF00}
[13524] 2025/10/08 11:19:19.073 Add Basket MarketNo：2 StockIdx：162
[13524] 2025/10/08 11:19:19.073 Divide StockNo {CBF00}
[13524] 2025/10/08 11:19:19.073 Add Basket MarketNo：2 StockIdx：168
[13524] 2025/10/08 11:19:19.073 Divide StockNo {CCF00}
[13524] 2025/10/08 11:19:19.073 Add Basket MarketNo：2 StockIdx：5613
[13524] 2025/10/08 11:19:19.073 Divide StockNo {CDF00}
[13524] 2025/10/08 11:19:19.073 Add Basket MarketNo：2 StockIdx：5619
[13524] 2025/10/08 11:19:19.073 Divide StockNo {CEF00}
[13524] 2025/10/08 11:19:19.073 Add Basket MarketNo：2 StockIdx：186
[13524] 2025/10/08 11:19:19.073 Divide StockNo {CFF00}
[13524] 2025/10/08 11:19:19.073 Add Basket MarketNo：2 StockIdx：196
[13524] 2025/10/08 11:19:19.073 Divide StockNo {CGF00}
[13524] 2025/10/08 11:19:19.073 Add Basket MarketNo：2 StockIdx：202
[13524] 2025/10/08 11:19:19.073 Divide StockNo {CHF00}
[13524] 2025/10/08 11:19:19.073 Add Basket MarketNo：2 StockIdx：208
[13524] 2025/10/08 11:19:19.073 Divide StockNo {CJF00}
[13524] 2025/10/08 11:19:19.073 Add Basket MarketNo：2 StockIdx：214
[13524] 2025/10/08 11:19:19.073 Divide StockNo {CKF00}
[13524] 2025/10/08 11:19:19.073 Add Basket MarketNo：2 StockIdx：220
[13524] 2025/10/08 11:19:19.073 Divide StockNo {CLF00}
[13524] 2025/10/08 11:19:19.073 Add Basket MarketNo：2 StockIdx：226
[13524] 2025/10/08 11:19:19.073 Divide StockNo {CMF00}
[13524] 2025/10/08 11:19:19.073 Add Basket MarketNo：2 StockIdx：232
[13524] 2025/10/08 11:19:19.073 Divide StockNo {CNF00}
[13524] 2025/10/08 11:19:19.073 Add Basket MarketNo：2 StockIdx：238
[13524] 2025/10/08 11:19:19.073 Divide StockNo {CQF00}
[13524] 2025/10/08 11:19:19.073 Add Basket MarketNo：2 StockIdx：244
[13524] 2025/10/08 11:19:19.073 Divide StockNo {CRF00}
[13524] 2025/10/08 11:19:19.073 Add Basket MarketNo：2 StockIdx：250
[13524] 2025/10/08 11:19:19.073 Divide StockNo {CSF00}
[13524] 2025/10/08 11:19:19.073 Add Basket MarketNo：2 StockIdx：256
[13524] 2025/10/08 11:19:19.073 Divide StockNo {CUF00}
[13524] 2025/10/08 11:19:19.073 Add Basket MarketNo：2 StockIdx：263
[13524] 2025/10/08 11:19:19.073 Divide StockNo {CWF00}
[13524] 2025/10/08 11:19:19.073 Add Basket MarketNo：2 StockIdx：269
[13524] 2025/10/08 11:19:19.073 Divide StockNo {CXF00}
[13524] 2025/10/08 11:19:19.073 Add Basket MarketNo：2 StockIdx：279
[13524] 2025/10/08 11:19:19.073 Divide StockNo {CYF00}
[13524] 2025/10/08 11:19:19.073 Add Basket MarketNo：2 StockIdx：285
[13524] 2025/10/08 11:19:19.073 Divide StockNo {CZF00}
[13524] 2025/10/08 11:19:19.073 Add Basket MarketNo：2 StockIdx：291
[13524] 2025/10/08 11:19:19.073 Divide StockNo {DAF00}
[13524] 2025/10/08 11:19:19.073 Add Basket MarketNo：2 StockIdx：297
[13524] 2025/10/08 11:19:19.073 Divide StockNo {DBF00}
[13524] 2025/10/08 11:19:19.073 Add Basket MarketNo：2 StockIdx：303
[13524] 2025/10/08 11:19:19.073 Divide StockNo {DCF00}
[13524] 2025/10/08 11:19:19.073 Add Basket MarketNo：2 StockIdx：309
[13524] 2025/10/08 11:19:19.073 Divide StockNo {DEF00}
[13524] 2025/10/08 11:19:19.073 Add Basket MarketNo：2 StockIdx：316
[13524] 2025/10/08 11:19:19.073 Divide StockNo {DFF00}
[13524] 2025/10/08 11:19:19.073 Add Basket MarketNo：2 StockIdx：324
[13524] 2025/10/08 11:19:19.073 Divide StockNo {DGF00}
[13524] 2025/10/08 11:19:19.073 Add Basket MarketNo：2 StockIdx：330
[13524] 2025/10/08 11:19:19.073 Divide StockNo {DHF00}
[13524] 2025/10/08 11:19:19.074 Add Basket MarketNo：2 StockIdx：336
[13524] 2025/10/08 11:19:19.074 Divide StockNo {DIF00}
[13524] 2025/10/08 11:19:19.074 Add Basket MarketNo：2 StockIdx：342
[13524] 2025/10/08 11:19:19.074 Divide StockNo {DJF00}
[13524] 2025/10/08 11:19:19.074 Add Basket MarketNo：2 StockIdx：348
[13524] 2025/10/08 11:19:19.074 Divide StockNo {DKF00}
[13524] 2025/10/08 11:19:19.074 Add Basket MarketNo：2 StockIdx：354
[13524] 2025/10/08 11:19:19.074 Divide StockNo {DLF00}
[13524] 2025/10/08 11:19:19.074 Add Basket MarketNo：2 StockIdx：360
[13524] 2025/10/08 11:19:19.074 Divide StockNo {DNF00}
[13524] 2025/10/08 11:19:19.074 Add Basket MarketNo：2 StockIdx：366
[13524] 2025/10/08 11:19:19.074 Divide StockNo {DOF00}
[13524] 2025/10/08 11:19:19.074 Add Basket MarketNo：2 StockIdx：373
[13524] 2025/10/08 11:19:19.074 Divide StockNo {DPF00}
[13524] 2025/10/08 11:19:19.074 Add Basket MarketNo：2 StockIdx：380
[13524] 2025/10/08 11:19:19.074 Divide StockNo {DQF00}
[13524] 2025/10/08 11:19:19.074 Add Basket MarketNo：2 StockIdx：386
[13524] 2025/10/08 11:19:19.074 Divide StockNo {DSF00}
[13524] 2025/10/08 11:19:19.074 Add Basket MarketNo：2 StockIdx：392
[13524] 2025/10/08 11:19:19.074 Divide StockNo {DVF00}
[13524] 2025/10/08 11:19:19.074 Add Basket MarketNo：2 StockIdx：398
[13524] 2025/10/08 11:19:19.074 Divide StockNo {DWF00}
[13524] 2025/10/08 11:19:19.074 Add Basket MarketNo：2 StockIdx：404
[13524] 2025/10/08 11:19:19.074 Divide StockNo {DXF00}
[13524] 2025/10/08 11:19:19.074 Add Basket MarketNo：2 StockIdx：410
[13524] 2025/10/08 11:19:19.074 Divide StockNo {DYF00}
[13524] 2025/10/08 11:19:19.074 Add Basket MarketNo：2 StockIdx：416
[13524] 2025/10/08 11:19:19.074 Divide StockNo {DZF00}
[13524] 2025/10/08 11:19:19.074 Add Basket MarketNo：2 StockIdx：422
[13524] 2025/10/08 11:19:19.074 Divide StockNo {EEF00}
[13524] 2025/10/08 11:19:19.074 Add Basket MarketNo：2 StockIdx：428
[13524] 2025/10/08 11:19:19.074 Divide StockNo {EGF00}
[13524] 2025/10/08 11:19:19.074 Add Basket MarketNo：2 StockIdx：434
[13524] 2025/10/08 11:19:19.074 Divide StockNo {EHF00}
[13524] 2025/10/08 11:19:19.074 Add Basket MarketNo：2 StockIdx：440
[13524] 2025/10/08 11:19:19.074 Divide StockNo {EKF00}
[13524] 2025/10/08 11:19:19.074 Add Basket MarketNo：2 StockIdx：446
[13524] 2025/10/08 11:19:19.074 Divide StockNo {EMF00}
[13524] 2025/10/08 11:19:19.074 Add Basket MarketNo：2 StockIdx：452
[13524] 2025/10/08 11:19:19.074 Divide StockNo {EPF00}
[13524] 2025/10/08 11:19:19.074 Add Basket MarketNo：2 StockIdx：458
[13524] 2025/10/08 11:19:19.074 Divide StockNo {EYF00}
[13524] 2025/10/08 11:19:19.074 Add Basket MarketNo：2 StockIdx：464
[13524] 2025/10/08 11:19:19.074 Divide StockNo {EZF00}
[13524] 2025/10/08 11:19:19.074 Add Basket MarketNo：2 StockIdx：470
[13524] 2025/10/08 11:19:19.074 Divide StockNo {FBF00}
[13524] 2025/10/08 11:19:19.074 Add Basket MarketNo：2 StockIdx：476
[13524] 2025/10/08 11:19:19.074 Divide StockNo {FCF00}
[13524] 2025/10/08 11:19:19.074 Add Basket MarketNo：2 StockIdx：482
[13524] 2025/10/08 11:19:19.074 Divide StockNo {FEF00}
[13524] 2025/10/08 11:19:19.074 Add Basket MarketNo：2 StockIdx：487
[13524] 2025/10/08 11:19:19.074 Divide StockNo {FFF00}
[13524] 2025/10/08 11:19:19.074 Add Basket MarketNo：2 StockIdx：494
[13524] 2025/10/08 11:19:19.074 Divide StockNo {FGF00}
[13524] 2025/10/08 11:19:19.074 Add Basket MarketNo：2 StockIdx：500
[13524] 2025/10/08 11:19:19.074 Divide StockNo {FKF00}
[13524] 2025/10/08 11:19:19.074 Add Basket MarketNo：2 StockIdx：506
[13524] 2025/10/08 11:19:19.074 Divide StockNo {FNF00}
[13524] 2025/10/08 11:19:19.074 Add Basket MarketNo：2 StockIdx：512
[13524] 2025/10/08 11:19:19.074 Divide StockNo {FQF00}
[13524] 2025/10/08 11:19:19.074 Add Basket MarketNo：2 StockIdx：518
[13524] 2025/10/08 11:19:19.074 Divide StockNo {FRF00}
[13524] 2025/10/08 11:19:19.074 Add Basket MarketNo：2 StockIdx：524
[13524] 2025/10/08 11:19:19.074 Divide StockNo {FSF00}
[13524] 2025/10/08 11:19:19.074 Add Basket MarketNo：2 StockIdx：530
[13524] 2025/10/08 11:19:19.074 Divide StockNo {FTF00}
[13524] 2025/10/08 11:19:19.075 Add Basket MarketNo：2 StockIdx：536
[13524] 2025/10/08 11:19:19.075 Divide StockNo {FVF00}
[13524] 2025/10/08 11:19:19.075 Add Basket MarketNo：2 StockIdx：542
[13524] 2025/10/08 11:19:19.075 Divide StockNo {FWF00}
[13524] 2025/10/08 11:19:19.075 Add Basket MarketNo：2 StockIdx：548
[13524] 2025/10/08 11:19:19.075 Divide StockNo {FYF00}
[13524] 2025/10/08 11:19:19.075 Add Basket MarketNo：2 StockIdx：554
[13524] 2025/10/08 11:19:19.075 Divide StockNo {FZF00}
[13524] 2025/10/08 11:19:19.075 Add Basket MarketNo：2 StockIdx：560
[13524] 2025/10/08 11:19:19.075 Divide StockNo {GAF00}
[13524] 2025/10/08 11:19:19.075 Add Basket MarketNo：2 StockIdx：566
[13524] 2025/10/08 11:19:19.075 Divide StockNo {GCF00}
[13524] 2025/10/08 11:19:19.075 Add Basket MarketNo：2 StockIdx：572
[13524] 2025/10/08 11:19:19.075 Divide StockNo {GHF00}
[13524] 2025/10/08 11:19:19.075 Add Basket MarketNo：2 StockIdx：578
[13524] 2025/10/08 11:19:19.075 Divide StockNo {GIF00}
[13524] 2025/10/08 11:19:19.075 Add Basket MarketNo：2 StockIdx：584
[13524] 2025/10/08 11:19:19.075 Divide StockNo {GJF00}
[13524] 2025/10/08 11:19:19.075 Add Basket MarketNo：2 StockIdx：590
[13524] 2025/10/08 11:19:19.075 Divide StockNo {GKF00}
[13524] 2025/10/08 11:19:19.075 Add Basket MarketNo：2 StockIdx：596
[13524] 2025/10/08 11:19:19.075 Divide StockNo {GLF00}
[13524] 2025/10/08 11:19:19.075 Add Basket MarketNo：2 StockIdx：602
[13524] 2025/10/08 11:19:19.075 Divide StockNo {GMF00}
[13524] 2025/10/08 11:19:19.075 Add Basket MarketNo：2 StockIdx：608
[13524] 2025/10/08 11:19:19.075 Divide StockNo {GNF00}
[13524] 2025/10/08 11:19:19.075 Add Basket MarketNo：2 StockIdx：614
[13524] 2025/10/08 11:19:19.075 Divide StockNo {GOF00}
[13524] 2025/10/08 11:19:19.075 Add Basket MarketNo：2 StockIdx：620
[13524] 2025/10/08 11:19:19.075 Divide StockNo {GRF00}
[13524] 2025/10/08 11:19:19.075 Add Basket MarketNo：2 StockIdx：626
[13524] 2025/10/08 11:19:19.075 Divide StockNo {GUF00}
[13524] 2025/10/08 11:19:19.075 Add Basket MarketNo：2 StockIdx：632
[13524] 2025/10/08 11:19:19.075 Divide StockNo {GVF00}
[13524] 2025/10/08 11:19:19.075 Add Basket MarketNo：2 StockIdx：638
[13524] 2025/10/08 11:19:19.075 Divide StockNo {GWF00}
[13524] 2025/10/08 11:19:19.075 Add Basket MarketNo：2 StockIdx：644
[13524] 2025/10/08 11:19:19.075 Divide StockNo {GXF00}
[13524] 2025/10/08 11:19:19.075 Add Basket MarketNo：2 StockIdx：650
[13524] 2025/10/08 11:19:19.075 Divide StockNo {GYF00}
[13524] 2025/10/08 11:19:19.075 Add Basket MarketNo：2 StockIdx：656
[13524] 2025/10/08 11:19:19.075 Divide StockNo {GZF00}
[13524] 2025/10/08 11:19:19.075 Add Basket MarketNo：2 StockIdx：662
[13524] 2025/10/08 11:19:19.075 Divide StockNo {HAF00}
[13524] 2025/10/08 11:19:19.075 Add Basket MarketNo：2 StockIdx：668
[13524] 2025/10/08 11:19:19.075 Divide StockNo {HBF00}
[13524] 2025/10/08 11:19:19.075 Add Basket MarketNo：2 StockIdx：679
[13524] 2025/10/08 11:19:19.075 Divide StockNo {HCF00}
[13524] 2025/10/08 11:19:19.075 Add Basket MarketNo：2 StockIdx：685
[13524] 2025/10/08 11:19:19.075 Divide StockNo {HHF00}
[13524] 2025/10/08 11:19:19.075 Add Basket MarketNo：2 StockIdx：691
[13524] 2025/10/08 11:19:19.075 Divide StockNo {HIF00}
[13524] 2025/10/08 11:19:19.075 Add Basket MarketNo：2 StockIdx：697
[13524] 2025/10/08 11:19:19.075 Divide StockNo {HLF00}
[13524] 2025/10/08 11:19:19.075 Add Basket MarketNo：2 StockIdx：703
[13524] 2025/10/08 11:19:19.075 Divide StockNo {HOF00}
[13524] 2025/10/08 11:19:19.075 Add Basket MarketNo：2 StockIdx：715
[13524] 2025/10/08 11:19:19.075 Divide StockNo {HQF00}
[13524] 2025/10/08 11:19:19.075 Add Basket MarketNo：2 StockIdx：722
[13524] 2025/10/08 11:19:19.075 Divide StockNo {HSF00}
[13524] 2025/10/08 11:19:19.076 Add Basket MarketNo：2 StockIdx：728
[13524] 2025/10/08 11:19:19.076 Divide StockNo {IAF00}
[13524] 2025/10/08 11:19:19.076 Add Basket MarketNo：2 StockIdx：734
[13524] 2025/10/08 11:19:19.076 Divide StockNo {IHF00}
[13524] 2025/10/08 11:19:19.076 Add Basket MarketNo：2 StockIdx：742
[13524] 2025/10/08 11:19:19.076 Divide StockNo {IIF00}
[13524] 2025/10/08 11:19:19.076 Add Basket MarketNo：2 StockIdx：748
[13524] 2025/10/08 11:19:19.076 Divide StockNo {IJF00}
[13524] 2025/10/08 11:19:19.076 Add Basket MarketNo：2 StockIdx：754
[13524] 2025/10/08 11:19:19.076 Divide StockNo {IMF00}
[13524] 2025/10/08 11:19:19.076 Add Basket MarketNo：2 StockIdx：760
[13524] 2025/10/08 11:19:19.076 Divide StockNo {IOF00}
[13524] 2025/10/08 11:19:19.076 Add Basket MarketNo：2 StockIdx：766
[13524] 2025/10/08 11:19:19.076 Divide StockNo {IPF00}
[13524] 2025/10/08 11:19:19.076 Add Basket MarketNo：2 StockIdx：772
[13524] 2025/10/08 11:19:19.076 Divide StockNo {IQF00}
[13524] 2025/10/08 11:19:19.076 Add Basket MarketNo：2 StockIdx：778
[13524] 2025/10/08 11:19:19.076 Divide StockNo {IRF00}
[13524] 2025/10/08 11:19:19.076 Add Basket MarketNo：2 StockIdx：784
[13524] 2025/10/08 11:19:19.076 Divide StockNo {ITF00}
[13524] 2025/10/08 11:19:19.076 Add Basket MarketNo：2 StockIdx：790
[13524] 2025/10/08 11:19:19.076 Divide StockNo {IXF00}
[13524] 2025/10/08 11:19:19.076 Add Basket MarketNo：2 StockIdx：796
[13524] 2025/10/08 11:19:19.076 Divide StockNo {IYF00}
[13524] 2025/10/08 11:19:19.076 Add Basket MarketNo：2 StockIdx：802
[13524] 2025/10/08 11:19:19.076 Divide StockNo {IZF00}
[13524] 2025/10/08 11:19:19.076 Add Basket MarketNo：2 StockIdx：808
[13524] 2025/10/08 11:19:19.076 Divide StockNo {JBF00}
[13524] 2025/10/08 11:19:19.076 Add Basket MarketNo：2 StockIdx：814
[13524] 2025/10/08 11:19:19.076 Divide StockNo {JFF00}
[13524] 2025/10/08 11:19:19.076 Add Basket MarketNo：2 StockIdx：820
[13524] 2025/10/08 11:19:19.076 Divide StockNo {JMF00}
[13524] 2025/10/08 11:19:19.076 Add Basket MarketNo：2 StockIdx：826
[13524] 2025/10/08 11:19:19.076 Divide StockNo {JNF00}
[13524] 2025/10/08 11:19:19.076 Add Basket MarketNo：2 StockIdx：832
[13524] 2025/10/08 11:19:19.076 Divide StockNo {JPF00}
[13524] 2025/10/08 11:19:19.076 Add Basket MarketNo：2 StockIdx：838
[13524] 2025/10/08 11:19:19.076 Divide StockNo {JSF00}
[13524] 2025/10/08 11:19:19.076 Add Basket MarketNo：2 StockIdx：844
[13524] 2025/10/08 11:19:19.076 Divide StockNo {JWF00}
[13524] 2025/10/08 11:19:19.076 Add Basket MarketNo：2 StockIdx：850
[13524] 2025/10/08 11:19:19.076 Divide StockNo {JXF00}
[13524] 2025/10/08 11:19:19.076 Add Basket MarketNo：2 StockIdx：856
[13524] 2025/10/08 11:19:19.076 Divide StockNo {JZF00}
[13524] 2025/10/08 11:19:19.076 Add Basket MarketNo：2 StockIdx：862
[13524] 2025/10/08 11:19:19.076 Divide StockNo {KAF00}
[13524] 2025/10/08 11:19:19.076 Add Basket MarketNo：2 StockIdx：868
[13524] 2025/10/08 11:19:19.076 Divide StockNo {KBF00}
[13524] 2025/10/08 11:19:19.076 Add Basket MarketNo：2 StockIdx：874
[13524] 2025/10/08 11:19:19.076 Divide StockNo {KCF00}
[13524] 2025/10/08 11:19:19.076 Add Basket MarketNo：2 StockIdx：880
[13524] 2025/10/08 11:19:19.076 Divide StockNo {KDF00}
[13524] 2025/10/08 11:19:19.076 Add Basket MarketNo：2 StockIdx：886
[13524] 2025/10/08 11:19:19.076 Divide StockNo {KEF00}
[13524] 2025/10/08 11:19:19.076 Add Basket MarketNo：2 StockIdx：892
[13524] 2025/10/08 11:19:19.076 Divide StockNo {KFF00}
[13524] 2025/10/08 11:19:19.076 Add Basket MarketNo：2 StockIdx：898
[13524] 2025/10/08 11:19:19.076 Divide StockNo {KGF00}
[13524] 2025/10/08 11:19:19.076 Add Basket MarketNo：2 StockIdx：904
[13524] 2025/10/08 11:19:19.077 Divide StockNo {KIF00}
[13524] 2025/10/08 11:19:19.077 Add Basket MarketNo：2 StockIdx：910
[13524] 2025/10/08 11:19:19.077 Divide StockNo {KKF00}
[13524] 2025/10/08 11:19:19.077 Add Basket MarketNo：2 StockIdx：916
[13524] 2025/10/08 11:19:19.077 Divide StockNo {KLF00}
[13524] 2025/10/08 11:19:19.077 Add Basket MarketNo：2 StockIdx：922
[13524] 2025/10/08 11:19:19.077 Divide StockNo {KOF00}
[13524] 2025/10/08 11:19:19.077 Add Basket MarketNo：2 StockIdx：928
[13524] 2025/10/08 11:19:19.077 Divide StockNo {KPF00}
[13524] 2025/10/08 11:19:19.077 Add Basket MarketNo：2 StockIdx：934
[13524] 2025/10/08 11:19:19.077 Divide StockNo {KSF00}
[13524] 2025/10/08 11:19:19.077 Add Basket MarketNo：2 StockIdx：940
[13524] 2025/10/08 11:19:19.077 Divide StockNo {KUF00}
[13524] 2025/10/08 11:19:19.077 Add Basket MarketNo：2 StockIdx：946
[13524] 2025/10/08 11:19:19.077 Divide StockNo {KWF00}
[13524] 2025/10/08 11:19:19.077 Add Basket MarketNo：2 StockIdx：952
[13524] 2025/10/08 11:19:19.077 Divide StockNo {LBF00}
[13524] 2025/10/08 11:19:19.077 Add Basket MarketNo：2 StockIdx：958
[13524] 2025/10/08 11:19:19.077 Divide StockNo {LCF00}
[13524] 2025/10/08 11:19:19.077 Add Basket MarketNo：2 StockIdx：964
[13524] 2025/10/08 11:19:19.077 Divide StockNo {LEF00}
[13524] 2025/10/08 11:19:19.077 Add Basket MarketNo：2 StockIdx：970
[13524] 2025/10/08 11:19:19.077 Divide StockNo {LIF00}
[13524] 2025/10/08 11:19:19.077 Add Basket MarketNo：2 StockIdx：976
[13524] 2025/10/08 11:19:19.077 Divide StockNo {LMF00}
[13524] 2025/10/08 11:19:19.077 Add Basket MarketNo：2 StockIdx：982
[13524] 2025/10/08 11:19:19.077 Divide StockNo {LOF00}
[13524] 2025/10/08 11:19:19.077 Add Basket MarketNo：2 StockIdx：988
[13524] 2025/10/08 11:19:19.077 Divide StockNo {LQF00}
[13524] 2025/10/08 11:19:19.077 Add Basket MarketNo：2 StockIdx：994
[13524] 2025/10/08 11:19:19.077 Divide StockNo {LRF00}
[13524] 2025/10/08 11:19:19.077 Add Basket MarketNo：2 StockIdx：1000
[13524] 2025/10/08 11:19:19.077 Divide StockNo {LTF00}
[13524] 2025/10/08 11:19:19.077 Add Basket MarketNo：2 StockIdx：1010
[13524] 2025/10/08 11:19:19.077 Divide StockNo {LUF00}
[13524] 2025/10/08 11:19:19.077 Add Basket MarketNo：2 StockIdx：1016
[13524] 2025/10/08 11:19:19.077 Divide StockNo {LVF00}
[13524] 2025/10/08 11:19:19.077 Add Basket MarketNo：2 StockIdx：1022
[13524] 2025/10/08 11:19:19.077 Divide StockNo {LWF00}
[13524] 2025/10/08 11:19:19.077 Add Basket MarketNo：2 StockIdx：1030
[13524] 2025/10/08 11:19:19.077 Divide StockNo {LXF00}
[13524] 2025/10/08 11:19:19.077 Add Basket MarketNo：2 StockIdx：1036
[13524] 2025/10/08 11:19:19.077 Divide StockNo {LYF00}
[13524] 2025/10/08 11:19:19.077 Add Basket MarketNo：2 StockIdx：1043
[13524] 2025/10/08 11:19:19.077 Divide StockNo {MAF00}
[13524] 2025/10/08 11:19:19.077 Add Basket MarketNo：2 StockIdx：1049
[13524] 2025/10/08 11:19:19.077 Divide StockNo {MBF00}
[13524] 2025/10/08 11:19:19.077 Add Basket MarketNo：2 StockIdx：1052
[13524] 2025/10/08 11:19:19.077 Divide StockNo {MJF00}
[13524] 2025/10/08 11:19:19.077 Add Basket MarketNo：2 StockIdx：1058
[13524] 2025/10/08 11:19:19.077 Divide StockNo {MKF00}
[13524] 2025/10/08 11:19:19.077 Add Basket MarketNo：2 StockIdx：1064
[13524] 2025/10/08 11:19:19.077 Divide StockNo {MQF00}
[13524] 2025/10/08 11:19:19.077 Add Basket MarketNo：2 StockIdx：1070
[13524] 2025/10/08 11:19:19.077 Divide StockNo {MVF00}
[13524] 2025/10/08 11:19:19.077 Add Basket MarketNo：2 StockIdx：1076
[13524] 2025/10/08 11:19:19.077 Divide StockNo {MYF00}
[13524] 2025/10/08 11:19:19.077 Add Basket MarketNo：2 StockIdx：1082
[13524] 2025/10/08 11:19:19.077 Divide StockNo {NAF00}
[13524] 2025/10/08 11:19:19.077 Add Basket MarketNo：2 StockIdx：1088
[13524] 2025/10/08 11:19:19.077 Divide StockNo {NBF00}
[13524] 2025/10/08 11:19:19.077 Add Basket MarketNo：2 StockIdx：1094
[13524] 2025/10/08 11:19:19.077 Divide StockNo {NDF00}
[13524] 2025/10/08 11:19:19.077 Add Basket MarketNo：2 StockIdx：1100
[13524] 2025/10/08 11:19:19.077 Divide StockNo {NEF00}
[13524] 2025/10/08 11:19:19.077 Add Basket MarketNo：2 StockIdx：1106
[13524] 2025/10/08 11:19:19.077 Divide StockNo {NGF00}
[13524] 2025/10/08 11:19:19.077 Add Basket MarketNo：2 StockIdx：1112
[13524] 2025/10/08 11:19:19.078 Divide StockNo {NIF00}
[13524] 2025/10/08 11:19:19.078 Add Basket MarketNo：2 StockIdx：1118
[13524] 2025/10/08 11:19:19.078 Divide StockNo {NJF00}
[13524] 2025/10/08 11:19:19.078 Add Basket MarketNo：2 StockIdx：1127
[13524] 2025/10/08 11:19:19.078 Divide StockNo {NLF00}
[13524] 2025/10/08 11:19:19.078 Add Basket MarketNo：2 StockIdx：1133
[13524] 2025/10/08 11:19:19.078 Divide StockNo {NMF00}
[13524] 2025/10/08 11:19:19.078 Add Basket MarketNo：2 StockIdx：1139
[13524] 2025/10/08 11:19:19.078 Divide StockNo {NOF00}
[13524] 2025/10/08 11:19:19.078 Add Basket MarketNo：2 StockIdx：1145
[13524] 2025/10/08 11:19:19.078 Divide StockNo {NQF00}
[13524] 2025/10/08 11:19:19.078 Add Basket MarketNo：2 StockIdx：1151
[13524] 2025/10/08 11:19:19.078 Divide StockNo {NSF00}
[13524] 2025/10/08 11:19:19.078 Add Basket MarketNo：2 StockIdx：1157
[13524] 2025/10/08 11:19:19.078 Divide StockNo {NUF00}
[13524] 2025/10/08 11:19:19.078 Add Basket MarketNo：2 StockIdx：1163
[13524] 2025/10/08 11:19:19.078 Divide StockNo {NVF00}
[13524] 2025/10/08 11:19:19.078 Add Basket MarketNo：2 StockIdx：1169
[13524] 2025/10/08 11:19:19.078 Divide StockNo {NWF00}
[13524] 2025/10/08 11:19:19.078 Add Basket MarketNo：2 StockIdx：1175
[13524] 2025/10/08 11:19:19.078 Divide StockNo {NYF00}
[13524] 2025/10/08 11:19:19.078 Add Basket MarketNo：2 StockIdx：5625
[13524] 2025/10/08 11:19:19.078 Divide StockNo {OAF00}
[13524] 2025/10/08 11:19:19.078 Add Basket MarketNo：2 StockIdx：1187
[13524] 2025/10/08 11:19:19.078 Divide StockNo {OBF00}
[13524] 2025/10/08 11:19:19.078 Add Basket MarketNo：2 StockIdx：1193
[13524] 2025/10/08 11:19:19.078 Divide StockNo {ODF00}
[13524] 2025/10/08 11:19:19.078 Add Basket MarketNo：2 StockIdx：1199
[13524] 2025/10/08 11:19:19.078 Divide StockNo {OEF00}
[13524] 2025/10/08 11:19:19.078 Add Basket MarketNo：2 StockIdx：1205
[13524] 2025/10/08 11:19:19.078 Divide StockNo {OHF00}
[13524] 2025/10/08 11:19:19.078 Add Basket MarketNo：2 StockIdx：1211
[13524] 2025/10/08 11:19:19.078 Divide StockNo {OJF00}
[13524] 2025/10/08 11:19:19.078 Add Basket MarketNo：2 StockIdx：1219
[13524] 2025/10/08 11:19:19.078 Divide StockNo {OKF00}
[13524] 2025/10/08 11:19:19.078 Add Basket MarketNo：2 StockIdx：1225
[13524] 2025/10/08 11:19:19.078 Divide StockNo {OLF00}
[13524] 2025/10/08 11:19:19.078 Add Basket MarketNo：2 StockIdx：1231
[13524] 2025/10/08 11:19:19.078 Divide StockNo {OMF00}
[13524] 2025/10/08 11:19:19.078 Add Basket MarketNo：2 StockIdx：1237
[13524] 2025/10/08 11:19:19.078 Divide StockNo {OOF00}
[13524] 2025/10/08 11:19:19.078 Add Basket MarketNo：2 StockIdx：1243
[13524] 2025/10/08 11:19:19.078 Divide StockNo {OPF00}
[13524] 2025/10/08 11:19:19.078 Add Basket MarketNo：2 StockIdx：1249
[13524] 2025/10/08 11:19:19.078 Divide StockNo {OQF00}
[13524] 2025/10/08 11:19:19.078 Add Basket MarketNo：2 StockIdx：1255
[13524] 2025/10/08 11:19:19.078 Divide StockNo {ORF00}
[13524] 2025/10/08 11:19:19.078 Add Basket MarketNo：2 StockIdx：1261
[13524] 2025/10/08 11:19:19.078 Divide StockNo {OSF00}
[13524] 2025/10/08 11:19:19.078 Add Basket MarketNo：2 StockIdx：1267
[13524] 2025/10/08 11:19:19.078 Divide StockNo {OTF00}
[13524] 2025/10/08 11:19:19.078 Add Basket MarketNo：2 StockIdx：1273
[13524] 2025/10/08 11:19:19.078 Divide StockNo {OUF00}
[13524] 2025/10/08 11:19:19.078 Add Basket MarketNo：2 StockIdx：1279
[13524] 2025/10/08 11:19:19.078 Divide StockNo {OVF00}
[13524] 2025/10/08 11:19:19.078 Add Basket MarketNo：2 StockIdx：1285
[13524] 2025/10/08 11:19:19.078 Divide StockNo {OWF00}
[13524] 2025/10/08 11:19:19.078 Add Basket MarketNo：2 StockIdx：1291
[13524] 2025/10/08 11:19:19.078 Divide StockNo {OXF00}
[13524] 2025/10/08 11:19:19.078 Add Basket MarketNo：2 StockIdx：1297
[13524] 2025/10/08 11:19:19.078 Divide StockNo {OYF00}
[13524] 2025/10/08 11:19:19.078 Add Basket MarketNo：2 StockIdx：1303
[13524] 2025/10/08 11:19:19.078 Divide StockNo {OZF00}
[13524] 2025/10/08 11:19:19.078 Add Basket MarketNo：2 StockIdx：1309
[13524] 2025/10/08 11:19:19.078 Divide StockNo {PAF00}
[13524] 2025/10/08 11:19:19.078 Add Basket MarketNo：2 StockIdx：1315
[13524] 2025/10/08 11:19:19.079 Divide StockNo {PBF00}
[13524] 2025/10/08 11:19:19.079 Add Basket MarketNo：2 StockIdx：1321
[13524] 2025/10/08 11:19:19.079 Divide StockNo {PCF00}
[13524] 2025/10/08 11:19:19.079 Add Basket MarketNo：2 StockIdx：1327
[13524] 2025/10/08 11:19:19.079 Divide StockNo {PDF00}
[13524] 2025/10/08 11:19:19.079 Add Basket MarketNo：2 StockIdx：1333
[13524] 2025/10/08 11:19:19.079 Divide StockNo {PEF00}
[13524] 2025/10/08 11:19:19.079 Add Basket MarketNo：2 StockIdx：1339
[13524] 2025/10/08 11:19:19.079 Divide StockNo {PFF00}
[13524] 2025/10/08 11:19:19.079 Add Basket MarketNo：2 StockIdx：1345
[13524] 2025/10/08 11:19:19.079 Divide StockNo {PGF00}
[13524] 2025/10/08 11:19:19.079 Add Basket MarketNo：2 StockIdx：1351
[13524] 2025/10/08 11:19:19.079 Divide StockNo {PHF00}
[13524] 2025/10/08 11:19:19.079 Add Basket MarketNo：2 StockIdx：1357
[13524] 2025/10/08 11:19:19.079 Divide StockNo {PIF00}
[13524] 2025/10/08 11:19:19.079 Add Basket MarketNo：2 StockIdx：1363
[13524] 2025/10/08 11:19:19.079 Divide StockNo {PJF00}
[13524] 2025/10/08 11:19:19.079 Add Basket MarketNo：2 StockIdx：1369
[13524] 2025/10/08 11:19:19.079 Divide StockNo {PKF00}
[13524] 2025/10/08 11:19:19.079 Add Basket MarketNo：2 StockIdx：1375
[13524] 2025/10/08 11:19:19.079 Divide StockNo {PLF00}
[13524] 2025/10/08 11:19:19.079 Add Basket MarketNo：2 StockIdx：1381
[13524] 2025/10/08 11:19:19.079 Divide StockNo {PMF00}
[13524] 2025/10/08 11:19:19.079 Add Basket MarketNo：2 StockIdx：1387
[13524] 2025/10/08 11:19:19.079 Divide StockNo {PNF00}
[13524] 2025/10/08 11:19:19.079 Add Basket MarketNo：2 StockIdx：1393
[13524] 2025/10/08 11:19:19.079 Divide StockNo {PPF00}
[13524] 2025/10/08 11:19:19.079 Add Basket MarketNo：2 StockIdx：1399
[13524] 2025/10/08 11:19:19.079 Divide StockNo {PQF00}
[13524] 2025/10/08 11:19:19.079 Add Basket MarketNo：2 StockIdx：1405
[13524] 2025/10/08 11:19:19.079 Divide StockNo {PRF00}
[13524] 2025/10/08 11:19:19.079 Add Basket MarketNo：2 StockIdx：1411
[13524] 2025/10/08 11:19:19.079 Divide StockNo {PSF00}
[13524] 2025/10/08 11:19:19.079 Add Basket MarketNo：2 StockIdx：1417
[13524] 2025/10/08 11:19:19.079 Divide StockNo {PTF00}
[13524] 2025/10/08 11:19:19.079 Add Basket MarketNo：2 StockIdx：1426
[13524] 2025/10/08 11:19:19.079 Divide StockNo {PUF00}
[13524] 2025/10/08 11:19:19.079 Add Basket MarketNo：2 StockIdx：1432
[13524] 2025/10/08 11:19:19.079 Divide StockNo {PVF00}
[13524] 2025/10/08 11:19:19.079 Add Basket MarketNo：2 StockIdx：1438
[13524] 2025/10/08 11:19:19.079 Divide StockNo {PWF00}
[13524] 2025/10/08 11:19:19.079 Add Basket MarketNo：2 StockIdx：1444
[13524] 2025/10/08 11:19:19.079 Divide StockNo {PXF00}
[13524] 2025/10/08 11:19:19.079 Add Basket MarketNo：2 StockIdx：1450
[13524] 2025/10/08 11:19:19.079 Divide StockNo {PYF00}
[13524] 2025/10/08 11:19:19.079 Add Basket MarketNo：2 StockIdx：1456
[13524] 2025/10/08 11:19:19.079 Divide StockNo {PZF00}
[13524] 2025/10/08 11:19:19.079 Add Basket MarketNo：2 StockIdx：1462
[13524] 2025/10/08 11:19:19.079 Divide StockNo {QAF00}
[13524] 2025/10/08 11:19:19.079 Add Basket MarketNo：2 StockIdx：1468
[13524] 2025/10/08 11:19:19.079 Divide StockNo {QBF00}
[13524] 2025/10/08 11:19:19.079 Add Basket MarketNo：2 StockIdx：1474
[13524] 2025/10/08 11:19:19.079 Divide StockNo {QCF00}
[13524] 2025/10/08 11:19:19.079 Add Basket MarketNo：2 StockIdx：1480
[13524] 2025/10/08 11:19:19.079 Divide StockNo {QDF00}
[13524] 2025/10/08 11:19:19.079 Add Basket MarketNo：2 StockIdx：1486
[13524] 2025/10/08 11:19:19.079 Divide StockNo {QEF00}
[13524] 2025/10/08 11:19:19.079 Add Basket MarketNo：2 StockIdx：1492
[13524] 2025/10/08 11:19:19.079 Divide StockNo {QFF00}
[13524] 2025/10/08 11:19:19.079 Add Basket MarketNo：2 StockIdx：5631
[13524] 2025/10/08 11:19:19.079 Divide StockNo {QGF00}
[13524] 2025/10/08 11:19:19.079 Add Basket MarketNo：2 StockIdx：1505
[13524] 2025/10/08 11:19:19.079 Divide StockNo {QHF00}
[13524] 2025/10/08 11:19:19.079 Add Basket MarketNo：2 StockIdx：1511
[13524] 2025/10/08 11:19:19.079 Divide StockNo {QIF00}
[13524] 2025/10/08 11:19:19.080 Add Basket MarketNo：2 StockIdx：1517
[13524] 2025/10/08 11:19:19.080 Divide StockNo {QJF00}
[13524] 2025/10/08 11:19:19.080 Add Basket MarketNo：2 StockIdx：1521
[13524] 2025/10/08 11:19:19.080 Divide StockNo {QKF00}
[13524] 2025/10/08 11:19:19.080 Add Basket MarketNo：2 StockIdx：1527
[13524] 2025/10/08 11:19:19.080 Divide StockNo {QLF00}
[13524] 2025/10/08 11:19:19.080 Add Basket MarketNo：2 StockIdx：1533
[13524] 2025/10/08 11:19:19.080 Divide StockNo {QMF00}
[13524] 2025/10/08 11:19:19.080 Add Basket MarketNo：2 StockIdx：1539
[13524] 2025/10/08 11:19:19.080 Divide StockNo {QNF00}
[13524] 2025/10/08 11:19:19.080 Add Basket MarketNo：2 StockIdx：1545
[13524] 2025/10/08 11:19:19.080 Divide StockNo {QOF00}
[13524] 2025/10/08 11:19:19.080 Add Basket MarketNo：2 StockIdx：1551
[13524] 2025/10/08 11:19:19.080 Divide StockNo {QPF00}
[13524] 2025/10/08 11:19:19.080 Add Basket MarketNo：2 StockIdx：1557
[13524] 2025/10/08 11:19:19.080 Divide StockNo {QQF00}
[13524] 2025/10/08 11:19:19.080 Add Basket MarketNo：2 StockIdx：1563
[13524] 2025/10/08 11:19:19.080 Divide StockNo {QRF00}
[13524] 2025/10/08 11:19:19.080 Add Basket MarketNo：2 StockIdx：1569
[13524] 2025/10/08 11:19:19.080 Divide StockNo {QSF00}
[13524] 2025/10/08 11:19:19.080 Add Basket MarketNo：2 StockIdx：1575
[13524] 2025/10/08 11:19:19.080 Divide StockNo {QTF00}
[13524] 2025/10/08 11:19:19.080 Add Basket MarketNo：2 StockIdx：1581
[13524] 2025/10/08 11:19:19.080 Divide StockNo {QUF00}
[13524] 2025/10/08 11:19:19.080 Add Basket MarketNo：2 StockIdx：1587
[13524] 2025/10/08 11:19:19.080 Divide StockNo {QVF00}
[13524] 2025/10/08 11:19:19.080 Add Basket MarketNo：2 StockIdx：1593
[13524] 2025/10/08 11:19:19.080 Divide StockNo {QWF00}
[13524] 2025/10/08 11:19:19.080 Add Basket MarketNo：2 StockIdx：1599
[13524] 2025/10/08 11:19:19.080 Divide StockNo {QXF00}
[13524] 2025/10/08 11:19:19.080 Add Basket MarketNo：2 StockIdx：1605
[13524] 2025/10/08 11:19:19.080 Divide StockNo {QYF00}
[13524] 2025/10/08 11:19:19.080 Add Basket MarketNo：2 StockIdx：1611
[13524] 2025/10/08 11:19:19.080 Divide StockNo {QZF00}
[13524] 2025/10/08 11:19:19.080 Add Basket MarketNo：2 StockIdx：1617
[13524] 2025/10/08 11:19:19.080 Divide StockNo {RAF00}
[13524] 2025/10/08 11:19:19.080 Add Basket MarketNo：2 StockIdx：1623
[13524] 2025/10/08 11:19:19.080 Divide StockNo {RBF00}
[13524] 2025/10/08 11:19:19.080 Add Basket MarketNo：2 StockIdx：1629
[13524] 2025/10/08 11:19:19.080 Divide StockNo {RCF00}
[13524] 2025/10/08 11:19:19.080 Add Basket MarketNo：2 StockIdx：1635
[13524] 2025/10/08 11:19:19.080 Divide StockNo {RDF00}
[13524] 2025/10/08 11:19:19.080 Add Basket MarketNo：2 StockIdx：1641
[13524] 2025/10/08 11:19:19.080 Divide StockNo {REF00}
[13524] 2025/10/08 11:19:19.080 Add Basket MarketNo：2 StockIdx：1647
[13524] 2025/10/08 11:19:19.080 Divide StockNo {RFF00}
[13524] 2025/10/08 11:19:19.080 Add Basket MarketNo：2 StockIdx：1653
[13524] 2025/10/08 11:19:19.080 Divide StockNo {RGF00}
[13524] 2025/10/08 11:19:19.080 Add Basket MarketNo：2 StockIdx：1659
[13524] 2025/10/08 11:19:19.080 Divide StockNo {RIF00}
[13524] 2025/10/08 11:19:19.080 Add Basket MarketNo：2 StockIdx：1665
[13524] 2025/10/08 11:19:19.080 Divide StockNo {RJF00}
[13524] 2025/10/08 11:19:19.080 Add Basket MarketNo：2 StockIdx：1671
[13524] 2025/10/08 11:19:19.080 Divide StockNo {RKF00}
[13524] 2025/10/08 11:19:19.080 Add Basket MarketNo：2 StockIdx：1677
[13524] 2025/10/08 11:19:19.080 Divide StockNo {RLF00}
[13524] 2025/10/08 11:19:19.080 Add Basket MarketNo：2 StockIdx：1683
[13524] 2025/10/08 11:19:19.080 Divide StockNo {RMF00}
[13524] 2025/10/08 11:19:19.081 Stock Is Not Exist 
[13524] 2025/10/08 11:19:19.081 Divide StockNo {RNF00}
[13524] 2025/10/08 11:19:19.081 Add Basket MarketNo：2 StockIdx：1689
[13524] 2025/10/08 11:19:19.081 Divide StockNo {ROF00}
[13524] 2025/10/08 11:19:19.081 Add Basket MarketNo：2 StockIdx：1695
[13524] 2025/10/08 11:19:19.081 Divide StockNo {RPF00}
[13524] 2025/10/08 11:19:19.081 Add Basket MarketNo：2 StockIdx：1701
[13524] 2025/10/08 11:19:19.081 Divide StockNo {RQF00}
[13524] 2025/10/08 11:19:19.081 Stock Is Not Exist 
[13524] 2025/10/08 11:19:19.081 Divide StockNo {RRF00}
[13524] 2025/10/08 11:19:19.081 Add Basket MarketNo：2 StockIdx：1708
[13524] 2025/10/08 11:19:19.081 Divide StockNo {RSF00}
[13524] 2025/10/08 11:19:19.081 Add Basket MarketNo：2 StockIdx：1714
[13524] 2025/10/08 11:19:19.081 Divide StockNo {RUF00}
[13524] 2025/10/08 11:19:19.081 Add Basket MarketNo：2 StockIdx：1720
[13524] 2025/10/08 11:19:19.081 Divide StockNo {RVF00}
[13524] 2025/10/08 11:19:19.081 Add Basket MarketNo：2 StockIdx：1726
[13524] 2025/10/08 11:19:19.081 Divide StockNo {RWF00}
[13524] 2025/10/08 11:19:19.081 Add Basket MarketNo：2 StockIdx：1732
[13524] 2025/10/08 11:19:19.081 Divide StockNo {RXF00}
[13524] 2025/10/08 11:19:19.081 Add Basket MarketNo：2 StockIdx：1738
[13524] 2025/10/08 11:19:19.081 Divide StockNo {RYF00}
[13524] 2025/10/08 11:19:19.081 Add Basket MarketNo：2 StockIdx：1744
[13524] 2025/10/08 11:19:19.081 Divide StockNo {RZF00}
[13524] 2025/10/08 11:19:19.081 Add Basket MarketNo：2 StockIdx：5637
[13524] 2025/10/08 11:19:19.081 Divide StockNo {SAF00}
[13524] 2025/10/08 11:19:19.081 Add Basket MarketNo：2 StockIdx：1756
[13524] 2025/10/08 11:19:19.081 Divide StockNo {SBF00}
[13524] 2025/10/08 11:19:19.081 Add Basket MarketNo：2 StockIdx：1762
[13524] 2025/10/08 11:19:19.081 Divide StockNo {SCF00}
[13524] 2025/10/08 11:19:19.081 Add Basket MarketNo：2 StockIdx：1768
[13524] 2025/10/08 11:19:19.081 Divide StockNo {SDF00}
[13524] 2025/10/08 11:19:19.081 Add Basket MarketNo：2 StockIdx：1774
[13524] 2025/10/08 11:19:19.081 Divide StockNo {SEF00}
[13524] 2025/10/08 11:19:19.081 Add Basket MarketNo：2 StockIdx：1780
[13524] 2025/10/08 11:19:19.081 Divide StockNo {SFF00}
[13524] 2025/10/08 11:19:19.081 Add Basket MarketNo：2 StockIdx：1786
[13524] 2025/10/08 11:19:19.081 Divide StockNo {SGF00}
[13524] 2025/10/08 11:19:19.081 Add Basket MarketNo：2 StockIdx：1792
[13524] 2025/10/08 11:19:19.081 Divide StockNo {SIF00}
[13524] 2025/10/08 11:19:19.081 Add Basket MarketNo：2 StockIdx：1798
[13524] 2025/10/08 11:19:19.081 Divide StockNo {SJF00}
[13524] 2025/10/08 11:19:19.081 Add Basket MarketNo：2 StockIdx：1804
[13524] 2025/10/08 11:19:19.081 Divide StockNo {SKF00}
[13524] 2025/10/08 11:19:19.081 Add Basket MarketNo：2 StockIdx：1810
[13524] 2025/10/08 11:19:19.081 Divide StockNo {SLF00}
[13524] 2025/10/08 11:19:19.081 Add Basket MarketNo：2 StockIdx：1816
[13524] 2025/10/08 11:19:19.081 Divide StockNo {SMF00}
[13524] 2025/10/08 11:19:19.081 Add Basket MarketNo：2 StockIdx：1822
[13524] 2025/10/08 11:19:19.081 Divide StockNo {SNF00}
[13524] 2025/10/08 11:19:19.081 Add Basket MarketNo：2 StockIdx：1828
[13524] 2025/10/08 11:19:19.081 Divide StockNo {SQF00}
[13524] 2025/10/08 11:19:19.081 Add Basket MarketNo：2 StockIdx：1834
[13524] 2025/10/08 11:19:19.081 Divide StockNo {SRF00}
[13524] 2025/10/08 11:19:19.081 Add Basket MarketNo：2 StockIdx：5643
[13524] 2025/10/08 11:19:19.081 Divide StockNo {SSF00}
[13524] 2025/10/08 11:19:19.081 Add Basket MarketNo：2 StockIdx：1847
[13524] 2025/10/08 11:19:19.081 Divide StockNo {SUF00}
[13524] 2025/10/08 11:19:19.081 Add Basket MarketNo：2 StockIdx：1853
[13524] 2025/10/08 11:19:19.081 Divide StockNo {SVF00}
[13524] 2025/10/08 11:19:19.081 Add Basket MarketNo：2 StockIdx：1859
[13524] 2025/10/08 11:19:19.081 Divide StockNo {SWF00}
[13524] 2025/10/08 11:19:19.081 Add Basket MarketNo：2 StockIdx：1865
[13524] 2025/10/08 11:19:19.081 Divide StockNo {SYF00}
[13524] 2025/10/08 11:19:19.081 Add Basket MarketNo：2 StockIdx：1871
[13524] 2025/10/08 11:19:19.081 Divide StockNo {SZF00}
[13524] 2025/10/08 11:19:19.082 Add Basket MarketNo：2 StockIdx：1877
[13524] 2025/10/08 11:19:19.082 Divide StockNo {UAF00}
[13524] 2025/10/08 11:19:19.082 Add Basket MarketNo：2 StockIdx：1883
[13524] 2025/10/08 11:19:19.082 Divide StockNo {UBF00}
[13524] 2025/10/08 11:19:19.082 Add Basket MarketNo：2 StockIdx：1889
[13524] 2025/10/08 11:19:19.082 Divide StockNo {UCF00}
[13524] 2025/10/08 11:19:19.082 Add Basket MarketNo：2 StockIdx：1895
[13524] 2025/10/08 11:19:19.082 Divide StockNo {UEF00}
[13524] 2025/10/08 11:19:19.082 Add Basket MarketNo：2 StockIdx：1901
[13524] 2025/10/08 11:19:19.082 Divide StockNo {UFF00}
[13524] 2025/10/08 11:19:19.082 Add Basket MarketNo：2 StockIdx：1907
[13524] 2025/10/08 11:19:19.082 Divide StockNo {UGF00}
[13524] 2025/10/08 11:19:19.082 Add Basket MarketNo：2 StockIdx：1913
[13524] 2025/10/08 11:19:19.082 Divide StockNo {UHF00}
[13524] 2025/10/08 11:19:19.082 Add Basket MarketNo：2 StockIdx：1919
[13524] 2025/10/08 11:19:19.082 Divide StockNo {UIF00}
[13524] 2025/10/08 11:19:19.082 Add Basket MarketNo：2 StockIdx：1925
[13524] 2025/10/08 11:19:19.082 Divide StockNo {UJF00}
[13524] 2025/10/08 11:19:19.082 Add Basket MarketNo：2 StockIdx：1931
[13524] 2025/10/08 11:19:19.082 Divide StockNo {UKF00}
[13524] 2025/10/08 11:19:19.082 Add Basket MarketNo：2 StockIdx：1937
[13524] 2025/10/08 11:19:19.082 Divide StockNo {ULF00}
[13524] 2025/10/08 11:19:19.082 Add Basket MarketNo：2 StockIdx：1943
[13524] 2025/10/08 11:19:19.082 Divide StockNo {UMF00}
[13524] 2025/10/08 11:19:19.082 Add Basket MarketNo：2 StockIdx：1949
[13524] 2025/10/08 11:19:19.082 Divide StockNo {UOF00}
[13524] 2025/10/08 11:19:19.082 Add Basket MarketNo：2 StockIdx：1955
[13524] 2025/10/08 11:19:19.082 Divide StockNo {UPF00}
[13524] 2025/10/08 11:19:19.082 Add Basket MarketNo：2 StockIdx：1961
[13524] 2025/10/08 11:19:19.082 Divide StockNo {UQF00}
[13524] 2025/10/08 11:19:19.082 Add Basket MarketNo：2 StockIdx：1967
[13524] 2025/10/08 11:19:19.082 Divide StockNo {URF00}
[13524] 2025/10/08 11:19:19.082 Add Basket MarketNo：2 StockIdx：1974
[13524] 2025/10/08 11:19:19.082 Divide StockNo {USF00}
[13524] 2025/10/08 11:19:19.082 Add Basket MarketNo：2 StockIdx：1980
[13524] 2025/10/08 11:19:19.082 Divide StockNo {UTF00}
[13524] 2025/10/08 11:19:19.082 Add Basket MarketNo：2 StockIdx：1986
[13524] 2025/10/08 11:19:19.082 Divide StockNo {UUF00}
[13524] 2025/10/08 11:19:19.082 Add Basket MarketNo：2 StockIdx：1992
[13524] 2025/10/08 11:19:19.082 Divide StockNo {UVF00}
[13524] 2025/10/08 11:19:19.082 Add Basket MarketNo：2 StockIdx：1998
[13524] 2025/10/08 11:19:19.082 Divide StockNo {UWF00}
[13524] 2025/10/08 11:19:19.082 Add Basket MarketNo：2 StockIdx：2004
[13524] 2025/10/08 11:19:19.082 Divide StockNo {0050}
[13524] 2025/10/08 11:19:19.082 Add Basket MarketNo：0 StockIdx：0
[13524] 2025/10/08 11:19:19.082 Divide StockNo {0056}
[13524] 2025/10/08 11:19:19.082 Add Basket MarketNo：0 StockIdx：5
[13524] 2025/10/08 11:19:19.082 Divide StockNo {006205}
[13524] 2025/10/08 11:19:19.082 Add Basket MarketNo：0 StockIdx：10
[13524] 2025/10/08 11:19:19.082 Divide StockNo {006206}
[13524] 2025/10/08 11:19:19.082 Add Basket MarketNo：0 StockIdx：11
[13524] 2025/10/08 11:19:19.082 Divide StockNo {00636}
[13524] 2025/10/08 11:19:19.082 Add Basket MarketNo：0 StockIdx：20
[13524] 2025/10/08 11:19:19.082 Divide StockNo {00639}
[13524] 2025/10/08 11:19:19.082 Add Basket MarketNo：0 StockIdx：24
[13524] 2025/10/08 11:19:19.082 Divide StockNo {00643}
[13524] 2025/10/08 11:19:19.082 Add Basket MarketNo：0 StockIdx：28
[13524] 2025/10/08 11:19:19.082 Divide StockNo {00679B}
[13524] 2025/10/08 11:19:19.082 Add Basket MarketNo：1 StockIdx：1
[13524] 2025/10/08 11:19:19.082 Divide StockNo {00687B}
[13524] 2025/10/08 11:19:19.082 Add Basket MarketNo：1 StockIdx：2
[13524] 2025/10/08 11:19:19.082 Divide StockNo {00719B}
[13524] 2025/10/08 11:19:19.082 Add Basket MarketNo：1 StockIdx：8
[13524] 2025/10/08 11:19:19.082 Divide StockNo {00757}
[13524] 2025/10/08 11:19:19.082 Add Basket MarketNo：0 StockIdx：98
[13524] 2025/10/08 11:19:19.082 Divide StockNo {00772B}
[13524] 2025/10/08 11:19:19.082 Add Basket MarketNo：1 StockIdx：32
[13524] 2025/10/08 11:19:19.083 Divide StockNo {00878}
[13524] 2025/10/08 11:19:19.083 Add Basket MarketNo：0 StockIdx：113
[13524] 2025/10/08 11:19:19.083 Divide StockNo {00885}
[13524] 2025/10/08 11:19:19.083 Add Basket MarketNo：0 StockIdx：116
[13524] 2025/10/08 11:19:19.083 Divide StockNo {00893}
[13524] 2025/10/08 11:19:19.083 Add Basket MarketNo：0 StockIdx：119
[13524] 2025/10/08 11:19:19.083 Divide StockNo {00919}
[13524] 2025/10/08 11:19:19.083 Add Basket MarketNo：0 StockIdx：143
[13524] 2025/10/08 11:19:19.083 Divide StockNo {00923}
[13524] 2025/10/08 11:19:19.083 Add Basket MarketNo：0 StockIdx：147
[13524] 2025/10/08 11:19:19.083 Divide StockNo {00929}
[13524] 2025/10/08 11:19:19.083 Add Basket MarketNo：0 StockIdx：151
[13524] 2025/10/08 11:19:19.083 Divide StockNo {00937B}
[13524] 2025/10/08 11:19:19.083 Add Basket MarketNo：1 StockIdx：82
[13524] 2025/10/08 11:19:19.083 Divide StockNo {00940}
[13524] 2025/10/08 11:19:19.083 Add Basket MarketNo：0 StockIdx：159
[13524] 2025/10/08 11:19:19.083 Divide StockNo {1101}
[13524] 2025/10/08 11:19:19.083 Add Basket MarketNo：0 StockIdx：32223
[13524] 2025/10/08 11:19:19.083 Divide StockNo {1102}
[13524] 2025/10/08 11:19:19.083 Add Basket MarketNo：0 StockIdx：32225
[13524] 2025/10/08 11:19:19.083 Divide StockNo {1210}
[13524] 2025/10/08 11:19:19.083 Add Basket MarketNo：0 StockIdx：32233
[13524] 2025/10/08 11:19:19.083 Divide StockNo {1216}
[13524] 2025/10/08 11:19:19.083 Add Basket MarketNo：0 StockIdx：32236
[13524] 2025/10/08 11:19:19.083 Divide StockNo {1301}
[13524] 2025/10/08 11:19:19.083 Add Basket MarketNo：0 StockIdx：32251
[13524] 2025/10/08 11:19:19.083 Divide StockNo {1303}
[13524] 2025/10/08 11:19:19.083 Add Basket MarketNo：0 StockIdx：32252
[13524] 2025/10/08 11:19:19.083 Divide StockNo {1312}
[13524] 2025/10/08 11:19:19.083 Add Basket MarketNo：0 StockIdx：32259
[13524] 2025/10/08 11:19:19.083 Divide StockNo {1314}
[13524] 2025/10/08 11:19:19.083 Add Basket MarketNo：0 StockIdx：32262
[13524] 2025/10/08 11:19:19.083 Divide StockNo {1319}
[13524] 2025/10/08 11:19:19.083 Add Basket MarketNo：0 StockIdx：32265
[13524] 2025/10/08 11:19:19.083 Divide StockNo {1326}
[13524] 2025/10/08 11:19:19.083 Add Basket MarketNo：0 StockIdx：32270
[13524] 2025/10/08 11:19:19.083 Divide StockNo {1402}
[13524] 2025/10/08 11:19:19.083 Add Basket MarketNo：0 StockIdx：32277
[13524] 2025/10/08 11:19:19.083 Divide StockNo {1440}
[13524] 2025/10/08 11:19:19.083 Add Basket MarketNo：0 StockIdx：32294
[13524] 2025/10/08 11:19:19.083 Divide StockNo {1476}
[13524] 2025/10/08 11:19:19.083 Add Basket MarketNo：0 StockIdx：32324
[13524] 2025/10/08 11:19:19.083 Divide StockNo {1477}
[13524] 2025/10/08 11:19:19.083 Add Basket MarketNo：0 StockIdx：32325
[13524] 2025/10/08 11:19:19.083 Divide StockNo {1503}
[13524] 2025/10/08 11:19:19.083 Add Basket MarketNo：0 StockIdx：32326
[13524] 2025/10/08 11:19:19.083 Divide StockNo {1504}
[13524] 2025/10/08 11:19:19.083 Add Basket MarketNo：0 StockIdx：32327
[13524] 2025/10/08 11:19:19.083 Divide StockNo {1513}
[13524] 2025/10/08 11:19:19.083 Add Basket MarketNo：0 StockIdx：32330
[13524] 2025/10/08 11:19:19.083 Divide StockNo {1536}
[13524] 2025/10/08 11:19:19.083 Add Basket MarketNo：0 StockIdx：32350
[13524] 2025/10/08 11:19:19.083 Divide StockNo {1565}
[13524] 2025/10/08 11:19:19.084 Add Basket MarketNo：1 StockIdx：139
[13524] 2025/10/08 11:19:19.084 Divide StockNo {1590}
[13524] 2025/10/08 11:19:19.084 Add Basket MarketNo：0 StockIdx：32364
[13524] 2025/10/08 11:19:19.084 Divide StockNo {1605}
[13524] 2025/10/08 11:19:19.084 Add Basket MarketNo：0 StockIdx：32369
[13524] 2025/10/08 11:19:19.084 Divide StockNo {1609}
[13524] 2025/10/08 11:19:19.084 Add Basket MarketNo：0 StockIdx：32371
[13524] 2025/10/08 11:19:19.084 Divide StockNo {1707}
[13524] 2025/10/08 11:19:19.084 Add Basket MarketNo：0 StockIdx：32381
[13524] 2025/10/08 11:19:19.084 Divide StockNo {1717}
[13524] 2025/10/08 11:19:19.084 Add Basket MarketNo：0 StockIdx：32389
[13524] 2025/10/08 11:19:19.084 Divide StockNo {1718}
[13524] 2025/10/08 11:19:19.084 Add Basket MarketNo：0 StockIdx：32390
[13524] 2025/10/08 11:19:19.084 Divide StockNo {1722}
[13524] 2025/10/08 11:19:19.084 Add Basket MarketNo：0 StockIdx：32393
[13524] 2025/10/08 11:19:19.084 Divide StockNo {1795}
[13524] 2025/10/08 11:19:19.084 Add Basket MarketNo：0 StockIdx：32414
[13524] 2025/10/08 11:19:19.084 Divide StockNo {1802}
[13524] 2025/10/08 11:19:19.084 Add Basket MarketNo：0 StockIdx：32415
[13524] 2025/10/08 11:19:19.084 Divide StockNo {1904}
[13524] 2025/10/08 11:19:19.084 Add Basket MarketNo：0 StockIdx：32423
[13524] 2025/10/08 11:19:19.084 Divide StockNo {1905}
[13524] 2025/10/08 11:19:19.084 Add Basket MarketNo：0 StockIdx：32424
[13524] 2025/10/08 11:19:19.084 Divide StockNo {1907}
[13524] 2025/10/08 11:19:19.084 Add Basket MarketNo：0 StockIdx：32426
[13524] 2025/10/08 11:19:19.084 Divide StockNo {1909}
[13524] 2025/10/08 11:19:19.084 Add Basket MarketNo：0 StockIdx：32427
[13524] 2025/10/08 11:19:19.084 Divide StockNo {2002}
[13524] 2025/10/08 11:19:19.084 Add Basket MarketNo：0 StockIdx：32428
[13524] 2025/10/08 11:19:19.084 Divide StockNo {2006}
[13524] 2025/10/08 11:19:19.084 Add Basket MarketNo：0 StockIdx：32430
[13524] 2025/10/08 11:19:19.084 Divide StockNo {2014}
[13524] 2025/10/08 11:19:19.084 Add Basket MarketNo：0 StockIdx：32437
[13524] 2025/10/08 11:19:19.085 Divide StockNo {2027}
[13524] 2025/10/08 11:19:19.085 Add Basket MarketNo：0 StockIdx：32445
[13524] 2025/10/08 11:19:19.085 Divide StockNo {2049}
[13524] 2025/10/08 11:19:19.085 Add Basket MarketNo：0 StockIdx：32454
[13524] 2025/10/08 11:19:19.085 Divide StockNo {2059}
[13524] 2025/10/08 11:19:19.085 Add Basket MarketNo：0 StockIdx：32455
[13524] 2025/10/08 11:19:19.085 Divide StockNo {2105}
[13524] 2025/10/08 11:19:19.085 Add Basket MarketNo：0 StockIdx：32462
[13524] 2025/10/08 11:19:19.085 Divide StockNo {2201}
[13524] 2025/10/08 11:19:19.085 Add Basket MarketNo：0 StockIdx：32469
[13524] 2025/10/08 11:19:19.085 Divide StockNo {2231}
[13524] 2025/10/08 11:19:19.085 Add Basket MarketNo：0 StockIdx：32477
[13524] 2025/10/08 11:19:19.085 Divide StockNo {2301}
[13524] 2025/10/08 11:19:19.085 Add Basket MarketNo：0 StockIdx：32488
[13524] 2025/10/08 11:19:19.085 Divide StockNo {2303}
[13524] 2025/10/08 11:19:19.085 Add Basket MarketNo：0 StockIdx：32490
[13524] 2025/10/08 11:19:19.085 Divide StockNo {2308}
[13524] 2025/10/08 11:19:19.085 Add Basket MarketNo：0 StockIdx：32492
[13524] 2025/10/08 11:19:19.085 Divide StockNo {2312}
[13524] 2025/10/08 11:19:19.085 Add Basket MarketNo：0 StockIdx：32493
[13524] 2025/10/08 11:19:19.085 Divide StockNo {2313}
[13524] 2025/10/08 11:19:19.085 Add Basket MarketNo：0 StockIdx：32494
[13524] 2025/10/08 11:19:19.085 Divide StockNo {2317}
[13524] 2025/10/08 11:19:19.085 Add Basket MarketNo：0 StockIdx：32496
[13524] 2025/10/08 11:19:19.085 Divide StockNo {2323}
[13524] 2025/10/08 11:19:19.085 Add Basket MarketNo：0 StockIdx：32498
[13524] 2025/10/08 11:19:19.085 Divide StockNo {2324}
[13524] 2025/10/08 11:19:19.085 Add Basket MarketNo：0 StockIdx：32499
[13524] 2025/10/08 11:19:19.085 Divide StockNo {2327}
[13524] 2025/10/08 11:19:19.085 Add Basket MarketNo：0 StockIdx：32500
[13524] 2025/10/08 11:19:19.085 Divide StockNo {2328}
[13524] 2025/10/08 11:19:19.085 Add Basket MarketNo：0 StockIdx：32501
[13524] 2025/10/08 11:19:19.085 Divide StockNo {2330}
[13524] 2025/10/08 11:19:19.085 Add Basket MarketNo：0 StockIdx：32503
[13524] 2025/10/08 11:19:19.085 Divide StockNo {2331}
[13524] 2025/10/08 11:19:19.085 Add Basket MarketNo：0 StockIdx：32504
[13524] 2025/10/08 11:19:19.085 Divide StockNo {2332}
[13524] 2025/10/08 11:19:19.085 Add Basket MarketNo：0 StockIdx：32505
[13524] 2025/10/08 11:19:19.085 Divide StockNo {2337}
[13524] 2025/10/08 11:19:19.085 Add Basket MarketNo：0 StockIdx：32506
[13524] 2025/10/08 11:19:19.085 Divide StockNo {2338}
[13524] 2025/10/08 11:19:19.085 Add Basket MarketNo：0 StockIdx：32507
[13524] 2025/10/08 11:19:19.085 Divide StockNo {2340}
[13524] 2025/10/08 11:19:19.085 Add Basket MarketNo：0 StockIdx：32508
[13524] 2025/10/08 11:19:19.086 Divide StockNo {2344}
[13524] 2025/10/08 11:19:19.086 Add Basket MarketNo：0 StockIdx：32510
[13524] 2025/10/08 11:19:19.086 Divide StockNo {2345}
[13524] 2025/10/08 11:19:19.086 Add Basket MarketNo：0 StockIdx：32511
[13524] 2025/10/08 11:19:19.086 Divide StockNo {2347}
[13524] 2025/10/08 11:19:19.086 Add Basket MarketNo：0 StockIdx：32512
[13524] 2025/10/08 11:19:19.086 Divide StockNo {2352}
[13524] 2025/10/08 11:19:19.086 Add Basket MarketNo：0 StockIdx：32517
[13524] 2025/10/08 11:19:19.086 Divide StockNo {2353}
[13524] 2025/10/08 11:19:19.086 Add Basket MarketNo：0 StockIdx：32518
[13524] 2025/10/08 11:19:19.086 Divide StockNo {2354}
[13524] 2025/10/08 11:19:19.086 Add Basket MarketNo：0 StockIdx：32519
[13524] 2025/10/08 11:19:19.086 Divide StockNo {2355}
[13524] 2025/10/08 11:19:19.086 Add Basket MarketNo：0 StockIdx：32520
[13524] 2025/10/08 11:19:19.086 Divide StockNo {2356}
[13524] 2025/10/08 11:19:19.086 Add Basket MarketNo：0 StockIdx：32521
[13524] 2025/10/08 11:19:19.086 Divide StockNo {2357}
[13524] 2025/10/08 11:19:19.086 Add Basket MarketNo：0 StockIdx：32522
[13524] 2025/10/08 11:19:19.086 Divide StockNo {2360}
[13524] 2025/10/08 11:19:19.086 Add Basket MarketNo：0 StockIdx：32524
[13524] 2025/10/08 11:19:19.086 Divide StockNo {2368}
[13524] 2025/10/08 11:19:19.086 Add Basket MarketNo：0 StockIdx：32530
[13524] 2025/10/08 11:19:19.086 Divide StockNo {2371}
[13524] 2025/10/08 11:19:19.086 Add Basket MarketNo：0 StockIdx：32532
[13524] 2025/10/08 11:19:19.086 Divide StockNo {2376}
[13524] 2025/10/08 11:19:19.086 Add Basket MarketNo：0 StockIdx：32536
[13524] 2025/10/08 11:19:19.086 Divide StockNo {2377}
[13524] 2025/10/08 11:19:19.086 Add Basket MarketNo：0 StockIdx：32537
[13524] 2025/10/08 11:19:19.086 Divide StockNo {2379}
[13524] 2025/10/08 11:19:19.086 Add Basket MarketNo：0 StockIdx：32538
[13524] 2025/10/08 11:19:19.086 Divide StockNo {2382}
[13524] 2025/10/08 11:19:19.086 Add Basket MarketNo：0 StockIdx：32540
[13524] 2025/10/08 11:19:19.086 Divide StockNo {2383}
[13524] 2025/10/08 11:19:19.086 Add Basket MarketNo：0 StockIdx：32541
[13524] 2025/10/08 11:19:19.086 Divide StockNo {2385}
[13524] 2025/10/08 11:19:19.086 Add Basket MarketNo：0 StockIdx：32542
[13524] 2025/10/08 11:19:19.086 Divide StockNo {2388}
[13524] 2025/10/08 11:19:19.086 Add Basket MarketNo：0 StockIdx：32544
[13524] 2025/10/08 11:19:19.086 Divide StockNo {2392}
[13524] 2025/10/08 11:19:19.086 Add Basket MarketNo：0 StockIdx：32546
[13524] 2025/10/08 11:19:19.086 Divide StockNo {2393}
[13524] 2025/10/08 11:19:19.086 Add Basket MarketNo：0 StockIdx：32547
[13524] 2025/10/08 11:19:19.086 Divide StockNo {2401}
[13524] 2025/10/08 11:19:19.087 Add Basket MarketNo：0 StockIdx：32551
[13524] 2025/10/08 11:19:19.087 Divide StockNo {2404}
[13524] 2025/10/08 11:19:19.087 Add Basket MarketNo：0 StockIdx：32553
[13524] 2025/10/08 11:19:19.087 Divide StockNo {2408}
[13524] 2025/10/08 11:19:19.087 Add Basket MarketNo：0 StockIdx：32556
[13524] 2025/10/08 11:19:19.087 Divide StockNo {2409}
[13524] 2025/10/08 11:19:19.087 Add Basket MarketNo：0 StockIdx：32557
[13524] 2025/10/08 11:19:19.087 Divide StockNo {2412}
[13524] 2025/10/08 11:19:19.087 Add Basket MarketNo：0 StockIdx：32558
[13524] 2025/10/08 11:19:19.087 Divide StockNo {2439}
[13524] 2025/10/08 11:19:19.087 Add Basket MarketNo：0 StockIdx：32580
[13524] 2025/10/08 11:19:19.087 Divide StockNo {2441}
[13524] 2025/10/08 11:19:19.087 Add Basket MarketNo：0 StockIdx：32582
[13524] 2025/10/08 11:19:19.087 Divide StockNo {2449}
[13524] 2025/10/08 11:19:19.087 Add Basket MarketNo：0 StockIdx：32585
[13524] 2025/10/08 11:19:19.087 Divide StockNo {2454}
[13524] 2025/10/08 11:19:19.087 Add Basket MarketNo：0 StockIdx：32589
[13524] 2025/10/08 11:19:19.087 Divide StockNo {2455}
[13524] 2025/10/08 11:19:19.087 Add Basket MarketNo：0 StockIdx：32590
[13524] 2025/10/08 11:19:19.087 Divide StockNo {2457}
[13524] 2025/10/08 11:19:19.087 Add Basket MarketNo：0 StockIdx：32591
[13524] 2025/10/08 11:19:19.087 Divide StockNo {2458}
[13524] 2025/10/08 11:19:19.087 Add Basket MarketNo：0 StockIdx：32592
[13524] 2025/10/08 11:19:19.087 Divide StockNo {2474}
[13524] 2025/10/08 11:19:19.088 Add Basket MarketNo：0 StockIdx：32604
[13524] 2025/10/08 11:19:19.088 Divide StockNo {2481}
[13524] 2025/10/08 11:19:19.088 Add Basket MarketNo：0 StockIdx：32609
[13524] 2025/10/08 11:19:19.088 Divide StockNo {2485}
[13524] 2025/10/08 11:19:19.088 Add Basket MarketNo：0 StockIdx：32613
[13524] 2025/10/08 11:19:19.088 Divide StockNo {2486}
[13524] 2025/10/08 11:19:19.088 Add Basket MarketNo：0 StockIdx：32614
[13524] 2025/10/08 11:19:19.088 Divide StockNo {2489}
[13524] 2025/10/08 11:19:19.088 Add Basket MarketNo：0 StockIdx：32616
[13524] 2025/10/08 11:19:19.088 Divide StockNo {2492}
[13524] 2025/10/08 11:19:19.088 Add Basket MarketNo：0 StockIdx：32618
[13524] 2025/10/08 11:19:19.088 Divide StockNo {2498}
[13524] 2025/10/08 11:19:19.088 Add Basket MarketNo：0 StockIdx：32623
[13524] 2025/10/08 11:19:19.088 Divide StockNo {2515}
[13524] 2025/10/08 11:19:19.088 Add Basket MarketNo：0 StockIdx：32631
[13524] 2025/10/08 11:19:19.088 Divide StockNo {2520}
[13524] 2025/10/08 11:19:19.088 Add Basket MarketNo：0 StockIdx：32633
[13524] 2025/10/08 11:19:19.088 Divide StockNo {2542}
[13524] 2025/10/08 11:19:19.088 Add Basket MarketNo：0 StockIdx：32645
[13524] 2025/10/08 11:19:19.088 Divide StockNo {2548}
[13524] 2025/10/08 11:19:19.088 Add Basket MarketNo：0 StockIdx：32650
[13524] 2025/10/08 11:19:19.088 Divide StockNo {2603}
[13524] 2025/10/08 11:19:19.088 Add Basket MarketNo：0 StockIdx：32653
[13524] 2025/10/08 11:19:19.088 Divide StockNo {2605}
[13524] 2025/10/08 11:19:19.088 Add Basket MarketNo：0 StockIdx：32654
[13524] 2025/10/08 11:19:19.088 Divide StockNo {2606}
[13524] 2025/10/08 11:19:19.088 Add Basket MarketNo：0 StockIdx：32655
[13524] 2025/10/08 11:19:19.088 Divide StockNo {2609}
[13524] 2025/10/08 11:19:19.089 Add Basket MarketNo：0 StockIdx：32658
[13524] 2025/10/08 11:19:19.089 Divide StockNo {2610}
[13524] 2025/10/08 11:19:19.089 Add Basket MarketNo：0 StockIdx：32659
[13524] 2025/10/08 11:19:19.089 Divide StockNo {2615}
[13524] 2025/10/08 11:19:19.089 Add Basket MarketNo：0 StockIdx：32664
[13524] 2025/10/08 11:19:19.089 Divide StockNo {2618}
[13524] 2025/10/08 11:19:19.089 Add Basket MarketNo：0 StockIdx：32667
[13524] 2025/10/08 11:19:19.089 Divide StockNo {2633}
[13524] 2025/10/08 11:19:19.089 Add Basket MarketNo：0 StockIdx：32669
[13524] 2025/10/08 11:19:19.089 Divide StockNo {2634}
[13524] 2025/10/08 11:19:19.089 Add Basket MarketNo：0 StockIdx：32670
[13524] 2025/10/08 11:19:19.089 Divide StockNo {2801}
[13524] 2025/10/08 11:19:19.089 Add Basket MarketNo：0 StockIdx：32691
[13524] 2025/10/08 11:19:19.089 Divide StockNo {2834}
[13524] 2025/10/08 11:19:19.089 Add Basket MarketNo：0 StockIdx：32696
[13524] 2025/10/08 11:19:19.089 Divide StockNo {2880}
[13524] 2025/10/08 11:19:19.089 Add Basket MarketNo：0 StockIdx：32708
[13524] 2025/10/08 11:19:19.089 Divide StockNo {2881}
[13524] 2025/10/08 11:19:19.089 Add Basket MarketNo：0 StockIdx：32709
[13524] 2025/10/08 11:19:19.089 Divide StockNo {2882}
[13524] 2025/10/08 11:19:19.089 Add Basket MarketNo：0 StockIdx：32713
[13524] 2025/10/08 11:19:19.089 Divide StockNo {2883}
[13524] 2025/10/08 11:19:19.089 Add Basket MarketNo：0 StockIdx：32716
[13524] 2025/10/08 11:19:19.089 Divide StockNo {2884}
[13524] 2025/10/08 11:19:19.089 Add Basket MarketNo：0 StockIdx：32718
[13524] 2025/10/08 11:19:19.089 Divide StockNo {2885}
[13524] 2025/10/08 11:19:19.089 Add Basket MarketNo：0 StockIdx：32719
[13524] 2025/10/08 11:19:19.089 Divide StockNo {2886}
[13524] 2025/10/08 11:19:19.089 Add Basket MarketNo：0 StockIdx：32720
[13524] 2025/10/08 11:19:19.089 Divide StockNo {2887}
[13524] 2025/10/08 11:19:19.089 Add Basket MarketNo：0 StockIdx：32721
[13524] 2025/10/08 11:19:19.089 Divide StockNo {2888}
[13524] 2025/10/08 11:19:19.089 Stock Is Not Exist 
[13524] 2025/10/08 11:19:19.089 Divide StockNo {2890}
[13524] 2025/10/08 11:19:19.089 Add Basket MarketNo：0 StockIdx：32729
[13524] 2025/10/08 11:19:19.089 Divide StockNo {2891}
[13524] 2025/10/08 11:19:19.089 Add Basket MarketNo：0 StockIdx：32730
[13524] 2025/10/08 11:19:19.090 Divide StockNo {2892}
[13524] 2025/10/08 11:19:19.090 Add Basket MarketNo：0 StockIdx：32733
[13524] 2025/10/08 11:19:19.090 Divide StockNo {2913}
[13524] 2025/10/08 11:19:19.090 Add Basket MarketNo：0 StockIdx：32745
[13524] 2025/10/08 11:19:19.090 Divide StockNo {2915}
[13524] 2025/10/08 11:19:19.090 Add Basket MarketNo：0 StockIdx：32746
[13524] 2025/10/08 11:19:19.090 Divide StockNo {3005}
[13524] 2025/10/08 11:19:19.090 Add Basket MarketNo：0 StockIdx：32754
[13524] 2025/10/08 11:19:19.090 Divide StockNo {3006}
[13524] 2025/10/08 11:19:19.090 Add Basket MarketNo：0 StockIdx：32755
[13524] 2025/10/08 11:19:19.090 Divide StockNo {3008}
[13524] 2025/10/08 11:19:19.090 Add Basket MarketNo：0 StockIdx：32756
[13524] 2025/10/08 11:19:19.090 Divide StockNo {3017}
[13524] 2025/10/08 11:19:19.090 Add Basket MarketNo：0 StockIdx：32763
[13524] 2025/10/08 11:19:19.090 Divide StockNo {3019}
[13524] 2025/10/08 11:19:19.090 Add Basket MarketNo：0 StockIdx：32765
[13524] 2025/10/08 11:19:19.090 Divide StockNo {3034}
[13524] 2025/10/08 11:19:19.091 Add Basket MarketNo：0 StockIdx：32779
[13524] 2025/10/08 11:19:19.091 Divide StockNo {3035}
[13524] 2025/10/08 11:19:19.091 Add Basket MarketNo：0 StockIdx：32780
[13524] 2025/10/08 11:19:19.091 Divide StockNo {3036}
[13524] 2025/10/08 11:19:19.091 Add Basket MarketNo：0 StockIdx：32781
[13524] 2025/10/08 11:19:19.091 Divide StockNo {3037}
[13524] 2025/10/08 11:19:19.091 Add Basket MarketNo：0 StockIdx：32783
[13524] 2025/10/08 11:19:19.091 Divide StockNo {3042}
[13524] 2025/10/08 11:19:19.091 Add Basket MarketNo：0 StockIdx：32787
[13524] 2025/10/08 11:19:19.091 Divide StockNo {3044}
[13524] 2025/10/08 11:19:19.091 Add Basket MarketNo：0 StockIdx：32789
[13524] 2025/10/08 11:19:19.091 Divide StockNo {3045}
[13524] 2025/10/08 11:19:19.091 Add Basket MarketNo：0 StockIdx：32790
[13524] 2025/10/08 11:19:19.091 Divide StockNo {3078}
[13524] 2025/10/08 11:19:19.091 Add Basket MarketNo：1 StockIdx：267
[13524] 2025/10/08 11:19:19.091 Divide StockNo {3081}
[13524] 2025/10/08 11:19:19.091 Add Basket MarketNo：1 StockIdx：268
[13524] 2025/10/08 11:19:19.091 Divide StockNo {3105}
[13524] 2025/10/08 11:19:19.091 Add Basket MarketNo：1 StockIdx：278
[13524] 2025/10/08 11:19:19.091 Divide StockNo {3152}
[13524] 2025/10/08 11:19:19.091 Add Basket MarketNo：1 StockIdx：293
[13524] 2025/10/08 11:19:19.091 Divide StockNo {3189}
[13524] 2025/10/08 11:19:19.091 Add Basket MarketNo：0 StockIdx：32817
[13524] 2025/10/08 11:19:19.091 Divide StockNo {3227}
[13524] 2025/10/08 11:19:19.091 Add Basket MarketNo：1 StockIdx：316
[13524] 2025/10/08 11:19:19.091 Divide StockNo {3231}
[13524] 2025/10/08 11:19:19.091 Add Basket MarketNo：0 StockIdx：32820
[13524] 2025/10/08 11:19:19.091 Divide StockNo {3260}
[13524] 2025/10/08 11:19:19.091 Add Basket MarketNo：1 StockIdx：325
[13524] 2025/10/08 11:19:19.091 Divide StockNo {3264}
[13524] 2025/10/08 11:19:19.091 Add Basket MarketNo：1 StockIdx：326
[13524] 2025/10/08 11:19:19.091 Divide StockNo {3293}
[13524] 2025/10/08 11:19:19.091 Add Basket MarketNo：1 StockIdx：339
[13524] 2025/10/08 11:19:19.091 Divide StockNo {3324}
[13524] 2025/10/08 11:19:19.091 Add Basket MarketNo：1 StockIdx：355
[13524] 2025/10/08 11:19:19.091 Divide StockNo {3374}
[13524] 2025/10/08 11:19:19.091 Add Basket MarketNo：1 StockIdx：373
[13524] 2025/10/08 11:19:19.091 Divide StockNo {3376}
[13524] 2025/10/08 11:19:19.092 Add Basket MarketNo：0 StockIdx：32832
[13524] 2025/10/08 11:19:19.092 Divide StockNo {3380}
[13524] 2025/10/08 11:19:19.092 Add Basket MarketNo：0 StockIdx：32833
[13524] 2025/10/08 11:19:19.092 Divide StockNo {3406}
[13524] 2025/10/08 11:19:19.092 Add Basket MarketNo：0 StockIdx：32834
[13524] 2025/10/08 11:19:19.092 Divide StockNo {3443}
[13524] 2025/10/08 11:19:19.092 Add Basket MarketNo：0 StockIdx：32840
[13524] 2025/10/08 11:19:19.092 Divide StockNo {3481}
[13524] 2025/10/08 11:19:19.092 Add Basket MarketNo：0 StockIdx：32844
[13524] 2025/10/08 11:19:19.092 Divide StockNo {3529}
[13524] 2025/10/08 11:19:19.092 Add Basket MarketNo：1 StockIdx：423
[13524] 2025/10/08 11:19:19.093 Divide StockNo {3532}
[13524] 2025/10/08 11:19:19.093 Add Basket MarketNo：0 StockIdx：32852
[13524] 2025/10/08 11:19:19.093 Divide StockNo {3533}
[13524] 2025/10/08 11:19:19.093 Add Basket MarketNo：0 StockIdx：32853
[13524] 2025/10/08 11:19:19.093 Divide StockNo {3552}
[13524] 2025/10/08 11:19:19.093 Add Basket MarketNo：1 StockIdx：433
[13524] 2025/10/08 11:19:19.093 Divide StockNo {3653}
[13524] 2025/10/08 11:19:19.093 Add Basket MarketNo：0 StockIdx：32873
[13524] 2025/10/08 11:19:19.093 Divide StockNo {3661}
[13524] 2025/10/08 11:19:19.093 Add Basket MarketNo：0 StockIdx：32874
[13524] 2025/10/08 11:19:19.093 Divide StockNo {3673}
[13524] 2025/10/08 11:19:19.093 Add Basket MarketNo：0 StockIdx：32877
[13524] 2025/10/08 11:19:19.093 Divide StockNo {3680}
[13524] 2025/10/08 11:19:19.093 Add Basket MarketNo：1 StockIdx：472
[13524] 2025/10/08 11:19:19.093 Divide StockNo {3691}
[13524] 2025/10/08 11:19:19.093 Add Basket MarketNo：1 StockIdx：481
[13524] 2025/10/08 11:19:19.093 Divide StockNo {3702}
[13524] 2025/10/08 11:19:19.093 Add Basket MarketNo：0 StockIdx：32882
[13524] 2025/10/08 11:19:19.093 Divide StockNo {3706}
[13524] 2025/10/08 11:19:19.093 Add Basket MarketNo：0 StockIdx：32886
[13524] 2025/10/08 11:19:19.093 Divide StockNo {3711}
[13524] 2025/10/08 11:19:19.093 Add Basket MarketNo：0 StockIdx：32888
[13524] 2025/10/08 11:19:19.093 Divide StockNo {3714}
[13524] 2025/10/08 11:19:19.093 Add Basket MarketNo：0 StockIdx：32890
[13524] 2025/10/08 11:19:19.093 Divide StockNo {4123}
[13524] 2025/10/08 11:19:19.093 Add Basket MarketNo：1 StockIdx：505
[13524] 2025/10/08 11:19:19.093 Divide StockNo {4128}
[13524] 2025/10/08 11:19:19.093 Add Basket MarketNo：1 StockIdx：510
[13524] 2025/10/08 11:19:19.093 Divide StockNo {4162}
[13524] 2025/10/08 11:19:19.093 Add Basket MarketNo：1 StockIdx：524
[13524] 2025/10/08 11:19:19.093 Divide StockNo {4736}
[13524] 2025/10/08 11:19:19.093 Add Basket MarketNo：0 StockIdx：32935
[13524] 2025/10/08 11:19:19.093 Divide StockNo {4743}
[13524] 2025/10/08 11:19:19.093 Add Basket MarketNo：1 StockIdx：616
[13524] 2025/10/08 11:19:19.093 Divide StockNo {4904}
[13524] 2025/10/08 11:19:19.093 Add Basket MarketNo：0 StockIdx：32946
[13524] 2025/10/08 11:19:19.093 Divide StockNo {4919}
[13524] 2025/10/08 11:19:19.093 Add Basket MarketNo：0 StockIdx：32951
[13524] 2025/10/08 11:19:19.093 Divide StockNo {4938}
[13524] 2025/10/08 11:19:19.093 Add Basket MarketNo：0 StockIdx：32956
[13524] 2025/10/08 11:19:19.093 Divide StockNo {4958}
[13524] 2025/10/08 11:19:19.094 Add Basket MarketNo：0 StockIdx：32962
[13524] 2025/10/08 11:19:19.094 Divide StockNo {5009}
[13524] 2025/10/08 11:19:19.094 Add Basket MarketNo：1 StockIdx：660
[13524] 2025/10/08 11:19:19.094 Divide StockNo {5269}
[13524] 2025/10/08 11:19:19.094 Add Basket MarketNo：0 StockIdx：32981
[13524] 2025/10/08 11:19:19.094 Divide StockNo {5274}
[13524] 2025/10/08 11:19:19.094 Add Basket MarketNo：1 StockIdx：694
[13524] 2025/10/08 11:19:19.094 Divide StockNo {5347}
[13524] 2025/10/08 11:19:19.094 Add Basket MarketNo：1 StockIdx：718
[13524] 2025/10/08 11:19:19.094 Divide StockNo {5371}
[13524] 2025/10/08 11:19:19.094 Add Basket MarketNo：1 StockIdx：725
[13524] 2025/10/08 11:19:19.094 Divide StockNo {5388}
[13524] 2025/10/08 11:19:19.094 Add Basket MarketNo：0 StockIdx：32988
[13524] 2025/10/08 11:19:19.094 Divide StockNo {5425}
[13524] 2025/10/08 11:19:19.094 Add Basket MarketNo：1 StockIdx：733
[13524] 2025/10/08 11:19:19.094 Divide StockNo {5457}
[13524] 2025/10/08 11:19:19.094 Add Basket MarketNo：1 StockIdx：745
[13524] 2025/10/08 11:19:19.094 Divide StockNo {5483}
[13524] 2025/10/08 11:19:19.094 Add Basket MarketNo：1 StockIdx：755
[13524] 2025/10/08 11:19:19.094 Divide StockNo {5534}
[13524] 2025/10/08 11:19:19.094 Add Basket MarketNo：0 StockIdx：33000
[13524] 2025/10/08 11:19:19.094 Divide StockNo {5871}
[13524] 2025/10/08 11:19:19.094 Add Basket MarketNo：0 StockIdx：33006
[13524] 2025/10/08 11:19:19.094 Divide StockNo {5876}
[13524] 2025/10/08 11:19:19.094 Add Basket MarketNo：0 StockIdx：33008
[13524] 2025/10/08 11:19:19.094 Divide StockNo {5880}
[13524] 2025/10/08 11:19:19.094 Add Basket MarketNo：0 StockIdx：33009
[13524] 2025/10/08 11:19:19.094 Divide StockNo {5904}
[13524] 2025/10/08 11:19:19.094 Add Basket MarketNo：1 StockIdx：789
[13524] 2025/10/08 11:19:19.094 Divide StockNo {6005}
[13524] 2025/10/08 11:19:19.094 Add Basket MarketNo：0 StockIdx：33012
[13524] 2025/10/08 11:19:19.094 Divide StockNo {6116}
[13524] 2025/10/08 11:19:19.094 Add Basket MarketNo：0 StockIdx：33017
[13524] 2025/10/08 11:19:19.094 Divide StockNo {6121}
[13524] 2025/10/08 11:19:19.094 Add Basket MarketNo：1 StockIdx：812
[13524] 2025/10/08 11:19:19.094 Divide StockNo {6139}
[13524] 2025/10/08 11:19:19.094 Add Basket MarketNo：0 StockIdx：33023
[13524] 2025/10/08 11:19:19.094 Divide StockNo {6147}
[13524] 2025/10/08 11:19:19.094 Add Basket MarketNo：1 StockIdx：830
[13524] 2025/10/08 11:19:19.094 Divide StockNo {6153}
[13524] 2025/10/08 11:19:19.094 Add Basket MarketNo：0 StockIdx：33027
[13524] 2025/10/08 11:19:19.094 Divide StockNo {6173}
[13524] 2025/10/08 11:19:19.094 Add Basket MarketNo：1 StockIdx：845
[13524] 2025/10/08 11:19:19.094 Divide StockNo {6176}
[13524] 2025/10/08 11:19:19.094 Add Basket MarketNo：0 StockIdx：33033
[13524] 2025/10/08 11:19:19.094 Divide StockNo {6182}
[13524] 2025/10/08 11:19:19.095 Add Basket MarketNo：1 StockIdx：853
[13524] 2025/10/08 11:19:19.095 Divide StockNo {6188}
[13524] 2025/10/08 11:19:19.095 Add Basket MarketNo：1 StockIdx：861
[13524] 2025/10/08 11:19:19.095 Divide StockNo {6213}
[13524] 2025/10/08 11:19:19.095 Add Basket MarketNo：0 StockIdx：33047
[13524] 2025/10/08 11:19:19.095 Divide StockNo {6223}
[13524] 2025/10/08 11:19:19.095 Add Basket MarketNo：1 StockIdx：885
[13524] 2025/10/08 11:19:19.095 Divide StockNo {6239}
[13524] 2025/10/08 11:19:19.095 Add Basket MarketNo：0 StockIdx：33056
[13524] 2025/10/08 11:19:19.095 Divide StockNo {6245}
[13524] 2025/10/08 11:19:19.095 Add Basket MarketNo：1 StockIdx：900
[13524] 2025/10/08 11:19:19.095 Divide StockNo {6257}
[13524] 2025/10/08 11:19:19.095 Add Basket MarketNo：0 StockIdx：33058
[13524] 2025/10/08 11:19:19.095 Divide StockNo {6269}
[13524] 2025/10/08 11:19:19.095 Add Basket MarketNo：0 StockIdx：33059
[13524] 2025/10/08 11:19:19.095 Divide StockNo {6271}
[13524] 2025/10/08 11:19:19.095 Add Basket MarketNo：0 StockIdx：33060
[13524] 2025/10/08 11:19:19.095 Divide StockNo {6274}
[13524] 2025/10/08 11:19:19.095 Add Basket MarketNo：1 StockIdx：912
[13524] 2025/10/08 11:19:19.095 Divide StockNo {6278}
[13524] 2025/10/08 11:19:19.095 Add Basket MarketNo：0 StockIdx：33062
[13524] 2025/10/08 11:19:19.095 Divide StockNo {6279}
[13524] 2025/10/08 11:19:19.095 Add Basket MarketNo：1 StockIdx：916
[13524] 2025/10/08 11:19:19.095 Divide StockNo {6282}
[13524] 2025/10/08 11:19:19.095 Add Basket MarketNo：0 StockIdx：33064
[13524] 2025/10/08 11:19:19.095 Divide StockNo {6285}
[13524] 2025/10/08 11:19:19.095 Add Basket MarketNo：0 StockIdx：33066
[13524] 2025/10/08 11:19:19.095 Divide StockNo {6414}
[13524] 2025/10/08 11:19:19.095 Add Basket MarketNo：0 StockIdx：33070
[13524] 2025/10/08 11:19:19.095 Divide StockNo {6443}
[13524] 2025/10/08 11:19:19.095 Add Basket MarketNo：0 StockIdx：33078
[13524] 2025/10/08 11:19:19.096 Divide StockNo {6472}
[13524] 2025/10/08 11:19:19.096 Add Basket MarketNo：0 StockIdx：33084
[13524] 2025/10/08 11:19:19.096 Divide StockNo {6488}
[13524] 2025/10/08 11:19:19.096 Add Basket MarketNo：1 StockIdx：952
[13524] 2025/10/08 11:19:19.096 Divide StockNo {6505}
[13524] 2025/10/08 11:19:19.096 Add Basket MarketNo：0 StockIdx：33088
[13524] 2025/10/08 11:19:19.096 Divide StockNo {6510}
[13524] 2025/10/08 11:19:19.096 Add Basket MarketNo：1 StockIdx：962
[13524] 2025/10/08 11:19:19.096 Divide StockNo {6526}
[13524] 2025/10/08 11:19:19.096 Add Basket MarketNo：0 StockIdx：33091
[13524] 2025/10/08 11:19:19.096 Divide StockNo {6547}
[13524] 2025/10/08 11:19:19.096 Add Basket MarketNo：1 StockIdx：977
[13524] 2025/10/08 11:19:19.096 Divide StockNo {6669}
[13524] 2025/10/08 11:19:19.096 Add Basket MarketNo：0 StockIdx：33120
[13524] 2025/10/08 11:19:19.096 Divide StockNo {6757}
[13524] 2025/10/08 11:19:19.096 Add Basket MarketNo：0 StockIdx：33137
[13524] 2025/10/08 11:19:19.096 Divide StockNo {6770}
[13524] 2025/10/08 11:19:19.096 Add Basket MarketNo：0 StockIdx：33139
[13524] 2025/10/08 11:19:19.096 Divide StockNo {8039}
[13524] 2025/10/08 11:19:19.096 Add Basket MarketNo：0 StockIdx：33211
[13524] 2025/10/08 11:19:19.096 Divide StockNo {8044}
[13524] 2025/10/08 11:19:19.096 Add Basket MarketNo：1 StockIdx：12284
[13524] 2025/10/08 11:19:19.096 Divide StockNo {8046}
[13524] 2025/10/08 11:19:19.096 Add Basket MarketNo：0 StockIdx：33213
[13524] 2025/10/08 11:19:19.096 Divide StockNo {8069}
[13524] 2025/10/08 11:19:19.096 Add Basket MarketNo：1 StockIdx：12296
[13524] 2025/10/08 11:19:19.096 Divide StockNo {8086}
[13524] 2025/10/08 11:19:19.096 Add Basket MarketNo：1 StockIdx：12305
[13524] 2025/10/08 11:19:19.096 Divide StockNo {8112}
[13524] 2025/10/08 11:19:19.096 Add Basket MarketNo：0 StockIdx：33222
[13524] 2025/10/08 11:19:19.096 Divide StockNo {8150}
[13524] 2025/10/08 11:19:19.096 Add Basket MarketNo：0 StockIdx：33226
[13524] 2025/10/08 11:19:19.096 Divide StockNo {8163}
[13524] 2025/10/08 11:19:19.096 Add Basket MarketNo：0 StockIdx：33228
[13524] 2025/10/08 11:19:19.096 Divide StockNo {8299}
[13524] 2025/10/08 11:19:19.096 Add Basket MarketNo：1 StockIdx：12344
[13524] 2025/10/08 11:19:19.096 Divide StockNo {8358}
[13524] 2025/10/08 11:19:19.096 Add Basket MarketNo：1 StockIdx：12350
[13524] 2025/10/08 11:19:19.096 Divide StockNo {8436}
[13524] 2025/10/08 11:19:19.096 Add Basket MarketNo：1 StockIdx：12376
[13524] 2025/10/08 11:19:19.096 Divide StockNo {8454}
[13524] 2025/10/08 11:19:19.096 Add Basket MarketNo：0 StockIdx：33247
[13524] 2025/10/08 11:19:19.096 Divide StockNo {9904}
[13524] 2025/10/08 11:19:19.096 Add Basket MarketNo：0 StockIdx：33276
[13524] 2025/10/08 11:19:19.096 Divide StockNo {9914}
[13524] 2025/10/08 11:19:19.096 Add Basket MarketNo：0 StockIdx：33284
[13524] 2025/10/08 11:19:19.096 Divide StockNo {9938}
[13524] 2025/10/08 11:19:19.096 Add Basket MarketNo：0 StockIdx：33301
[13524] 2025/10/08 11:19:19.096 Divide StockNo {9939}
[13524] 2025/10/08 11:19:19.097 Add Basket MarketNo：0 StockIdx：33302
[13524] 2025/10/08 11:19:19.097 Divide StockNo {9945}
[13524] 2025/10/08 11:19:19.097 Add Basket MarketNo：0 StockIdx：33309
[13524] 2025/10/08 11:19:19.097 Divide StockNo {9958}
[13524] 2025/10/08 11:19:19.097 Add Basket MarketNo：0 StockIdx：33312
[13524] 2025/10/08 11:19:19.097 Divide StockNo {TSE}
[13524] 2025/10/08 11:19:19.097 Stock Is Not Exist 
[13524] 2025/10/08 11:19:19.097 Divide StockNo {TSE23}
[13524] 2025/10/08 11:19:19.097 Add Basket MarketNo：0 StockIdx：33629
[13524] 2025/10/08 11:19:19.097 Divide StockNo {TSE28}
[13524] 2025/10/08 11:19:19.097 Add Basket MarketNo：0 StockIdx：33634
[13524] 2025/10/08 11:19:19.097 Divide StockNo {TWMC}
[13524] 2025/10/08 11:19:19.097 Stock Is Not Exist 
[13524] 2025/10/08 11:19:19.097 Return PageNo： 1 
[12632] 2025/10/08 11:55:09.024 Precheck/DistributedServer Query result is 000,分配成功
[12632] 2025/10/08 11:55:09.024 >> Host srvsolace-tpa.capital.com.tw
[12632] 2025/10/08 11:55:09.081 SKQuoteLib_EnterMonitor IP：srvsolace-tpa.capital.com.tw
[12632] 2025/10/08 11:55:09.188 OnSessionConnect，Code: 3001, Error Code:0.
[12632] 2025/10/08 11:55:09.220 SKQuoteLib_EnterMonitorLONG starting
[12632] 2025/10/08 11:55:09.222 OnConnection ( 3001 , 0 ) 
[12632] 2025/10/08 11:55:09.939 Market Info is OK!
[12632] 2025/10/08 11:55:10.020 Catalog info is OK!
[12632] 2025/10/08 11:55:13.976 Solace RequestInitializeData (TO_S_19,S_1F)
[12632] 2025/10/08 11:55:13.976 Solace RequestInitializeData (TO_S_19,S_1F)
[12632] 2025/10/08 11:55:13.977 OnConnection ( 3003 , 0 ) 
[12632] 2025/10/08 11:55:17.272 SKQuoteLib_RequestStocks (1 , CAF00, CBF00, CCF00, CDF00, CEF00, CFF00, CGF00, CHF00, CJF00, CKF00, CLF00, CMF00, CNF00, CQF00, CRF00, CSF00, CUF00, CWF00, CXF00, CYF00, CZF00, DAF00, DBF00, DCF00, DEF00, DFF00, DGF00, DHF00, DIF00, DJF00, DKF00, DLF00, DNF00, DOF00, DPF00, DQF00, DSF00, DVF00, DWF00, DXF00, DYF00, DZF00, EEF00, EGF00, EHF00, EKF00, EMF00, EPF00, EYF00, EZF00, FBF00, FCF00, FEF00, FFF00, FGF00, FKF00, FNF00, FQF00, FRF00, FSF00, FTF00, FVF00, FWF00, FYF00, FZF00, GAF00, GCF00, GHF00, GIF00, GJF00, GKF00, GLF00, GMF00, GNF00, GOF00, GRF00, GUF00, GVF00, GWF00, GXF00, GYF00, GZF00, HAF00, HBF00, HCF00, HHF00, HIF00, HLF00, HOF00, HQF00, HSF00, IAF00, IHF00, IIF00, IJF00, IMF00, IOF00, IPF00, IQF00, IRF00, ITF00, IXF00, IYF00, IZF00, JBF00, JFF00, JMF00, JNF00, JPF00, JSF00, JWF00, JXF00, JZF00, KAF00, KBF00, KCF00, KDF00, KEF00, KFF00, KGF00, KIF00, KKF00, KLF00, KOF00, KPF00, KSF00, KUF00, KWF00, LBF00, LCF00, LEF00, LIF00, LMF00, LOF00, LQF00, LRF00, LTF00, LUF00, LVF00, LWF00, LXF00, LYF00, MAF00, MBF00, MJF00, MKF00, MQF00, MVF00, MYF00, NAF00, NBF00, NDF00, NEF00, NGF00, NIF00, NJF00, NLF00, NMF00, NOF00, NQF00, NSF00, NUF00, NVF00, NWF00, NYF00, OAF00, OBF00, ODF00, OEF00, OHF00, OJF00, OKF00, OLF00, OMF00, OOF00, OPF00, OQF00, ORF00, OSF00, OTF00, OUF00, OVF00, OWF00, OXF00, OYF00, OZF00, PAF00, PBF00, PCF00, PDF00, PEF00, PFF00, PGF00, PHF00, PIF00, PJF00, PKF00, PLF00, PMF00, PNF00, PPF00, PQF00, PRF00, PSF00, PTF00, PUF00, PVF00, PWF00, PXF00, PYF00, PZF00, QAF00, QBF00, QCF00, QDF00, QEF00, QFF00, QGF00, QHF00, QIF00, QJF00, QKF00, QLF00, QMF00, QNF00, QOF00, QPF00, QQF00, QRF00, QSF00, QTF00, QUF00, QVF00, QWF00, QXF00, QYF00, QZF00, RAF00, RBF00, RCF00, RDF00, REF00, RFF00, RGF00, RIF00, RJF00, RKF00, RLF00, RMF00, RNF00, ROF00, RPF00, RQF00, RRF00, RSF00, RUF00, RVF00, RWF00, RXF00, RYF00, RZF00, SAF00, SBF00, SCF00, SDF00, SEF00, SFF00, SGF00, SIF00, SJF00, SKF00, SLF00, SMF00, SNF00, SQF00, SRF00, SSF00, SUF00, SVF00, SWF00, SYF00, SZF00, UAF00, UBF00, UCF00, UEF00, UFF00, UGF00, UHF00, UIF00, UJF00, UKF00, ULF00, UMF00, UOF00, UPF00, UQF00, URF00, USF00, UTF00, UUF00, UVF00, UWF00, 0050, 0056, 006205, 006206, 00636, 00639, 00643, 00679B, 00687B, 00719B, 00757, 00772B, 00878, 00885, 00893, 00919, 00923, 00929, 00937B, 00940, 1101, 1102, 1210, 1216, 1301, 1303, 1312, 1314, 1319, 1326, 1402, 1440, 1476, 1477, 1503, 1504, 1513, 1536, 1565, 1590, 1605, 1609, 1707, 1717, 1718, 1722, 1795, 1802, 1904, 1905, 1907, 1909, 2002, 2006, 2014, 2027, 2049, 2059, 2105, 2201, 2231, 2301, 2303, 2308, 2312, 2313, 2317, 2323, 2324, 2327, 2328, 2330, 2331, 2332, 2337, 2338, 2340, 2344, 2345, 2347, 2352, 2353, 2354, 2355, 2356, 2357, 2360, 2368, 2371, 2376, 2377, 2379, 2382, 2383, 2385, 2388, 2392, 2393, 2401, 2404, 2408, 2409, 2412, 2439, 2441, 2449, 2454, 2455, 2457, 2458, 2474, 2481, 2485, 2486, 2489, 2492, 2498, 2515, 2520, 2542, 2548, 2603, 2605, 2606, 2609, 2610, 2615, 2618, 2633, 2634, 2801, 2834, 2880, 2881, 2882, 2883, 2884, 2885, 2886, 2887, 2888, 2890, 2891, 2892, 2913, 2915, 3005, 3006, 3008, 3017, 3019, 3034, 3035, 3036, 3037, 3042, 3044, 3045, 3078, 3081, 3105, 3152, 3189, 3227, 3231, 3260, 3264, 3293, 3324, 3374, 3376, 3380, 3406, 3443, 3481, 3529, 3532, 3533, 3552, 3653, 3661, 3673, 3680, 3691, 3702, 3706, 3711, 3714, 4123, 4128, 4162, 4736, 4743, 4904, 4919, 4938, 4958, 5009, 5269, 5274, 5347, 5371, 5388, 5425, 5457, 5483, 5534, 5871, 5876, 5880, 5904, 6005, 6116, 6121, 6139, 6147, 6153, 6173, 6176, 6182, 6188, 6213, 6223, 6239, 6245, 6257, 6269, 6271, 6274, 6278, 6279, 6282, 6285, 6414, 6443, 6472, 6488, 6505, 6510, 6526, 6547, 6669, 6757, 6770, 8039, 8044, 8046, 8069, 8086, 8112, 8150, 8163, 8299, 8358, 8436, 8454, 9904, 9914, 9938, 9939, 9945, 9958, TSE, TSE23, TSE28, TWMC)
[12632] 2025/10/08 11:55:17.276 Divide StockNo {CAF00}
[12632] 2025/10/08 11:55:17.276 Add Basket MarketNo：2 StockIdx：703
[12632] 2025/10/08 11:55:17.276 Divide StockNo {CBF00}
[12632] 2025/10/08 11:55:17.276 Add Basket MarketNo：2 StockIdx：709
[12632] 2025/10/08 11:55:17.276 Divide StockNo {CCF00}
[12632] 2025/10/08 11:55:17.276 Add Basket MarketNo：2 StockIdx：120
[12632] 2025/10/08 11:55:17.276 Divide StockNo {CDF00}
[12632] 2025/10/08 11:55:17.276 Add Basket MarketNo：2 StockIdx：126
[12632] 2025/10/08 11:55:17.276 Divide StockNo {CEF00}
[12632] 2025/10/08 11:55:17.276 Add Basket MarketNo：2 StockIdx：727
[12632] 2025/10/08 11:55:17.276 Divide StockNo {CFF00}
[12632] 2025/10/08 11:55:17.276 Add Basket MarketNo：2 StockIdx：737
[12632] 2025/10/08 11:55:17.276 Divide StockNo {CGF00}
[12632] 2025/10/08 11:55:17.276 Add Basket MarketNo：2 StockIdx：743
[12632] 2025/10/08 11:55:17.276 Divide StockNo {CHF00}
[12632] 2025/10/08 11:55:17.276 Add Basket MarketNo：2 StockIdx：749
[12632] 2025/10/08 11:55:17.276 Divide StockNo {CJF00}
[12632] 2025/10/08 11:55:17.276 Add Basket MarketNo：2 StockIdx：755
[12632] 2025/10/08 11:55:17.276 Divide StockNo {CKF00}
[12632] 2025/10/08 11:55:17.276 Add Basket MarketNo：2 StockIdx：761
[12632] 2025/10/08 11:55:17.276 Divide StockNo {CLF00}
[12632] 2025/10/08 11:55:17.276 Add Basket MarketNo：2 StockIdx：767
[12632] 2025/10/08 11:55:17.276 Divide StockNo {CMF00}
[12632] 2025/10/08 11:55:17.276 Add Basket MarketNo：2 StockIdx：773
[12632] 2025/10/08 11:55:17.276 Divide StockNo {CNF00}
[12632] 2025/10/08 11:55:17.276 Add Basket MarketNo：2 StockIdx：779
[12632] 2025/10/08 11:55:17.276 Divide StockNo {CQF00}
[12632] 2025/10/08 11:55:17.276 Add Basket MarketNo：2 StockIdx：785
[12632] 2025/10/08 11:55:17.276 Divide StockNo {CRF00}
[12632] 2025/10/08 11:55:17.276 Add Basket MarketNo：2 StockIdx：791
[12632] 2025/10/08 11:55:17.276 Divide StockNo {CSF00}
[12632] 2025/10/08 11:55:17.276 Add Basket MarketNo：2 StockIdx：797
[12632] 2025/10/08 11:55:17.276 Divide StockNo {CUF00}
[12632] 2025/10/08 11:55:17.276 Add Basket MarketNo：2 StockIdx：804
[12632] 2025/10/08 11:55:17.276 Divide StockNo {CWF00}
[12632] 2025/10/08 11:55:17.276 Add Basket MarketNo：2 StockIdx：810
[12632] 2025/10/08 11:55:17.276 Divide StockNo {CXF00}
[12632] 2025/10/08 11:55:17.276 Add Basket MarketNo：2 StockIdx：820
[12632] 2025/10/08 11:55:17.276 Divide StockNo {CYF00}
[12632] 2025/10/08 11:55:17.276 Add Basket MarketNo：2 StockIdx：826
[12632] 2025/10/08 11:55:17.276 Divide StockNo {CZF00}
[12632] 2025/10/08 11:55:17.276 Add Basket MarketNo：2 StockIdx：832
[12632] 2025/10/08 11:55:17.276 Divide StockNo {DAF00}
[12632] 2025/10/08 11:55:17.276 Add Basket MarketNo：2 StockIdx：838
[12632] 2025/10/08 11:55:17.276 Divide StockNo {DBF00}
[12632] 2025/10/08 11:55:17.276 Add Basket MarketNo：2 StockIdx：844
[12632] 2025/10/08 11:55:17.276 Divide StockNo {DCF00}
[12632] 2025/10/08 11:55:17.276 Add Basket MarketNo：2 StockIdx：850
[12632] 2025/10/08 11:55:17.276 Divide StockNo {DEF00}
[12632] 2025/10/08 11:55:17.277 Add Basket MarketNo：2 StockIdx：857
[12632] 2025/10/08 11:55:17.277 Divide StockNo {DFF00}
[12632] 2025/10/08 11:55:17.277 Add Basket MarketNo：2 StockIdx：865
[12632] 2025/10/08 11:55:17.277 Divide StockNo {DGF00}
[12632] 2025/10/08 11:55:17.277 Add Basket MarketNo：2 StockIdx：871
[12632] 2025/10/08 11:55:17.277 Divide StockNo {DHF00}
[12632] 2025/10/08 11:55:17.277 Add Basket MarketNo：2 StockIdx：877
[12632] 2025/10/08 11:55:17.277 Divide StockNo {DIF00}
[12632] 2025/10/08 11:55:17.277 Add Basket MarketNo：2 StockIdx：883
[12632] 2025/10/08 11:55:17.277 Divide StockNo {DJF00}
[12632] 2025/10/08 11:55:17.277 Add Basket MarketNo：2 StockIdx：889
[12632] 2025/10/08 11:55:17.277 Divide StockNo {DKF00}
[12632] 2025/10/08 11:55:17.277 Add Basket MarketNo：2 StockIdx：895
[12632] 2025/10/08 11:55:17.277 Divide StockNo {DLF00}
[12632] 2025/10/08 11:55:17.277 Add Basket MarketNo：2 StockIdx：901
[12632] 2025/10/08 11:55:17.277 Divide StockNo {DNF00}
[12632] 2025/10/08 11:55:17.277 Add Basket MarketNo：2 StockIdx：907
[12632] 2025/10/08 11:55:17.277 Divide StockNo {DOF00}
[12632] 2025/10/08 11:55:17.277 Add Basket MarketNo：2 StockIdx：914
[12632] 2025/10/08 11:55:17.277 Divide StockNo {DPF00}
[12632] 2025/10/08 11:55:17.277 Add Basket MarketNo：2 StockIdx：921
[12632] 2025/10/08 11:55:17.277 Divide StockNo {DQF00}
[12632] 2025/10/08 11:55:17.277 Add Basket MarketNo：2 StockIdx：927
[12632] 2025/10/08 11:55:17.277 Divide StockNo {DSF00}
[12632] 2025/10/08 11:55:17.277 Add Basket MarketNo：2 StockIdx：933
[12632] 2025/10/08 11:55:17.277 Divide StockNo {DVF00}
[12632] 2025/10/08 11:55:17.277 Add Basket MarketNo：2 StockIdx：939
[12632] 2025/10/08 11:55:17.277 Divide StockNo {DWF00}
[12632] 2025/10/08 11:55:17.277 Add Basket MarketNo：2 StockIdx：945
[12632] 2025/10/08 11:55:17.277 Divide StockNo {DXF00}
[12632] 2025/10/08 11:55:17.277 Add Basket MarketNo：2 StockIdx：951
[12632] 2025/10/08 11:55:17.277 Divide StockNo {DYF00}
[12632] 2025/10/08 11:55:17.277 Add Basket MarketNo：2 StockIdx：957
[12632] 2025/10/08 11:55:17.277 Divide StockNo {DZF00}
[12632] 2025/10/08 11:55:17.277 Add Basket MarketNo：2 StockIdx：963
[12632] 2025/10/08 11:55:17.277 Divide StockNo {EEF00}
[12632] 2025/10/08 11:55:17.277 Add Basket MarketNo：2 StockIdx：969
[12632] 2025/10/08 11:55:17.277 Divide StockNo {EGF00}
[12632] 2025/10/08 11:55:17.277 Add Basket MarketNo：2 StockIdx：975
[12632] 2025/10/08 11:55:17.277 Divide StockNo {EHF00}
[12632] 2025/10/08 11:55:17.277 Add Basket MarketNo：2 StockIdx：981
[12632] 2025/10/08 11:55:17.277 Divide StockNo {EKF00}
[12632] 2025/10/08 11:55:17.277 Add Basket MarketNo：2 StockIdx：987
[12632] 2025/10/08 11:55:17.277 Divide StockNo {EMF00}
[12632] 2025/10/08 11:55:17.277 Add Basket MarketNo：2 StockIdx：993
[12632] 2025/10/08 11:55:17.277 Divide StockNo {EPF00}
[12632] 2025/10/08 11:55:17.277 Add Basket MarketNo：2 StockIdx：999
[12632] 2025/10/08 11:55:17.277 Divide StockNo {EYF00}
[12632] 2025/10/08 11:55:17.277 Add Basket MarketNo：2 StockIdx：1005
[12632] 2025/10/08 11:55:17.277 Divide StockNo {EZF00}
[12632] 2025/10/08 11:55:17.277 Add Basket MarketNo：2 StockIdx：1011
[12632] 2025/10/08 11:55:17.277 Divide StockNo {FBF00}
[12632] 2025/10/08 11:55:17.277 Add Basket MarketNo：2 StockIdx：1017
[12632] 2025/10/08 11:55:17.277 Divide StockNo {FCF00}
[12632] 2025/10/08 11:55:17.277 Add Basket MarketNo：2 StockIdx：1023
[12632] 2025/10/08 11:55:17.277 Divide StockNo {FEF00}
[12632] 2025/10/08 11:55:17.277 Add Basket MarketNo：2 StockIdx：1028
[12632] 2025/10/08 11:55:17.277 Divide StockNo {FFF00}
[12632] 2025/10/08 11:55:17.277 Add Basket MarketNo：2 StockIdx：1035
[12632] 2025/10/08 11:55:17.277 Divide StockNo {FGF00}
[12632] 2025/10/08 11:55:17.277 Add Basket MarketNo：2 StockIdx：1041
[12632] 2025/10/08 11:55:17.278 Divide StockNo {FKF00}
[12632] 2025/10/08 11:55:17.278 Add Basket MarketNo：2 StockIdx：1047
[12632] 2025/10/08 11:55:17.278 Divide StockNo {FNF00}
[12632] 2025/10/08 11:55:17.278 Add Basket MarketNo：2 StockIdx：1053
[12632] 2025/10/08 11:55:17.278 Divide StockNo {FQF00}
[12632] 2025/10/08 11:55:17.278 Add Basket MarketNo：2 StockIdx：1059
[12632] 2025/10/08 11:55:17.278 Divide StockNo {FRF00}
[12632] 2025/10/08 11:55:17.278 Add Basket MarketNo：2 StockIdx：1065
[12632] 2025/10/08 11:55:17.278 Divide StockNo {FSF00}
[12632] 2025/10/08 11:55:17.278 Add Basket MarketNo：2 StockIdx：1071
[12632] 2025/10/08 11:55:17.278 Divide StockNo {FTF00}
[12632] 2025/10/08 11:55:17.278 Add Basket MarketNo：2 StockIdx：1077
[12632] 2025/10/08 11:55:17.278 Divide StockNo {FVF00}
[12632] 2025/10/08 11:55:17.278 Add Basket MarketNo：2 StockIdx：1083
[12632] 2025/10/08 11:55:17.278 Divide StockNo {FWF00}
[12632] 2025/10/08 11:55:17.278 Add Basket MarketNo：2 StockIdx：1089
[12632] 2025/10/08 11:55:17.278 Divide StockNo {FYF00}
[12632] 2025/10/08 11:55:17.278 Add Basket MarketNo：2 StockIdx：1095
[12632] 2025/10/08 11:55:17.278 Divide StockNo {FZF00}
[12632] 2025/10/08 11:55:17.278 Add Basket MarketNo：2 StockIdx：1101
[12632] 2025/10/08 11:55:17.278 Divide StockNo {GAF00}
[12632] 2025/10/08 11:55:17.278 Add Basket MarketNo：2 StockIdx：1107
[12632] 2025/10/08 11:55:17.278 Divide StockNo {GCF00}
[12632] 2025/10/08 11:55:17.278 Add Basket MarketNo：2 StockIdx：1113
[12632] 2025/10/08 11:55:17.278 Divide StockNo {GHF00}
[12632] 2025/10/08 11:55:17.278 Add Basket MarketNo：2 StockIdx：1119
[12632] 2025/10/08 11:55:17.278 Divide StockNo {GIF00}
[12632] 2025/10/08 11:55:17.278 Add Basket MarketNo：2 StockIdx：1125
[12632] 2025/10/08 11:55:17.278 Divide StockNo {GJF00}
[12632] 2025/10/08 11:55:17.278 Add Basket MarketNo：2 StockIdx：1131
[12632] 2025/10/08 11:55:17.278 Divide StockNo {GKF00}
[12632] 2025/10/08 11:55:17.278 Add Basket MarketNo：2 StockIdx：1137
[12632] 2025/10/08 11:55:17.278 Divide StockNo {GLF00}
[12632] 2025/10/08 11:55:17.278 Add Basket MarketNo：2 StockIdx：1143
[12632] 2025/10/08 11:55:17.278 Divide StockNo {GMF00}
[12632] 2025/10/08 11:55:17.278 Add Basket MarketNo：2 StockIdx：1149
[12632] 2025/10/08 11:55:17.278 Divide StockNo {GNF00}
[12632] 2025/10/08 11:55:17.278 Add Basket MarketNo：2 StockIdx：1155
[12632] 2025/10/08 11:55:17.278 Divide StockNo {GOF00}
[12632] 2025/10/08 11:55:17.278 Add Basket MarketNo：2 StockIdx：1161
[12632] 2025/10/08 11:55:17.278 Divide StockNo {GRF00}
[12632] 2025/10/08 11:55:17.278 Add Basket MarketNo：2 StockIdx：1167
[12632] 2025/10/08 11:55:17.278 Divide StockNo {GUF00}
[12632] 2025/10/08 11:55:17.278 Add Basket MarketNo：2 StockIdx：1173
[12632] 2025/10/08 11:55:17.278 Divide StockNo {GVF00}
[12632] 2025/10/08 11:55:17.278 Add Basket MarketNo：2 StockIdx：1179
[12632] 2025/10/08 11:55:17.278 Divide StockNo {GWF00}
[12632] 2025/10/08 11:55:17.278 Add Basket MarketNo：2 StockIdx：1185
[12632] 2025/10/08 11:55:17.278 Divide StockNo {GXF00}
[12632] 2025/10/08 11:55:17.278 Add Basket MarketNo：2 StockIdx：1191
[12632] 2025/10/08 11:55:17.278 Divide StockNo {GYF00}
[12632] 2025/10/08 11:55:17.278 Add Basket MarketNo：2 StockIdx：1197
[12632] 2025/10/08 11:55:17.278 Divide StockNo {GZF00}
[12632] 2025/10/08 11:55:17.278 Add Basket MarketNo：2 StockIdx：1203
[12632] 2025/10/08 11:55:17.278 Divide StockNo {HAF00}
[12632] 2025/10/08 11:55:17.278 Add Basket MarketNo：2 StockIdx：1209
[12632] 2025/10/08 11:55:17.278 Divide StockNo {HBF00}
[12632] 2025/10/08 11:55:17.278 Add Basket MarketNo：2 StockIdx：1220
[12632] 2025/10/08 11:55:17.279 Divide StockNo {HCF00}
[12632] 2025/10/08 11:55:17.279 Add Basket MarketNo：2 StockIdx：1226
[12632] 2025/10/08 11:55:17.279 Divide StockNo {HHF00}
[12632] 2025/10/08 11:55:17.279 Add Basket MarketNo：2 StockIdx：1232
[12632] 2025/10/08 11:55:17.279 Divide StockNo {HIF00}
[12632] 2025/10/08 11:55:17.279 Add Basket MarketNo：2 StockIdx：1238
[12632] 2025/10/08 11:55:17.279 Divide StockNo {HLF00}
[12632] 2025/10/08 11:55:17.279 Add Basket MarketNo：2 StockIdx：1244
[12632] 2025/10/08 11:55:17.279 Divide StockNo {HOF00}
[12632] 2025/10/08 11:55:17.279 Add Basket MarketNo：2 StockIdx：1256
[12632] 2025/10/08 11:55:17.279 Divide StockNo {HQF00}
[12632] 2025/10/08 11:55:17.279 Add Basket MarketNo：2 StockIdx：1263
[12632] 2025/10/08 11:55:17.279 Divide StockNo {HSF00}
[12632] 2025/10/08 11:55:17.279 Add Basket MarketNo：2 StockIdx：1269
[12632] 2025/10/08 11:55:17.279 Divide StockNo {IAF00}
[12632] 2025/10/08 11:55:17.279 Add Basket MarketNo：2 StockIdx：1275
[12632] 2025/10/08 11:55:17.279 Divide StockNo {IHF00}
[12632] 2025/10/08 11:55:17.279 Add Basket MarketNo：2 StockIdx：1283
[12632] 2025/10/08 11:55:17.279 Divide StockNo {IIF00}
[12632] 2025/10/08 11:55:17.279 Add Basket MarketNo：2 StockIdx：1289
[12632] 2025/10/08 11:55:17.279 Divide StockNo {IJF00}
[12632] 2025/10/08 11:55:17.279 Add Basket MarketNo：2 StockIdx：1295
[12632] 2025/10/08 11:55:17.279 Divide StockNo {IMF00}
[12632] 2025/10/08 11:55:17.279 Add Basket MarketNo：2 StockIdx：1301
[12632] 2025/10/08 11:55:17.279 Divide StockNo {IOF00}
[12632] 2025/10/08 11:55:17.279 Add Basket MarketNo：2 StockIdx：1307
[12632] 2025/10/08 11:55:17.279 Divide StockNo {IPF00}
[12632] 2025/10/08 11:55:17.279 Add Basket MarketNo：2 StockIdx：1313
[12632] 2025/10/08 11:55:17.279 Divide StockNo {IQF00}
[12632] 2025/10/08 11:55:17.279 Add Basket MarketNo：2 StockIdx：1319
[12632] 2025/10/08 11:55:17.279 Divide StockNo {IRF00}
[12632] 2025/10/08 11:55:17.279 Add Basket MarketNo：2 StockIdx：1325
[12632] 2025/10/08 11:55:17.279 Divide StockNo {ITF00}
[12632] 2025/10/08 11:55:17.279 Add Basket MarketNo：2 StockIdx：1331
[12632] 2025/10/08 11:55:17.279 Divide StockNo {IXF00}
[12632] 2025/10/08 11:55:17.279 Add Basket MarketNo：2 StockIdx：1337
[12632] 2025/10/08 11:55:17.279 Divide StockNo {IYF00}
[12632] 2025/10/08 11:55:17.279 Add Basket MarketNo：2 StockIdx：1343
[12632] 2025/10/08 11:55:17.279 Divide StockNo {IZF00}
[12632] 2025/10/08 11:55:17.279 Add Basket MarketNo：2 StockIdx：1349
[12632] 2025/10/08 11:55:17.279 Divide StockNo {JBF00}
[12632] 2025/10/08 11:55:17.279 Add Basket MarketNo：2 StockIdx：1355
[12632] 2025/10/08 11:55:17.279 Divide StockNo {JFF00}
[12632] 2025/10/08 11:55:17.279 Add Basket MarketNo：2 StockIdx：1361
[12632] 2025/10/08 11:55:17.279 Divide StockNo {JMF00}
[12632] 2025/10/08 11:55:17.279 Add Basket MarketNo：2 StockIdx：1367
[12632] 2025/10/08 11:55:17.279 Divide StockNo {JNF00}
[12632] 2025/10/08 11:55:17.279 Add Basket MarketNo：2 StockIdx：1373
[12632] 2025/10/08 11:55:17.279 Divide StockNo {JPF00}
[12632] 2025/10/08 11:55:17.279 Add Basket MarketNo：2 StockIdx：1379
[12632] 2025/10/08 11:55:17.279 Divide StockNo {JSF00}
[12632] 2025/10/08 11:55:17.279 Add Basket MarketNo：2 StockIdx：1385
[12632] 2025/10/08 11:55:17.279 Divide StockNo {JWF00}
[12632] 2025/10/08 11:55:17.279 Add Basket MarketNo：2 StockIdx：1391
[12632] 2025/10/08 11:55:17.279 Divide StockNo {JXF00}
[12632] 2025/10/08 11:55:17.279 Add Basket MarketNo：2 StockIdx：1397
[12632] 2025/10/08 11:55:17.279 Divide StockNo {JZF00}
[12632] 2025/10/08 11:55:17.279 Add Basket MarketNo：2 StockIdx：1403
[12632] 2025/10/08 11:55:17.279 Divide StockNo {KAF00}
[12632] 2025/10/08 11:55:17.279 Add Basket MarketNo：2 StockIdx：1409
[12632] 2025/10/08 11:55:17.279 Divide StockNo {KBF00}
[12632] 2025/10/08 11:55:17.280 Add Basket MarketNo：2 StockIdx：1415
[12632] 2025/10/08 11:55:17.280 Divide StockNo {KCF00}
[12632] 2025/10/08 11:55:17.280 Add Basket MarketNo：2 StockIdx：1421
[12632] 2025/10/08 11:55:17.280 Divide StockNo {KDF00}
[12632] 2025/10/08 11:55:17.280 Add Basket MarketNo：2 StockIdx：1427
[12632] 2025/10/08 11:55:17.280 Divide StockNo {KEF00}
[12632] 2025/10/08 11:55:17.280 Add Basket MarketNo：2 StockIdx：1433
[12632] 2025/10/08 11:55:17.280 Divide StockNo {KFF00}
[12632] 2025/10/08 11:55:17.280 Add Basket MarketNo：2 StockIdx：1439
[12632] 2025/10/08 11:55:17.280 Divide StockNo {KGF00}
[12632] 2025/10/08 11:55:17.280 Add Basket MarketNo：2 StockIdx：1445
[12632] 2025/10/08 11:55:17.280 Divide StockNo {KIF00}
[12632] 2025/10/08 11:55:17.280 Add Basket MarketNo：2 StockIdx：1451
[12632] 2025/10/08 11:55:17.280 Divide StockNo {KKF00}
[12632] 2025/10/08 11:55:17.280 Add Basket MarketNo：2 StockIdx：1457
[12632] 2025/10/08 11:55:17.280 Divide StockNo {KLF00}
[12632] 2025/10/08 11:55:17.280 Add Basket MarketNo：2 StockIdx：1463
[12632] 2025/10/08 11:55:17.280 Divide StockNo {KOF00}
[12632] 2025/10/08 11:55:17.280 Add Basket MarketNo：2 StockIdx：1469
[12632] 2025/10/08 11:55:17.280 Divide StockNo {KPF00}
[12632] 2025/10/08 11:55:17.280 Add Basket MarketNo：2 StockIdx：1475
[12632] 2025/10/08 11:55:17.280 Divide StockNo {KSF00}
[12632] 2025/10/08 11:55:17.280 Add Basket MarketNo：2 StockIdx：1481
[12632] 2025/10/08 11:55:17.280 Divide StockNo {KUF00}
[12632] 2025/10/08 11:55:17.280 Add Basket MarketNo：2 StockIdx：1487
[12632] 2025/10/08 11:55:17.280 Divide StockNo {KWF00}
[12632] 2025/10/08 11:55:17.280 Add Basket MarketNo：2 StockIdx：1493
[12632] 2025/10/08 11:55:17.280 Divide StockNo {LBF00}
[12632] 2025/10/08 11:55:17.280 Add Basket MarketNo：2 StockIdx：1499
[12632] 2025/10/08 11:55:17.280 Divide StockNo {LCF00}
[12632] 2025/10/08 11:55:17.280 Add Basket MarketNo：2 StockIdx：1505
[12632] 2025/10/08 11:55:17.280 Divide StockNo {LEF00}
[12632] 2025/10/08 11:55:17.280 Add Basket MarketNo：2 StockIdx：1511
[12632] 2025/10/08 11:55:17.280 Divide StockNo {LIF00}
[12632] 2025/10/08 11:55:17.280 Add Basket MarketNo：2 StockIdx：1517
[12632] 2025/10/08 11:55:17.280 Divide StockNo {LMF00}
[12632] 2025/10/08 11:55:17.280 Add Basket MarketNo：2 StockIdx：1523
[12632] 2025/10/08 11:55:17.280 Divide StockNo {LOF00}
[12632] 2025/10/08 11:55:17.280 Add Basket MarketNo：2 StockIdx：1529
[12632] 2025/10/08 11:55:17.280 Divide StockNo {LQF00}
[12632] 2025/10/08 11:55:17.280 Add Basket MarketNo：2 StockIdx：1535
[12632] 2025/10/08 11:55:17.280 Divide StockNo {LRF00}
[12632] 2025/10/08 11:55:17.280 Add Basket MarketNo：2 StockIdx：1541
[12632] 2025/10/08 11:55:17.280 Divide StockNo {LTF00}
[12632] 2025/10/08 11:55:17.280 Add Basket MarketNo：2 StockIdx：1551
[12632] 2025/10/08 11:55:17.280 Divide StockNo {LUF00}
[12632] 2025/10/08 11:55:17.280 Add Basket MarketNo：2 StockIdx：1557
[12632] 2025/10/08 11:55:17.280 Divide StockNo {LVF00}
[12632] 2025/10/08 11:55:17.280 Add Basket MarketNo：2 StockIdx：1563
[12632] 2025/10/08 11:55:17.280 Divide StockNo {LWF00}
[12632] 2025/10/08 11:55:17.280 Add Basket MarketNo：2 StockIdx：1571
[12632] 2025/10/08 11:55:17.280 Divide StockNo {LXF00}
[12632] 2025/10/08 11:55:17.280 Add Basket MarketNo：2 StockIdx：1577
[12632] 2025/10/08 11:55:17.280 Divide StockNo {LYF00}
[12632] 2025/10/08 11:55:17.280 Add Basket MarketNo：2 StockIdx：1584
[12632] 2025/10/08 11:55:17.280 Divide StockNo {MAF00}
[12632] 2025/10/08 11:55:17.280 Add Basket MarketNo：2 StockIdx：1590
[12632] 2025/10/08 11:55:17.280 Divide StockNo {MBF00}
[12632] 2025/10/08 11:55:17.280 Add Basket MarketNo：2 StockIdx：1593
[12632] 2025/10/08 11:55:17.280 Divide StockNo {MJF00}
[12632] 2025/10/08 11:55:17.280 Add Basket MarketNo：2 StockIdx：1599
[12632] 2025/10/08 11:55:17.280 Divide StockNo {MKF00}
[12632] 2025/10/08 11:55:17.280 Add Basket MarketNo：2 StockIdx：1605
[12632] 2025/10/08 11:55:17.280 Divide StockNo {MQF00}
[12632] 2025/10/08 11:55:17.280 Add Basket MarketNo：2 StockIdx：1611
[12632] 2025/10/08 11:55:17.280 Divide StockNo {MVF00}
[12632] 2025/10/08 11:55:17.281 Add Basket MarketNo：2 StockIdx：1617
[12632] 2025/10/08 11:55:17.281 Divide StockNo {MYF00}
[12632] 2025/10/08 11:55:17.281 Add Basket MarketNo：2 StockIdx：1623
[12632] 2025/10/08 11:55:17.281 Divide StockNo {NAF00}
[12632] 2025/10/08 11:55:17.281 Add Basket MarketNo：2 StockIdx：1629
[12632] 2025/10/08 11:55:17.281 Divide StockNo {NBF00}
[12632] 2025/10/08 11:55:17.281 Add Basket MarketNo：2 StockIdx：1635
[12632] 2025/10/08 11:55:17.281 Divide StockNo {NDF00}
[12632] 2025/10/08 11:55:17.281 Add Basket MarketNo：2 StockIdx：1641
[12632] 2025/10/08 11:55:17.281 Divide StockNo {NEF00}
[12632] 2025/10/08 11:55:17.281 Add Basket MarketNo：2 StockIdx：1647
[12632] 2025/10/08 11:55:17.281 Divide StockNo {NGF00}
[12632] 2025/10/08 11:55:17.281 Add Basket MarketNo：2 StockIdx：1653
[12632] 2025/10/08 11:55:17.281 Divide StockNo {NIF00}
[12632] 2025/10/08 11:55:17.281 Add Basket MarketNo：2 StockIdx：1659
[12632] 2025/10/08 11:55:17.281 Divide StockNo {NJF00}
[12632] 2025/10/08 11:55:17.281 Add Basket MarketNo：2 StockIdx：1668
[12632] 2025/10/08 11:55:17.281 Divide StockNo {NLF00}
[12632] 2025/10/08 11:55:17.281 Add Basket MarketNo：2 StockIdx：1674
[12632] 2025/10/08 11:55:17.281 Divide StockNo {NMF00}
[12632] 2025/10/08 11:55:17.281 Add Basket MarketNo：2 StockIdx：1680
[12632] 2025/10/08 11:55:17.281 Divide StockNo {NOF00}
[12632] 2025/10/08 11:55:17.281 Add Basket MarketNo：2 StockIdx：1686
[12632] 2025/10/08 11:55:17.281 Divide StockNo {NQF00}
[12632] 2025/10/08 11:55:17.281 Add Basket MarketNo：2 StockIdx：1692
[12632] 2025/10/08 11:55:17.281 Divide StockNo {NSF00}
[12632] 2025/10/08 11:55:17.281 Add Basket MarketNo：2 StockIdx：1698
[12632] 2025/10/08 11:55:17.281 Divide StockNo {NUF00}
[12632] 2025/10/08 11:55:17.281 Add Basket MarketNo：2 StockIdx：1704
[12632] 2025/10/08 11:55:17.281 Divide StockNo {NVF00}
[12632] 2025/10/08 11:55:17.281 Add Basket MarketNo：2 StockIdx：1710
[12632] 2025/10/08 11:55:17.281 Divide StockNo {NWF00}
[12632] 2025/10/08 11:55:17.281 Add Basket MarketNo：2 StockIdx：1716
[12632] 2025/10/08 11:55:17.281 Divide StockNo {NYF00}
[12632] 2025/10/08 11:55:17.281 Add Basket MarketNo：2 StockIdx：132
[12632] 2025/10/08 11:55:17.281 Divide StockNo {OAF00}
[12632] 2025/10/08 11:55:17.281 Add Basket MarketNo：2 StockIdx：1728
[12632] 2025/10/08 11:55:17.281 Divide StockNo {OBF00}
[12632] 2025/10/08 11:55:17.281 Add Basket MarketNo：2 StockIdx：1734
[12632] 2025/10/08 11:55:17.281 Divide StockNo {ODF00}
[12632] 2025/10/08 11:55:17.281 Add Basket MarketNo：2 StockIdx：1740
[12632] 2025/10/08 11:55:17.281 Divide StockNo {OEF00}
[12632] 2025/10/08 11:55:17.281 Add Basket MarketNo：2 StockIdx：1746
[12632] 2025/10/08 11:55:17.281 Divide StockNo {OHF00}
[12632] 2025/10/08 11:55:17.281 Add Basket MarketNo：2 StockIdx：1752
[12632] 2025/10/08 11:55:17.281 Divide StockNo {OJF00}
[12632] 2025/10/08 11:55:17.281 Add Basket MarketNo：2 StockIdx：1760
[12632] 2025/10/08 11:55:17.281 Divide StockNo {OKF00}
[12632] 2025/10/08 11:55:17.281 Add Basket MarketNo：2 StockIdx：1766
[12632] 2025/10/08 11:55:17.281 Divide StockNo {OLF00}
[12632] 2025/10/08 11:55:17.281 Add Basket MarketNo：2 StockIdx：1772
[12632] 2025/10/08 11:55:17.281 Divide StockNo {OMF00}
[12632] 2025/10/08 11:55:17.281 Add Basket MarketNo：2 StockIdx：1778
[12632] 2025/10/08 11:55:17.281 Divide StockNo {OOF00}
[12632] 2025/10/08 11:55:17.281 Add Basket MarketNo：2 StockIdx：1784
[12632] 2025/10/08 11:55:17.281 Divide StockNo {OPF00}
[12632] 2025/10/08 11:55:17.281 Add Basket MarketNo：2 StockIdx：1790
[12632] 2025/10/08 11:55:17.281 Divide StockNo {OQF00}
[12632] 2025/10/08 11:55:17.281 Add Basket MarketNo：2 StockIdx：1796
[12632] 2025/10/08 11:55:17.281 Divide StockNo {ORF00}
[12632] 2025/10/08 11:55:17.281 Add Basket MarketNo：2 StockIdx：1802
[12632] 2025/10/08 11:55:17.281 Divide StockNo {OSF00}
[12632] 2025/10/08 11:55:17.281 Add Basket MarketNo：2 StockIdx：1808
[12632] 2025/10/08 11:55:17.281 Divide StockNo {OTF00}
[12632] 2025/10/08 11:55:17.281 Add Basket MarketNo：2 StockIdx：1814
[12632] 2025/10/08 11:55:17.281 Divide StockNo {OUF00}
[12632] 2025/10/08 11:55:17.282 Add Basket MarketNo：2 StockIdx：1820
[12632] 2025/10/08 11:55:17.282 Divide StockNo {OVF00}
[12632] 2025/10/08 11:55:17.282 Add Basket MarketNo：2 StockIdx：1826
[12632] 2025/10/08 11:55:17.282 Divide StockNo {OWF00}
[12632] 2025/10/08 11:55:17.282 Add Basket MarketNo：2 StockIdx：1832
[12632] 2025/10/08 11:55:17.282 Divide StockNo {OXF00}
[12632] 2025/10/08 11:55:17.282 Add Basket MarketNo：2 StockIdx：1838
[12632] 2025/10/08 11:55:17.282 Divide StockNo {OYF00}
[12632] 2025/10/08 11:55:17.282 Add Basket MarketNo：2 StockIdx：1844
[12632] 2025/10/08 11:55:17.282 Divide StockNo {OZF00}
[12632] 2025/10/08 11:55:17.282 Add Basket MarketNo：2 StockIdx：1850
[12632] 2025/10/08 11:55:17.282 Divide StockNo {PAF00}
[12632] 2025/10/08 11:55:17.282 Add Basket MarketNo：2 StockIdx：1856
[12632] 2025/10/08 11:55:17.282 Divide StockNo {PBF00}
[12632] 2025/10/08 11:55:17.282 Add Basket MarketNo：2 StockIdx：1862
[12632] 2025/10/08 11:55:17.282 Divide StockNo {PCF00}
[12632] 2025/10/08 11:55:17.282 Add Basket MarketNo：2 StockIdx：1868
[12632] 2025/10/08 11:55:17.282 Divide StockNo {PDF00}
[12632] 2025/10/08 11:55:17.282 Add Basket MarketNo：2 StockIdx：1874
[12632] 2025/10/08 11:55:17.282 Divide StockNo {PEF00}
[12632] 2025/10/08 11:55:17.282 Add Basket MarketNo：2 StockIdx：1880
[12632] 2025/10/08 11:55:17.282 Divide StockNo {PFF00}
[12632] 2025/10/08 11:55:17.282 Add Basket MarketNo：2 StockIdx：1886
[12632] 2025/10/08 11:55:17.282 Divide StockNo {PGF00}
[12632] 2025/10/08 11:55:17.282 Add Basket MarketNo：2 StockIdx：1892
[12632] 2025/10/08 11:55:17.282 Divide StockNo {PHF00}
[12632] 2025/10/08 11:55:17.282 Add Basket MarketNo：2 StockIdx：1898
[12632] 2025/10/08 11:55:17.282 Divide StockNo {PIF00}
[12632] 2025/10/08 11:55:17.282 Add Basket MarketNo：2 StockIdx：1904
[12632] 2025/10/08 11:55:17.282 Divide StockNo {PJF00}
[12632] 2025/10/08 11:55:17.282 Add Basket MarketNo：2 StockIdx：1910
[12632] 2025/10/08 11:55:17.282 Divide StockNo {PKF00}
[12632] 2025/10/08 11:55:17.282 Add Basket MarketNo：2 StockIdx：1916
[12632] 2025/10/08 11:55:17.282 Divide StockNo {PLF00}
[12632] 2025/10/08 11:55:17.282 Add Basket MarketNo：2 StockIdx：1922
[12632] 2025/10/08 11:55:17.282 Divide StockNo {PMF00}
[12632] 2025/10/08 11:55:17.282 Add Basket MarketNo：2 StockIdx：1928
[12632] 2025/10/08 11:55:17.282 Divide StockNo {PNF00}
[12632] 2025/10/08 11:55:17.282 Add Basket MarketNo：2 StockIdx：1934
[12632] 2025/10/08 11:55:17.282 Divide StockNo {PPF00}
[12632] 2025/10/08 11:55:17.282 Add Basket MarketNo：2 StockIdx：1940
[12632] 2025/10/08 11:55:17.282 Divide StockNo {PQF00}
[12632] 2025/10/08 11:55:17.282 Add Basket MarketNo：2 StockIdx：1946
[12632] 2025/10/08 11:55:17.282 Divide StockNo {PRF00}
[12632] 2025/10/08 11:55:17.282 Add Basket MarketNo：2 StockIdx：1952
[12632] 2025/10/08 11:55:17.282 Divide StockNo {PSF00}
[12632] 2025/10/08 11:55:17.282 Add Basket MarketNo：2 StockIdx：1958
[12632] 2025/10/08 11:55:17.282 Divide StockNo {PTF00}
[12632] 2025/10/08 11:55:17.282 Add Basket MarketNo：2 StockIdx：1967
[12632] 2025/10/08 11:55:17.282 Divide StockNo {PUF00}
[12632] 2025/10/08 11:55:17.282 Add Basket MarketNo：2 StockIdx：1973
[12632] 2025/10/08 11:55:17.282 Divide StockNo {PVF00}
[12632] 2025/10/08 11:55:17.282 Add Basket MarketNo：2 StockIdx：1979
[12632] 2025/10/08 11:55:17.282 Divide StockNo {PWF00}
[12632] 2025/10/08 11:55:17.282 Add Basket MarketNo：2 StockIdx：1985
[12632] 2025/10/08 11:55:17.282 Divide StockNo {PXF00}
[12632] 2025/10/08 11:55:17.282 Add Basket MarketNo：2 StockIdx：1991
[12632] 2025/10/08 11:55:17.282 Divide StockNo {PYF00}
[12632] 2025/10/08 11:55:17.282 Add Basket MarketNo：2 StockIdx：1997
[12632] 2025/10/08 11:55:17.282 Divide StockNo {PZF00}
[12632] 2025/10/08 11:55:17.282 Add Basket MarketNo：2 StockIdx：2003
[12632] 2025/10/08 11:55:17.282 Divide StockNo {QAF00}
[12632] 2025/10/08 11:55:17.282 Add Basket MarketNo：2 StockIdx：2009
[12632] 2025/10/08 11:55:17.282 Divide StockNo {QBF00}
[12632] 2025/10/08 11:55:17.282 Add Basket MarketNo：2 StockIdx：2015
[12632] 2025/10/08 11:55:17.282 Divide StockNo {QCF00}
[12632] 2025/10/08 11:55:17.282 Add Basket MarketNo：2 StockIdx：2021
[12632] 2025/10/08 11:55:17.283 Divide StockNo {QDF00}
[12632] 2025/10/08 11:55:17.283 Add Basket MarketNo：2 StockIdx：2027
[12632] 2025/10/08 11:55:17.283 Divide StockNo {QEF00}
[12632] 2025/10/08 11:55:17.283 Add Basket MarketNo：2 StockIdx：2033
[12632] 2025/10/08 11:55:17.283 Divide StockNo {QFF00}
[12632] 2025/10/08 11:55:17.283 Add Basket MarketNo：2 StockIdx：138
[12632] 2025/10/08 11:55:17.283 Divide StockNo {QGF00}
[12632] 2025/10/08 11:55:17.283 Add Basket MarketNo：2 StockIdx：2046
[12632] 2025/10/08 11:55:17.283 Divide StockNo {QHF00}
[12632] 2025/10/08 11:55:17.283 Add Basket MarketNo：2 StockIdx：2052
[12632] 2025/10/08 11:55:17.283 Divide StockNo {QIF00}
[12632] 2025/10/08 11:55:17.283 Add Basket MarketNo：2 StockIdx：2058
[12632] 2025/10/08 11:55:17.283 Divide StockNo {QJF00}
[12632] 2025/10/08 11:55:17.283 Add Basket MarketNo：2 StockIdx：2062
[12632] 2025/10/08 11:55:17.283 Divide StockNo {QKF00}
[12632] 2025/10/08 11:55:17.283 Add Basket MarketNo：2 StockIdx：2068
[12632] 2025/10/08 11:55:17.283 Divide StockNo {QLF00}
[12632] 2025/10/08 11:55:17.283 Add Basket MarketNo：2 StockIdx：2074
[12632] 2025/10/08 11:55:17.283 Divide StockNo {QMF00}
[12632] 2025/10/08 11:55:17.283 Add Basket MarketNo：2 StockIdx：2080
[12632] 2025/10/08 11:55:17.283 Divide StockNo {QNF00}
[12632] 2025/10/08 11:55:17.283 Add Basket MarketNo：2 StockIdx：2086
[12632] 2025/10/08 11:55:17.283 Divide StockNo {QOF00}
[12632] 2025/10/08 11:55:17.283 Add Basket MarketNo：2 StockIdx：2092
[12632] 2025/10/08 11:55:17.283 Divide StockNo {QPF00}
[12632] 2025/10/08 11:55:17.283 Add Basket MarketNo：2 StockIdx：2098
[12632] 2025/10/08 11:55:17.283 Divide StockNo {QQF00}
[12632] 2025/10/08 11:55:17.283 Add Basket MarketNo：2 StockIdx：2104
[12632] 2025/10/08 11:55:17.283 Divide StockNo {QRF00}
[12632] 2025/10/08 11:55:17.283 Add Basket MarketNo：2 StockIdx：2110
[12632] 2025/10/08 11:55:17.283 Divide StockNo {QSF00}
[12632] 2025/10/08 11:55:17.283 Add Basket MarketNo：2 StockIdx：2116
[12632] 2025/10/08 11:55:17.283 Divide StockNo {QTF00}
[12632] 2025/10/08 11:55:17.283 Add Basket MarketNo：2 StockIdx：2122
[12632] 2025/10/08 11:55:17.283 Divide StockNo {QUF00}
[12632] 2025/10/08 11:55:17.283 Add Basket MarketNo：2 StockIdx：2128
[12632] 2025/10/08 11:55:17.283 Divide StockNo {QVF00}
[12632] 2025/10/08 11:55:17.283 Add Basket MarketNo：2 StockIdx：2134
[12632] 2025/10/08 11:55:17.283 Divide StockNo {QWF00}
[12632] 2025/10/08 11:55:17.283 Add Basket MarketNo：2 StockIdx：2140
[12632] 2025/10/08 11:55:17.283 Divide StockNo {QXF00}
[12632] 2025/10/08 11:55:17.283 Add Basket MarketNo：2 StockIdx：2146
[12632] 2025/10/08 11:55:17.283 Divide StockNo {QYF00}
[12632] 2025/10/08 11:55:17.283 Add Basket MarketNo：2 StockIdx：2152
[12632] 2025/10/08 11:55:17.283 Divide StockNo {QZF00}
[12632] 2025/10/08 11:55:17.283 Add Basket MarketNo：2 StockIdx：2158
[12632] 2025/10/08 11:55:17.283 Divide StockNo {RAF00}
[12632] 2025/10/08 11:55:17.283 Add Basket MarketNo：2 StockIdx：2164
[12632] 2025/10/08 11:55:17.283 Divide StockNo {RBF00}
[12632] 2025/10/08 11:55:17.283 Add Basket MarketNo：2 StockIdx：2170
[12632] 2025/10/08 11:55:17.284 Divide StockNo {RCF00}
[12632] 2025/10/08 11:55:17.284 Add Basket MarketNo：2 StockIdx：2176
[12632] 2025/10/08 11:55:17.284 Divide StockNo {RDF00}
[12632] 2025/10/08 11:55:17.284 Add Basket MarketNo：2 StockIdx：2182
[12632] 2025/10/08 11:55:17.284 Divide StockNo {REF00}
[12632] 2025/10/08 11:55:17.284 Add Basket MarketNo：2 StockIdx：2188
[12632] 2025/10/08 11:55:17.284 Divide StockNo {RFF00}
[12632] 2025/10/08 11:55:17.284 Add Basket MarketNo：2 StockIdx：2194
[12632] 2025/10/08 11:55:17.284 Divide StockNo {RGF00}
[12632] 2025/10/08 11:55:17.284 Add Basket MarketNo：2 StockIdx：2200
[12632] 2025/10/08 11:55:17.284 Divide StockNo {RIF00}
[12632] 2025/10/08 11:55:17.284 Add Basket MarketNo：2 StockIdx：2206
[12632] 2025/10/08 11:55:17.284 Divide StockNo {RJF00}
[12632] 2025/10/08 11:55:17.284 Add Basket MarketNo：2 StockIdx：2212
[12632] 2025/10/08 11:55:17.284 Divide StockNo {RKF00}
[12632] 2025/10/08 11:55:17.284 Add Basket MarketNo：2 StockIdx：2218
[12632] 2025/10/08 11:55:17.284 Divide StockNo {RLF00}
[12632] 2025/10/08 11:55:17.284 Add Basket MarketNo：2 StockIdx：2224
[12632] 2025/10/08 11:55:17.284 Divide StockNo {RMF00}
[12632] 2025/10/08 11:55:17.284 Stock Is Not Exist 
[12632] 2025/10/08 11:55:17.284 Divide StockNo {RNF00}
[12632] 2025/10/08 11:55:17.284 Add Basket MarketNo：2 StockIdx：2230
[12632] 2025/10/08 11:55:17.284 Divide StockNo {ROF00}
[12632] 2025/10/08 11:55:17.284 Add Basket MarketNo：2 StockIdx：2236
[12632] 2025/10/08 11:55:17.284 Divide StockNo {RPF00}
[12632] 2025/10/08 11:55:17.284 Add Basket MarketNo：2 StockIdx：2242
[12632] 2025/10/08 11:55:17.284 Divide StockNo {RQF00}
[12632] 2025/10/08 11:55:17.284 Stock Is Not Exist 
[12632] 2025/10/08 11:55:17.284 Divide StockNo {RRF00}
[12632] 2025/10/08 11:55:17.284 Add Basket MarketNo：2 StockIdx：2249
[12632] 2025/10/08 11:55:17.284 Divide StockNo {RSF00}
[12632] 2025/10/08 11:55:17.284 Add Basket MarketNo：2 StockIdx：2255
[12632] 2025/10/08 11:55:17.284 Divide StockNo {RUF00}
[12632] 2025/10/08 11:55:17.284 Add Basket MarketNo：2 StockIdx：2261
[12632] 2025/10/08 11:55:17.284 Divide StockNo {RVF00}
[12632] 2025/10/08 11:55:17.284 Add Basket MarketNo：2 StockIdx：2267
[12632] 2025/10/08 11:55:17.284 Divide StockNo {RWF00}
[12632] 2025/10/08 11:55:17.284 Add Basket MarketNo：2 StockIdx：2273
[12632] 2025/10/08 11:55:17.284 Divide StockNo {RXF00}
[12632] 2025/10/08 11:55:17.284 Add Basket MarketNo：2 StockIdx：2279
[12632] 2025/10/08 11:55:17.284 Divide StockNo {RYF00}
[12632] 2025/10/08 11:55:17.284 Add Basket MarketNo：2 StockIdx：2285
[12632] 2025/10/08 11:55:17.284 Divide StockNo {RZF00}
[12632] 2025/10/08 11:55:17.284 Add Basket MarketNo：2 StockIdx：144
[12632] 2025/10/08 11:55:17.284 Divide StockNo {SAF00}
[12632] 2025/10/08 11:55:17.284 Add Basket MarketNo：2 StockIdx：2297
[12632] 2025/10/08 11:55:17.284 Divide StockNo {SBF00}
[12632] 2025/10/08 11:55:17.284 Add Basket MarketNo：2 StockIdx：2303
[12632] 2025/10/08 11:55:17.284 Divide StockNo {SCF00}
[12632] 2025/10/08 11:55:17.284 Add Basket MarketNo：2 StockIdx：2309
[12632] 2025/10/08 11:55:17.284 Divide StockNo {SDF00}
[12632] 2025/10/08 11:55:17.284 Add Basket MarketNo：2 StockIdx：2315
[12632] 2025/10/08 11:55:17.284 Divide StockNo {SEF00}
[12632] 2025/10/08 11:55:17.284 Add Basket MarketNo：2 StockIdx：2321
[12632] 2025/10/08 11:55:17.284 Divide StockNo {SFF00}
[12632] 2025/10/08 11:55:17.284 Add Basket MarketNo：2 StockIdx：2327
[12632] 2025/10/08 11:55:17.285 Divide StockNo {SGF00}
[12632] 2025/10/08 11:55:17.285 Add Basket MarketNo：2 StockIdx：2333
[12632] 2025/10/08 11:55:17.285 Divide StockNo {SIF00}
[12632] 2025/10/08 11:55:17.285 Add Basket MarketNo：2 StockIdx：2339
[12632] 2025/10/08 11:55:17.285 Divide StockNo {SJF00}
[12632] 2025/10/08 11:55:17.285 Add Basket MarketNo：2 StockIdx：2345
[12632] 2025/10/08 11:55:17.285 Divide StockNo {SKF00}
[12632] 2025/10/08 11:55:17.285 Add Basket MarketNo：2 StockIdx：2351
[12632] 2025/10/08 11:55:17.285 Divide StockNo {SLF00}
[12632] 2025/10/08 11:55:17.285 Add Basket MarketNo：2 StockIdx：2357
[12632] 2025/10/08 11:55:17.285 Divide StockNo {SMF00}
[12632] 2025/10/08 11:55:17.285 Add Basket MarketNo：2 StockIdx：2363
[12632] 2025/10/08 11:55:17.285 Divide StockNo {SNF00}
[12632] 2025/10/08 11:55:17.285 Add Basket MarketNo：2 StockIdx：2369
[12632] 2025/10/08 11:55:17.285 Divide StockNo {SQF00}
[12632] 2025/10/08 11:55:17.285 Add Basket MarketNo：2 StockIdx：2375
[12632] 2025/10/08 11:55:17.285 Divide StockNo {SRF00}
[12632] 2025/10/08 11:55:17.285 Add Basket MarketNo：2 StockIdx：150
[12632] 2025/10/08 11:55:17.285 Divide StockNo {SSF00}
[12632] 2025/10/08 11:55:17.285 Add Basket MarketNo：2 StockIdx：2388
[12632] 2025/10/08 11:55:17.285 Divide StockNo {SUF00}
[12632] 2025/10/08 11:55:17.285 Add Basket MarketNo：2 StockIdx：2394
[12632] 2025/10/08 11:55:17.285 Divide StockNo {SVF00}
[12632] 2025/10/08 11:55:17.285 Add Basket MarketNo：2 StockIdx：2400
[12632] 2025/10/08 11:55:17.285 Divide StockNo {SWF00}
[12632] 2025/10/08 11:55:17.285 Add Basket MarketNo：2 StockIdx：2406
[12632] 2025/10/08 11:55:17.285 Divide StockNo {SYF00}
[12632] 2025/10/08 11:55:17.285 Add Basket MarketNo：2 StockIdx：2412
[12632] 2025/10/08 11:55:17.285 Divide StockNo {SZF00}
[12632] 2025/10/08 11:55:17.285 Add Basket MarketNo：2 StockIdx：2418
[12632] 2025/10/08 11:55:17.285 Divide StockNo {UAF00}
[12632] 2025/10/08 11:55:17.285 Add Basket MarketNo：2 StockIdx：2424
[12632] 2025/10/08 11:55:17.285 Divide StockNo {UBF00}
[12632] 2025/10/08 11:55:17.285 Add Basket MarketNo：2 StockIdx：2430
[12632] 2025/10/08 11:55:17.285 Divide StockNo {UCF00}
[12632] 2025/10/08 11:55:17.285 Add Basket MarketNo：2 StockIdx：2436
[12632] 2025/10/08 11:55:17.285 Divide StockNo {UEF00}
[12632] 2025/10/08 11:55:17.286 Add Basket MarketNo：2 StockIdx：2442
[12632] 2025/10/08 11:55:17.286 Divide StockNo {UFF00}
[12632] 2025/10/08 11:55:17.286 Add Basket MarketNo：2 StockIdx：2448
[12632] 2025/10/08 11:55:17.286 Divide StockNo {UGF00}
[12632] 2025/10/08 11:55:17.286 Add Basket MarketNo：2 StockIdx：2454
[12632] 2025/10/08 11:55:17.286 Divide StockNo {UHF00}
[12632] 2025/10/08 11:55:17.286 Add Basket MarketNo：2 StockIdx：2460
[12632] 2025/10/08 11:55:17.286 Divide StockNo {UIF00}
[12632] 2025/10/08 11:55:17.286 Add Basket MarketNo：2 StockIdx：2466
[12632] 2025/10/08 11:55:17.286 Divide StockNo {UJF00}
[12632] 2025/10/08 11:55:17.286 Add Basket MarketNo：2 StockIdx：2472
[12632] 2025/10/08 11:55:17.286 Divide StockNo {UKF00}
[12632] 2025/10/08 11:55:17.286 Add Basket MarketNo：2 StockIdx：2478
[12632] 2025/10/08 11:55:17.286 Divide StockNo {ULF00}
[12632] 2025/10/08 11:55:17.286 Add Basket MarketNo：2 StockIdx：2484
[12632] 2025/10/08 11:55:17.286 Divide StockNo {UMF00}
[12632] 2025/10/08 11:55:17.286 Add Basket MarketNo：2 StockIdx：2490
[12632] 2025/10/08 11:55:17.286 Divide StockNo {UOF00}
[12632] 2025/10/08 11:55:17.286 Add Basket MarketNo：2 StockIdx：2496
[12632] 2025/10/08 11:55:17.286 Divide StockNo {UPF00}
[12632] 2025/10/08 11:55:17.286 Add Basket MarketNo：2 StockIdx：2502
[12632] 2025/10/08 11:55:17.286 Divide StockNo {UQF00}
[12632] 2025/10/08 11:55:17.286 Add Basket MarketNo：2 StockIdx：2508
[12632] 2025/10/08 11:55:17.286 Divide StockNo {URF00}
[12632] 2025/10/08 11:55:17.286 Add Basket MarketNo：2 StockIdx：2515
[12632] 2025/10/08 11:55:17.286 Divide StockNo {USF00}
[12632] 2025/10/08 11:55:17.286 Add Basket MarketNo：2 StockIdx：2521
[12632] 2025/10/08 11:55:17.286 Divide StockNo {UTF00}
[12632] 2025/10/08 11:55:17.286 Add Basket MarketNo：2 StockIdx：2527
[12632] 2025/10/08 11:55:17.286 Divide StockNo {UUF00}
[12632] 2025/10/08 11:55:17.286 Add Basket MarketNo：2 StockIdx：2533
[12632] 2025/10/08 11:55:17.286 Divide StockNo {UVF00}
[12632] 2025/10/08 11:55:17.286 Add Basket MarketNo：2 StockIdx：2539
[12632] 2025/10/08 11:55:17.286 Divide StockNo {UWF00}
[12632] 2025/10/08 11:55:17.286 Add Basket MarketNo：2 StockIdx：2545
[12632] 2025/10/08 11:55:17.286 Divide StockNo {0050}
[12632] 2025/10/08 11:55:17.286 Add Basket MarketNo：0 StockIdx：0
[12632] 2025/10/08 11:55:17.286 Divide StockNo {0056}
[12632] 2025/10/08 11:55:17.286 Add Basket MarketNo：0 StockIdx：5
[12632] 2025/10/08 11:55:17.286 Divide StockNo {006205}
[12632] 2025/10/08 11:55:17.286 Add Basket MarketNo：0 StockIdx：10
[12632] 2025/10/08 11:55:17.286 Divide StockNo {006206}
[12632] 2025/10/08 11:55:17.286 Add Basket MarketNo：0 StockIdx：11
[12632] 2025/10/08 11:55:17.286 Divide StockNo {00636}
[12632] 2025/10/08 11:55:17.286 Add Basket MarketNo：0 StockIdx：20
[12632] 2025/10/08 11:55:17.286 Divide StockNo {00639}
[12632] 2025/10/08 11:55:17.286 Add Basket MarketNo：0 StockIdx：24
[12632] 2025/10/08 11:55:17.286 Divide StockNo {00643}
[12632] 2025/10/08 11:55:17.286 Add Basket MarketNo：0 StockIdx：28
[12632] 2025/10/08 11:55:17.286 Divide StockNo {00679B}
[12632] 2025/10/08 11:55:17.286 Add Basket MarketNo：1 StockIdx：1
[12632] 2025/10/08 11:55:17.286 Divide StockNo {00687B}
[12632] 2025/10/08 11:55:17.286 Add Basket MarketNo：1 StockIdx：2
[12632] 2025/10/08 11:55:17.286 Divide StockNo {00719B}
[12632] 2025/10/08 11:55:17.286 Add Basket MarketNo：1 StockIdx：8
[12632] 2025/10/08 11:55:17.286 Divide StockNo {00757}
[12632] 2025/10/08 11:55:17.286 Add Basket MarketNo：0 StockIdx：98
[12632] 2025/10/08 11:55:17.286 Divide StockNo {00772B}
[12632] 2025/10/08 11:55:17.287 Add Basket MarketNo：1 StockIdx：32
[12632] 2025/10/08 11:55:17.287 Divide StockNo {00878}
[12632] 2025/10/08 11:55:17.287 Add Basket MarketNo：0 StockIdx：113
[12632] 2025/10/08 11:55:17.287 Divide StockNo {00885}
[12632] 2025/10/08 11:55:17.287 Add Basket MarketNo：0 StockIdx：116
[12632] 2025/10/08 11:55:17.287 Divide StockNo {00893}
[12632] 2025/10/08 11:55:17.287 Add Basket MarketNo：0 StockIdx：119
[12632] 2025/10/08 11:55:17.287 Divide StockNo {00919}
[12632] 2025/10/08 11:55:17.287 Add Basket MarketNo：0 StockIdx：143
[12632] 2025/10/08 11:55:17.287 Divide StockNo {00923}
[12632] 2025/10/08 11:55:17.287 Add Basket MarketNo：0 StockIdx：147
[12632] 2025/10/08 11:55:17.287 Divide StockNo {00929}
[12632] 2025/10/08 11:55:17.287 Add Basket MarketNo：0 StockIdx：151
[12632] 2025/10/08 11:55:17.287 Divide StockNo {00937B}
[12632] 2025/10/08 11:55:17.287 Add Basket MarketNo：1 StockIdx：82
[12632] 2025/10/08 11:55:17.287 Divide StockNo {00940}
[12632] 2025/10/08 11:55:17.287 Add Basket MarketNo：0 StockIdx：159
[12632] 2025/10/08 11:55:17.287 Divide StockNo {1101}
[12632] 2025/10/08 11:55:17.287 Add Basket MarketNo：0 StockIdx：32223
[12632] 2025/10/08 11:55:17.287 Divide StockNo {1102}
[12632] 2025/10/08 11:55:17.287 Add Basket MarketNo：0 StockIdx：32225
[12632] 2025/10/08 11:55:17.287 Divide StockNo {1210}
[12632] 2025/10/08 11:55:17.287 Add Basket MarketNo：0 StockIdx：32233
[12632] 2025/10/08 11:55:17.287 Divide StockNo {1216}
[12632] 2025/10/08 11:55:17.287 Add Basket MarketNo：0 StockIdx：32236
[12632] 2025/10/08 11:55:17.287 Divide StockNo {1301}
[12632] 2025/10/08 11:55:17.287 Add Basket MarketNo：0 StockIdx：32251
[12632] 2025/10/08 11:55:17.287 Divide StockNo {1303}
[12632] 2025/10/08 11:55:17.287 Add Basket MarketNo：0 StockIdx：32252
[12632] 2025/10/08 11:55:17.287 Divide StockNo {1312}
[12632] 2025/10/08 11:55:17.287 Add Basket MarketNo：0 StockIdx：32259
[12632] 2025/10/08 11:55:17.287 Divide StockNo {1314}
[12632] 2025/10/08 11:55:17.287 Add Basket MarketNo：0 StockIdx：32262
[12632] 2025/10/08 11:55:17.287 Divide StockNo {1319}
[12632] 2025/10/08 11:55:17.287 Add Basket MarketNo：0 StockIdx：32265
[12632] 2025/10/08 11:55:17.287 Divide StockNo {1326}
[12632] 2025/10/08 11:55:17.287 Add Basket MarketNo：0 StockIdx：32270
[12632] 2025/10/08 11:55:17.287 Divide StockNo {1402}
[12632] 2025/10/08 11:55:17.287 Add Basket MarketNo：0 StockIdx：32277
[12632] 2025/10/08 11:55:17.287 Divide StockNo {1440}
[12632] 2025/10/08 11:55:17.287 Add Basket MarketNo：0 StockIdx：32294
[12632] 2025/10/08 11:55:17.287 Divide StockNo {1476}
[12632] 2025/10/08 11:55:17.288 Add Basket MarketNo：0 StockIdx：32324
[12632] 2025/10/08 11:55:17.288 Divide StockNo {1477}
[12632] 2025/10/08 11:55:17.288 Add Basket MarketNo：0 StockIdx：32325
[12632] 2025/10/08 11:55:17.288 Divide StockNo {1503}
[12632] 2025/10/08 11:55:17.288 Add Basket MarketNo：0 StockIdx：32326
[12632] 2025/10/08 11:55:17.288 Divide StockNo {1504}
[12632] 2025/10/08 11:55:17.288 Add Basket MarketNo：0 StockIdx：32327
[12632] 2025/10/08 11:55:17.288 Divide StockNo {1513}
[12632] 2025/10/08 11:55:17.288 Add Basket MarketNo：0 StockIdx：32330
[12632] 2025/10/08 11:55:17.288 Divide StockNo {1536}
[12632] 2025/10/08 11:55:17.288 Add Basket MarketNo：0 StockIdx：32350
[12632] 2025/10/08 11:55:17.288 Divide StockNo {1565}
[12632] 2025/10/08 11:55:17.288 Add Basket MarketNo：1 StockIdx：139
[12632] 2025/10/08 11:55:17.288 Divide StockNo {1590}
[12632] 2025/10/08 11:55:17.288 Add Basket MarketNo：0 StockIdx：32364
[12632] 2025/10/08 11:55:17.288 Divide StockNo {1605}
[12632] 2025/10/08 11:55:17.288 Add Basket MarketNo：0 StockIdx：32369
[12632] 2025/10/08 11:55:17.288 Divide StockNo {1609}
[12632] 2025/10/08 11:55:17.288 Add Basket MarketNo：0 StockIdx：32371
[12632] 2025/10/08 11:55:17.288 Divide StockNo {1707}
[12632] 2025/10/08 11:55:17.288 Add Basket MarketNo：0 StockIdx：32381
[12632] 2025/10/08 11:55:17.288 Divide StockNo {1717}
[12632] 2025/10/08 11:55:17.288 Add Basket MarketNo：0 StockIdx：32389
[12632] 2025/10/08 11:55:17.288 Divide StockNo {1718}
[12632] 2025/10/08 11:55:17.288 Add Basket MarketNo：0 StockIdx：32390
[12632] 2025/10/08 11:55:17.288 Divide StockNo {1722}
[12632] 2025/10/08 11:55:17.288 Add Basket MarketNo：0 StockIdx：32393
[12632] 2025/10/08 11:55:17.288 Divide StockNo {1795}
[12632] 2025/10/08 11:55:17.288 Add Basket MarketNo：0 StockIdx：32414
[12632] 2025/10/08 11:55:17.288 Divide StockNo {1802}
[12632] 2025/10/08 11:55:17.288 Add Basket MarketNo：0 StockIdx：32415
[12632] 2025/10/08 11:55:17.288 Divide StockNo {1904}
[12632] 2025/10/08 11:55:17.288 Add Basket MarketNo：0 StockIdx：32423
[12632] 2025/10/08 11:55:17.288 Divide StockNo {1905}
[12632] 2025/10/08 11:55:17.288 Add Basket MarketNo：0 StockIdx：32424
[12632] 2025/10/08 11:55:17.288 Divide StockNo {1907}
[12632] 2025/10/08 11:55:17.288 Add Basket MarketNo：0 StockIdx：32426
[12632] 2025/10/08 11:55:17.288 Divide StockNo {1909}
[12632] 2025/10/08 11:55:17.288 Add Basket MarketNo：0 StockIdx：32427
[12632] 2025/10/08 11:55:17.289 Divide StockNo {2002}
[12632] 2025/10/08 11:55:17.289 Add Basket MarketNo：0 StockIdx：32428
[12632] 2025/10/08 11:55:17.289 Divide StockNo {2006}
[12632] 2025/10/08 11:55:17.289 Add Basket MarketNo：0 StockIdx：32430
[12632] 2025/10/08 11:55:17.289 Divide StockNo {2014}
[12632] 2025/10/08 11:55:17.289 Add Basket MarketNo：0 StockIdx：32437
[12632] 2025/10/08 11:55:17.289 Divide StockNo {2027}
[12632] 2025/10/08 11:55:17.289 Add Basket MarketNo：0 StockIdx：32445
[12632] 2025/10/08 11:55:17.289 Divide StockNo {2049}
[12632] 2025/10/08 11:55:17.289 Add Basket MarketNo：0 StockIdx：32454
[12632] 2025/10/08 11:55:17.289 Divide StockNo {2059}
[12632] 2025/10/08 11:55:17.289 Add Basket MarketNo：0 StockIdx：32455
[12632] 2025/10/08 11:55:17.289 Divide StockNo {2105}
[12632] 2025/10/08 11:55:17.289 Add Basket MarketNo：0 StockIdx：32462
[12632] 2025/10/08 11:55:17.289 Divide StockNo {2201}
[12632] 2025/10/08 11:55:17.289 Add Basket MarketNo：0 StockIdx：32469
[12632] 2025/10/08 11:55:17.289 Divide StockNo {2231}
[12632] 2025/10/08 11:55:17.289 Add Basket MarketNo：0 StockIdx：32477
[12632] 2025/10/08 11:55:17.289 Divide StockNo {2301}
[12632] 2025/10/08 11:55:17.289 Add Basket MarketNo：0 StockIdx：32488
[12632] 2025/10/08 11:55:17.289 Divide StockNo {2303}
[12632] 2025/10/08 11:55:17.289 Add Basket MarketNo：0 StockIdx：32490
[12632] 2025/10/08 11:55:17.289 Divide StockNo {2308}
[12632] 2025/10/08 11:55:17.289 Add Basket MarketNo：0 StockIdx：32492
[12632] 2025/10/08 11:55:17.289 Divide StockNo {2312}
[12632] 2025/10/08 11:55:17.289 Add Basket MarketNo：0 StockIdx：32493
[12632] 2025/10/08 11:55:17.289 Divide StockNo {2313}
[12632] 2025/10/08 11:55:17.289 Add Basket MarketNo：0 StockIdx：32494
[12632] 2025/10/08 11:55:17.289 Divide StockNo {2317}
[12632] 2025/10/08 11:55:17.289 Add Basket MarketNo：0 StockIdx：32496
[12632] 2025/10/08 11:55:17.289 Divide StockNo {2323}
[12632] 2025/10/08 11:55:17.289 Add Basket MarketNo：0 StockIdx：32498
[12632] 2025/10/08 11:55:17.289 Divide StockNo {2324}
[12632] 2025/10/08 11:55:17.289 Add Basket MarketNo：0 StockIdx：32499
[12632] 2025/10/08 11:55:17.289 Divide StockNo {2327}
[12632] 2025/10/08 11:55:17.289 Add Basket MarketNo：0 StockIdx：32500
[12632] 2025/10/08 11:55:17.289 Divide StockNo {2328}
[12632] 2025/10/08 11:55:17.289 Add Basket MarketNo：0 StockIdx：32501
[12632] 2025/10/08 11:55:17.289 Divide StockNo {2330}
[12632] 2025/10/08 11:55:17.289 Add Basket MarketNo：0 StockIdx：32503
[12632] 2025/10/08 11:55:17.289 Divide StockNo {2331}
[12632] 2025/10/08 11:55:17.289 Add Basket MarketNo：0 StockIdx：32504
[12632] 2025/10/08 11:55:17.289 Divide StockNo {2332}
[12632] 2025/10/08 11:55:17.289 Add Basket MarketNo：0 StockIdx：32505
[12632] 2025/10/08 11:55:17.289 Divide StockNo {2337}
[12632] 2025/10/08 11:55:17.289 Add Basket MarketNo：0 StockIdx：32506
[12632] 2025/10/08 11:55:17.289 Divide StockNo {2338}
[12632] 2025/10/08 11:55:17.289 Add Basket MarketNo：0 StockIdx：32507
[12632] 2025/10/08 11:55:17.289 Divide StockNo {2340}
[12632] 2025/10/08 11:55:17.289 Add Basket MarketNo：0 StockIdx：32508
[12632] 2025/10/08 11:55:17.289 Divide StockNo {2344}
[12632] 2025/10/08 11:55:17.289 Add Basket MarketNo：0 StockIdx：32510
[12632] 2025/10/08 11:55:17.289 Divide StockNo {2345}
[12632] 2025/10/08 11:55:17.289 Add Basket MarketNo：0 StockIdx：32511
[12632] 2025/10/08 11:55:17.289 Divide StockNo {2347}
[12632] 2025/10/08 11:55:17.289 Add Basket MarketNo：0 StockIdx：32512
[12632] 2025/10/08 11:55:17.289 Divide StockNo {2352}
[12632] 2025/10/08 11:55:17.289 Add Basket MarketNo：0 StockIdx：32517
[12632] 2025/10/08 11:55:17.289 Divide StockNo {2353}
[12632] 2025/10/08 11:55:17.289 Add Basket MarketNo：0 StockIdx：32518
[12632] 2025/10/08 11:55:17.289 Divide StockNo {2354}
[12632] 2025/10/08 11:55:17.289 Add Basket MarketNo：0 StockIdx：32519
[12632] 2025/10/08 11:55:17.289 Divide StockNo {2355}
[12632] 2025/10/08 11:55:17.289 Add Basket MarketNo：0 StockIdx：32520
[12632] 2025/10/08 11:55:17.289 Divide StockNo {2356}
[12632] 2025/10/08 11:55:17.289 Add Basket MarketNo：0 StockIdx：32521
[12632] 2025/10/08 11:55:17.289 Divide StockNo {2357}
[12632] 2025/10/08 11:55:17.289 Add Basket MarketNo：0 StockIdx：32522
[12632] 2025/10/08 11:55:17.289 Divide StockNo {2360}
[12632] 2025/10/08 11:55:17.289 Add Basket MarketNo：0 StockIdx：32524
[12632] 2025/10/08 11:55:17.290 Divide StockNo {2368}
[12632] 2025/10/08 11:55:17.290 Add Basket MarketNo：0 StockIdx：32530
[12632] 2025/10/08 11:55:17.290 Divide StockNo {2371}
[12632] 2025/10/08 11:55:17.290 Add Basket MarketNo：0 StockIdx：32532
[12632] 2025/10/08 11:55:17.290 Divide StockNo {2376}
[12632] 2025/10/08 11:55:17.290 Add Basket MarketNo：0 StockIdx：32536
[12632] 2025/10/08 11:55:17.290 Divide StockNo {2377}
[12632] 2025/10/08 11:55:17.290 Add Basket MarketNo：0 StockIdx：32537
[12632] 2025/10/08 11:55:17.290 Divide StockNo {2379}
[12632] 2025/10/08 11:55:17.290 Add Basket MarketNo：0 StockIdx：32538
[12632] 2025/10/08 11:55:17.290 Divide StockNo {2382}
[12632] 2025/10/08 11:55:17.290 Add Basket MarketNo：0 StockIdx：32540
[12632] 2025/10/08 11:55:17.290 Divide StockNo {2383}
[12632] 2025/10/08 11:55:17.290 Add Basket MarketNo：0 StockIdx：32541
[12632] 2025/10/08 11:55:17.290 Divide StockNo {2385}
[12632] 2025/10/08 11:55:17.290 Add Basket MarketNo：0 StockIdx：32542
[12632] 2025/10/08 11:55:17.290 Divide StockNo {2388}
[12632] 2025/10/08 11:55:17.290 Add Basket MarketNo：0 StockIdx：32544
[12632] 2025/10/08 11:55:17.290 Divide StockNo {2392}
[12632] 2025/10/08 11:55:17.290 Add Basket MarketNo：0 StockIdx：32546
[12632] 2025/10/08 11:55:17.290 Divide StockNo {2393}
[12632] 2025/10/08 11:55:17.290 Add Basket MarketNo：0 StockIdx：32547
[12632] 2025/10/08 11:55:17.290 Divide StockNo {2401}
[12632] 2025/10/08 11:55:17.290 Add Basket MarketNo：0 StockIdx：32551
[12632] 2025/10/08 11:55:17.290 Divide StockNo {2404}
[12632] 2025/10/08 11:55:17.290 Add Basket MarketNo：0 StockIdx：32553
[12632] 2025/10/08 11:55:17.290 Divide StockNo {2408}
[12632] 2025/10/08 11:55:17.290 Add Basket MarketNo：0 StockIdx：32556
[12632] 2025/10/08 11:55:17.290 Divide StockNo {2409}
[12632] 2025/10/08 11:55:17.290 Add Basket MarketNo：0 StockIdx：32557
[12632] 2025/10/08 11:55:17.290 Divide StockNo {2412}
[12632] 2025/10/08 11:55:17.290 Add Basket MarketNo：0 StockIdx：32558
[12632] 2025/10/08 11:55:17.290 Divide StockNo {2439}
[12632] 2025/10/08 11:55:17.290 Add Basket MarketNo：0 StockIdx：32580
[12632] 2025/10/08 11:55:17.290 Divide StockNo {2441}
[12632] 2025/10/08 11:55:17.290 Add Basket MarketNo：0 StockIdx：32582
[12632] 2025/10/08 11:55:17.290 Divide StockNo {2449}
[12632] 2025/10/08 11:55:17.290 Add Basket MarketNo：0 StockIdx：32585
[12632] 2025/10/08 11:55:17.290 Divide StockNo {2454}
[12632] 2025/10/08 11:55:17.290 Add Basket MarketNo：0 StockIdx：32589
[12632] 2025/10/08 11:55:17.290 Divide StockNo {2455}
[12632] 2025/10/08 11:55:17.290 Add Basket MarketNo：0 StockIdx：32590
[12632] 2025/10/08 11:55:17.290 Divide StockNo {2457}
[12632] 2025/10/08 11:55:17.290 Add Basket MarketNo：0 StockIdx：32591
[12632] 2025/10/08 11:55:17.290 Divide StockNo {2458}
[12632] 2025/10/08 11:55:17.290 Add Basket MarketNo：0 StockIdx：32592
[12632] 2025/10/08 11:55:17.290 Divide StockNo {2474}
[12632] 2025/10/08 11:55:17.290 Add Basket MarketNo：0 StockIdx：32604
[12632] 2025/10/08 11:55:17.290 Divide StockNo {2481}
[12632] 2025/10/08 11:55:17.290 Add Basket MarketNo：0 StockIdx：32609
[12632] 2025/10/08 11:55:17.290 Divide StockNo {2485}
[12632] 2025/10/08 11:55:17.290 Add Basket MarketNo：0 StockIdx：32613
[12632] 2025/10/08 11:55:17.290 Divide StockNo {2486}
[12632] 2025/10/08 11:55:17.290 Add Basket MarketNo：0 StockIdx：32614
[12632] 2025/10/08 11:55:17.290 Divide StockNo {2489}
[12632] 2025/10/08 11:55:17.290 Add Basket MarketNo：0 StockIdx：32616
[12632] 2025/10/08 11:55:17.290 Divide StockNo {2492}
[12632] 2025/10/08 11:55:17.290 Add Basket MarketNo：0 StockIdx：32618
[12632] 2025/10/08 11:55:17.290 Divide StockNo {2498}
[12632] 2025/10/08 11:55:17.290 Add Basket MarketNo：0 StockIdx：32623
[12632] 2025/10/08 11:55:17.290 Divide StockNo {2515}
[12632] 2025/10/08 11:55:17.290 Add Basket MarketNo：0 StockIdx：32631
[12632] 2025/10/08 11:55:17.290 Divide StockNo {2520}
[12632] 2025/10/08 11:55:17.290 Add Basket MarketNo：0 StockIdx：32633
[12632] 2025/10/08 11:55:17.291 Divide StockNo {2542}
[12632] 2025/10/08 11:55:17.291 Add Basket MarketNo：0 StockIdx：32645
[12632] 2025/10/08 11:55:17.291 Divide StockNo {2548}
[12632] 2025/10/08 11:55:17.291 Add Basket MarketNo：0 StockIdx：32650
[12632] 2025/10/08 11:55:17.291 Divide StockNo {2603}
[12632] 2025/10/08 11:55:17.291 Add Basket MarketNo：0 StockIdx：32653
[12632] 2025/10/08 11:55:17.291 Divide StockNo {2605}
[12632] 2025/10/08 11:55:17.291 Add Basket MarketNo：0 StockIdx：32654
[12632] 2025/10/08 11:55:17.291 Divide StockNo {2606}
[12632] 2025/10/08 11:55:17.291 Add Basket MarketNo：0 StockIdx：32655
[12632] 2025/10/08 11:55:17.291 Divide StockNo {2609}
[12632] 2025/10/08 11:55:17.291 Add Basket MarketNo：0 StockIdx：32658
[12632] 2025/10/08 11:55:17.291 Divide StockNo {2610}
[12632] 2025/10/08 11:55:17.291 Add Basket MarketNo：0 StockIdx：32659
[12632] 2025/10/08 11:55:17.291 Divide StockNo {2615}
[12632] 2025/10/08 11:55:17.291 Add Basket MarketNo：0 StockIdx：32664
[12632] 2025/10/08 11:55:17.291 Divide StockNo {2618}
[12632] 2025/10/08 11:55:17.291 Add Basket MarketNo：0 StockIdx：32667
[12632] 2025/10/08 11:55:17.291 Divide StockNo {2633}
[12632] 2025/10/08 11:55:17.291 Add Basket MarketNo：0 StockIdx：32669
[12632] 2025/10/08 11:55:17.291 Divide StockNo {2634}
[12632] 2025/10/08 11:55:17.291 Add Basket MarketNo：0 StockIdx：32670
[12632] 2025/10/08 11:55:17.291 Divide StockNo {2801}
[12632] 2025/10/08 11:55:17.291 Add Basket MarketNo：0 StockIdx：32691
[12632] 2025/10/08 11:55:17.291 Divide StockNo {2834}
[12632] 2025/10/08 11:55:17.291 Add Basket MarketNo：0 StockIdx：32696
[12632] 2025/10/08 11:55:17.291 Divide StockNo {2880}
[12632] 2025/10/08 11:55:17.291 Add Basket MarketNo：0 StockIdx：32708
[12632] 2025/10/08 11:55:17.291 Divide StockNo {2881}
[12632] 2025/10/08 11:55:17.291 Add Basket MarketNo：0 StockIdx：32709
[12632] 2025/10/08 11:55:17.291 Divide StockNo {2882}
[12632] 2025/10/08 11:55:17.291 Add Basket MarketNo：0 StockIdx：32713
[12632] 2025/10/08 11:55:17.291 Divide StockNo {2883}
[12632] 2025/10/08 11:55:17.291 Add Basket MarketNo：0 StockIdx：32716
[12632] 2025/10/08 11:55:17.291 Divide StockNo {2884}
[12632] 2025/10/08 11:55:17.291 Add Basket MarketNo：0 StockIdx：32718
[12632] 2025/10/08 11:55:17.291 Divide StockNo {2885}
[12632] 2025/10/08 11:55:17.291 Add Basket MarketNo：0 StockIdx：32719
[12632] 2025/10/08 11:55:17.291 Divide StockNo {2886}
[12632] 2025/10/08 11:55:17.291 Add Basket MarketNo：0 StockIdx：32720
[12632] 2025/10/08 11:55:17.291 Divide StockNo {2887}
[12632] 2025/10/08 11:55:17.291 Add Basket MarketNo：0 StockIdx：32721
[12632] 2025/10/08 11:55:17.291 Divide StockNo {2888}
[12632] 2025/10/08 11:55:17.291 Stock Is Not Exist 
[12632] 2025/10/08 11:55:17.291 Divide StockNo {2890}
[12632] 2025/10/08 11:55:17.291 Add Basket MarketNo：0 StockIdx：32729
[12632] 2025/10/08 11:55:17.291 Divide StockNo {2891}
[12632] 2025/10/08 11:55:17.291 Add Basket MarketNo：0 StockIdx：32730
[12632] 2025/10/08 11:55:17.291 Divide StockNo {2892}
[12632] 2025/10/08 11:55:17.291 Add Basket MarketNo：0 StockIdx：32733
[12632] 2025/10/08 11:55:17.291 Divide StockNo {2913}
[12632] 2025/10/08 11:55:17.291 Add Basket MarketNo：0 StockIdx：32745
[12632] 2025/10/08 11:55:17.291 Divide StockNo {2915}
[12632] 2025/10/08 11:55:17.291 Add Basket MarketNo：0 StockIdx：32746
[12632] 2025/10/08 11:55:17.291 Divide StockNo {3005}
[12632] 2025/10/08 11:55:17.291 Add Basket MarketNo：0 StockIdx：32754
[12632] 2025/10/08 11:55:17.291 Divide StockNo {3006}
[12632] 2025/10/08 11:55:17.291 Add Basket MarketNo：0 StockIdx：32755
[12632] 2025/10/08 11:55:17.292 Divide StockNo {3008}
[12632] 2025/10/08 11:55:17.292 Add Basket MarketNo：0 StockIdx：32756
[12632] 2025/10/08 11:55:17.292 Divide StockNo {3017}
[12632] 2025/10/08 11:55:17.292 Add Basket MarketNo：0 StockIdx：32763
[12632] 2025/10/08 11:55:17.292 Divide StockNo {3019}
[12632] 2025/10/08 11:55:17.292 Add Basket MarketNo：0 StockIdx：32765
[12632] 2025/10/08 11:55:17.292 Divide StockNo {3034}
[12632] 2025/10/08 11:55:17.292 Add Basket MarketNo：0 StockIdx：32779
[12632] 2025/10/08 11:55:17.292 Divide StockNo {3035}
[12632] 2025/10/08 11:55:17.292 Add Basket MarketNo：0 StockIdx：32780
[12632] 2025/10/08 11:55:17.292 Divide StockNo {3036}
[12632] 2025/10/08 11:55:17.292 Add Basket MarketNo：0 StockIdx：32781
[12632] 2025/10/08 11:55:17.292 Divide StockNo {3037}
[12632] 2025/10/08 11:55:17.292 Add Basket MarketNo：0 StockIdx：32783
[12632] 2025/10/08 11:55:17.292 Divide StockNo {3042}
[12632] 2025/10/08 11:55:17.292 Add Basket MarketNo：0 StockIdx：32787
[12632] 2025/10/08 11:55:17.292 Divide StockNo {3044}
[12632] 2025/10/08 11:55:17.292 Add Basket MarketNo：0 StockIdx：32789
[12632] 2025/10/08 11:55:17.292 Divide StockNo {3045}
[12632] 2025/10/08 11:55:17.292 Add Basket MarketNo：0 StockIdx：32790
[12632] 2025/10/08 11:55:17.292 Divide StockNo {3078}
[12632] 2025/10/08 11:55:17.292 Add Basket MarketNo：1 StockIdx：267
[12632] 2025/10/08 11:55:17.292 Divide StockNo {3081}
[12632] 2025/10/08 11:55:17.292 Add Basket MarketNo：1 StockIdx：268
[12632] 2025/10/08 11:55:17.292 Divide StockNo {3105}
[12632] 2025/10/08 11:55:17.292 Add Basket MarketNo：1 StockIdx：278
[12632] 2025/10/08 11:55:17.292 Divide StockNo {3152}
[12632] 2025/10/08 11:55:17.292 Add Basket MarketNo：1 StockIdx：293
[12632] 2025/10/08 11:55:17.292 Divide StockNo {3189}
[12632] 2025/10/08 11:55:17.292 Add Basket MarketNo：0 StockIdx：32817
[12632] 2025/10/08 11:55:17.292 Divide StockNo {3227}
[12632] 2025/10/08 11:55:17.292 Add Basket MarketNo：1 StockIdx：316
[12632] 2025/10/08 11:55:17.292 Divide StockNo {3231}
[12632] 2025/10/08 11:55:17.292 Add Basket MarketNo：0 StockIdx：32820
[12632] 2025/10/08 11:55:17.292 Divide StockNo {3260}
[12632] 2025/10/08 11:55:17.292 Add Basket MarketNo：1 StockIdx：325
[12632] 2025/10/08 11:55:17.292 Divide StockNo {3264}
[12632] 2025/10/08 11:55:17.292 Add Basket MarketNo：1 StockIdx：326
[12632] 2025/10/08 11:55:17.292 Divide StockNo {3293}
[12632] 2025/10/08 11:55:17.292 Add Basket MarketNo：1 StockIdx：339
[12632] 2025/10/08 11:55:17.292 Divide StockNo {3324}
[12632] 2025/10/08 11:55:17.292 Add Basket MarketNo：1 StockIdx：355
[12632] 2025/10/08 11:55:17.292 Divide StockNo {3374}
[12632] 2025/10/08 11:55:17.292 Add Basket MarketNo：1 StockIdx：373
[12632] 2025/10/08 11:55:17.292 Divide StockNo {3376}
[12632] 2025/10/08 11:55:17.292 Add Basket MarketNo：0 StockIdx：32832
[12632] 2025/10/08 11:55:17.292 Divide StockNo {3380}
[12632] 2025/10/08 11:55:17.292 Add Basket MarketNo：0 StockIdx：32833
[12632] 2025/10/08 11:55:17.292 Divide StockNo {3406}
[12632] 2025/10/08 11:55:17.292 Add Basket MarketNo：0 StockIdx：32834
[12632] 2025/10/08 11:55:17.292 Divide StockNo {3443}
[12632] 2025/10/08 11:55:17.292 Add Basket MarketNo：0 StockIdx：32840
[12632] 2025/10/08 11:55:17.292 Divide StockNo {3481}
[12632] 2025/10/08 11:55:17.292 Add Basket MarketNo：0 StockIdx：32844
[12632] 2025/10/08 11:55:17.292 Divide StockNo {3529}
[12632] 2025/10/08 11:55:17.292 Add Basket MarketNo：1 StockIdx：423
[12632] 2025/10/08 11:55:17.292 Divide StockNo {3532}
[12632] 2025/10/08 11:55:17.292 Add Basket MarketNo：0 StockIdx：32852
[12632] 2025/10/08 11:55:17.292 Divide StockNo {3533}
[12632] 2025/10/08 11:55:17.292 Add Basket MarketNo：0 StockIdx：32853
[12632] 2025/10/08 11:55:17.292 Divide StockNo {3552}
[12632] 2025/10/08 11:55:17.292 Add Basket MarketNo：1 StockIdx：433
[12632] 2025/10/08 11:55:17.292 Divide StockNo {3653}
[12632] 2025/10/08 11:55:17.292 Add Basket MarketNo：0 StockIdx：32873
[12632] 2025/10/08 11:55:17.292 Divide StockNo {3661}
[12632] 2025/10/08 11:55:17.292 Add Basket MarketNo：0 StockIdx：32874
[12632] 2025/10/08 11:55:17.292 Divide StockNo {3673}
[12632] 2025/10/08 11:55:17.292 Add Basket MarketNo：0 StockIdx：32877
[12632] 2025/10/08 11:55:17.292 Divide StockNo {3680}
[12632] 2025/10/08 11:55:17.293 Add Basket MarketNo：1 StockIdx：472
[12632] 2025/10/08 11:55:17.293 Divide StockNo {3691}
[12632] 2025/10/08 11:55:17.293 Add Basket MarketNo：1 StockIdx：481
[12632] 2025/10/08 11:55:17.293 Divide StockNo {3702}
[12632] 2025/10/08 11:55:17.293 Add Basket MarketNo：0 StockIdx：32882
[12632] 2025/10/08 11:55:17.293 Divide StockNo {3706}
[12632] 2025/10/08 11:55:17.293 Add Basket MarketNo：0 StockIdx：32886
[12632] 2025/10/08 11:55:17.293 Divide StockNo {3711}
[12632] 2025/10/08 11:55:17.293 Add Basket MarketNo：0 StockIdx：32888
[12632] 2025/10/08 11:55:17.293 Divide StockNo {3714}
[12632] 2025/10/08 11:55:17.293 Add Basket MarketNo：0 StockIdx：32890
[12632] 2025/10/08 11:55:17.293 Divide StockNo {4123}
[12632] 2025/10/08 11:55:17.293 Add Basket MarketNo：1 StockIdx：505
[12632] 2025/10/08 11:55:17.293 Divide StockNo {4128}
[12632] 2025/10/08 11:55:17.293 Add Basket MarketNo：1 StockIdx：510
[12632] 2025/10/08 11:55:17.293 Divide StockNo {4162}
[12632] 2025/10/08 11:55:17.293 Add Basket MarketNo：1 StockIdx：524
[12632] 2025/10/08 11:55:17.293 Divide StockNo {4736}
[12632] 2025/10/08 11:55:17.293 Add Basket MarketNo：0 StockIdx：32935
[12632] 2025/10/08 11:55:17.293 Divide StockNo {4743}
[12632] 2025/10/08 11:55:17.293 Add Basket MarketNo：1 StockIdx：616
[12632] 2025/10/08 11:55:17.293 Divide StockNo {4904}
[12632] 2025/10/08 11:55:17.293 Add Basket MarketNo：0 StockIdx：32946
[12632] 2025/10/08 11:55:17.293 Divide StockNo {4919}
[12632] 2025/10/08 11:55:17.293 Add Basket MarketNo：0 StockIdx：32951
[12632] 2025/10/08 11:55:17.293 Divide StockNo {4938}
[12632] 2025/10/08 11:55:17.293 Add Basket MarketNo：0 StockIdx：32956
[12632] 2025/10/08 11:55:17.293 Divide StockNo {4958}
[12632] 2025/10/08 11:55:17.293 Add Basket MarketNo：0 StockIdx：32962
[12632] 2025/10/08 11:55:17.293 Divide StockNo {5009}
[12632] 2025/10/08 11:55:17.293 Add Basket MarketNo：1 StockIdx：660
[12632] 2025/10/08 11:55:17.293 Divide StockNo {5269}
[12632] 2025/10/08 11:55:17.293 Add Basket MarketNo：0 StockIdx：32981
[12632] 2025/10/08 11:55:17.293 Divide StockNo {5274}
[12632] 2025/10/08 11:55:17.293 Add Basket MarketNo：1 StockIdx：694
[12632] 2025/10/08 11:55:17.293 Divide StockNo {5347}
[12632] 2025/10/08 11:55:17.293 Add Basket MarketNo：1 StockIdx：718
[12632] 2025/10/08 11:55:17.293 Divide StockNo {5371}
[12632] 2025/10/08 11:55:17.293 Add Basket MarketNo：1 StockIdx：725
[12632] 2025/10/08 11:55:17.293 Divide StockNo {5388}
[12632] 2025/10/08 11:55:17.293 Add Basket MarketNo：0 StockIdx：32988
[12632] 2025/10/08 11:55:17.293 Divide StockNo {5425}
[12632] 2025/10/08 11:55:17.293 Add Basket MarketNo：1 StockIdx：733
[12632] 2025/10/08 11:55:17.293 Divide StockNo {5457}
[12632] 2025/10/08 11:55:17.293 Add Basket MarketNo：1 StockIdx：745
[12632] 2025/10/08 11:55:17.293 Divide StockNo {5483}
[12632] 2025/10/08 11:55:17.293 Add Basket MarketNo：1 StockIdx：755
[12632] 2025/10/08 11:55:17.293 Divide StockNo {5534}
[12632] 2025/10/08 11:55:17.293 Add Basket MarketNo：0 StockIdx：33000
[12632] 2025/10/08 11:55:17.293 Divide StockNo {5871}
[12632] 2025/10/08 11:55:17.293 Add Basket MarketNo：0 StockIdx：33006
[12632] 2025/10/08 11:55:17.293 Divide StockNo {5876}
[12632] 2025/10/08 11:55:17.293 Add Basket MarketNo：0 StockIdx：33008
[12632] 2025/10/08 11:55:17.293 Divide StockNo {5880}
[12632] 2025/10/08 11:55:17.293 Add Basket MarketNo：0 StockIdx：33009
[12632] 2025/10/08 11:55:17.293 Divide StockNo {5904}
[12632] 2025/10/08 11:55:17.293 Add Basket MarketNo：1 StockIdx：789
[12632] 2025/10/08 11:55:17.293 Divide StockNo {6005}
[12632] 2025/10/08 11:55:17.293 Add Basket MarketNo：0 StockIdx：33012
[12632] 2025/10/08 11:55:17.293 Divide StockNo {6116}
[12632] 2025/10/08 11:55:17.293 Add Basket MarketNo：0 StockIdx：33017
[12632] 2025/10/08 11:55:17.293 Divide StockNo {6121}
[12632] 2025/10/08 11:55:17.293 Add Basket MarketNo：1 StockIdx：812
[12632] 2025/10/08 11:55:17.293 Divide StockNo {6139}
[12632] 2025/10/08 11:55:17.293 Add Basket MarketNo：0 StockIdx：33023
[12632] 2025/10/08 11:55:17.293 Divide StockNo {6147}
[12632] 2025/10/08 11:55:17.293 Add Basket MarketNo：1 StockIdx：830
[12632] 2025/10/08 11:55:17.293 Divide StockNo {6153}
[12632] 2025/10/08 11:55:17.294 Add Basket MarketNo：0 StockIdx：33027
[12632] 2025/10/08 11:55:17.294 Divide StockNo {6173}
[12632] 2025/10/08 11:55:17.294 Add Basket MarketNo：1 StockIdx：845
[12632] 2025/10/08 11:55:17.294 Divide StockNo {6176}
[12632] 2025/10/08 11:55:17.294 Add Basket MarketNo：0 StockIdx：33033
[12632] 2025/10/08 11:55:17.294 Divide StockNo {6182}
[12632] 2025/10/08 11:55:17.294 Add Basket MarketNo：1 StockIdx：853
[12632] 2025/10/08 11:55:17.294 Divide StockNo {6188}
[12632] 2025/10/08 11:55:17.294 Add Basket MarketNo：1 StockIdx：861
[12632] 2025/10/08 11:55:17.294 Divide StockNo {6213}
[12632] 2025/10/08 11:55:17.294 Add Basket MarketNo：0 StockIdx：33047
[12632] 2025/10/08 11:55:17.294 Divide StockNo {6223}
[12632] 2025/10/08 11:55:17.294 Add Basket MarketNo：1 StockIdx：885
[12632] 2025/10/08 11:55:17.294 Divide StockNo {6239}
[12632] 2025/10/08 11:55:17.294 Add Basket MarketNo：0 StockIdx：33056
[12632] 2025/10/08 11:55:17.294 Divide StockNo {6245}
[12632] 2025/10/08 11:55:17.294 Add Basket MarketNo：1 StockIdx：900
[12632] 2025/10/08 11:55:17.294 Divide StockNo {6257}
[12632] 2025/10/08 11:55:17.294 Add Basket MarketNo：0 StockIdx：33058
[12632] 2025/10/08 11:55:17.294 Divide StockNo {6269}
[12632] 2025/10/08 11:55:17.294 Add Basket MarketNo：0 StockIdx：33059
[12632] 2025/10/08 11:55:17.294 Divide StockNo {6271}
[12632] 2025/10/08 11:55:17.294 Add Basket MarketNo：0 StockIdx：33060
[12632] 2025/10/08 11:55:17.294 Divide StockNo {6274}
[12632] 2025/10/08 11:55:17.294 Add Basket MarketNo：1 StockIdx：912
[12632] 2025/10/08 11:55:17.294 Divide StockNo {6278}
[12632] 2025/10/08 11:55:17.294 Add Basket MarketNo：0 StockIdx：33062
[12632] 2025/10/08 11:55:17.294 Divide StockNo {6279}
[12632] 2025/10/08 11:55:17.294 Add Basket MarketNo：1 StockIdx：916
[12632] 2025/10/08 11:55:17.294 Divide StockNo {6282}
[12632] 2025/10/08 11:55:17.294 Add Basket MarketNo：0 StockIdx：33064
[12632] 2025/10/08 11:55:17.294 Divide StockNo {6285}
[12632] 2025/10/08 11:55:17.294 Add Basket MarketNo：0 StockIdx：33066
[12632] 2025/10/08 11:55:17.294 Divide StockNo {6414}
[12632] 2025/10/08 11:55:17.294 Add Basket MarketNo：0 StockIdx：33070
[12632] 2025/10/08 11:55:17.294 Divide StockNo {6443}
[12632] 2025/10/08 11:55:17.294 Add Basket MarketNo：0 StockIdx：33078
[12632] 2025/10/08 11:55:17.294 Divide StockNo {6472}
[12632] 2025/10/08 11:55:17.294 Add Basket MarketNo：0 StockIdx：33084
[12632] 2025/10/08 11:55:17.294 Divide StockNo {6488}
[12632] 2025/10/08 11:55:17.294 Add Basket MarketNo：1 StockIdx：952
[12632] 2025/10/08 11:55:17.294 Divide StockNo {6505}
[12632] 2025/10/08 11:55:17.294 Add Basket MarketNo：0 StockIdx：33088
[12632] 2025/10/08 11:55:17.294 Divide StockNo {6510}
[12632] 2025/10/08 11:55:17.294 Add Basket MarketNo：1 StockIdx：962
[12632] 2025/10/08 11:55:17.294 Divide StockNo {6526}
[12632] 2025/10/08 11:55:17.294 Add Basket MarketNo：0 StockIdx：33091
[12632] 2025/10/08 11:55:17.294 Divide StockNo {6547}
[12632] 2025/10/08 11:55:17.294 Add Basket MarketNo：1 StockIdx：977
[12632] 2025/10/08 11:55:17.294 Divide StockNo {6669}
[12632] 2025/10/08 11:55:17.294 Add Basket MarketNo：0 StockIdx：33120
[12632] 2025/10/08 11:55:17.294 Divide StockNo {6757}
[12632] 2025/10/08 11:55:17.294 Add Basket MarketNo：0 StockIdx：33137
[12632] 2025/10/08 11:55:17.294 Divide StockNo {6770}
[12632] 2025/10/08 11:55:17.294 Add Basket MarketNo：0 StockIdx：33139
[12632] 2025/10/08 11:55:17.294 Divide StockNo {8039}
[12632] 2025/10/08 11:55:17.294 Add Basket MarketNo：0 StockIdx：33211
[12632] 2025/10/08 11:55:17.294 Divide StockNo {8044}
[12632] 2025/10/08 11:55:17.294 Add Basket MarketNo：1 StockIdx：12284
[12632] 2025/10/08 11:55:17.294 Divide StockNo {8046}
[12632] 2025/10/08 11:55:17.294 Add Basket MarketNo：0 StockIdx：33213
[12632] 2025/10/08 11:55:17.294 Divide StockNo {8069}
[12632] 2025/10/08 11:55:17.294 Add Basket MarketNo：1 StockIdx：12296
[12632] 2025/10/08 11:55:17.294 Divide StockNo {8086}
[12632] 2025/10/08 11:55:17.294 Add Basket MarketNo：1 StockIdx：12305
[12632] 2025/10/08 11:55:17.295 Divide StockNo {8112}
[12632] 2025/10/08 11:55:17.295 Add Basket MarketNo：0 StockIdx：33222
[12632] 2025/10/08 11:55:17.295 Divide StockNo {8150}
[12632] 2025/10/08 11:55:17.295 Add Basket MarketNo：0 StockIdx：33226
[12632] 2025/10/08 11:55:17.295 Divide StockNo {8163}
[12632] 2025/10/08 11:55:17.295 Add Basket MarketNo：0 StockIdx：33228
[12632] 2025/10/08 11:55:17.295 Divide StockNo {8299}
[12632] 2025/10/08 11:55:17.295 Add Basket MarketNo：1 StockIdx：12344
[12632] 2025/10/08 11:55:17.295 Divide StockNo {8358}
[12632] 2025/10/08 11:55:17.295 Add Basket MarketNo：1 StockIdx：12350
[12632] 2025/10/08 11:55:17.295 Divide StockNo {8436}
[12632] 2025/10/08 11:55:17.295 Add Basket MarketNo：1 StockIdx：12376
[12632] 2025/10/08 11:55:17.295 Divide StockNo {8454}
[12632] 2025/10/08 11:55:17.295 Add Basket MarketNo：0 StockIdx：33247
[12632] 2025/10/08 11:55:17.295 Divide StockNo {9904}
[12632] 2025/10/08 11:55:17.295 Add Basket MarketNo：0 StockIdx：33276
[12632] 2025/10/08 11:55:17.295 Divide StockNo {9914}
[12632] 2025/10/08 11:55:17.295 Add Basket MarketNo：0 StockIdx：33284
[12632] 2025/10/08 11:55:17.295 Divide StockNo {9938}
[12632] 2025/10/08 11:55:17.295 Add Basket MarketNo：0 StockIdx：33301
[12632] 2025/10/08 11:55:17.295 Divide StockNo {9939}
[12632] 2025/10/08 11:55:17.295 Add Basket MarketNo：0 StockIdx：33302
[12632] 2025/10/08 11:55:17.295 Divide StockNo {9945}
[12632] 2025/10/08 11:55:17.295 Add Basket MarketNo：0 StockIdx：33309
[12632] 2025/10/08 11:55:17.295 Divide StockNo {9958}
[12632] 2025/10/08 11:55:17.295 Add Basket MarketNo：0 StockIdx：33312
[12632] 2025/10/08 11:55:17.295 Divide StockNo {TSE}
[12632] 2025/10/08 11:55:17.295 Stock Is Not Exist 
[12632] 2025/10/08 11:55:17.295 Divide StockNo {TSE23}
[12632] 2025/10/08 11:55:17.295 Add Basket MarketNo：0 StockIdx：33629
[12632] 2025/10/08 11:55:17.295 Divide StockNo {TSE28}
[12632] 2025/10/08 11:55:17.295 Add Basket MarketNo：0 StockIdx：33634
[12632] 2025/10/08 11:55:17.295 Divide StockNo {TWMC}
[12632] 2025/10/08 11:55:17.295 Stock Is Not Exist 
[12632] 2025/10/08 11:55:17.295 Return PageNo： 1 
