-----------------------------------------------------------------
[27344] 2025/11/20 09:35:26.865 Precheck/DistributedServer Query result is 000,分配成功
[27344] 2025/11/20 09:35:26.865 >> Host srvsolace-tp2.capital.com.tw
[27344] 2025/11/20 09:35:26.888 SKQuoteLib_EnterMonitor IP：srvsolace-tp2.capital.com.tw
[27344] 2025/11/20 09:35:27.177 OnSessionConnect，Code: 3001, Error Code:0.
[27344] 2025/11/20 09:35:27.278 SKQuoteLib_EnterMonitorLONG starting
[27344] 2025/11/20 09:35:27.279 OnConnection ( 3001 , 0 ) 
[27344] 2025/11/20 09:35:28.028 Market Info is OK!
[27344] 2025/11/20 09:35:28.129 Catalog info is OK!
[27344] 2025/11/20 09:35:31.710 Solace RequestInitializeData (TO_S_19,S_1F)
[27344] 2025/11/20 09:35:31.710 Solace RequestInitializeData (TO_S_19,S_1F)
[27344] 2025/11/20 09:35:31.718 OnConnection ( 3003 , 0 ) 
[27344] 2025/11/20 09:35:33.888 SKQuoteLib_RequestStocks (1 , CAF00, CBF00, CCF00, CDF00, CEF00, CFF00, CGF00, CHF00, CJF00, CKF00, CLF00, CMF00, CNF00, CQF00, CRF00, CSF00, CUF00, CWF00, CXF00, CYF00, CZF00, DAF00, DBF00, DCF00, DEF00, DFF00, DGF00, DHF00, DIF00, DJF00, DKF00, DLF00, DNF00, DOF00, DPF00, DQF00, DSF00, DVF00, DWF00, DXF00, DYF00, DZF00, EEF00, EGF00, EHF00, EKF00, EMF00, EPF00, EYF00, EZF00, FBF00, FCF00, FEF00, FFF00, FGF00, FKF00, FNF00, FQF00, FRF00, FSF00, FTF00, FVF00, FWF00, FYF00, FZF00, GAF00, GCF00, GHF00, GIF00, GJF00, GKF00, GLF00, GMF00, GNF00, GOF00, GRF00, GUF00, GVF00, GWF00, GXF00, GYF00, GZF00, HAF00, HBF00, HCF00, HHF00, HIF00, HLF00, HOF00, HQF00, HSF00, IAF00, IHF00, IIF00, IJF00, IMF00, IOF00, IPF00, IQF00, IRF00, ITF00, IXF00, IYF00, IZF00, JBF00, JFF00, JMF00, JNF00, JPF00, JSF00, JWF00, JXF00, JZF00, KAF00, KBF00, KCF00, KDF00, KEF00, KFF00, KGF00, KIF00, KKF00, KLF00, KOF00, KPF00, KSF00, KUF00, KWF00, LBF00, LCF00, LEF00, LIF00, LMF00, LOF00, LQF00, LRF00, LTF00, LUF00, LVF00, LWF00, LXF00, LYF00, MAF00, MBF00, MJF00, MKF00, MQF00, MVF00, MYF00, NAF00, NBF00, NDF00, NEF00, NGF00, NIF00, NJF00, NLF00, NMF00, NOF00, NQF00, NSF00, NUF00, NVF00, NWF00, NYF00, OAF00, OBF00, ODF00, OEF00, OHF00, OJF00, OKF00, OLF00, OMF00, OOF00, OPF00, OQF00, ORF00, OSF00, OTF00, OUF00, OVF00, OWF00, OXF00, OYF00, OZF00, PAF00, PBF00, PCF00, PDF00, PEF00, PFF00, PGF00, PHF00, PIF00, PJF00, PKF00, PLF00, PMF00, PNF00, PPF00, PQF00, PRF00, PSF00, PTF00, PUF00, PVF00, PWF00, PXF00, PYF00, PZF00, QAF00, QBF00, QCF00, QDF00, QEF00, QFF00, QGF00, QHF00, QIF00, QJF00, QKF00, QLF00, QMF00, QNF00, QOF00, QPF00, QQF00, QRF00, QSF00, QTF00, QUF00, QVF00, QWF00, QXF00, QYF00, QZF00, RAF00, RBF00, RCF00, RDF00, REF00, RFF00, RGF00, RIF00, RJF00, RKF00, RLF00, RMF00, RNF00, ROF00, RPF00, RQF00, RRF00, RSF00, RUF00, RVF00, RWF00, RXF00, RYF00, RZF00, SAF00, SBF00, SCF00, SDF00, SEF00, SFF00, SGF00, SIF00, SJF00, SKF00, SLF00, SMF00, SNF00, SQF00, SRF00, SSF00, SUF00, SVF00, SWF00, SYF00, SZF00, UAF00, UBF00, UCF00, UEF00, UFF00, UGF00, UHF00, UIF00, UJF00, UKF00, ULF00, UMF00, UOF00, UPF00, UQF00, URF00, USF00, UTF00, UUF00, UVF00, UWF00, 0050, 0056, 006205, 006206, 00636, 00639, 00643, 00679B, 00687B, 00719B, 00757, 00772B, 00878, 00885, 00893, 00919, 00923, 00929, 00937B, 00940, 1101, 1102, 1210, 1216, 1301, 1303, 1312, 1314, 1319, 1326, 1402, 1440, 1476, 1477, 1503, 1504, 1513, 1536, 1565, 1590, 1605, 1609, 1707, 1717, 1718, 1722, 1795, 1802, 1904, 1905, 1907, 1909, 2002, 2006, 2014, 2027, 2049, 2059, 2105, 2201, 2231, 2301, 2303, 2308, 2312, 2313, 2317, 2323, 2324, 2327, 2328, 2330, 2331, 2332, 2337, 2338, 2340, 2344, 2345, 2347, 2352, 2353, 2354, 2355, 2356, 2357, 2360, 2368, 2371, 2376, 2377, 2379, 2382, 2383, 2385, 2388, 2392, 2393, 2401, 2404, 2408, 2409, 2412, 2439, 2441, 2449, 2454, 2455, 2457, 2458, 2474, 2481, 2485, 2486, 2489, 2492, 2498, 2515, 2520, 2542, 2548, 2603, 2605, 2606, 2609, 2610, 2615, 2618, 2633, 2634, 2801, 2834, 2880, 2881, 2882, 2883, 2884, 2885, 2886, 2887, 2888, 2890, 2891, 2892, 2913, 2915, 3005, 3006, 3008, 3017, 3019, 3034, 3035, 3036, 3037, 3042, 3044, 3045, 3078, 3081, 3105, 3152, 3189, 3227, 3231, 3260, 3264, 3293, 3324, 3374, 3376, 3380, 3406, 3443, 3481, 3529, 3532, 3533, 3552, 3653, 3661, 3673, 3680, 3691, 3702, 3706, 3711, 3714, 4123, 4128, 4162, 4736, 4743, 4904, 4919, 4938, 4958, 5009, 5269, 5274, 5347, 5371, 5388, 5425, 5457, 5483, 5534, 5871, 5876, 5880, 5904, 6005, 6116, 6121, 6139, 6147, 6153, 6173, 6176, 6182, 6188, 6213, 6223, 6239, 6245, 6257, 6269, 6271, 6274, 6278, 6279, 6282, 6285, 6414, 6443, 6472, 6488, 6505, 6510, 6526, 6547, 6669, 6757, 6770, 8039, 8044, 8046, 8069, 8086, 8112, 8150, 8163, 8299, 8358, 8436, 8454, 9904, 9914, 9938, 9939, 9945, 9958, TSE, TSE23, TSE28, TWMC)
[27344] 2025/11/20 09:35:33.891 Divide StockNo {CAF00}
[27344] 2025/11/20 09:35:33.891 Add Basket MarketNo：2 StockIdx：162
[27344] 2025/11/20 09:35:33.891 Divide StockNo {CBF00}
[27344] 2025/11/20 09:35:33.891 Add Basket MarketNo：2 StockIdx：168
[27344] 2025/11/20 09:35:33.891 Divide StockNo {CCF00}
[27344] 2025/11/20 09:35:33.891 Add Basket MarketNo：2 StockIdx：5660
[27344] 2025/11/20 09:35:33.891 Divide StockNo {CDF00}
[27344] 2025/11/20 09:35:33.891 Add Basket MarketNo：2 StockIdx：5666
[27344] 2025/11/20 09:35:33.891 Divide StockNo {CEF00}
[27344] 2025/11/20 09:35:33.891 Add Basket MarketNo：2 StockIdx：186
[27344] 2025/11/20 09:35:33.891 Divide StockNo {CFF00}
[27344] 2025/11/20 09:35:33.891 Add Basket MarketNo：2 StockIdx：194
[27344] 2025/11/20 09:35:33.891 Divide StockNo {CGF00}
[27344] 2025/11/20 09:35:33.891 Add Basket MarketNo：2 StockIdx：200
[27344] 2025/11/20 09:35:33.891 Divide StockNo {CHF00}
[27344] 2025/11/20 09:35:33.891 Add Basket MarketNo：2 StockIdx：206
[27344] 2025/11/20 09:35:33.891 Divide StockNo {CJF00}
[27344] 2025/11/20 09:35:33.891 Add Basket MarketNo：2 StockIdx：212
[27344] 2025/11/20 09:35:33.891 Divide StockNo {CKF00}
[27344] 2025/11/20 09:35:33.891 Add Basket MarketNo：2 StockIdx：218
[27344] 2025/11/20 09:35:33.891 Divide StockNo {CLF00}
[27344] 2025/11/20 09:35:33.891 Add Basket MarketNo：2 StockIdx：224
[27344] 2025/11/20 09:35:33.891 Divide StockNo {CMF00}
[27344] 2025/11/20 09:35:33.891 Add Basket MarketNo：2 StockIdx：230
[27344] 2025/11/20 09:35:33.891 Divide StockNo {CNF00}
[27344] 2025/11/20 09:35:33.891 Add Basket MarketNo：2 StockIdx：236
[27344] 2025/11/20 09:35:33.891 Divide StockNo {CQF00}
[27344] 2025/11/20 09:35:33.891 Add Basket MarketNo：2 StockIdx：242
[27344] 2025/11/20 09:35:33.891 Divide StockNo {CRF00}
[27344] 2025/11/20 09:35:33.891 Add Basket MarketNo：2 StockIdx：248
[27344] 2025/11/20 09:35:33.891 Divide StockNo {CSF00}
[27344] 2025/11/20 09:35:33.891 Add Basket MarketNo：2 StockIdx：254
[27344] 2025/11/20 09:35:33.891 Divide StockNo {CUF00}
[27344] 2025/11/20 09:35:33.892 Add Basket MarketNo：2 StockIdx：260
[27344] 2025/11/20 09:35:33.892 Divide StockNo {CWF00}
[27344] 2025/11/20 09:35:33.892 Add Basket MarketNo：2 StockIdx：266
[27344] 2025/11/20 09:35:33.892 Divide StockNo {CXF00}
[27344] 2025/11/20 09:35:33.892 Add Basket MarketNo：2 StockIdx：274
[27344] 2025/11/20 09:35:33.892 Divide StockNo {CYF00}
[27344] 2025/11/20 09:35:33.892 Add Basket MarketNo：2 StockIdx：280
[27344] 2025/11/20 09:35:33.892 Divide StockNo {CZF00}
[27344] 2025/11/20 09:35:33.892 Add Basket MarketNo：2 StockIdx：286
[27344] 2025/11/20 09:35:33.892 Divide StockNo {DAF00}
[27344] 2025/11/20 09:35:33.892 Add Basket MarketNo：2 StockIdx：292
[27344] 2025/11/20 09:35:33.892 Divide StockNo {DBF00}
[27344] 2025/11/20 09:35:33.892 Add Basket MarketNo：2 StockIdx：298
[27344] 2025/11/20 09:35:33.892 Divide StockNo {DCF00}
[27344] 2025/11/20 09:35:33.892 Add Basket MarketNo：2 StockIdx：304
[27344] 2025/11/20 09:35:33.892 Divide StockNo {DEF00}
[27344] 2025/11/20 09:35:33.892 Add Basket MarketNo：2 StockIdx：312
[27344] 2025/11/20 09:35:33.892 Divide StockNo {DFF00}
[27344] 2025/11/20 09:35:33.892 Add Basket MarketNo：2 StockIdx：321
[27344] 2025/11/20 09:35:33.892 Divide StockNo {DGF00}
[27344] 2025/11/20 09:35:33.892 Add Basket MarketNo：2 StockIdx：327
[27344] 2025/11/20 09:35:33.892 Divide StockNo {DHF00}
[27344] 2025/11/20 09:35:33.892 Add Basket MarketNo：2 StockIdx：333
[27344] 2025/11/20 09:35:33.892 Divide StockNo {DIF00}
[27344] 2025/11/20 09:35:33.892 Add Basket MarketNo：2 StockIdx：339
[27344] 2025/11/20 09:35:33.892 Divide StockNo {DJF00}
[27344] 2025/11/20 09:35:33.892 Add Basket MarketNo：2 StockIdx：345
[27344] 2025/11/20 09:35:33.892 Divide StockNo {DKF00}
[27344] 2025/11/20 09:35:33.892 Add Basket MarketNo：2 StockIdx：351
[27344] 2025/11/20 09:35:33.892 Divide StockNo {DLF00}
[27344] 2025/11/20 09:35:33.892 Add Basket MarketNo：2 StockIdx：357
[27344] 2025/11/20 09:35:33.892 Divide StockNo {DNF00}
[27344] 2025/11/20 09:35:33.892 Add Basket MarketNo：2 StockIdx：363
[27344] 2025/11/20 09:35:33.892 Divide StockNo {DOF00}
[27344] 2025/11/20 09:35:33.892 Add Basket MarketNo：2 StockIdx：371
[27344] 2025/11/20 09:35:33.892 Divide StockNo {DPF00}
[27344] 2025/11/20 09:35:33.892 Add Basket MarketNo：2 StockIdx：377
[27344] 2025/11/20 09:35:33.892 Divide StockNo {DQF00}
[27344] 2025/11/20 09:35:33.892 Add Basket MarketNo：2 StockIdx：383
[27344] 2025/11/20 09:35:33.892 Divide StockNo {DSF00}
[27344] 2025/11/20 09:35:33.892 Add Basket MarketNo：2 StockIdx：389
[27344] 2025/11/20 09:35:33.892 Divide StockNo {DVF00}
[27344] 2025/11/20 09:35:33.892 Add Basket MarketNo：2 StockIdx：395
[27344] 2025/11/20 09:35:33.892 Divide StockNo {DWF00}
[27344] 2025/11/20 09:35:33.892 Add Basket MarketNo：2 StockIdx：401
[27344] 2025/11/20 09:35:33.892 Divide StockNo {DXF00}
[27344] 2025/11/20 09:35:33.892 Add Basket MarketNo：2 StockIdx：407
[27344] 2025/11/20 09:35:33.892 Divide StockNo {DYF00}
[27344] 2025/11/20 09:35:33.892 Add Basket MarketNo：2 StockIdx：413
[27344] 2025/11/20 09:35:33.892 Divide StockNo {DZF00}
[27344] 2025/11/20 09:35:33.892 Add Basket MarketNo：2 StockIdx：419
[27344] 2025/11/20 09:35:33.892 Divide StockNo {EEF00}
[27344] 2025/11/20 09:35:33.892 Add Basket MarketNo：2 StockIdx：425
[27344] 2025/11/20 09:35:33.892 Divide StockNo {EGF00}
[27344] 2025/11/20 09:35:33.892 Add Basket MarketNo：2 StockIdx：431
[27344] 2025/11/20 09:35:33.892 Divide StockNo {EHF00}
[27344] 2025/11/20 09:35:33.892 Add Basket MarketNo：2 StockIdx：437
[27344] 2025/11/20 09:35:33.892 Divide StockNo {EKF00}
[27344] 2025/11/20 09:35:33.892 Add Basket MarketNo：2 StockIdx：443
[27344] 2025/11/20 09:35:33.892 Divide StockNo {EMF00}
[27344] 2025/11/20 09:35:33.893 Add Basket MarketNo：2 StockIdx：449
[27344] 2025/11/20 09:35:33.893 Divide StockNo {EPF00}
[27344] 2025/11/20 09:35:33.893 Add Basket MarketNo：2 StockIdx：455
[27344] 2025/11/20 09:35:33.893 Divide StockNo {EYF00}
[27344] 2025/11/20 09:35:33.893 Add Basket MarketNo：2 StockIdx：461
[27344] 2025/11/20 09:35:33.893 Divide StockNo {EZF00}
[27344] 2025/11/20 09:35:33.893 Add Basket MarketNo：2 StockIdx：467
[27344] 2025/11/20 09:35:33.893 Divide StockNo {FBF00}
[27344] 2025/11/20 09:35:33.893 Add Basket MarketNo：2 StockIdx：473
[27344] 2025/11/20 09:35:33.893 Divide StockNo {FCF00}
[27344] 2025/11/20 09:35:33.893 Add Basket MarketNo：2 StockIdx：479
[27344] 2025/11/20 09:35:33.893 Divide StockNo {FEF00}
[27344] 2025/11/20 09:35:33.893 Add Basket MarketNo：2 StockIdx：483
[27344] 2025/11/20 09:35:33.893 Divide StockNo {FFF00}
[27344] 2025/11/20 09:35:33.893 Add Basket MarketNo：2 StockIdx：491
[27344] 2025/11/20 09:35:33.893 Divide StockNo {FGF00}
[27344] 2025/11/20 09:35:33.893 Add Basket MarketNo：2 StockIdx：497
[27344] 2025/11/20 09:35:33.893 Divide StockNo {FKF00}
[27344] 2025/11/20 09:35:33.893 Add Basket MarketNo：2 StockIdx：503
[27344] 2025/11/20 09:35:33.893 Divide StockNo {FNF00}
[27344] 2025/11/20 09:35:33.893 Add Basket MarketNo：2 StockIdx：509
[27344] 2025/11/20 09:35:33.893 Divide StockNo {FQF00}
[27344] 2025/11/20 09:35:33.893 Add Basket MarketNo：2 StockIdx：515
[27344] 2025/11/20 09:35:33.893 Divide StockNo {FRF00}
[27344] 2025/11/20 09:35:33.893 Add Basket MarketNo：2 StockIdx：521
[27344] 2025/11/20 09:35:33.893 Divide StockNo {FSF00}
[27344] 2025/11/20 09:35:33.893 Add Basket MarketNo：2 StockIdx：527
[27344] 2025/11/20 09:35:33.893 Divide StockNo {FTF00}
[27344] 2025/11/20 09:35:33.893 Add Basket MarketNo：2 StockIdx：533
[27344] 2025/11/20 09:35:33.893 Divide StockNo {FVF00}
[27344] 2025/11/20 09:35:33.893 Add Basket MarketNo：2 StockIdx：539
[27344] 2025/11/20 09:35:33.893 Divide StockNo {FWF00}
[27344] 2025/11/20 09:35:33.893 Add Basket MarketNo：2 StockIdx：545
[27344] 2025/11/20 09:35:33.893 Divide StockNo {FYF00}
[27344] 2025/11/20 09:35:33.893 Add Basket MarketNo：2 StockIdx：551
[27344] 2025/11/20 09:35:33.893 Divide StockNo {FZF00}
[27344] 2025/11/20 09:35:33.893 Add Basket MarketNo：2 StockIdx：557
[27344] 2025/11/20 09:35:33.893 Divide StockNo {GAF00}
[27344] 2025/11/20 09:35:33.893 Add Basket MarketNo：2 StockIdx：563
[27344] 2025/11/20 09:35:33.893 Divide StockNo {GCF00}
[27344] 2025/11/20 09:35:33.893 Add Basket MarketNo：2 StockIdx：569
[27344] 2025/11/20 09:35:33.893 Divide StockNo {GHF00}
[27344] 2025/11/20 09:35:33.893 Add Basket MarketNo：2 StockIdx：575
[27344] 2025/11/20 09:35:33.893 Divide StockNo {GIF00}
[27344] 2025/11/20 09:35:33.893 Add Basket MarketNo：2 StockIdx：581
[27344] 2025/11/20 09:35:33.893 Divide StockNo {GJF00}
[27344] 2025/11/20 09:35:33.893 Add Basket MarketNo：2 StockIdx：587
[27344] 2025/11/20 09:35:33.893 Divide StockNo {GKF00}
[27344] 2025/11/20 09:35:33.893 Add Basket MarketNo：2 StockIdx：593
[27344] 2025/11/20 09:35:33.893 Divide StockNo {GLF00}
[27344] 2025/11/20 09:35:33.893 Add Basket MarketNo：2 StockIdx：599
[27344] 2025/11/20 09:35:33.893 Divide StockNo {GMF00}
[27344] 2025/11/20 09:35:33.893 Add Basket MarketNo：2 StockIdx：605
[27344] 2025/11/20 09:35:33.893 Divide StockNo {GNF00}
[27344] 2025/11/20 09:35:33.893 Add Basket MarketNo：2 StockIdx：611
[27344] 2025/11/20 09:35:33.893 Divide StockNo {GOF00}
[27344] 2025/11/20 09:35:33.893 Add Basket MarketNo：2 StockIdx：617
[27344] 2025/11/20 09:35:33.893 Divide StockNo {GRF00}
[27344] 2025/11/20 09:35:33.893 Add Basket MarketNo：2 StockIdx：623
[27344] 2025/11/20 09:35:33.893 Divide StockNo {GUF00}
[27344] 2025/11/20 09:35:33.893 Add Basket MarketNo：2 StockIdx：629
[27344] 2025/11/20 09:35:33.893 Divide StockNo {GVF00}
[27344] 2025/11/20 09:35:33.893 Add Basket MarketNo：2 StockIdx：635
[27344] 2025/11/20 09:35:33.893 Divide StockNo {GWF00}
[27344] 2025/11/20 09:35:33.893 Add Basket MarketNo：2 StockIdx：641
[27344] 2025/11/20 09:35:33.893 Divide StockNo {GXF00}
[27344] 2025/11/20 09:35:33.893 Add Basket MarketNo：2 StockIdx：647
[27344] 2025/11/20 09:35:33.894 Divide StockNo {GYF00}
[27344] 2025/11/20 09:35:33.894 Add Basket MarketNo：2 StockIdx：653
[27344] 2025/11/20 09:35:33.894 Divide StockNo {GZF00}
[27344] 2025/11/20 09:35:33.894 Add Basket MarketNo：2 StockIdx：659
[27344] 2025/11/20 09:35:33.894 Divide StockNo {HAF00}
[27344] 2025/11/20 09:35:33.894 Add Basket MarketNo：2 StockIdx：665
[27344] 2025/11/20 09:35:33.894 Divide StockNo {HBF00}
[27344] 2025/11/20 09:35:33.894 Add Basket MarketNo：2 StockIdx：675
[27344] 2025/11/20 09:35:33.894 Divide StockNo {HCF00}
[27344] 2025/11/20 09:35:33.894 Add Basket MarketNo：2 StockIdx：681
[27344] 2025/11/20 09:35:33.894 Divide StockNo {HHF00}
[27344] 2025/11/20 09:35:33.894 Add Basket MarketNo：2 StockIdx：687
[27344] 2025/11/20 09:35:33.894 Divide StockNo {HIF00}
[27344] 2025/11/20 09:35:33.894 Add Basket MarketNo：2 StockIdx：697
[27344] 2025/11/20 09:35:33.894 Divide StockNo {HLF00}
[27344] 2025/11/20 09:35:33.894 Add Basket MarketNo：2 StockIdx：703
[27344] 2025/11/20 09:35:33.894 Divide StockNo {HOF00}
[27344] 2025/11/20 09:35:33.894 Add Basket MarketNo：2 StockIdx：713
[27344] 2025/11/20 09:35:33.894 Divide StockNo {HQF00}
[27344] 2025/11/20 09:35:33.894 Add Basket MarketNo：2 StockIdx：719
[27344] 2025/11/20 09:35:33.894 Divide StockNo {HSF00}
[27344] 2025/11/20 09:35:33.894 Add Basket MarketNo：2 StockIdx：725
[27344] 2025/11/20 09:35:33.894 Divide StockNo {IAF00}
[27344] 2025/11/20 09:35:33.894 Add Basket MarketNo：2 StockIdx：731
[27344] 2025/11/20 09:35:33.894 Divide StockNo {IHF00}
[27344] 2025/11/20 09:35:33.894 Add Basket MarketNo：2 StockIdx：740
[27344] 2025/11/20 09:35:33.894 Divide StockNo {IIF00}
[27344] 2025/11/20 09:35:33.894 Add Basket MarketNo：2 StockIdx：746
[27344] 2025/11/20 09:35:33.894 Divide StockNo {IJF00}
[27344] 2025/11/20 09:35:33.894 Add Basket MarketNo：2 StockIdx：752
[27344] 2025/11/20 09:35:33.894 Divide StockNo {IMF00}
[27344] 2025/11/20 09:35:33.894 Add Basket MarketNo：2 StockIdx：758
[27344] 2025/11/20 09:35:33.894 Divide StockNo {IOF00}
[27344] 2025/11/20 09:35:33.894 Add Basket MarketNo：2 StockIdx：764
[27344] 2025/11/20 09:35:33.894 Divide StockNo {IPF00}
[27344] 2025/11/20 09:35:33.894 Add Basket MarketNo：2 StockIdx：770
[27344] 2025/11/20 09:35:33.894 Divide StockNo {IQF00}
[27344] 2025/11/20 09:35:33.894 Add Basket MarketNo：2 StockIdx：776
[27344] 2025/11/20 09:35:33.894 Divide StockNo {IRF00}
[27344] 2025/11/20 09:35:33.894 Add Basket MarketNo：2 StockIdx：782
[27344] 2025/11/20 09:35:33.894 Divide StockNo {ITF00}
[27344] 2025/11/20 09:35:33.894 Add Basket MarketNo：2 StockIdx：792
[27344] 2025/11/20 09:35:33.894 Divide StockNo {IXF00}
[27344] 2025/11/20 09:35:33.894 Add Basket MarketNo：2 StockIdx：798
[27344] 2025/11/20 09:35:33.894 Divide StockNo {IYF00}
[27344] 2025/11/20 09:35:33.894 Add Basket MarketNo：2 StockIdx：804
[27344] 2025/11/20 09:35:33.894 Divide StockNo {IZF00}
[27344] 2025/11/20 09:35:33.894 Add Basket MarketNo：2 StockIdx：810
[27344] 2025/11/20 09:35:33.894 Divide StockNo {JBF00}
[27344] 2025/11/20 09:35:33.894 Add Basket MarketNo：2 StockIdx：816
[27344] 2025/11/20 09:35:33.894 Divide StockNo {JFF00}
[27344] 2025/11/20 09:35:33.894 Add Basket MarketNo：2 StockIdx：822
[27344] 2025/11/20 09:35:33.894 Divide StockNo {JMF00}
[27344] 2025/11/20 09:35:33.894 Add Basket MarketNo：2 StockIdx：828
[27344] 2025/11/20 09:35:33.894 Divide StockNo {JNF00}
[27344] 2025/11/20 09:35:33.894 Add Basket MarketNo：2 StockIdx：834
[27344] 2025/11/20 09:35:33.894 Divide StockNo {JPF00}
[27344] 2025/11/20 09:35:33.894 Add Basket MarketNo：2 StockIdx：840
[27344] 2025/11/20 09:35:33.894 Divide StockNo {JSF00}
[27344] 2025/11/20 09:35:33.894 Add Basket MarketNo：2 StockIdx：846
[27344] 2025/11/20 09:35:33.894 Divide StockNo {JWF00}
[27344] 2025/11/20 09:35:33.894 Add Basket MarketNo：2 StockIdx：852
[27344] 2025/11/20 09:35:33.894 Divide StockNo {JXF00}
[27344] 2025/11/20 09:35:33.895 Add Basket MarketNo：2 StockIdx：858
[27344] 2025/11/20 09:35:33.895 Divide StockNo {JZF00}
[27344] 2025/11/20 09:35:33.895 Add Basket MarketNo：2 StockIdx：864
[27344] 2025/11/20 09:35:33.895 Divide StockNo {KAF00}
[27344] 2025/11/20 09:35:33.895 Add Basket MarketNo：2 StockIdx：870
[27344] 2025/11/20 09:35:33.895 Divide StockNo {KBF00}
[27344] 2025/11/20 09:35:33.895 Add Basket MarketNo：2 StockIdx：876
[27344] 2025/11/20 09:35:33.895 Divide StockNo {KCF00}
[27344] 2025/11/20 09:35:33.895 Add Basket MarketNo：2 StockIdx：882
[27344] 2025/11/20 09:35:33.895 Divide StockNo {KDF00}
[27344] 2025/11/20 09:35:33.895 Add Basket MarketNo：2 StockIdx：888
[27344] 2025/11/20 09:35:33.895 Divide StockNo {KEF00}
[27344] 2025/11/20 09:35:33.895 Add Basket MarketNo：2 StockIdx：894
[27344] 2025/11/20 09:35:33.895 Divide StockNo {KFF00}
[27344] 2025/11/20 09:35:33.895 Add Basket MarketNo：2 StockIdx：900
[27344] 2025/11/20 09:35:33.895 Divide StockNo {KGF00}
[27344] 2025/11/20 09:35:33.895 Add Basket MarketNo：2 StockIdx：906
[27344] 2025/11/20 09:35:33.895 Divide StockNo {KIF00}
[27344] 2025/11/20 09:35:33.895 Add Basket MarketNo：2 StockIdx：912
[27344] 2025/11/20 09:35:33.895 Divide StockNo {KKF00}
[27344] 2025/11/20 09:35:33.895 Add Basket MarketNo：2 StockIdx：918
[27344] 2025/11/20 09:35:33.895 Divide StockNo {KLF00}
[27344] 2025/11/20 09:35:33.895 Add Basket MarketNo：2 StockIdx：924
[27344] 2025/11/20 09:35:33.895 Divide StockNo {KOF00}
[27344] 2025/11/20 09:35:33.895 Add Basket MarketNo：2 StockIdx：930
[27344] 2025/11/20 09:35:33.895 Divide StockNo {KPF00}
[27344] 2025/11/20 09:35:33.895 Add Basket MarketNo：2 StockIdx：936
[27344] 2025/11/20 09:35:33.895 Divide StockNo {KSF00}
[27344] 2025/11/20 09:35:33.895 Add Basket MarketNo：2 StockIdx：942
[27344] 2025/11/20 09:35:33.895 Divide StockNo {KUF00}
[27344] 2025/11/20 09:35:33.895 Add Basket MarketNo：2 StockIdx：948
[27344] 2025/11/20 09:35:33.895 Divide StockNo {KWF00}
[27344] 2025/11/20 09:35:33.895 Add Basket MarketNo：2 StockIdx：954
[27344] 2025/11/20 09:35:33.895 Divide StockNo {LBF00}
[27344] 2025/11/20 09:35:33.895 Add Basket MarketNo：2 StockIdx：960
[27344] 2025/11/20 09:35:33.895 Divide StockNo {LCF00}
[27344] 2025/11/20 09:35:33.895 Add Basket MarketNo：2 StockIdx：966
[27344] 2025/11/20 09:35:33.895 Divide StockNo {LEF00}
[27344] 2025/11/20 09:35:33.895 Add Basket MarketNo：2 StockIdx：972
[27344] 2025/11/20 09:35:33.895 Divide StockNo {LIF00}
[27344] 2025/11/20 09:35:33.895 Add Basket MarketNo：2 StockIdx：978
[27344] 2025/11/20 09:35:33.895 Divide StockNo {LMF00}
[27344] 2025/11/20 09:35:33.895 Add Basket MarketNo：2 StockIdx：984
[27344] 2025/11/20 09:35:33.895 Divide StockNo {LOF00}
[27344] 2025/11/20 09:35:33.895 Add Basket MarketNo：2 StockIdx：990
[27344] 2025/11/20 09:35:33.895 Divide StockNo {LQF00}
[27344] 2025/11/20 09:35:33.895 Add Basket MarketNo：2 StockIdx：996
[27344] 2025/11/20 09:35:33.895 Divide StockNo {LRF00}
[27344] 2025/11/20 09:35:33.895 Add Basket MarketNo：2 StockIdx：1002
[27344] 2025/11/20 09:35:33.895 Divide StockNo {LTF00}
[27344] 2025/11/20 09:35:33.895 Add Basket MarketNo：2 StockIdx：1011
[27344] 2025/11/20 09:35:33.895 Divide StockNo {LUF00}
[27344] 2025/11/20 09:35:33.895 Add Basket MarketNo：2 StockIdx：1017
[27344] 2025/11/20 09:35:33.895 Divide StockNo {LVF00}
[27344] 2025/11/20 09:35:33.895 Add Basket MarketNo：2 StockIdx：1023
[27344] 2025/11/20 09:35:33.895 Divide StockNo {LWF00}
[27344] 2025/11/20 09:35:33.895 Add Basket MarketNo：2 StockIdx：1032
[27344] 2025/11/20 09:35:33.895 Divide StockNo {LXF00}
[27344] 2025/11/20 09:35:33.895 Add Basket MarketNo：2 StockIdx：1038
[27344] 2025/11/20 09:35:33.895 Divide StockNo {LYF00}
[27344] 2025/11/20 09:35:33.895 Add Basket MarketNo：2 StockIdx：1045
[27344] 2025/11/20 09:35:33.895 Divide StockNo {MAF00}
[27344] 2025/11/20 09:35:33.895 Add Basket MarketNo：2 StockIdx：1051
[27344] 2025/11/20 09:35:33.895 Divide StockNo {MBF00}
[27344] 2025/11/20 09:35:33.895 Add Basket MarketNo：2 StockIdx：1054
[27344] 2025/11/20 09:35:33.895 Divide StockNo {MJF00}
[27344] 2025/11/20 09:35:33.895 Add Basket MarketNo：2 StockIdx：1060
[27344] 2025/11/20 09:35:33.895 Divide StockNo {MKF00}
[27344] 2025/11/20 09:35:33.896 Add Basket MarketNo：2 StockIdx：1066
[27344] 2025/11/20 09:35:33.896 Divide StockNo {MQF00}
[27344] 2025/11/20 09:35:33.896 Add Basket MarketNo：2 StockIdx：1072
[27344] 2025/11/20 09:35:33.896 Divide StockNo {MVF00}
[27344] 2025/11/20 09:35:33.896 Add Basket MarketNo：2 StockIdx：1078
[27344] 2025/11/20 09:35:33.896 Divide StockNo {MYF00}
[27344] 2025/11/20 09:35:33.896 Add Basket MarketNo：2 StockIdx：1084
[27344] 2025/11/20 09:35:33.896 Divide StockNo {NAF00}
[27344] 2025/11/20 09:35:33.896 Add Basket MarketNo：2 StockIdx：1090
[27344] 2025/11/20 09:35:33.896 Divide StockNo {NBF00}
[27344] 2025/11/20 09:35:33.896 Add Basket MarketNo：2 StockIdx：1096
[27344] 2025/11/20 09:35:33.896 Divide StockNo {NDF00}
[27344] 2025/11/20 09:35:33.896 Add Basket MarketNo：2 StockIdx：1102
[27344] 2025/11/20 09:35:33.896 Divide StockNo {NEF00}
[27344] 2025/11/20 09:35:33.896 Add Basket MarketNo：2 StockIdx：1108
[27344] 2025/11/20 09:35:33.896 Divide StockNo {NGF00}
[27344] 2025/11/20 09:35:33.896 Add Basket MarketNo：2 StockIdx：1114
[27344] 2025/11/20 09:35:33.896 Divide StockNo {NIF00}
[27344] 2025/11/20 09:35:33.896 Add Basket MarketNo：2 StockIdx：1120
[27344] 2025/11/20 09:35:33.896 Divide StockNo {NJF00}
[27344] 2025/11/20 09:35:33.896 Add Basket MarketNo：2 StockIdx：1126
[27344] 2025/11/20 09:35:33.896 Divide StockNo {NLF00}
[27344] 2025/11/20 09:35:33.896 Add Basket MarketNo：2 StockIdx：1132
[27344] 2025/11/20 09:35:33.896 Divide StockNo {NMF00}
[27344] 2025/11/20 09:35:33.896 Add Basket MarketNo：2 StockIdx：1138
[27344] 2025/11/20 09:35:33.896 Divide StockNo {NOF00}
[27344] 2025/11/20 09:35:33.896 Add Basket MarketNo：2 StockIdx：1144
[27344] 2025/11/20 09:35:33.896 Divide StockNo {NQF00}
[27344] 2025/11/20 09:35:33.896 Add Basket MarketNo：2 StockIdx：1150
[27344] 2025/11/20 09:35:33.896 Divide StockNo {NSF00}
[27344] 2025/11/20 09:35:33.896 Add Basket MarketNo：2 StockIdx：1156
[27344] 2025/11/20 09:35:33.896 Divide StockNo {NUF00}
[27344] 2025/11/20 09:35:33.896 Add Basket MarketNo：2 StockIdx：1162
[27344] 2025/11/20 09:35:33.896 Divide StockNo {NVF00}
[27344] 2025/11/20 09:35:33.896 Add Basket MarketNo：2 StockIdx：1168
[27344] 2025/11/20 09:35:33.896 Divide StockNo {NWF00}
[27344] 2025/11/20 09:35:33.896 Add Basket MarketNo：2 StockIdx：1174
[27344] 2025/11/20 09:35:33.896 Divide StockNo {NYF00}
[27344] 2025/11/20 09:35:33.896 Add Basket MarketNo：2 StockIdx：5672
[27344] 2025/11/20 09:35:33.896 Divide StockNo {OAF00}
[27344] 2025/11/20 09:35:33.896 Add Basket MarketNo：2 StockIdx：1186
[27344] 2025/11/20 09:35:33.896 Divide StockNo {OBF00}
[27344] 2025/11/20 09:35:33.896 Add Basket MarketNo：2 StockIdx：1192
[27344] 2025/11/20 09:35:33.896 Divide StockNo {ODF00}
[27344] 2025/11/20 09:35:33.896 Add Basket MarketNo：2 StockIdx：1198
[27344] 2025/11/20 09:35:33.896 Divide StockNo {OEF00}
[27344] 2025/11/20 09:35:33.896 Add Basket MarketNo：2 StockIdx：1204
[27344] 2025/11/20 09:35:33.896 Divide StockNo {OHF00}
[27344] 2025/11/20 09:35:33.896 Add Basket MarketNo：2 StockIdx：1210
[27344] 2025/11/20 09:35:33.896 Divide StockNo {OJF00}
[27344] 2025/11/20 09:35:33.896 Add Basket MarketNo：2 StockIdx：1216
[27344] 2025/11/20 09:35:33.896 Divide StockNo {OKF00}
[27344] 2025/11/20 09:35:33.896 Add Basket MarketNo：2 StockIdx：1222
[27344] 2025/11/20 09:35:33.896 Divide StockNo {OLF00}
[27344] 2025/11/20 09:35:33.896 Add Basket MarketNo：2 StockIdx：1228
[27344] 2025/11/20 09:35:33.896 Divide StockNo {OMF00}
[27344] 2025/11/20 09:35:33.896 Add Basket MarketNo：2 StockIdx：1234
[27344] 2025/11/20 09:35:33.896 Divide StockNo {OOF00}
[27344] 2025/11/20 09:35:33.896 Add Basket MarketNo：2 StockIdx：1240
[27344] 2025/11/20 09:35:33.896 Divide StockNo {OPF00}
[27344] 2025/11/20 09:35:33.896 Add Basket MarketNo：2 StockIdx：1246
[27344] 2025/11/20 09:35:33.896 Divide StockNo {OQF00}
[27344] 2025/11/20 09:35:33.896 Add Basket MarketNo：2 StockIdx：1252
[27344] 2025/11/20 09:35:33.896 Divide StockNo {ORF00}
[27344] 2025/11/20 09:35:33.896 Add Basket MarketNo：2 StockIdx：1258
[27344] 2025/11/20 09:35:33.896 Divide StockNo {OSF00}
[27344] 2025/11/20 09:35:33.896 Add Basket MarketNo：2 StockIdx：1264
[27344] 2025/11/20 09:35:33.897 Divide StockNo {OTF00}
[27344] 2025/11/20 09:35:33.897 Add Basket MarketNo：2 StockIdx：1270
[27344] 2025/11/20 09:35:33.897 Divide StockNo {OUF00}
[27344] 2025/11/20 09:35:33.897 Add Basket MarketNo：2 StockIdx：1276
[27344] 2025/11/20 09:35:33.897 Divide StockNo {OVF00}
[27344] 2025/11/20 09:35:33.897 Add Basket MarketNo：2 StockIdx：1282
[27344] 2025/11/20 09:35:33.897 Divide StockNo {OWF00}
[27344] 2025/11/20 09:35:33.897 Add Basket MarketNo：2 StockIdx：1288
[27344] 2025/11/20 09:35:33.897 Divide StockNo {OXF00}
[27344] 2025/11/20 09:35:33.897 Add Basket MarketNo：2 StockIdx：1294
[27344] 2025/11/20 09:35:33.897 Divide StockNo {OYF00}
[27344] 2025/11/20 09:35:33.897 Add Basket MarketNo：2 StockIdx：1300
[27344] 2025/11/20 09:35:33.897 Divide StockNo {OZF00}
[27344] 2025/11/20 09:35:33.897 Add Basket MarketNo：2 StockIdx：1306
[27344] 2025/11/20 09:35:33.897 Divide StockNo {PAF00}
[27344] 2025/11/20 09:35:33.897 Add Basket MarketNo：2 StockIdx：1312
[27344] 2025/11/20 09:35:33.897 Divide StockNo {PBF00}
[27344] 2025/11/20 09:35:33.897 Add Basket MarketNo：2 StockIdx：1318
[27344] 2025/11/20 09:35:33.897 Divide StockNo {PCF00}
[27344] 2025/11/20 09:35:33.897 Add Basket MarketNo：2 StockIdx：1324
[27344] 2025/11/20 09:35:33.897 Divide StockNo {PDF00}
[27344] 2025/11/20 09:35:33.897 Add Basket MarketNo：2 StockIdx：1330
[27344] 2025/11/20 09:35:33.897 Divide StockNo {PEF00}
[27344] 2025/11/20 09:35:33.897 Add Basket MarketNo：2 StockIdx：1336
[27344] 2025/11/20 09:35:33.897 Divide StockNo {PFF00}
[27344] 2025/11/20 09:35:33.897 Add Basket MarketNo：2 StockIdx：1342
[27344] 2025/11/20 09:35:33.897 Divide StockNo {PGF00}
[27344] 2025/11/20 09:35:33.897 Add Basket MarketNo：2 StockIdx：1348
[27344] 2025/11/20 09:35:33.897 Divide StockNo {PHF00}
[27344] 2025/11/20 09:35:33.897 Add Basket MarketNo：2 StockIdx：1354
[27344] 2025/11/20 09:35:33.897 Divide StockNo {PIF00}
[27344] 2025/11/20 09:35:33.897 Add Basket MarketNo：2 StockIdx：1360
[27344] 2025/11/20 09:35:33.897 Divide StockNo {PJF00}
[27344] 2025/11/20 09:35:33.897 Add Basket MarketNo：2 StockIdx：1366
[27344] 2025/11/20 09:35:33.897 Divide StockNo {PKF00}
[27344] 2025/11/20 09:35:33.897 Add Basket MarketNo：2 StockIdx：1372
[27344] 2025/11/20 09:35:33.897 Divide StockNo {PLF00}
[27344] 2025/11/20 09:35:33.897 Add Basket MarketNo：2 StockIdx：1378
[27344] 2025/11/20 09:35:33.897 Divide StockNo {PMF00}
[27344] 2025/11/20 09:35:33.897 Add Basket MarketNo：2 StockIdx：1384
[27344] 2025/11/20 09:35:33.897 Divide StockNo {PNF00}
[27344] 2025/11/20 09:35:33.897 Add Basket MarketNo：2 StockIdx：1390
[27344] 2025/11/20 09:35:33.897 Divide StockNo {PPF00}
[27344] 2025/11/20 09:35:33.897 Add Basket MarketNo：2 StockIdx：1396
[27344] 2025/11/20 09:35:33.897 Divide StockNo {PQF00}
[27344] 2025/11/20 09:35:33.897 Add Basket MarketNo：2 StockIdx：1402
[27344] 2025/11/20 09:35:33.897 Divide StockNo {PRF00}
[27344] 2025/11/20 09:35:33.897 Add Basket MarketNo：2 StockIdx：1408
[27344] 2025/11/20 09:35:33.897 Divide StockNo {PSF00}
[27344] 2025/11/20 09:35:33.897 Add Basket MarketNo：2 StockIdx：1414
[27344] 2025/11/20 09:35:33.897 Divide StockNo {PTF00}
[27344] 2025/11/20 09:35:33.897 Add Basket MarketNo：2 StockIdx：1422
[27344] 2025/11/20 09:35:33.897 Divide StockNo {PUF00}
[27344] 2025/11/20 09:35:33.897 Add Basket MarketNo：2 StockIdx：1428
[27344] 2025/11/20 09:35:33.897 Divide StockNo {PVF00}
[27344] 2025/11/20 09:35:33.897 Add Basket MarketNo：2 StockIdx：1434
[27344] 2025/11/20 09:35:33.897 Divide StockNo {PWF00}
[27344] 2025/11/20 09:35:33.897 Add Basket MarketNo：2 StockIdx：1440
[27344] 2025/11/20 09:35:33.897 Divide StockNo {PXF00}
[27344] 2025/11/20 09:35:33.897 Add Basket MarketNo：2 StockIdx：1446
[27344] 2025/11/20 09:35:33.897 Divide StockNo {PYF00}
[27344] 2025/11/20 09:35:33.897 Add Basket MarketNo：2 StockIdx：1452
[27344] 2025/11/20 09:35:33.897 Divide StockNo {PZF00}
[27344] 2025/11/20 09:35:33.897 Add Basket MarketNo：2 StockIdx：1458
[27344] 2025/11/20 09:35:33.897 Divide StockNo {QAF00}
[27344] 2025/11/20 09:35:33.897 Add Basket MarketNo：2 StockIdx：1464
[27344] 2025/11/20 09:35:33.897 Divide StockNo {QBF00}
[27344] 2025/11/20 09:35:33.898 Add Basket MarketNo：2 StockIdx：1470
[27344] 2025/11/20 09:35:33.898 Divide StockNo {QCF00}
[27344] 2025/11/20 09:35:33.898 Add Basket MarketNo：2 StockIdx：1476
[27344] 2025/11/20 09:35:33.898 Divide StockNo {QDF00}
[27344] 2025/11/20 09:35:33.898 Add Basket MarketNo：2 StockIdx：1482
[27344] 2025/11/20 09:35:33.898 Divide StockNo {QEF00}
[27344] 2025/11/20 09:35:33.898 Add Basket MarketNo：2 StockIdx：1488
[27344] 2025/11/20 09:35:33.898 Divide StockNo {QFF00}
[27344] 2025/11/20 09:35:33.898 Add Basket MarketNo：2 StockIdx：5678
[27344] 2025/11/20 09:35:33.898 Divide StockNo {QGF00}
[27344] 2025/11/20 09:35:33.898 Add Basket MarketNo：2 StockIdx：1502
[27344] 2025/11/20 09:35:33.898 Divide StockNo {QHF00}
[27344] 2025/11/20 09:35:33.898 Add Basket MarketNo：2 StockIdx：1508
[27344] 2025/11/20 09:35:33.898 Divide StockNo {QIF00}
[27344] 2025/11/20 09:35:33.898 Add Basket MarketNo：2 StockIdx：1514
[27344] 2025/11/20 09:35:33.898 Divide StockNo {QJF00}
[27344] 2025/11/20 09:35:33.898 Add Basket MarketNo：2 StockIdx：1518
[27344] 2025/11/20 09:35:33.898 Divide StockNo {QKF00}
[27344] 2025/11/20 09:35:33.898 Add Basket MarketNo：2 StockIdx：1524
[27344] 2025/11/20 09:35:33.898 Divide StockNo {QLF00}
[27344] 2025/11/20 09:35:33.898 Add Basket MarketNo：2 StockIdx：1530
[27344] 2025/11/20 09:35:33.898 Divide StockNo {QMF00}
[27344] 2025/11/20 09:35:33.898 Add Basket MarketNo：2 StockIdx：1536
[27344] 2025/11/20 09:35:33.898 Divide StockNo {QNF00}
[27344] 2025/11/20 09:35:33.898 Add Basket MarketNo：2 StockIdx：1542
[27344] 2025/11/20 09:35:33.898 Divide StockNo {QOF00}
[27344] 2025/11/20 09:35:33.898 Add Basket MarketNo：2 StockIdx：1548
[27344] 2025/11/20 09:35:33.898 Divide StockNo {QPF00}
[27344] 2025/11/20 09:35:33.898 Add Basket MarketNo：2 StockIdx：1554
[27344] 2025/11/20 09:35:33.898 Divide StockNo {QQF00}
[27344] 2025/11/20 09:35:33.898 Add Basket MarketNo：2 StockIdx：1560
[27344] 2025/11/20 09:35:33.898 Divide StockNo {QRF00}
[27344] 2025/11/20 09:35:33.898 Add Basket MarketNo：2 StockIdx：1566
[27344] 2025/11/20 09:35:33.898 Divide StockNo {QSF00}
[27344] 2025/11/20 09:35:33.898 Add Basket MarketNo：2 StockIdx：1572
[27344] 2025/11/20 09:35:33.898 Divide StockNo {QTF00}
[27344] 2025/11/20 09:35:33.898 Add Basket MarketNo：2 StockIdx：1578
[27344] 2025/11/20 09:35:33.898 Divide StockNo {QUF00}
[27344] 2025/11/20 09:35:33.898 Add Basket MarketNo：2 StockIdx：1584
[27344] 2025/11/20 09:35:33.898 Divide StockNo {QVF00}
[27344] 2025/11/20 09:35:33.898 Add Basket MarketNo：2 StockIdx：1590
[27344] 2025/11/20 09:35:33.898 Divide StockNo {QWF00}
[27344] 2025/11/20 09:35:33.898 Add Basket MarketNo：2 StockIdx：1596
[27344] 2025/11/20 09:35:33.898 Divide StockNo {QXF00}
[27344] 2025/11/20 09:35:33.898 Add Basket MarketNo：2 StockIdx：1602
[27344] 2025/11/20 09:35:33.898 Divide StockNo {QYF00}
[27344] 2025/11/20 09:35:33.898 Add Basket MarketNo：2 StockIdx：1608
[27344] 2025/11/20 09:35:33.898 Divide StockNo {QZF00}
[27344] 2025/11/20 09:35:33.898 Add Basket MarketNo：2 StockIdx：1614
[27344] 2025/11/20 09:35:33.898 Divide StockNo {RAF00}
[27344] 2025/11/20 09:35:33.898 Add Basket MarketNo：2 StockIdx：1620
[27344] 2025/11/20 09:35:33.898 Divide StockNo {RBF00}
[27344] 2025/11/20 09:35:33.898 Add Basket MarketNo：2 StockIdx：1626
[27344] 2025/11/20 09:35:33.898 Divide StockNo {RCF00}
[27344] 2025/11/20 09:35:33.898 Add Basket MarketNo：2 StockIdx：1632
[27344] 2025/11/20 09:35:33.898 Divide StockNo {RDF00}
[27344] 2025/11/20 09:35:33.898 Add Basket MarketNo：2 StockIdx：1638
[27344] 2025/11/20 09:35:33.898 Divide StockNo {REF00}
[27344] 2025/11/20 09:35:33.898 Add Basket MarketNo：2 StockIdx：1644
[27344] 2025/11/20 09:35:33.898 Divide StockNo {RFF00}
[27344] 2025/11/20 09:35:33.898 Add Basket MarketNo：2 StockIdx：1650
[27344] 2025/11/20 09:35:33.898 Divide StockNo {RGF00}
[27344] 2025/11/20 09:35:33.898 Add Basket MarketNo：2 StockIdx：1656
[27344] 2025/11/20 09:35:33.898 Divide StockNo {RIF00}
[27344] 2025/11/20 09:35:33.898 Add Basket MarketNo：2 StockIdx：1662
[27344] 2025/11/20 09:35:33.899 Divide StockNo {RJF00}
[27344] 2025/11/20 09:35:33.899 Add Basket MarketNo：2 StockIdx：1668
[27344] 2025/11/20 09:35:33.899 Divide StockNo {RKF00}
[27344] 2025/11/20 09:35:33.899 Add Basket MarketNo：2 StockIdx：1674
[27344] 2025/11/20 09:35:33.899 Divide StockNo {RLF00}
[27344] 2025/11/20 09:35:33.899 Add Basket MarketNo：2 StockIdx：1680
[27344] 2025/11/20 09:35:33.899 Divide StockNo {RMF00}
[27344] 2025/11/20 09:35:33.899 Stock Is Not Exist 
[27344] 2025/11/20 09:35:33.899 Divide StockNo {RNF00}
[27344] 2025/11/20 09:35:33.899 Add Basket MarketNo：2 StockIdx：1686
[27344] 2025/11/20 09:35:33.899 Divide StockNo {ROF00}
[27344] 2025/11/20 09:35:33.899 Add Basket MarketNo：2 StockIdx：1692
[27344] 2025/11/20 09:35:33.899 Divide StockNo {RPF00}
[27344] 2025/11/20 09:35:33.899 Add Basket MarketNo：2 StockIdx：1698
[27344] 2025/11/20 09:35:33.899 Divide StockNo {RQF00}
[27344] 2025/11/20 09:35:33.899 Stock Is Not Exist 
[27344] 2025/11/20 09:35:33.899 Divide StockNo {RRF00}
[27344] 2025/11/20 09:35:33.899 Add Basket MarketNo：2 StockIdx：1706
[27344] 2025/11/20 09:35:33.899 Divide StockNo {RSF00}
[27344] 2025/11/20 09:35:33.899 Add Basket MarketNo：2 StockIdx：1712
[27344] 2025/11/20 09:35:33.899 Divide StockNo {RUF00}
[27344] 2025/11/20 09:35:33.899 Add Basket MarketNo：2 StockIdx：1718
[27344] 2025/11/20 09:35:33.899 Divide StockNo {RVF00}
[27344] 2025/11/20 09:35:33.899 Add Basket MarketNo：2 StockIdx：1724
[27344] 2025/11/20 09:35:33.899 Divide StockNo {RWF00}
[27344] 2025/11/20 09:35:33.899 Add Basket MarketNo：2 StockIdx：1730
[27344] 2025/11/20 09:35:33.899 Divide StockNo {RXF00}
[27344] 2025/11/20 09:35:33.899 Add Basket MarketNo：2 StockIdx：1736
[27344] 2025/11/20 09:35:33.899 Divide StockNo {RYF00}
[27344] 2025/11/20 09:35:33.899 Add Basket MarketNo：2 StockIdx：1742
[27344] 2025/11/20 09:35:33.899 Divide StockNo {RZF00}
[27344] 2025/11/20 09:35:33.899 Add Basket MarketNo：2 StockIdx：5684
[27344] 2025/11/20 09:35:33.899 Divide StockNo {SAF00}
[27344] 2025/11/20 09:35:33.899 Add Basket MarketNo：2 StockIdx：1754
[27344] 2025/11/20 09:35:33.899 Divide StockNo {SBF00}
[27344] 2025/11/20 09:35:33.899 Add Basket MarketNo：2 StockIdx：1760
[27344] 2025/11/20 09:35:33.899 Divide StockNo {SCF00}
[27344] 2025/11/20 09:35:33.899 Add Basket MarketNo：2 StockIdx：1766
[27344] 2025/11/20 09:35:33.899 Divide StockNo {SDF00}
[27344] 2025/11/20 09:35:33.899 Add Basket MarketNo：2 StockIdx：1772
[27344] 2025/11/20 09:35:33.899 Divide StockNo {SEF00}
[27344] 2025/11/20 09:35:33.899 Add Basket MarketNo：2 StockIdx：1778
[27344] 2025/11/20 09:35:33.899 Divide StockNo {SFF00}
[27344] 2025/11/20 09:35:33.899 Add Basket MarketNo：2 StockIdx：1784
[27344] 2025/11/20 09:35:33.899 Divide StockNo {SGF00}
[27344] 2025/11/20 09:35:33.899 Add Basket MarketNo：2 StockIdx：1790
[27344] 2025/11/20 09:35:33.899 Divide StockNo {SIF00}
[27344] 2025/11/20 09:35:33.899 Add Basket MarketNo：2 StockIdx：1796
[27344] 2025/11/20 09:35:33.899 Divide StockNo {SJF00}
[27344] 2025/11/20 09:35:33.899 Add Basket MarketNo：2 StockIdx：1802
[27344] 2025/11/20 09:35:33.899 Divide StockNo {SKF00}
[27344] 2025/11/20 09:35:33.899 Add Basket MarketNo：2 StockIdx：1808
[27344] 2025/11/20 09:35:33.899 Divide StockNo {SLF00}
[27344] 2025/11/20 09:35:33.899 Add Basket MarketNo：2 StockIdx：1814
[27344] 2025/11/20 09:35:33.899 Divide StockNo {SMF00}
[27344] 2025/11/20 09:35:33.899 Add Basket MarketNo：2 StockIdx：1820
[27344] 2025/11/20 09:35:33.899 Divide StockNo {SNF00}
[27344] 2025/11/20 09:35:33.900 Add Basket MarketNo：2 StockIdx：1826
[27344] 2025/11/20 09:35:33.900 Divide StockNo {SQF00}
[27344] 2025/11/20 09:35:33.900 Add Basket MarketNo：2 StockIdx：1832
[27344] 2025/11/20 09:35:33.900 Divide StockNo {SRF00}
[27344] 2025/11/20 09:35:33.900 Add Basket MarketNo：2 StockIdx：5690
[27344] 2025/11/20 09:35:33.900 Divide StockNo {SSF00}
[27344] 2025/11/20 09:35:33.900 Add Basket MarketNo：2 StockIdx：1846
[27344] 2025/11/20 09:35:33.900 Divide StockNo {SUF00}
[27344] 2025/11/20 09:35:33.900 Add Basket MarketNo：2 StockIdx：1852
[27344] 2025/11/20 09:35:33.900 Divide StockNo {SVF00}
[27344] 2025/11/20 09:35:33.900 Add Basket MarketNo：2 StockIdx：1858
[27344] 2025/11/20 09:35:33.900 Divide StockNo {SWF00}
[27344] 2025/11/20 09:35:33.900 Add Basket MarketNo：2 StockIdx：1864
[27344] 2025/11/20 09:35:33.900 Divide StockNo {SYF00}
[27344] 2025/11/20 09:35:33.900 Add Basket MarketNo：2 StockIdx：1870
[27344] 2025/11/20 09:35:33.900 Divide StockNo {SZF00}
[27344] 2025/11/20 09:35:33.900 Add Basket MarketNo：2 StockIdx：1876
[27344] 2025/11/20 09:35:33.900 Divide StockNo {UAF00}
[27344] 2025/11/20 09:35:33.900 Add Basket MarketNo：2 StockIdx：1882
[27344] 2025/11/20 09:35:33.900 Divide StockNo {UBF00}
[27344] 2025/11/20 09:35:33.900 Add Basket MarketNo：2 StockIdx：1888
[27344] 2025/11/20 09:35:33.900 Divide StockNo {UCF00}
[27344] 2025/11/20 09:35:33.900 Add Basket MarketNo：2 StockIdx：1894
[27344] 2025/11/20 09:35:33.900 Divide StockNo {UEF00}
[27344] 2025/11/20 09:35:33.900 Add Basket MarketNo：2 StockIdx：1900
[27344] 2025/11/20 09:35:33.900 Divide StockNo {UFF00}
[27344] 2025/11/20 09:35:33.900 Add Basket MarketNo：2 StockIdx：1906
[27344] 2025/11/20 09:35:33.900 Divide StockNo {UGF00}
[27344] 2025/11/20 09:35:33.900 Add Basket MarketNo：2 StockIdx：1912
[27344] 2025/11/20 09:35:33.900 Divide StockNo {UHF00}
[27344] 2025/11/20 09:35:33.900 Add Basket MarketNo：2 StockIdx：1918
[27344] 2025/11/20 09:35:33.900 Divide StockNo {UIF00}
[27344] 2025/11/20 09:35:33.900 Add Basket MarketNo：2 StockIdx：1924
[27344] 2025/11/20 09:35:33.900 Divide StockNo {UJF00}
[27344] 2025/11/20 09:35:33.900 Add Basket MarketNo：2 StockIdx：1930
[27344] 2025/11/20 09:35:33.900 Divide StockNo {UKF00}
[27344] 2025/11/20 09:35:33.900 Add Basket MarketNo：2 StockIdx：1936
[27344] 2025/11/20 09:35:33.900 Divide StockNo {ULF00}
[27344] 2025/11/20 09:35:33.900 Add Basket MarketNo：2 StockIdx：1942
[27344] 2025/11/20 09:35:33.900 Divide StockNo {UMF00}
[27344] 2025/11/20 09:35:33.900 Add Basket MarketNo：2 StockIdx：1948
[27344] 2025/11/20 09:35:33.900 Divide StockNo {UOF00}
[27344] 2025/11/20 09:35:33.900 Add Basket MarketNo：2 StockIdx：1954
[27344] 2025/11/20 09:35:33.900 Divide StockNo {UPF00}
[27344] 2025/11/20 09:35:33.900 Add Basket MarketNo：2 StockIdx：1960
[27344] 2025/11/20 09:35:33.900 Divide StockNo {UQF00}
[27344] 2025/11/20 09:35:33.900 Add Basket MarketNo：2 StockIdx：1966
[27344] 2025/11/20 09:35:33.900 Divide StockNo {URF00}
[27344] 2025/11/20 09:35:33.900 Add Basket MarketNo：2 StockIdx：1974
[27344] 2025/11/20 09:35:33.900 Divide StockNo {USF00}
[27344] 2025/11/20 09:35:33.900 Add Basket MarketNo：2 StockIdx：1980
[27344] 2025/11/20 09:35:33.900 Divide StockNo {UTF00}
[27344] 2025/11/20 09:35:33.900 Add Basket MarketNo：2 StockIdx：1986
[27344] 2025/11/20 09:35:33.900 Divide StockNo {UUF00}
[27344] 2025/11/20 09:35:33.900 Add Basket MarketNo：2 StockIdx：1992
[27344] 2025/11/20 09:35:33.900 Divide StockNo {UVF00}
[27344] 2025/11/20 09:35:33.900 Add Basket MarketNo：2 StockIdx：1998
[27344] 2025/11/20 09:35:33.900 Divide StockNo {UWF00}
[27344] 2025/11/20 09:35:33.901 Add Basket MarketNo：2 StockIdx：2004
[27344] 2025/11/20 09:35:33.901 Divide StockNo {0050}
[27344] 2025/11/20 09:35:33.901 Add Basket MarketNo：0 StockIdx：0
[27344] 2025/11/20 09:35:33.901 Divide StockNo {0056}
[27344] 2025/11/20 09:35:33.901 Add Basket MarketNo：0 StockIdx：4
[27344] 2025/11/20 09:35:33.901 Divide StockNo {006205}
[27344] 2025/11/20 09:35:33.901 Add Basket MarketNo：0 StockIdx：9
[27344] 2025/11/20 09:35:33.901 Divide StockNo {006206}
[27344] 2025/11/20 09:35:33.901 Add Basket MarketNo：0 StockIdx：10
[27344] 2025/11/20 09:35:33.901 Divide StockNo {00636}
[27344] 2025/11/20 09:35:33.901 Add Basket MarketNo：0 StockIdx：19
[27344] 2025/11/20 09:35:33.901 Divide StockNo {00639}
[27344] 2025/11/20 09:35:33.901 Add Basket MarketNo：0 StockIdx：23
[27344] 2025/11/20 09:35:33.901 Divide StockNo {00643}
[27344] 2025/11/20 09:35:33.901 Add Basket MarketNo：0 StockIdx：27
[27344] 2025/11/20 09:35:33.901 Divide StockNo {00679B}
[27344] 2025/11/20 09:35:33.901 Add Basket MarketNo：1 StockIdx：1
[27344] 2025/11/20 09:35:33.901 Divide StockNo {00687B}
[27344] 2025/11/20 09:35:33.901 Add Basket MarketNo：1 StockIdx：2
[27344] 2025/11/20 09:35:33.901 Divide StockNo {00719B}
[27344] 2025/11/20 09:35:33.901 Add Basket MarketNo：1 StockIdx：8
[27344] 2025/11/20 09:35:33.901 Divide StockNo {00757}
[27344] 2025/11/20 09:35:33.901 Add Basket MarketNo：0 StockIdx：97
[27344] 2025/11/20 09:35:33.901 Divide StockNo {00772B}
[27344] 2025/11/20 09:35:33.901 Add Basket MarketNo：1 StockIdx：32
[27344] 2025/11/20 09:35:33.901 Divide StockNo {00878}
[27344] 2025/11/20 09:35:33.901 Add Basket MarketNo：0 StockIdx：112
[27344] 2025/11/20 09:35:33.901 Divide StockNo {00885}
[27344] 2025/11/20 09:35:33.901 Add Basket MarketNo：0 StockIdx：115
[27344] 2025/11/20 09:35:33.901 Divide StockNo {00893}
[27344] 2025/11/20 09:35:33.901 Add Basket MarketNo：0 StockIdx：118
[27344] 2025/11/20 09:35:33.901 Divide StockNo {00919}
[27344] 2025/11/20 09:35:33.901 Add Basket MarketNo：0 StockIdx：142
[27344] 2025/11/20 09:35:33.901 Divide StockNo {00923}
[27344] 2025/11/20 09:35:33.901 Add Basket MarketNo：0 StockIdx：146
[27344] 2025/11/20 09:35:33.901 Divide StockNo {00929}
[27344] 2025/11/20 09:35:33.901 Add Basket MarketNo：0 StockIdx：150
[27344] 2025/11/20 09:35:33.901 Divide StockNo {00937B}
[27344] 2025/11/20 09:35:33.901 Add Basket MarketNo：1 StockIdx：82
[27344] 2025/11/20 09:35:33.901 Divide StockNo {00940}
[27344] 2025/11/20 09:35:33.901 Add Basket MarketNo：0 StockIdx：158
[27344] 2025/11/20 09:35:33.901 Divide StockNo {1101}
[27344] 2025/11/20 09:35:33.901 Add Basket MarketNo：0 StockIdx：33628
[27344] 2025/11/20 09:35:33.901 Divide StockNo {1102}
[27344] 2025/11/20 09:35:33.901 Add Basket MarketNo：0 StockIdx：33630
[27344] 2025/11/20 09:35:33.901 Divide StockNo {1210}
[27344] 2025/11/20 09:35:33.901 Add Basket MarketNo：0 StockIdx：33638
[27344] 2025/11/20 09:35:33.901 Divide StockNo {1216}
[27344] 2025/11/20 09:35:33.901 Add Basket MarketNo：0 StockIdx：33641
[27344] 2025/11/20 09:35:33.901 Divide StockNo {1301}
[27344] 2025/11/20 09:35:33.901 Add Basket MarketNo：0 StockIdx：33656
[27344] 2025/11/20 09:35:33.901 Divide StockNo {1303}
[27344] 2025/11/20 09:35:33.901 Add Basket MarketNo：0 StockIdx：33657
[27344] 2025/11/20 09:35:33.901 Divide StockNo {1312}
[27344] 2025/11/20 09:35:33.901 Add Basket MarketNo：0 StockIdx：33664
[27344] 2025/11/20 09:35:33.901 Divide StockNo {1314}
[27344] 2025/11/20 09:35:33.901 Add Basket MarketNo：0 StockIdx：33667
[27344] 2025/11/20 09:35:33.901 Divide StockNo {1319}
[27344] 2025/11/20 09:35:33.901 Add Basket MarketNo：0 StockIdx：33670
[27344] 2025/11/20 09:35:33.901 Divide StockNo {1326}
[27344] 2025/11/20 09:35:33.901 Add Basket MarketNo：0 StockIdx：33675
[27344] 2025/11/20 09:35:33.902 Divide StockNo {1402}
[27344] 2025/11/20 09:35:33.902 Add Basket MarketNo：0 StockIdx：33682
[27344] 2025/11/20 09:35:33.902 Divide StockNo {1440}
[27344] 2025/11/20 09:35:33.902 Add Basket MarketNo：0 StockIdx：33699
[27344] 2025/11/20 09:35:33.902 Divide StockNo {1476}
[27344] 2025/11/20 09:35:33.902 Add Basket MarketNo：0 StockIdx：33729
[27344] 2025/11/20 09:35:33.902 Divide StockNo {1477}
[27344] 2025/11/20 09:35:33.902 Add Basket MarketNo：0 StockIdx：33730
[27344] 2025/11/20 09:35:33.902 Divide StockNo {1503}
[27344] 2025/11/20 09:35:33.902 Add Basket MarketNo：0 StockIdx：33731
[27344] 2025/11/20 09:35:33.902 Divide StockNo {1504}
[27344] 2025/11/20 09:35:33.902 Add Basket MarketNo：0 StockIdx：33732
[27344] 2025/11/20 09:35:33.902 Divide StockNo {1513}
[27344] 2025/11/20 09:35:33.902 Add Basket MarketNo：0 StockIdx：33735
[27344] 2025/11/20 09:35:33.902 Divide StockNo {1536}
[27344] 2025/11/20 09:35:33.902 Add Basket MarketNo：0 StockIdx：33755
[27344] 2025/11/20 09:35:33.902 Divide StockNo {1565}
[27344] 2025/11/20 09:35:33.902 Add Basket MarketNo：1 StockIdx：140
[27344] 2025/11/20 09:35:33.902 Divide StockNo {1590}
[27344] 2025/11/20 09:35:33.902 Add Basket MarketNo：0 StockIdx：33769
[27344] 2025/11/20 09:35:33.902 Divide StockNo {1605}
[27344] 2025/11/20 09:35:33.902 Add Basket MarketNo：0 StockIdx：33774
[27344] 2025/11/20 09:35:33.902 Divide StockNo {1609}
[27344] 2025/11/20 09:35:33.902 Add Basket MarketNo：0 StockIdx：33776
[27344] 2025/11/20 09:35:33.902 Divide StockNo {1707}
[27344] 2025/11/20 09:35:33.902 Add Basket MarketNo：0 StockIdx：33786
[27344] 2025/11/20 09:35:33.902 Divide StockNo {1717}
[27344] 2025/11/20 09:35:33.902 Add Basket MarketNo：0 StockIdx：33794
[27344] 2025/11/20 09:35:33.902 Divide StockNo {1718}
[27344] 2025/11/20 09:35:33.902 Add Basket MarketNo：0 StockIdx：33795
[27344] 2025/11/20 09:35:33.902 Divide StockNo {1722}
[27344] 2025/11/20 09:35:33.902 Add Basket MarketNo：0 StockIdx：33798
[27344] 2025/11/20 09:35:33.902 Divide StockNo {1795}
[27344] 2025/11/20 09:35:33.902 Add Basket MarketNo：0 StockIdx：33819
[27344] 2025/11/20 09:35:33.902 Divide StockNo {1802}
[27344] 2025/11/20 09:35:33.902 Add Basket MarketNo：0 StockIdx：33820
[27344] 2025/11/20 09:35:33.902 Divide StockNo {1904}
[27344] 2025/11/20 09:35:33.902 Add Basket MarketNo：0 StockIdx：33827
[27344] 2025/11/20 09:35:33.902 Divide StockNo {1905}
[27344] 2025/11/20 09:35:33.902 Add Basket MarketNo：0 StockIdx：33828
[27344] 2025/11/20 09:35:33.902 Divide StockNo {1907}
[27344] 2025/11/20 09:35:33.902 Add Basket MarketNo：0 StockIdx：33830
[27344] 2025/11/20 09:35:33.902 Divide StockNo {1909}
[27344] 2025/11/20 09:35:33.902 Add Basket MarketNo：0 StockIdx：33831
[27344] 2025/11/20 09:35:33.902 Divide StockNo {2002}
[27344] 2025/11/20 09:35:33.902 Add Basket MarketNo：0 StockIdx：33832
[27344] 2025/11/20 09:35:33.902 Divide StockNo {2006}
[27344] 2025/11/20 09:35:33.902 Add Basket MarketNo：0 StockIdx：33834
[27344] 2025/11/20 09:35:33.902 Divide StockNo {2014}
[27344] 2025/11/20 09:35:33.902 Add Basket MarketNo：0 StockIdx：33841
[27344] 2025/11/20 09:35:33.902 Divide StockNo {2027}
[27344] 2025/11/20 09:35:33.902 Add Basket MarketNo：0 StockIdx：33849
[27344] 2025/11/20 09:35:33.902 Divide StockNo {2049}
[27344] 2025/11/20 09:35:33.902 Add Basket MarketNo：0 StockIdx：33858
[27344] 2025/11/20 09:35:33.902 Divide StockNo {2059}
[27344] 2025/11/20 09:35:33.902 Add Basket MarketNo：0 StockIdx：33859
[27344] 2025/11/20 09:35:33.902 Divide StockNo {2105}
[27344] 2025/11/20 09:35:33.902 Add Basket MarketNo：0 StockIdx：33866
[27344] 2025/11/20 09:35:33.902 Divide StockNo {2201}
[27344] 2025/11/20 09:35:33.902 Add Basket MarketNo：0 StockIdx：33873
[27344] 2025/11/20 09:35:33.902 Divide StockNo {2231}
[27344] 2025/11/20 09:35:33.902 Add Basket MarketNo：0 StockIdx：33881
[27344] 2025/11/20 09:35:33.902 Divide StockNo {2301}
[27344] 2025/11/20 09:35:33.902 Add Basket MarketNo：0 StockIdx：33892
[27344] 2025/11/20 09:35:33.902 Divide StockNo {2303}
[27344] 2025/11/20 09:35:33.903 Add Basket MarketNo：0 StockIdx：33894
[27344] 2025/11/20 09:35:33.903 Divide StockNo {2308}
[27344] 2025/11/20 09:35:33.903 Add Basket MarketNo：0 StockIdx：33896
[27344] 2025/11/20 09:35:33.903 Divide StockNo {2312}
[27344] 2025/11/20 09:35:33.903 Add Basket MarketNo：0 StockIdx：33897
[27344] 2025/11/20 09:35:33.903 Divide StockNo {2313}
[27344] 2025/11/20 09:35:33.903 Add Basket MarketNo：0 StockIdx：33898
[27344] 2025/11/20 09:35:33.903 Divide StockNo {2317}
[27344] 2025/11/20 09:35:33.903 Add Basket MarketNo：0 StockIdx：33901
[27344] 2025/11/20 09:35:33.903 Divide StockNo {2323}
[27344] 2025/11/20 09:35:33.903 Add Basket MarketNo：0 StockIdx：33903
[27344] 2025/11/20 09:35:33.903 Divide StockNo {2324}
[27344] 2025/11/20 09:35:33.903 Add Basket MarketNo：0 StockIdx：33904
[27344] 2025/11/20 09:35:33.903 Divide StockNo {2327}
[27344] 2025/11/20 09:35:33.903 Add Basket MarketNo：0 StockIdx：33905
[27344] 2025/11/20 09:35:33.903 Divide StockNo {2328}
[27344] 2025/11/20 09:35:33.903 Add Basket MarketNo：0 StockIdx：33906
[27344] 2025/11/20 09:35:33.903 Divide StockNo {2330}
[27344] 2025/11/20 09:35:33.903 Add Basket MarketNo：0 StockIdx：33908
[27344] 2025/11/20 09:35:33.903 Divide StockNo {2331}
[27344] 2025/11/20 09:35:33.903 Add Basket MarketNo：0 StockIdx：33909
[27344] 2025/11/20 09:35:33.903 Divide StockNo {2332}
[27344] 2025/11/20 09:35:33.903 Add Basket MarketNo：0 StockIdx：33910
[27344] 2025/11/20 09:35:33.903 Divide StockNo {2337}
[27344] 2025/11/20 09:35:33.903 Add Basket MarketNo：0 StockIdx：33911
[27344] 2025/11/20 09:35:33.903 Divide StockNo {2338}
[27344] 2025/11/20 09:35:33.903 Add Basket MarketNo：0 StockIdx：33912
[27344] 2025/11/20 09:35:33.903 Divide StockNo {2340}
[27344] 2025/11/20 09:35:33.903 Add Basket MarketNo：0 StockIdx：33913
[27344] 2025/11/20 09:35:33.903 Divide StockNo {2344}
[27344] 2025/11/20 09:35:33.903 Add Basket MarketNo：0 StockIdx：33915
[27344] 2025/11/20 09:35:33.903 Divide StockNo {2345}
[27344] 2025/11/20 09:35:33.903 Add Basket MarketNo：0 StockIdx：33916
[27344] 2025/11/20 09:35:33.903 Divide StockNo {2347}
[27344] 2025/11/20 09:35:33.903 Add Basket MarketNo：0 StockIdx：33917
[27344] 2025/11/20 09:35:33.903 Divide StockNo {2352}
[27344] 2025/11/20 09:35:33.903 Add Basket MarketNo：0 StockIdx：33922
[27344] 2025/11/20 09:35:33.903 Divide StockNo {2353}
[27344] 2025/11/20 09:35:33.903 Add Basket MarketNo：0 StockIdx：33923
[27344] 2025/11/20 09:35:33.903 Divide StockNo {2354}
[27344] 2025/11/20 09:35:33.903 Add Basket MarketNo：0 StockIdx：33924
[27344] 2025/11/20 09:35:33.903 Divide StockNo {2355}
[27344] 2025/11/20 09:35:33.903 Add Basket MarketNo：0 StockIdx：33925
[27344] 2025/11/20 09:35:33.903 Divide StockNo {2356}
[27344] 2025/11/20 09:35:33.903 Add Basket MarketNo：0 StockIdx：33926
[27344] 2025/11/20 09:35:33.903 Divide StockNo {2357}
[27344] 2025/11/20 09:35:33.903 Add Basket MarketNo：0 StockIdx：33927
[27344] 2025/11/20 09:35:33.903 Divide StockNo {2360}
[27344] 2025/11/20 09:35:33.903 Add Basket MarketNo：0 StockIdx：33929
[27344] 2025/11/20 09:35:33.903 Divide StockNo {2368}
[27344] 2025/11/20 09:35:33.903 Add Basket MarketNo：0 StockIdx：33935
[27344] 2025/11/20 09:35:33.903 Divide StockNo {2371}
[27344] 2025/11/20 09:35:33.903 Add Basket MarketNo：0 StockIdx：33937
[27344] 2025/11/20 09:35:33.903 Divide StockNo {2376}
[27344] 2025/11/20 09:35:33.903 Add Basket MarketNo：0 StockIdx：33941
[27344] 2025/11/20 09:35:33.903 Divide StockNo {2377}
[27344] 2025/11/20 09:35:33.903 Add Basket MarketNo：0 StockIdx：33942
[27344] 2025/11/20 09:35:33.903 Divide StockNo {2379}
[27344] 2025/11/20 09:35:33.903 Add Basket MarketNo：0 StockIdx：33943
[27344] 2025/11/20 09:35:33.903 Divide StockNo {2382}
[27344] 2025/11/20 09:35:33.903 Add Basket MarketNo：0 StockIdx：33945
[27344] 2025/11/20 09:35:33.903 Divide StockNo {2383}
[27344] 2025/11/20 09:35:33.903 Add Basket MarketNo：0 StockIdx：33946
[27344] 2025/11/20 09:35:33.903 Divide StockNo {2385}
[27344] 2025/11/20 09:35:33.903 Add Basket MarketNo：0 StockIdx：33947
[27344] 2025/11/20 09:35:33.903 Divide StockNo {2388}
[27344] 2025/11/20 09:35:33.903 Add Basket MarketNo：0 StockIdx：33949
[27344] 2025/11/20 09:35:33.904 Divide StockNo {2392}
[27344] 2025/11/20 09:35:33.904 Add Basket MarketNo：0 StockIdx：33951
[27344] 2025/11/20 09:35:33.904 Divide StockNo {2393}
[27344] 2025/11/20 09:35:33.904 Add Basket MarketNo：0 StockIdx：33952
[27344] 2025/11/20 09:35:33.904 Divide StockNo {2401}
[27344] 2025/11/20 09:35:33.904 Add Basket MarketNo：0 StockIdx：33956
[27344] 2025/11/20 09:35:33.904 Divide StockNo {2404}
[27344] 2025/11/20 09:35:33.904 Add Basket MarketNo：0 StockIdx：33958
[27344] 2025/11/20 09:35:33.904 Divide StockNo {2408}
[27344] 2025/11/20 09:35:33.904 Add Basket MarketNo：0 StockIdx：33961
[27344] 2025/11/20 09:35:33.904 Divide StockNo {2409}
[27344] 2025/11/20 09:35:33.904 Add Basket MarketNo：0 StockIdx：33962
[27344] 2025/11/20 09:35:33.904 Divide StockNo {2412}
[27344] 2025/11/20 09:35:33.904 Add Basket MarketNo：0 StockIdx：33963
[27344] 2025/11/20 09:35:33.904 Divide StockNo {2439}
[27344] 2025/11/20 09:35:33.904 Add Basket MarketNo：0 StockIdx：33985
[27344] 2025/11/20 09:35:33.904 Divide StockNo {2441}
[27344] 2025/11/20 09:35:33.904 Add Basket MarketNo：0 StockIdx：33987
[27344] 2025/11/20 09:35:33.904 Divide StockNo {2449}
[27344] 2025/11/20 09:35:33.904 Add Basket MarketNo：0 StockIdx：33990
[27344] 2025/11/20 09:35:33.904 Divide StockNo {2454}
[27344] 2025/11/20 09:35:33.904 Add Basket MarketNo：0 StockIdx：33994
[27344] 2025/11/20 09:35:33.904 Divide StockNo {2455}
[27344] 2025/11/20 09:35:33.904 Add Basket MarketNo：0 StockIdx：33995
[27344] 2025/11/20 09:35:33.904 Divide StockNo {2457}
[27344] 2025/11/20 09:35:33.904 Add Basket MarketNo：0 StockIdx：33996
[27344] 2025/11/20 09:35:33.904 Divide StockNo {2458}
[27344] 2025/11/20 09:35:33.904 Add Basket MarketNo：0 StockIdx：33997
[27344] 2025/11/20 09:35:33.904 Divide StockNo {2474}
[27344] 2025/11/20 09:35:33.904 Add Basket MarketNo：0 StockIdx：34009
[27344] 2025/11/20 09:35:33.904 Divide StockNo {2481}
[27344] 2025/11/20 09:35:33.904 Add Basket MarketNo：0 StockIdx：34014
[27344] 2025/11/20 09:35:33.904 Divide StockNo {2485}
[27344] 2025/11/20 09:35:33.904 Add Basket MarketNo：0 StockIdx：34018
[27344] 2025/11/20 09:35:33.904 Divide StockNo {2486}
[27344] 2025/11/20 09:35:33.904 Add Basket MarketNo：0 StockIdx：34019
[27344] 2025/11/20 09:35:33.904 Divide StockNo {2489}
[27344] 2025/11/20 09:35:33.904 Add Basket MarketNo：0 StockIdx：34021
[27344] 2025/11/20 09:35:33.904 Divide StockNo {2492}
[27344] 2025/11/20 09:35:33.904 Add Basket MarketNo：0 StockIdx：34023
[27344] 2025/11/20 09:35:33.904 Divide StockNo {2498}
[27344] 2025/11/20 09:35:33.904 Add Basket MarketNo：0 StockIdx：34028
[27344] 2025/11/20 09:35:33.904 Divide StockNo {2515}
[27344] 2025/11/20 09:35:33.904 Add Basket MarketNo：0 StockIdx：34036
[27344] 2025/11/20 09:35:33.904 Divide StockNo {2520}
[27344] 2025/11/20 09:35:33.904 Add Basket MarketNo：0 StockIdx：34038
[27344] 2025/11/20 09:35:33.904 Divide StockNo {2542}
[27344] 2025/11/20 09:35:33.904 Add Basket MarketNo：0 StockIdx：34050
[27344] 2025/11/20 09:35:33.904 Divide StockNo {2548}
[27344] 2025/11/20 09:35:33.904 Add Basket MarketNo：0 StockIdx：34055
[27344] 2025/11/20 09:35:33.904 Divide StockNo {2603}
[27344] 2025/11/20 09:35:33.904 Add Basket MarketNo：0 StockIdx：34058
[27344] 2025/11/20 09:35:33.904 Divide StockNo {2605}
[27344] 2025/11/20 09:35:33.904 Add Basket MarketNo：0 StockIdx：34059
[27344] 2025/11/20 09:35:33.904 Divide StockNo {2606}
[27344] 2025/11/20 09:35:33.904 Add Basket MarketNo：0 StockIdx：34060
[27344] 2025/11/20 09:35:33.904 Divide StockNo {2609}
[27344] 2025/11/20 09:35:33.904 Add Basket MarketNo：0 StockIdx：34063
[27344] 2025/11/20 09:35:33.904 Divide StockNo {2610}
[27344] 2025/11/20 09:35:33.904 Add Basket MarketNo：0 StockIdx：34064
[27344] 2025/11/20 09:35:33.904 Divide StockNo {2615}
[27344] 2025/11/20 09:35:33.904 Add Basket MarketNo：0 StockIdx：34069
[27344] 2025/11/20 09:35:33.904 Divide StockNo {2618}
[27344] 2025/11/20 09:35:33.904 Add Basket MarketNo：0 StockIdx：34072
[27344] 2025/11/20 09:35:33.904 Divide StockNo {2633}
[27344] 2025/11/20 09:35:33.904 Add Basket MarketNo：0 StockIdx：34074
[27344] 2025/11/20 09:35:33.904 Divide StockNo {2634}
[27344] 2025/11/20 09:35:33.905 Add Basket MarketNo：0 StockIdx：34075
[27344] 2025/11/20 09:35:33.905 Divide StockNo {2801}
[27344] 2025/11/20 09:35:33.905 Add Basket MarketNo：0 StockIdx：34096
[27344] 2025/11/20 09:35:33.905 Divide StockNo {2834}
[27344] 2025/11/20 09:35:33.905 Add Basket MarketNo：0 StockIdx：34101
[27344] 2025/11/20 09:35:33.905 Divide StockNo {2880}
[27344] 2025/11/20 09:35:33.905 Add Basket MarketNo：0 StockIdx：34113
[27344] 2025/11/20 09:35:33.905 Divide StockNo {2881}
[27344] 2025/11/20 09:35:33.905 Add Basket MarketNo：0 StockIdx：34114
[27344] 2025/11/20 09:35:33.905 Divide StockNo {2882}
[27344] 2025/11/20 09:35:33.905 Add Basket MarketNo：0 StockIdx：34118
[27344] 2025/11/20 09:35:33.905 Divide StockNo {2883}
[27344] 2025/11/20 09:35:33.905 Add Basket MarketNo：0 StockIdx：34121
[27344] 2025/11/20 09:35:33.905 Divide StockNo {2884}
[27344] 2025/11/20 09:35:33.905 Add Basket MarketNo：0 StockIdx：34123
[27344] 2025/11/20 09:35:33.905 Divide StockNo {2885}
[27344] 2025/11/20 09:35:33.905 Add Basket MarketNo：0 StockIdx：34124
[27344] 2025/11/20 09:35:33.905 Divide StockNo {2886}
[27344] 2025/11/20 09:35:33.905 Add Basket MarketNo：0 StockIdx：34125
[27344] 2025/11/20 09:35:33.905 Divide StockNo {2887}
[27344] 2025/11/20 09:35:33.905 Add Basket MarketNo：0 StockIdx：34126
[27344] 2025/11/20 09:35:33.905 Divide StockNo {2888}
[27344] 2025/11/20 09:35:33.905 Stock Is Not Exist 
[27344] 2025/11/20 09:35:33.905 Divide StockNo {2890}
[27344] 2025/11/20 09:35:33.905 Add Basket MarketNo：0 StockIdx：34134
[27344] 2025/11/20 09:35:33.905 Divide StockNo {2891}
[27344] 2025/11/20 09:35:33.905 Add Basket MarketNo：0 StockIdx：34135
[27344] 2025/11/20 09:35:33.905 Divide StockNo {2892}
[27344] 2025/11/20 09:35:33.905 Add Basket MarketNo：0 StockIdx：34138
[27344] 2025/11/20 09:35:33.905 Divide StockNo {2913}
[27344] 2025/11/20 09:35:33.905 Add Basket MarketNo：0 StockIdx：34150
[27344] 2025/11/20 09:35:33.905 Divide StockNo {2915}
[27344] 2025/11/20 09:35:33.905 Add Basket MarketNo：0 StockIdx：34151
[27344] 2025/11/20 09:35:33.905 Divide StockNo {3005}
[27344] 2025/11/20 09:35:33.905 Add Basket MarketNo：0 StockIdx：34159
[27344] 2025/11/20 09:35:33.905 Divide StockNo {3006}
[27344] 2025/11/20 09:35:33.905 Add Basket MarketNo：0 StockIdx：34160
[27344] 2025/11/20 09:35:33.905 Divide StockNo {3008}
[27344] 2025/11/20 09:35:33.905 Add Basket MarketNo：0 StockIdx：34161
[27344] 2025/11/20 09:35:33.905 Divide StockNo {3017}
[27344] 2025/11/20 09:35:33.905 Add Basket MarketNo：0 StockIdx：34168
[27344] 2025/11/20 09:35:33.905 Divide StockNo {3019}
[27344] 2025/11/20 09:35:33.905 Add Basket MarketNo：0 StockIdx：34170
[27344] 2025/11/20 09:35:33.905 Divide StockNo {3034}
[27344] 2025/11/20 09:35:33.905 Add Basket MarketNo：0 StockIdx：34184
[27344] 2025/11/20 09:35:33.905 Divide StockNo {3035}
[27344] 2025/11/20 09:35:33.905 Add Basket MarketNo：0 StockIdx：34185
[27344] 2025/11/20 09:35:33.905 Divide StockNo {3036}
[27344] 2025/11/20 09:35:33.905 Add Basket MarketNo：0 StockIdx：34186
[27344] 2025/11/20 09:35:33.905 Divide StockNo {3037}
[27344] 2025/11/20 09:35:33.905 Add Basket MarketNo：0 StockIdx：34188
[27344] 2025/11/20 09:35:33.905 Divide StockNo {3042}
[27344] 2025/11/20 09:35:33.905 Add Basket MarketNo：0 StockIdx：34192
[27344] 2025/11/20 09:35:33.905 Divide StockNo {3044}
[27344] 2025/11/20 09:35:33.905 Add Basket MarketNo：0 StockIdx：34194
[27344] 2025/11/20 09:35:33.905 Divide StockNo {3045}
[27344] 2025/11/20 09:35:33.905 Add Basket MarketNo：0 StockIdx：34195
[27344] 2025/11/20 09:35:33.905 Divide StockNo {3078}
[27344] 2025/11/20 09:35:33.905 Add Basket MarketNo：1 StockIdx：270
[27344] 2025/11/20 09:35:33.905 Divide StockNo {3081}
[27344] 2025/11/20 09:35:33.905 Add Basket MarketNo：1 StockIdx：271
[27344] 2025/11/20 09:35:33.905 Divide StockNo {3105}
[27344] 2025/11/20 09:35:33.905 Add Basket MarketNo：1 StockIdx：281
[27344] 2025/11/20 09:35:33.905 Divide StockNo {3152}
[27344] 2025/11/20 09:35:33.906 Add Basket MarketNo：1 StockIdx：296
[27344] 2025/11/20 09:35:33.906 Divide StockNo {3189}
[27344] 2025/11/20 09:35:33.906 Add Basket MarketNo：0 StockIdx：34222
[27344] 2025/11/20 09:35:33.906 Divide StockNo {3227}
[27344] 2025/11/20 09:35:33.906 Add Basket MarketNo：1 StockIdx：320
[27344] 2025/11/20 09:35:33.906 Divide StockNo {3231}
[27344] 2025/11/20 09:35:33.906 Add Basket MarketNo：0 StockIdx：34225
[27344] 2025/11/20 09:35:33.906 Divide StockNo {3260}
[27344] 2025/11/20 09:35:33.906 Add Basket MarketNo：1 StockIdx：329
[27344] 2025/11/20 09:35:33.906 Divide StockNo {3264}
[27344] 2025/11/20 09:35:33.906 Add Basket MarketNo：1 StockIdx：330
[27344] 2025/11/20 09:35:33.906 Divide StockNo {3293}
[27344] 2025/11/20 09:35:33.906 Add Basket MarketNo：1 StockIdx：343
[27344] 2025/11/20 09:35:33.906 Divide StockNo {3324}
[27344] 2025/11/20 09:35:33.906 Add Basket MarketNo：1 StockIdx：359
[27344] 2025/11/20 09:35:33.906 Divide StockNo {3374}
[27344] 2025/11/20 09:35:33.906 Add Basket MarketNo：1 StockIdx：376
[27344] 2025/11/20 09:35:33.906 Divide StockNo {3376}
[27344] 2025/11/20 09:35:33.906 Add Basket MarketNo：0 StockIdx：34237
[27344] 2025/11/20 09:35:33.906 Divide StockNo {3380}
[27344] 2025/11/20 09:35:33.906 Add Basket MarketNo：0 StockIdx：34238
[27344] 2025/11/20 09:35:33.906 Divide StockNo {3406}
[27344] 2025/11/20 09:35:33.906 Add Basket MarketNo：0 StockIdx：34239
[27344] 2025/11/20 09:35:33.906 Divide StockNo {3443}
[27344] 2025/11/20 09:35:33.906 Add Basket MarketNo：0 StockIdx：34245
[27344] 2025/11/20 09:35:33.906 Divide StockNo {3481}
[27344] 2025/11/20 09:35:33.906 Add Basket MarketNo：0 StockIdx：34249
[27344] 2025/11/20 09:35:33.906 Divide StockNo {3529}
[27344] 2025/11/20 09:35:33.906 Add Basket MarketNo：1 StockIdx：424
[27344] 2025/11/20 09:35:33.906 Divide StockNo {3532}
[27344] 2025/11/20 09:35:33.906 Add Basket MarketNo：0 StockIdx：34257
[27344] 2025/11/20 09:35:33.906 Divide StockNo {3533}
[27344] 2025/11/20 09:35:33.906 Add Basket MarketNo：0 StockIdx：34258
[27344] 2025/11/20 09:35:33.906 Divide StockNo {3552}
[27344] 2025/11/20 09:35:33.906 Add Basket MarketNo：1 StockIdx：435
[27344] 2025/11/20 09:35:33.906 Divide StockNo {3653}
[27344] 2025/11/20 09:35:33.906 Add Basket MarketNo：0 StockIdx：34278
[27344] 2025/11/20 09:35:33.906 Divide StockNo {3661}
[27344] 2025/11/20 09:35:33.906 Add Basket MarketNo：0 StockIdx：34279
[27344] 2025/11/20 09:35:33.906 Divide StockNo {3673}
[27344] 2025/11/20 09:35:33.906 Add Basket MarketNo：0 StockIdx：34282
[27344] 2025/11/20 09:35:33.906 Divide StockNo {3680}
[27344] 2025/11/20 09:35:33.906 Add Basket MarketNo：1 StockIdx：474
[27344] 2025/11/20 09:35:33.906 Divide StockNo {3691}
[27344] 2025/11/20 09:35:33.906 Add Basket MarketNo：1 StockIdx：484
[27344] 2025/11/20 09:35:33.906 Divide StockNo {3702}
[27344] 2025/11/20 09:35:33.906 Add Basket MarketNo：0 StockIdx：34287
[27344] 2025/11/20 09:35:33.906 Divide StockNo {3706}
[27344] 2025/11/20 09:35:33.906 Add Basket MarketNo：0 StockIdx：34291
[27344] 2025/11/20 09:35:33.906 Divide StockNo {3711}
[27344] 2025/11/20 09:35:33.906 Add Basket MarketNo：0 StockIdx：34293
[27344] 2025/11/20 09:35:33.906 Divide StockNo {3714}
[27344] 2025/11/20 09:35:33.906 Add Basket MarketNo：0 StockIdx：34295
[27344] 2025/11/20 09:35:33.906 Divide StockNo {4123}
[27344] 2025/11/20 09:35:33.906 Add Basket MarketNo：1 StockIdx：509
[27344] 2025/11/20 09:35:33.906 Divide StockNo {4128}
[27344] 2025/11/20 09:35:33.906 Add Basket MarketNo：1 StockIdx：514
[27344] 2025/11/20 09:35:33.906 Divide StockNo {4162}
[27344] 2025/11/20 09:35:33.906 Add Basket MarketNo：1 StockIdx：528
[27344] 2025/11/20 09:35:33.906 Divide StockNo {4736}
[27344] 2025/11/20 09:35:33.906 Add Basket MarketNo：0 StockIdx：34340
[27344] 2025/11/20 09:35:33.906 Divide StockNo {4743}
[27344] 2025/11/20 09:35:33.906 Add Basket MarketNo：1 StockIdx：619
[27344] 2025/11/20 09:35:33.906 Divide StockNo {4904}
[27344] 2025/11/20 09:35:33.906 Add Basket MarketNo：0 StockIdx：34351
[27344] 2025/11/20 09:35:33.906 Divide StockNo {4919}
[27344] 2025/11/20 09:35:33.907 Add Basket MarketNo：0 StockIdx：34356
[27344] 2025/11/20 09:35:33.907 Divide StockNo {4938}
[27344] 2025/11/20 09:35:33.907 Add Basket MarketNo：0 StockIdx：34361
[27344] 2025/11/20 09:35:33.907 Divide StockNo {4958}
[27344] 2025/11/20 09:35:33.907 Add Basket MarketNo：0 StockIdx：34367
[27344] 2025/11/20 09:35:33.907 Divide StockNo {5009}
[27344] 2025/11/20 09:35:33.907 Add Basket MarketNo：1 StockIdx：661
[27344] 2025/11/20 09:35:33.907 Divide StockNo {5269}
[27344] 2025/11/20 09:35:33.907 Add Basket MarketNo：0 StockIdx：34386
[27344] 2025/11/20 09:35:33.907 Divide StockNo {5274}
[27344] 2025/11/20 09:35:33.907 Add Basket MarketNo：1 StockIdx：695
[27344] 2025/11/20 09:35:33.907 Divide StockNo {5347}
[27344] 2025/11/20 09:35:33.907 Add Basket MarketNo：1 StockIdx：718
[27344] 2025/11/20 09:35:33.907 Divide StockNo {5371}
[27344] 2025/11/20 09:35:33.907 Add Basket MarketNo：1 StockIdx：725
[27344] 2025/11/20 09:35:33.907 Divide StockNo {5388}
[27344] 2025/11/20 09:35:33.907 Add Basket MarketNo：0 StockIdx：34393
[27344] 2025/11/20 09:35:33.907 Divide StockNo {5425}
[27344] 2025/11/20 09:35:33.907 Add Basket MarketNo：1 StockIdx：733
[27344] 2025/11/20 09:35:33.907 Divide StockNo {5457}
[27344] 2025/11/20 09:35:33.907 Add Basket MarketNo：1 StockIdx：745
[27344] 2025/11/20 09:35:33.907 Divide StockNo {5483}
[27344] 2025/11/20 09:35:33.907 Add Basket MarketNo：1 StockIdx：755
[27344] 2025/11/20 09:35:33.907 Divide StockNo {5534}
[27344] 2025/11/20 09:35:33.907 Add Basket MarketNo：0 StockIdx：34405
[27344] 2025/11/20 09:35:33.907 Divide StockNo {5871}
[27344] 2025/11/20 09:35:33.907 Add Basket MarketNo：0 StockIdx：34411
[27344] 2025/11/20 09:35:33.907 Divide StockNo {5876}
[27344] 2025/11/20 09:35:33.907 Add Basket MarketNo：0 StockIdx：34413
[27344] 2025/11/20 09:35:33.907 Divide StockNo {5880}
[27344] 2025/11/20 09:35:33.907 Add Basket MarketNo：0 StockIdx：34414
[27344] 2025/11/20 09:35:33.907 Divide StockNo {5904}
[27344] 2025/11/20 09:35:33.907 Add Basket MarketNo：1 StockIdx：789
[27344] 2025/11/20 09:35:33.907 Divide StockNo {6005}
[27344] 2025/11/20 09:35:33.907 Add Basket MarketNo：0 StockIdx：34417
[27344] 2025/11/20 09:35:33.907 Divide StockNo {6116}
[27344] 2025/11/20 09:35:33.907 Add Basket MarketNo：0 StockIdx：34422
[27344] 2025/11/20 09:35:33.907 Divide StockNo {6121}
[27344] 2025/11/20 09:35:33.907 Add Basket MarketNo：1 StockIdx：812
[27344] 2025/11/20 09:35:33.907 Divide StockNo {6139}
[27344] 2025/11/20 09:35:33.907 Add Basket MarketNo：0 StockIdx：34428
[27344] 2025/11/20 09:35:33.907 Divide StockNo {6147}
[27344] 2025/11/20 09:35:33.907 Add Basket MarketNo：1 StockIdx：830
[27344] 2025/11/20 09:35:33.907 Divide StockNo {6153}
[27344] 2025/11/20 09:35:33.907 Add Basket MarketNo：0 StockIdx：34432
[27344] 2025/11/20 09:35:33.907 Divide StockNo {6173}
[27344] 2025/11/20 09:35:33.907 Add Basket MarketNo：1 StockIdx：847
[27344] 2025/11/20 09:35:33.907 Divide StockNo {6176}
[27344] 2025/11/20 09:35:33.907 Add Basket MarketNo：0 StockIdx：34438
[27344] 2025/11/20 09:35:33.907 Divide StockNo {6182}
[27344] 2025/11/20 09:35:33.907 Add Basket MarketNo：1 StockIdx：855
[27344] 2025/11/20 09:35:33.907 Divide StockNo {6188}
[27344] 2025/11/20 09:35:33.907 Add Basket MarketNo：1 StockIdx：863
[27344] 2025/11/20 09:35:33.907 Divide StockNo {6213}
[27344] 2025/11/20 09:35:33.907 Add Basket MarketNo：0 StockIdx：34452
[27344] 2025/11/20 09:35:33.907 Divide StockNo {6223}
[27344] 2025/11/20 09:35:33.907 Add Basket MarketNo：1 StockIdx：889
[27344] 2025/11/20 09:35:33.907 Divide StockNo {6239}
[27344] 2025/11/20 09:35:33.907 Add Basket MarketNo：0 StockIdx：34461
[27344] 2025/11/20 09:35:33.907 Divide StockNo {6245}
[27344] 2025/11/20 09:35:33.907 Add Basket MarketNo：1 StockIdx：904
[27344] 2025/11/20 09:35:33.907 Divide StockNo {6257}
[27344] 2025/11/20 09:35:33.907 Add Basket MarketNo：0 StockIdx：34463
[27344] 2025/11/20 09:35:33.907 Divide StockNo {6269}
[27344] 2025/11/20 09:35:33.907 Add Basket MarketNo：0 StockIdx：34464
[27344] 2025/11/20 09:35:33.907 Divide StockNo {6271}
[27344] 2025/11/20 09:35:33.907 Add Basket MarketNo：0 StockIdx：34465
[27344] 2025/11/20 09:35:33.907 Divide StockNo {6274}
[27344] 2025/11/20 09:35:33.907 Add Basket MarketNo：1 StockIdx：916
[27344] 2025/11/20 09:35:33.908 Divide StockNo {6278}
[27344] 2025/11/20 09:35:33.908 Add Basket MarketNo：0 StockIdx：34467
[27344] 2025/11/20 09:35:33.908 Divide StockNo {6279}
[27344] 2025/11/20 09:35:33.908 Add Basket MarketNo：1 StockIdx：921
[27344] 2025/11/20 09:35:33.908 Divide StockNo {6282}
[27344] 2025/11/20 09:35:33.908 Add Basket MarketNo：0 StockIdx：34469
[27344] 2025/11/20 09:35:33.908 Divide StockNo {6285}
[27344] 2025/11/20 09:35:33.908 Add Basket MarketNo：0 StockIdx：34471
[27344] 2025/11/20 09:35:33.908 Divide StockNo {6414}
[27344] 2025/11/20 09:35:33.908 Add Basket MarketNo：0 StockIdx：34475
[27344] 2025/11/20 09:35:33.908 Divide StockNo {6443}
[27344] 2025/11/20 09:35:33.908 Add Basket MarketNo：0 StockIdx：34483
[27344] 2025/11/20 09:35:33.908 Divide StockNo {6472}
[27344] 2025/11/20 09:35:33.908 Add Basket MarketNo：0 StockIdx：34489
[27344] 2025/11/20 09:35:33.908 Divide StockNo {6488}
[27344] 2025/11/20 09:35:33.908 Add Basket MarketNo：1 StockIdx：956
[27344] 2025/11/20 09:35:33.908 Divide StockNo {6505}
[27344] 2025/11/20 09:35:33.908 Add Basket MarketNo：0 StockIdx：34493
[27344] 2025/11/20 09:35:33.908 Divide StockNo {6510}
[27344] 2025/11/20 09:35:33.908 Add Basket MarketNo：1 StockIdx：966
[27344] 2025/11/20 09:35:33.908 Divide StockNo {6526}
[27344] 2025/11/20 09:35:33.908 Add Basket MarketNo：0 StockIdx：34496
[27344] 2025/11/20 09:35:33.908 Divide StockNo {6547}
[27344] 2025/11/20 09:35:33.908 Add Basket MarketNo：1 StockIdx：981
[27344] 2025/11/20 09:35:33.908 Divide StockNo {6669}
[27344] 2025/11/20 09:35:33.908 Add Basket MarketNo：0 StockIdx：34525
[27344] 2025/11/20 09:35:33.908 Divide StockNo {6757}
[27344] 2025/11/20 09:35:33.908 Add Basket MarketNo：0 StockIdx：34542
[27344] 2025/11/20 09:35:33.908 Divide StockNo {6770}
[27344] 2025/11/20 09:35:33.908 Add Basket MarketNo：0 StockIdx：34544
[27344] 2025/11/20 09:35:33.908 Divide StockNo {8039}
[27344] 2025/11/20 09:35:33.908 Add Basket MarketNo：0 StockIdx：34621
[27344] 2025/11/20 09:35:33.908 Divide StockNo {8044}
[27344] 2025/11/20 09:35:33.908 Add Basket MarketNo：1 StockIdx：12473
[27344] 2025/11/20 09:35:33.908 Divide StockNo {8046}
[27344] 2025/11/20 09:35:33.908 Add Basket MarketNo：0 StockIdx：34623
[27344] 2025/11/20 09:35:33.908 Divide StockNo {8069}
[27344] 2025/11/20 09:35:33.908 Add Basket MarketNo：1 StockIdx：12485
[27344] 2025/11/20 09:35:33.908 Divide StockNo {8086}
[27344] 2025/11/20 09:35:33.908 Add Basket MarketNo：1 StockIdx：12494
[27344] 2025/11/20 09:35:33.908 Divide StockNo {8112}
[27344] 2025/11/20 09:35:33.908 Add Basket MarketNo：0 StockIdx：34632
[27344] 2025/11/20 09:35:33.908 Divide StockNo {8150}
[27344] 2025/11/20 09:35:33.908 Add Basket MarketNo：0 StockIdx：34636
[27344] 2025/11/20 09:35:33.908 Divide StockNo {8163}
[27344] 2025/11/20 09:35:33.908 Add Basket MarketNo：0 StockIdx：34638
[27344] 2025/11/20 09:35:33.908 Divide StockNo {8299}
[27344] 2025/11/20 09:35:33.908 Add Basket MarketNo：1 StockIdx：12533
[27344] 2025/11/20 09:35:33.908 Divide StockNo {8358}
[27344] 2025/11/20 09:35:33.908 Add Basket MarketNo：1 StockIdx：12539
[27344] 2025/11/20 09:35:33.908 Divide StockNo {8436}
[27344] 2025/11/20 09:35:33.908 Add Basket MarketNo：1 StockIdx：12564
[27344] 2025/11/20 09:35:33.908 Divide StockNo {8454}
[27344] 2025/11/20 09:35:33.908 Add Basket MarketNo：0 StockIdx：34657
[27344] 2025/11/20 09:35:33.908 Divide StockNo {9904}
[27344] 2025/11/20 09:35:33.908 Add Basket MarketNo：0 StockIdx：34686
[27344] 2025/11/20 09:35:33.908 Divide StockNo {9914}
[27344] 2025/11/20 09:35:33.908 Add Basket MarketNo：0 StockIdx：34694
[27344] 2025/11/20 09:35:33.908 Divide StockNo {9938}
[27344] 2025/11/20 09:35:33.908 Add Basket MarketNo：0 StockIdx：34710
[27344] 2025/11/20 09:35:33.908 Divide StockNo {9939}
[27344] 2025/11/20 09:35:33.908 Add Basket MarketNo：0 StockIdx：34711
[27344] 2025/11/20 09:35:33.908 Divide StockNo {9945}
[27344] 2025/11/20 09:35:33.908 Add Basket MarketNo：0 StockIdx：34718
[27344] 2025/11/20 09:35:33.908 Divide StockNo {9958}
[27344] 2025/11/20 09:35:33.908 Add Basket MarketNo：0 StockIdx：34721
[27344] 2025/11/20 09:35:33.908 Divide StockNo {TSE}
[27344] 2025/11/20 09:35:33.909 Stock Is Not Exist 
[27344] 2025/11/20 09:35:33.909 Divide StockNo {TSE23}
[27344] 2025/11/20 09:35:33.909 Add Basket MarketNo：0 StockIdx：35038
[27344] 2025/11/20 09:35:33.909 Divide StockNo {TSE28}
[27344] 2025/11/20 09:35:33.909 Add Basket MarketNo：0 StockIdx：35043
[27344] 2025/11/20 09:35:33.909 Divide StockNo {TWMC}
[27344] 2025/11/20 09:35:33.909 Stock Is Not Exist 
[27344] 2025/11/20 09:35:33.909 Return PageNo： 1 
[14956] 2025/11/20 09:42:03.027 Precheck/DistributedServer Query result is 000,分配成功
[14956] 2025/11/20 09:42:03.027 >> Host srvsolace-tp2.capital.com.tw
[14956] 2025/11/20 09:42:03.032 SKQuoteLib_EnterMonitor IP：srvsolace-tp2.capital.com.tw
[14956] 2025/11/20 09:42:03.145 OnSessionConnect，Code: 3001, Error Code:0.
[14956] 2025/11/20 09:42:03.177 SKQuoteLib_EnterMonitorLONG starting
[14956] 2025/11/20 09:42:03.178 OnConnection ( 3001 , 0 ) 
[14956] 2025/11/20 09:42:03.914 Market Info is OK!
[14956] 2025/11/20 09:42:04.006 Catalog info is OK!
[14956] 2025/11/20 09:42:07.462 Solace RequestInitializeData (TO_S_19,S_1F)
[14956] 2025/11/20 09:42:07.462 Solace RequestInitializeData (TO_S_19,S_1F)
[14956] 2025/11/20 09:42:07.463 OnConnection ( 3003 , 0 ) 
[14956] 2025/11/20 09:42:09.380 SKQuoteLib_RequestStocks (1 , CAF00, CBF00, CCF00, CDF00, CEF00, CFF00, CGF00, CHF00, CJF00, CKF00, CLF00, CMF00, CNF00, CQF00, CRF00, CSF00, CUF00, CWF00, CXF00, CYF00, CZF00, DAF00, DBF00, DCF00, DEF00, DFF00, DGF00, DHF00, DIF00, DJF00, DKF00, DLF00, DNF00, DOF00, DPF00, DQF00, DSF00, DVF00, DWF00, DXF00, DYF00, DZF00, EEF00, EGF00, EHF00, EKF00, EMF00, EPF00, EYF00, EZF00, FBF00, FCF00, FEF00, FFF00, FGF00, FKF00, FNF00, FQF00, FRF00, FSF00, FTF00, FVF00, FWF00, FYF00, FZF00, GAF00, GCF00, GHF00, GIF00, GJF00, GKF00, GLF00, GMF00, GNF00, GOF00, GRF00, GUF00, GVF00, GWF00, GXF00, GYF00, GZF00, HAF00, HBF00, HCF00, HHF00, HIF00, HLF00, HOF00, HQF00, HSF00, IAF00, IHF00, IIF00, IJF00, IMF00, IOF00, IPF00, IQF00, IRF00, ITF00, IXF00, IYF00, IZF00, JBF00, JFF00, JMF00, JNF00, JPF00, JSF00, JWF00, JXF00, JZF00, KAF00, KBF00, KCF00, KDF00, KEF00, KFF00, KGF00, KIF00, KKF00, KLF00, KOF00, KPF00, KSF00, KUF00, KWF00, LBF00, LCF00, LEF00, LIF00, LMF00, LOF00, LQF00, LRF00, LTF00, LUF00, LVF00, LWF00, LXF00, LYF00, MAF00, MBF00, MJF00, MKF00, MQF00, MVF00, MYF00, NAF00, NBF00, NDF00, NEF00, NGF00, NIF00, NJF00, NLF00, NMF00, NOF00, NQF00, NSF00, NUF00, NVF00, NWF00, NYF00, OAF00, OBF00, ODF00, OEF00, OHF00, OJF00, OKF00, OLF00, OMF00, OOF00, OPF00, OQF00, ORF00, OSF00, OTF00, OUF00, OVF00, OWF00, OXF00, OYF00, OZF00, PAF00, PBF00, PCF00, PDF00, PEF00, PFF00, PGF00, PHF00, PIF00, PJF00, PKF00, PLF00, PMF00, PNF00, PPF00, PQF00, PRF00, PSF00, PTF00, PUF00, PVF00, PWF00, PXF00, PYF00, PZF00, QAF00, QBF00, QCF00, QDF00, QEF00, QFF00, QGF00, QHF00, QIF00, QJF00, QKF00, QLF00, QMF00, QNF00, QOF00, QPF00, QQF00, QRF00, QSF00, QTF00, QUF00, QVF00, QWF00, QXF00, QYF00, QZF00, RAF00, RBF00, RCF00, RDF00, REF00, RFF00, RGF00, RIF00, RJF00, RKF00, RLF00, RMF00, RNF00, ROF00, RPF00, RQF00, RRF00, RSF00, RUF00, RVF00, RWF00, RXF00, RYF00, RZF00, SAF00, SBF00, SCF00, SDF00, SEF00, SFF00, SGF00, SIF00, SJF00, SKF00, SLF00, SMF00, SNF00, SQF00, SRF00, SSF00, SUF00, SVF00, SWF00, SYF00, SZF00, UAF00, UBF00, UCF00, UEF00, UFF00, UGF00, UHF00, UIF00, UJF00, UKF00, ULF00, UMF00, UOF00, UPF00, UQF00, URF00, USF00, UTF00, UUF00, UVF00, UWF00, 0050, 0056, 006205, 006206, 00636, 00639, 00643, 00679B, 00687B, 00719B, 00757, 00772B, 00878, 00885, 00893, 00919, 00923, 00929, 00937B, 00940, 1101, 1102, 1210, 1216, 1301, 1303, 1312, 1314, 1319, 1326, 1402, 1440, 1476, 1477, 1503, 1504, 1513, 1536, 1565, 1590, 1605, 1609, 1707, 1717, 1718, 1722, 1795, 1802, 1904, 1905, 1907, 1909, 2002, 2006, 2014, 2027, 2049, 2059, 2105, 2201, 2231, 2301, 2303, 2308, 2312, 2313, 2317, 2323, 2324, 2327, 2328, 2330, 2331, 2332, 2337, 2338, 2340, 2344, 2345, 2347, 2352, 2353, 2354, 2355, 2356, 2357, 2360, 2368, 2371, 2376, 2377, 2379, 2382, 2383, 2385, 2388, 2392, 2393, 2401, 2404, 2408, 2409, 2412, 2439, 2441, 2449, 2454, 2455, 2457, 2458, 2474, 2481, 2485, 2486, 2489, 2492, 2498, 2515, 2520, 2542, 2548, 2603, 2605, 2606, 2609, 2610, 2615, 2618, 2633, 2634, 2801, 2834, 2880, 2881, 2882, 2883, 2884, 2885, 2886, 2887, 2888, 2890, 2891, 2892, 2913, 2915, 3005, 3006, 3008, 3017, 3019, 3034, 3035, 3036, 3037, 3042, 3044, 3045, 3078, 3081, 3105, 3152, 3189, 3227, 3231, 3260, 3264, 3293, 3324, 3374, 3376, 3380, 3406, 3443, 3481, 3529, 3532, 3533, 3552, 3653, 3661, 3673, 3680, 3691, 3702, 3706, 3711, 3714, 4123, 4128, 4162, 4736, 4743, 4904, 4919, 4938, 4958, 5009, 5269, 5274, 5347, 5371, 5388, 5425, 5457, 5483, 5534, 5871, 5876, 5880, 5904, 6005, 6116, 6121, 6139, 6147, 6153, 6173, 6176, 6182, 6188, 6213, 6223, 6239, 6245, 6257, 6269, 6271, 6274, 6278, 6279, 6282, 6285, 6414, 6443, 6472, 6488, 6505, 6510, 6526, 6547, 6669, 6757, 6770, 8039, 8044, 8046, 8069, 8086, 8112, 8150, 8163, 8299, 8358, 8436, 8454, 9904, 9914, 9938, 9939, 9945, 9958, TSE, TSE23, TSE28, TWMC)
[14956] 2025/11/20 09:42:09.384 Divide StockNo {CAF00}
[14956] 2025/11/20 09:42:09.384 Add Basket MarketNo：2 StockIdx：704
[14956] 2025/11/20 09:42:09.384 Divide StockNo {CBF00}
[14956] 2025/11/20 09:42:09.384 Add Basket MarketNo：2 StockIdx：710
[14956] 2025/11/20 09:42:09.384 Divide StockNo {CCF00}
[14956] 2025/11/20 09:42:09.384 Add Basket MarketNo：2 StockIdx：120
[14956] 2025/11/20 09:42:09.384 Divide StockNo {CDF00}
[14956] 2025/11/20 09:42:09.384 Add Basket MarketNo：2 StockIdx：126
[14956] 2025/11/20 09:42:09.384 Divide StockNo {CEF00}
[14956] 2025/11/20 09:42:09.384 Add Basket MarketNo：2 StockIdx：728
[14956] 2025/11/20 09:42:09.384 Divide StockNo {CFF00}
[14956] 2025/11/20 09:42:09.384 Add Basket MarketNo：2 StockIdx：736
[14956] 2025/11/20 09:42:09.384 Divide StockNo {CGF00}
[14956] 2025/11/20 09:42:09.384 Add Basket MarketNo：2 StockIdx：742
[14956] 2025/11/20 09:42:09.384 Divide StockNo {CHF00}
[14956] 2025/11/20 09:42:09.384 Add Basket MarketNo：2 StockIdx：748
[14956] 2025/11/20 09:42:09.384 Divide StockNo {CJF00}
[14956] 2025/11/20 09:42:09.384 Add Basket MarketNo：2 StockIdx：754
[14956] 2025/11/20 09:42:09.384 Divide StockNo {CKF00}
[14956] 2025/11/20 09:42:09.384 Add Basket MarketNo：2 StockIdx：760
[14956] 2025/11/20 09:42:09.384 Divide StockNo {CLF00}
[14956] 2025/11/20 09:42:09.384 Add Basket MarketNo：2 StockIdx：766
[14956] 2025/11/20 09:42:09.384 Divide StockNo {CMF00}
[14956] 2025/11/20 09:42:09.384 Add Basket MarketNo：2 StockIdx：772
[14956] 2025/11/20 09:42:09.384 Divide StockNo {CNF00}
[14956] 2025/11/20 09:42:09.385 Add Basket MarketNo：2 StockIdx：778
[14956] 2025/11/20 09:42:09.385 Divide StockNo {CQF00}
[14956] 2025/11/20 09:42:09.385 Add Basket MarketNo：2 StockIdx：784
[14956] 2025/11/20 09:42:09.385 Divide StockNo {CRF00}
[14956] 2025/11/20 09:42:09.385 Add Basket MarketNo：2 StockIdx：790
[14956] 2025/11/20 09:42:09.385 Divide StockNo {CSF00}
[14956] 2025/11/20 09:42:09.385 Add Basket MarketNo：2 StockIdx：796
[14956] 2025/11/20 09:42:09.385 Divide StockNo {CUF00}
[14956] 2025/11/20 09:42:09.385 Add Basket MarketNo：2 StockIdx：802
[14956] 2025/11/20 09:42:09.385 Divide StockNo {CWF00}
[14956] 2025/11/20 09:42:09.385 Add Basket MarketNo：2 StockIdx：808
[14956] 2025/11/20 09:42:09.385 Divide StockNo {CXF00}
[14956] 2025/11/20 09:42:09.385 Add Basket MarketNo：2 StockIdx：816
[14956] 2025/11/20 09:42:09.385 Divide StockNo {CYF00}
[14956] 2025/11/20 09:42:09.385 Add Basket MarketNo：2 StockIdx：822
[14956] 2025/11/20 09:42:09.385 Divide StockNo {CZF00}
[14956] 2025/11/20 09:42:09.385 Add Basket MarketNo：2 StockIdx：828
[14956] 2025/11/20 09:42:09.385 Divide StockNo {DAF00}
[14956] 2025/11/20 09:42:09.385 Add Basket MarketNo：2 StockIdx：834
[14956] 2025/11/20 09:42:09.385 Divide StockNo {DBF00}
[14956] 2025/11/20 09:42:09.385 Add Basket MarketNo：2 StockIdx：840
[14956] 2025/11/20 09:42:09.385 Divide StockNo {DCF00}
[14956] 2025/11/20 09:42:09.385 Add Basket MarketNo：2 StockIdx：846
[14956] 2025/11/20 09:42:09.385 Divide StockNo {DEF00}
[14956] 2025/11/20 09:42:09.385 Add Basket MarketNo：2 StockIdx：854
[14956] 2025/11/20 09:42:09.385 Divide StockNo {DFF00}
[14956] 2025/11/20 09:42:09.385 Add Basket MarketNo：2 StockIdx：863
[14956] 2025/11/20 09:42:09.385 Divide StockNo {DGF00}
[14956] 2025/11/20 09:42:09.385 Add Basket MarketNo：2 StockIdx：869
[14956] 2025/11/20 09:42:09.385 Divide StockNo {DHF00}
[14956] 2025/11/20 09:42:09.385 Add Basket MarketNo：2 StockIdx：875
[14956] 2025/11/20 09:42:09.385 Divide StockNo {DIF00}
[14956] 2025/11/20 09:42:09.385 Add Basket MarketNo：2 StockIdx：881
[14956] 2025/11/20 09:42:09.385 Divide StockNo {DJF00}
[14956] 2025/11/20 09:42:09.385 Add Basket MarketNo：2 StockIdx：887
[14956] 2025/11/20 09:42:09.385 Divide StockNo {DKF00}
[14956] 2025/11/20 09:42:09.385 Add Basket MarketNo：2 StockIdx：893
[14956] 2025/11/20 09:42:09.385 Divide StockNo {DLF00}
[14956] 2025/11/20 09:42:09.385 Add Basket MarketNo：2 StockIdx：899
[14956] 2025/11/20 09:42:09.385 Divide StockNo {DNF00}
[14956] 2025/11/20 09:42:09.385 Add Basket MarketNo：2 StockIdx：905
[14956] 2025/11/20 09:42:09.385 Divide StockNo {DOF00}
[14956] 2025/11/20 09:42:09.385 Add Basket MarketNo：2 StockIdx：913
[14956] 2025/11/20 09:42:09.385 Divide StockNo {DPF00}
[14956] 2025/11/20 09:42:09.385 Add Basket MarketNo：2 StockIdx：919
[14956] 2025/11/20 09:42:09.385 Divide StockNo {DQF00}
[14956] 2025/11/20 09:42:09.385 Add Basket MarketNo：2 StockIdx：925
[14956] 2025/11/20 09:42:09.385 Divide StockNo {DSF00}
[14956] 2025/11/20 09:42:09.385 Add Basket MarketNo：2 StockIdx：931
[14956] 2025/11/20 09:42:09.385 Divide StockNo {DVF00}
[14956] 2025/11/20 09:42:09.385 Add Basket MarketNo：2 StockIdx：937
[14956] 2025/11/20 09:42:09.385 Divide StockNo {DWF00}
[14956] 2025/11/20 09:42:09.385 Add Basket MarketNo：2 StockIdx：943
[14956] 2025/11/20 09:42:09.385 Divide StockNo {DXF00}
[14956] 2025/11/20 09:42:09.385 Add Basket MarketNo：2 StockIdx：949
[14956] 2025/11/20 09:42:09.385 Divide StockNo {DYF00}
[14956] 2025/11/20 09:42:09.385 Add Basket MarketNo：2 StockIdx：955
[14956] 2025/11/20 09:42:09.385 Divide StockNo {DZF00}
[14956] 2025/11/20 09:42:09.385 Add Basket MarketNo：2 StockIdx：961
[14956] 2025/11/20 09:42:09.385 Divide StockNo {EEF00}
[14956] 2025/11/20 09:42:09.385 Add Basket MarketNo：2 StockIdx：967
[14956] 2025/11/20 09:42:09.385 Divide StockNo {EGF00}
[14956] 2025/11/20 09:42:09.385 Add Basket MarketNo：2 StockIdx：973
[14956] 2025/11/20 09:42:09.385 Divide StockNo {EHF00}
[14956] 2025/11/20 09:42:09.385 Add Basket MarketNo：2 StockIdx：979
[14956] 2025/11/20 09:42:09.386 Divide StockNo {EKF00}
[14956] 2025/11/20 09:42:09.386 Add Basket MarketNo：2 StockIdx：985
[14956] 2025/11/20 09:42:09.386 Divide StockNo {EMF00}
[14956] 2025/11/20 09:42:09.386 Add Basket MarketNo：2 StockIdx：991
[14956] 2025/11/20 09:42:09.386 Divide StockNo {EPF00}
[14956] 2025/11/20 09:42:09.386 Add Basket MarketNo：2 StockIdx：997
[14956] 2025/11/20 09:42:09.386 Divide StockNo {EYF00}
[14956] 2025/11/20 09:42:09.386 Add Basket MarketNo：2 StockIdx：1003
[14956] 2025/11/20 09:42:09.386 Divide StockNo {EZF00}
[14956] 2025/11/20 09:42:09.386 Add Basket MarketNo：2 StockIdx：1009
[14956] 2025/11/20 09:42:09.386 Divide StockNo {FBF00}
[14956] 2025/11/20 09:42:09.386 Add Basket MarketNo：2 StockIdx：1015
[14956] 2025/11/20 09:42:09.386 Divide StockNo {FCF00}
[14956] 2025/11/20 09:42:09.386 Add Basket MarketNo：2 StockIdx：1021
[14956] 2025/11/20 09:42:09.386 Divide StockNo {FEF00}
[14956] 2025/11/20 09:42:09.386 Add Basket MarketNo：2 StockIdx：1025
[14956] 2025/11/20 09:42:09.386 Divide StockNo {FFF00}
[14956] 2025/11/20 09:42:09.386 Add Basket MarketNo：2 StockIdx：1033
[14956] 2025/11/20 09:42:09.386 Divide StockNo {FGF00}
[14956] 2025/11/20 09:42:09.386 Add Basket MarketNo：2 StockIdx：1039
[14956] 2025/11/20 09:42:09.386 Divide StockNo {FKF00}
[14956] 2025/11/20 09:42:09.386 Add Basket MarketNo：2 StockIdx：1045
[14956] 2025/11/20 09:42:09.386 Divide StockNo {FNF00}
[14956] 2025/11/20 09:42:09.386 Add Basket MarketNo：2 StockIdx：1051
[14956] 2025/11/20 09:42:09.386 Divide StockNo {FQF00}
[14956] 2025/11/20 09:42:09.386 Add Basket MarketNo：2 StockIdx：1057
[14956] 2025/11/20 09:42:09.386 Divide StockNo {FRF00}
[14956] 2025/11/20 09:42:09.386 Add Basket MarketNo：2 StockIdx：1063
[14956] 2025/11/20 09:42:09.386 Divide StockNo {FSF00}
[14956] 2025/11/20 09:42:09.386 Add Basket MarketNo：2 StockIdx：1069
[14956] 2025/11/20 09:42:09.386 Divide StockNo {FTF00}
[14956] 2025/11/20 09:42:09.386 Add Basket MarketNo：2 StockIdx：1075
[14956] 2025/11/20 09:42:09.386 Divide StockNo {FVF00}
[14956] 2025/11/20 09:42:09.386 Add Basket MarketNo：2 StockIdx：1081
[14956] 2025/11/20 09:42:09.386 Divide StockNo {FWF00}
[14956] 2025/11/20 09:42:09.386 Add Basket MarketNo：2 StockIdx：1087
[14956] 2025/11/20 09:42:09.386 Divide StockNo {FYF00}
[14956] 2025/11/20 09:42:09.386 Add Basket MarketNo：2 StockIdx：1093
[14956] 2025/11/20 09:42:09.386 Divide StockNo {FZF00}
[14956] 2025/11/20 09:42:09.386 Add Basket MarketNo：2 StockIdx：1099
[14956] 2025/11/20 09:42:09.386 Divide StockNo {GAF00}
[14956] 2025/11/20 09:42:09.386 Add Basket MarketNo：2 StockIdx：1105
[14956] 2025/11/20 09:42:09.386 Divide StockNo {GCF00}
[14956] 2025/11/20 09:42:09.386 Add Basket MarketNo：2 StockIdx：1111
[14956] 2025/11/20 09:42:09.386 Divide StockNo {GHF00}
[14956] 2025/11/20 09:42:09.386 Add Basket MarketNo：2 StockIdx：1117
[14956] 2025/11/20 09:42:09.386 Divide StockNo {GIF00}
[14956] 2025/11/20 09:42:09.386 Add Basket MarketNo：2 StockIdx：1123
[14956] 2025/11/20 09:42:09.386 Divide StockNo {GJF00}
[14956] 2025/11/20 09:42:09.386 Add Basket MarketNo：2 StockIdx：1129
[14956] 2025/11/20 09:42:09.386 Divide StockNo {GKF00}
[14956] 2025/11/20 09:42:09.386 Add Basket MarketNo：2 StockIdx：1135
[14956] 2025/11/20 09:42:09.386 Divide StockNo {GLF00}
[14956] 2025/11/20 09:42:09.386 Add Basket MarketNo：2 StockIdx：1141
[14956] 2025/11/20 09:42:09.386 Divide StockNo {GMF00}
[14956] 2025/11/20 09:42:09.386 Add Basket MarketNo：2 StockIdx：1147
[14956] 2025/11/20 09:42:09.386 Divide StockNo {GNF00}
[14956] 2025/11/20 09:42:09.386 Add Basket MarketNo：2 StockIdx：1153
[14956] 2025/11/20 09:42:09.386 Divide StockNo {GOF00}
[14956] 2025/11/20 09:42:09.386 Add Basket MarketNo：2 StockIdx：1159
[14956] 2025/11/20 09:42:09.386 Divide StockNo {GRF00}
[14956] 2025/11/20 09:42:09.386 Add Basket MarketNo：2 StockIdx：1165
[14956] 2025/11/20 09:42:09.386 Divide StockNo {GUF00}
[14956] 2025/11/20 09:42:09.386 Add Basket MarketNo：2 StockIdx：1171
[14956] 2025/11/20 09:42:09.387 Divide StockNo {GVF00}
[14956] 2025/11/20 09:42:09.387 Add Basket MarketNo：2 StockIdx：1177
[14956] 2025/11/20 09:42:09.387 Divide StockNo {GWF00}
[14956] 2025/11/20 09:42:09.387 Add Basket MarketNo：2 StockIdx：1183
[14956] 2025/11/20 09:42:09.387 Divide StockNo {GXF00}
[14956] 2025/11/20 09:42:09.387 Add Basket MarketNo：2 StockIdx：1189
[14956] 2025/11/20 09:42:09.387 Divide StockNo {GYF00}
[14956] 2025/11/20 09:42:09.387 Add Basket MarketNo：2 StockIdx：1195
[14956] 2025/11/20 09:42:09.387 Divide StockNo {GZF00}
[14956] 2025/11/20 09:42:09.387 Add Basket MarketNo：2 StockIdx：1201
[14956] 2025/11/20 09:42:09.387 Divide StockNo {HAF00}
[14956] 2025/11/20 09:42:09.387 Add Basket MarketNo：2 StockIdx：1207
[14956] 2025/11/20 09:42:09.387 Divide StockNo {HBF00}
[14956] 2025/11/20 09:42:09.387 Add Basket MarketNo：2 StockIdx：1217
[14956] 2025/11/20 09:42:09.387 Divide StockNo {HCF00}
[14956] 2025/11/20 09:42:09.387 Add Basket MarketNo：2 StockIdx：1223
[14956] 2025/11/20 09:42:09.387 Divide StockNo {HHF00}
[14956] 2025/11/20 09:42:09.387 Add Basket MarketNo：2 StockIdx：1229
[14956] 2025/11/20 09:42:09.387 Divide StockNo {HIF00}
[14956] 2025/11/20 09:42:09.387 Add Basket MarketNo：2 StockIdx：1239
[14956] 2025/11/20 09:42:09.387 Divide StockNo {HLF00}
[14956] 2025/11/20 09:42:09.387 Add Basket MarketNo：2 StockIdx：1245
[14956] 2025/11/20 09:42:09.387 Divide StockNo {HOF00}
[14956] 2025/11/20 09:42:09.387 Add Basket MarketNo：2 StockIdx：1255
[14956] 2025/11/20 09:42:09.387 Divide StockNo {HQF00}
[14956] 2025/11/20 09:42:09.387 Add Basket MarketNo：2 StockIdx：1261
[14956] 2025/11/20 09:42:09.387 Divide StockNo {HSF00}
[14956] 2025/11/20 09:42:09.387 Add Basket MarketNo：2 StockIdx：1267
[14956] 2025/11/20 09:42:09.387 Divide StockNo {IAF00}
[14956] 2025/11/20 09:42:09.387 Add Basket MarketNo：2 StockIdx：1273
[14956] 2025/11/20 09:42:09.387 Divide StockNo {IHF00}
[14956] 2025/11/20 09:42:09.387 Add Basket MarketNo：2 StockIdx：1282
[14956] 2025/11/20 09:42:09.387 Divide StockNo {IIF00}
[14956] 2025/11/20 09:42:09.387 Add Basket MarketNo：2 StockIdx：1288
[14956] 2025/11/20 09:42:09.387 Divide StockNo {IJF00}
[14956] 2025/11/20 09:42:09.387 Add Basket MarketNo：2 StockIdx：1294
[14956] 2025/11/20 09:42:09.387 Divide StockNo {IMF00}
[14956] 2025/11/20 09:42:09.387 Add Basket MarketNo：2 StockIdx：1300
[14956] 2025/11/20 09:42:09.387 Divide StockNo {IOF00}
[14956] 2025/11/20 09:42:09.387 Add Basket MarketNo：2 StockIdx：1306
[14956] 2025/11/20 09:42:09.387 Divide StockNo {IPF00}
[14956] 2025/11/20 09:42:09.387 Add Basket MarketNo：2 StockIdx：1312
[14956] 2025/11/20 09:42:09.387 Divide StockNo {IQF00}
[14956] 2025/11/20 09:42:09.387 Add Basket MarketNo：2 StockIdx：1318
[14956] 2025/11/20 09:42:09.387 Divide StockNo {IRF00}
[14956] 2025/11/20 09:42:09.387 Add Basket MarketNo：2 StockIdx：1324
[14956] 2025/11/20 09:42:09.387 Divide StockNo {ITF00}
[14956] 2025/11/20 09:42:09.387 Add Basket MarketNo：2 StockIdx：1334
[14956] 2025/11/20 09:42:09.387 Divide StockNo {IXF00}
[14956] 2025/11/20 09:42:09.387 Add Basket MarketNo：2 StockIdx：1340
[14956] 2025/11/20 09:42:09.387 Divide StockNo {IYF00}
[14956] 2025/11/20 09:42:09.387 Add Basket MarketNo：2 StockIdx：1346
[14956] 2025/11/20 09:42:09.387 Divide StockNo {IZF00}
[14956] 2025/11/20 09:42:09.387 Add Basket MarketNo：2 StockIdx：1352
[14956] 2025/11/20 09:42:09.387 Divide StockNo {JBF00}
[14956] 2025/11/20 09:42:09.387 Add Basket MarketNo：2 StockIdx：1358
[14956] 2025/11/20 09:42:09.387 Divide StockNo {JFF00}
[14956] 2025/11/20 09:42:09.387 Add Basket MarketNo：2 StockIdx：1364
[14956] 2025/11/20 09:42:09.387 Divide StockNo {JMF00}
[14956] 2025/11/20 09:42:09.387 Add Basket MarketNo：2 StockIdx：1370
[14956] 2025/11/20 09:42:09.387 Divide StockNo {JNF00}
[14956] 2025/11/20 09:42:09.387 Add Basket MarketNo：2 StockIdx：1376
[14956] 2025/11/20 09:42:09.387 Divide StockNo {JPF00}
[14956] 2025/11/20 09:42:09.387 Add Basket MarketNo：2 StockIdx：1382
[14956] 2025/11/20 09:42:09.387 Divide StockNo {JSF00}
[14956] 2025/11/20 09:42:09.387 Add Basket MarketNo：2 StockIdx：1388
[14956] 2025/11/20 09:42:09.388 Divide StockNo {JWF00}
[14956] 2025/11/20 09:42:09.388 Add Basket MarketNo：2 StockIdx：1394
[14956] 2025/11/20 09:42:09.388 Divide StockNo {JXF00}
[14956] 2025/11/20 09:42:09.388 Add Basket MarketNo：2 StockIdx：1400
[14956] 2025/11/20 09:42:09.388 Divide StockNo {JZF00}
[14956] 2025/11/20 09:42:09.388 Add Basket MarketNo：2 StockIdx：1406
[14956] 2025/11/20 09:42:09.388 Divide StockNo {KAF00}
[14956] 2025/11/20 09:42:09.388 Add Basket MarketNo：2 StockIdx：1412
[14956] 2025/11/20 09:42:09.388 Divide StockNo {KBF00}
[14956] 2025/11/20 09:42:09.388 Add Basket MarketNo：2 StockIdx：1418
[14956] 2025/11/20 09:42:09.388 Divide StockNo {KCF00}
[14956] 2025/11/20 09:42:09.388 Add Basket MarketNo：2 StockIdx：1424
[14956] 2025/11/20 09:42:09.388 Divide StockNo {KDF00}
[14956] 2025/11/20 09:42:09.388 Add Basket MarketNo：2 StockIdx：1430
[14956] 2025/11/20 09:42:09.388 Divide StockNo {KEF00}
[14956] 2025/11/20 09:42:09.388 Add Basket MarketNo：2 StockIdx：1436
[14956] 2025/11/20 09:42:09.388 Divide StockNo {KFF00}
[14956] 2025/11/20 09:42:09.388 Add Basket MarketNo：2 StockIdx：1442
[14956] 2025/11/20 09:42:09.388 Divide StockNo {KGF00}
[14956] 2025/11/20 09:42:09.388 Add Basket MarketNo：2 StockIdx：1448
[14956] 2025/11/20 09:42:09.388 Divide StockNo {KIF00}
[14956] 2025/11/20 09:42:09.388 Add Basket MarketNo：2 StockIdx：1454
[14956] 2025/11/20 09:42:09.388 Divide StockNo {KKF00}
[14956] 2025/11/20 09:42:09.388 Add Basket MarketNo：2 StockIdx：1460
[14956] 2025/11/20 09:42:09.388 Divide StockNo {KLF00}
[14956] 2025/11/20 09:42:09.388 Add Basket MarketNo：2 StockIdx：1466
[14956] 2025/11/20 09:42:09.388 Divide StockNo {KOF00}
[14956] 2025/11/20 09:42:09.388 Add Basket MarketNo：2 StockIdx：1472
[14956] 2025/11/20 09:42:09.388 Divide StockNo {KPF00}
[14956] 2025/11/20 09:42:09.388 Add Basket MarketNo：2 StockIdx：1478
[14956] 2025/11/20 09:42:09.388 Divide StockNo {KSF00}
[14956] 2025/11/20 09:42:09.388 Add Basket MarketNo：2 StockIdx：1484
[14956] 2025/11/20 09:42:09.388 Divide StockNo {KUF00}
[14956] 2025/11/20 09:42:09.388 Add Basket MarketNo：2 StockIdx：1490
[14956] 2025/11/20 09:42:09.388 Divide StockNo {KWF00}
[14956] 2025/11/20 09:42:09.388 Add Basket MarketNo：2 StockIdx：1496
[14956] 2025/11/20 09:42:09.388 Divide StockNo {LBF00}
[14956] 2025/11/20 09:42:09.388 Add Basket MarketNo：2 StockIdx：1502
[14956] 2025/11/20 09:42:09.388 Divide StockNo {LCF00}
[14956] 2025/11/20 09:42:09.388 Add Basket MarketNo：2 StockIdx：1508
[14956] 2025/11/20 09:42:09.388 Divide StockNo {LEF00}
[14956] 2025/11/20 09:42:09.388 Add Basket MarketNo：2 StockIdx：1514
[14956] 2025/11/20 09:42:09.388 Divide StockNo {LIF00}
[14956] 2025/11/20 09:42:09.388 Add Basket MarketNo：2 StockIdx：1520
[14956] 2025/11/20 09:42:09.388 Divide StockNo {LMF00}
[14956] 2025/11/20 09:42:09.388 Add Basket MarketNo：2 StockIdx：1526
[14956] 2025/11/20 09:42:09.388 Divide StockNo {LOF00}
[14956] 2025/11/20 09:42:09.388 Add Basket MarketNo：2 StockIdx：1532
[14956] 2025/11/20 09:42:09.388 Divide StockNo {LQF00}
[14956] 2025/11/20 09:42:09.388 Add Basket MarketNo：2 StockIdx：1538
[14956] 2025/11/20 09:42:09.388 Divide StockNo {LRF00}
[14956] 2025/11/20 09:42:09.388 Add Basket MarketNo：2 StockIdx：1544
[14956] 2025/11/20 09:42:09.388 Divide StockNo {LTF00}
[14956] 2025/11/20 09:42:09.388 Add Basket MarketNo：2 StockIdx：1553
[14956] 2025/11/20 09:42:09.388 Divide StockNo {LUF00}
[14956] 2025/11/20 09:42:09.388 Add Basket MarketNo：2 StockIdx：1559
[14956] 2025/11/20 09:42:09.388 Divide StockNo {LVF00}
[14956] 2025/11/20 09:42:09.388 Add Basket MarketNo：2 StockIdx：1565
[14956] 2025/11/20 09:42:09.388 Divide StockNo {LWF00}
[14956] 2025/11/20 09:42:09.388 Add Basket MarketNo：2 StockIdx：1574
[14956] 2025/11/20 09:42:09.388 Divide StockNo {LXF00}
[14956] 2025/11/20 09:42:09.388 Add Basket MarketNo：2 StockIdx：1580
[14956] 2025/11/20 09:42:09.388 Divide StockNo {LYF00}
[14956] 2025/11/20 09:42:09.388 Add Basket MarketNo：2 StockIdx：1587
[14956] 2025/11/20 09:42:09.388 Divide StockNo {MAF00}
[14956] 2025/11/20 09:42:09.388 Add Basket MarketNo：2 StockIdx：1593
[14956] 2025/11/20 09:42:09.388 Divide StockNo {MBF00}
[14956] 2025/11/20 09:42:09.389 Add Basket MarketNo：2 StockIdx：1596
[14956] 2025/11/20 09:42:09.389 Divide StockNo {MJF00}
[14956] 2025/11/20 09:42:09.389 Add Basket MarketNo：2 StockIdx：1602
[14956] 2025/11/20 09:42:09.389 Divide StockNo {MKF00}
[14956] 2025/11/20 09:42:09.389 Add Basket MarketNo：2 StockIdx：1608
[14956] 2025/11/20 09:42:09.389 Divide StockNo {MQF00}
[14956] 2025/11/20 09:42:09.389 Add Basket MarketNo：2 StockIdx：1614
[14956] 2025/11/20 09:42:09.389 Divide StockNo {MVF00}
[14956] 2025/11/20 09:42:09.389 Add Basket MarketNo：2 StockIdx：1620
[14956] 2025/11/20 09:42:09.389 Divide StockNo {MYF00}
[14956] 2025/11/20 09:42:09.389 Add Basket MarketNo：2 StockIdx：1626
[14956] 2025/11/20 09:42:09.389 Divide StockNo {NAF00}
[14956] 2025/11/20 09:42:09.389 Add Basket MarketNo：2 StockIdx：1632
[14956] 2025/11/20 09:42:09.389 Divide StockNo {NBF00}
[14956] 2025/11/20 09:42:09.389 Add Basket MarketNo：2 StockIdx：1638
[14956] 2025/11/20 09:42:09.389 Divide StockNo {NDF00}
[14956] 2025/11/20 09:42:09.389 Add Basket MarketNo：2 StockIdx：1644
[14956] 2025/11/20 09:42:09.389 Divide StockNo {NEF00}
[14956] 2025/11/20 09:42:09.389 Add Basket MarketNo：2 StockIdx：1650
[14956] 2025/11/20 09:42:09.389 Divide StockNo {NGF00}
[14956] 2025/11/20 09:42:09.389 Add Basket MarketNo：2 StockIdx：1656
[14956] 2025/11/20 09:42:09.389 Divide StockNo {NIF00}
[14956] 2025/11/20 09:42:09.389 Add Basket MarketNo：2 StockIdx：1662
[14956] 2025/11/20 09:42:09.389 Divide StockNo {NJF00}
[14956] 2025/11/20 09:42:09.389 Add Basket MarketNo：2 StockIdx：1668
[14956] 2025/11/20 09:42:09.389 Divide StockNo {NLF00}
[14956] 2025/11/20 09:42:09.389 Add Basket MarketNo：2 StockIdx：1674
[14956] 2025/11/20 09:42:09.389 Divide StockNo {NMF00}
[14956] 2025/11/20 09:42:09.389 Add Basket MarketNo：2 StockIdx：1680
[14956] 2025/11/20 09:42:09.389 Divide StockNo {NOF00}
[14956] 2025/11/20 09:42:09.389 Add Basket MarketNo：2 StockIdx：1686
[14956] 2025/11/20 09:42:09.389 Divide StockNo {NQF00}
[14956] 2025/11/20 09:42:09.389 Add Basket MarketNo：2 StockIdx：1692
[14956] 2025/11/20 09:42:09.389 Divide StockNo {NSF00}
[14956] 2025/11/20 09:42:09.389 Add Basket MarketNo：2 StockIdx：1698
[14956] 2025/11/20 09:42:09.389 Divide StockNo {NUF00}
[14956] 2025/11/20 09:42:09.389 Add Basket MarketNo：2 StockIdx：1704
[14956] 2025/11/20 09:42:09.389 Divide StockNo {NVF00}
[14956] 2025/11/20 09:42:09.389 Add Basket MarketNo：2 StockIdx：1710
[14956] 2025/11/20 09:42:09.389 Divide StockNo {NWF00}
[14956] 2025/11/20 09:42:09.389 Add Basket MarketNo：2 StockIdx：1716
[14956] 2025/11/20 09:42:09.389 Divide StockNo {NYF00}
[14956] 2025/11/20 09:42:09.389 Add Basket MarketNo：2 StockIdx：132
[14956] 2025/11/20 09:42:09.389 Divide StockNo {OAF00}
[14956] 2025/11/20 09:42:09.389 Add Basket MarketNo：2 StockIdx：1728
[14956] 2025/11/20 09:42:09.389 Divide StockNo {OBF00}
[14956] 2025/11/20 09:42:09.389 Add Basket MarketNo：2 StockIdx：1734
[14956] 2025/11/20 09:42:09.389 Divide StockNo {ODF00}
[14956] 2025/11/20 09:42:09.389 Add Basket MarketNo：2 StockIdx：1740
[14956] 2025/11/20 09:42:09.389 Divide StockNo {OEF00}
[14956] 2025/11/20 09:42:09.389 Add Basket MarketNo：2 StockIdx：1746
[14956] 2025/11/20 09:42:09.389 Divide StockNo {OHF00}
[14956] 2025/11/20 09:42:09.389 Add Basket MarketNo：2 StockIdx：1752
[14956] 2025/11/20 09:42:09.389 Divide StockNo {OJF00}
[14956] 2025/11/20 09:42:09.389 Add Basket MarketNo：2 StockIdx：1758
[14956] 2025/11/20 09:42:09.389 Divide StockNo {OKF00}
[14956] 2025/11/20 09:42:09.389 Add Basket MarketNo：2 StockIdx：1764
[14956] 2025/11/20 09:42:09.389 Divide StockNo {OLF00}
[14956] 2025/11/20 09:42:09.389 Add Basket MarketNo：2 StockIdx：1770
[14956] 2025/11/20 09:42:09.389 Divide StockNo {OMF00}
[14956] 2025/11/20 09:42:09.389 Add Basket MarketNo：2 StockIdx：1776
[14956] 2025/11/20 09:42:09.389 Divide StockNo {OOF00}
[14956] 2025/11/20 09:42:09.389 Add Basket MarketNo：2 StockIdx：1782
[14956] 2025/11/20 09:42:09.389 Divide StockNo {OPF00}
[14956] 2025/11/20 09:42:09.389 Add Basket MarketNo：2 StockIdx：1788
[14956] 2025/11/20 09:42:09.389 Divide StockNo {OQF00}
[14956] 2025/11/20 09:42:09.390 Add Basket MarketNo：2 StockIdx：1794
[14956] 2025/11/20 09:42:09.390 Divide StockNo {ORF00}
[14956] 2025/11/20 09:42:09.390 Add Basket MarketNo：2 StockIdx：1800
[14956] 2025/11/20 09:42:09.390 Divide StockNo {OSF00}
[14956] 2025/11/20 09:42:09.390 Add Basket MarketNo：2 StockIdx：1806
[14956] 2025/11/20 09:42:09.390 Divide StockNo {OTF00}
[14956] 2025/11/20 09:42:09.390 Add Basket MarketNo：2 StockIdx：1812
[14956] 2025/11/20 09:42:09.390 Divide StockNo {OUF00}
[14956] 2025/11/20 09:42:09.390 Add Basket MarketNo：2 StockIdx：1818
[14956] 2025/11/20 09:42:09.390 Divide StockNo {OVF00}
[14956] 2025/11/20 09:42:09.390 Add Basket MarketNo：2 StockIdx：1824
[14956] 2025/11/20 09:42:09.390 Divide StockNo {OWF00}
[14956] 2025/11/20 09:42:09.390 Add Basket MarketNo：2 StockIdx：1830
[14956] 2025/11/20 09:42:09.390 Divide StockNo {OXF00}
[14956] 2025/11/20 09:42:09.390 Add Basket MarketNo：2 StockIdx：1836
[14956] 2025/11/20 09:42:09.390 Divide StockNo {OYF00}
[14956] 2025/11/20 09:42:09.390 Add Basket MarketNo：2 StockIdx：1842
[14956] 2025/11/20 09:42:09.390 Divide StockNo {OZF00}
[14956] 2025/11/20 09:42:09.390 Add Basket MarketNo：2 StockIdx：1848
[14956] 2025/11/20 09:42:09.390 Divide StockNo {PAF00}
[14956] 2025/11/20 09:42:09.390 Add Basket MarketNo：2 StockIdx：1854
[14956] 2025/11/20 09:42:09.390 Divide StockNo {PBF00}
[14956] 2025/11/20 09:42:09.390 Add Basket MarketNo：2 StockIdx：1860
[14956] 2025/11/20 09:42:09.390 Divide StockNo {PCF00}
[14956] 2025/11/20 09:42:09.390 Add Basket MarketNo：2 StockIdx：1866
[14956] 2025/11/20 09:42:09.390 Divide StockNo {PDF00}
[14956] 2025/11/20 09:42:09.390 Add Basket MarketNo：2 StockIdx：1872
[14956] 2025/11/20 09:42:09.390 Divide StockNo {PEF00}
[14956] 2025/11/20 09:42:09.390 Add Basket MarketNo：2 StockIdx：1878
[14956] 2025/11/20 09:42:09.390 Divide StockNo {PFF00}
[14956] 2025/11/20 09:42:09.390 Add Basket MarketNo：2 StockIdx：1884
[14956] 2025/11/20 09:42:09.390 Divide StockNo {PGF00}
[14956] 2025/11/20 09:42:09.390 Add Basket MarketNo：2 StockIdx：1890
[14956] 2025/11/20 09:42:09.390 Divide StockNo {PHF00}
[14956] 2025/11/20 09:42:09.390 Add Basket MarketNo：2 StockIdx：1896
[14956] 2025/11/20 09:42:09.390 Divide StockNo {PIF00}
[14956] 2025/11/20 09:42:09.390 Add Basket MarketNo：2 StockIdx：1902
[14956] 2025/11/20 09:42:09.390 Divide StockNo {PJF00}
[14956] 2025/11/20 09:42:09.390 Add Basket MarketNo：2 StockIdx：1908
[14956] 2025/11/20 09:42:09.390 Divide StockNo {PKF00}
[14956] 2025/11/20 09:42:09.390 Add Basket MarketNo：2 StockIdx：1914
[14956] 2025/11/20 09:42:09.390 Divide StockNo {PLF00}
[14956] 2025/11/20 09:42:09.390 Add Basket MarketNo：2 StockIdx：1920
[14956] 2025/11/20 09:42:09.390 Divide StockNo {PMF00}
[14956] 2025/11/20 09:42:09.390 Add Basket MarketNo：2 StockIdx：1926
[14956] 2025/11/20 09:42:09.390 Divide StockNo {PNF00}
[14956] 2025/11/20 09:42:09.390 Add Basket MarketNo：2 StockIdx：1932
[14956] 2025/11/20 09:42:09.390 Divide StockNo {PPF00}
[14956] 2025/11/20 09:42:09.390 Add Basket MarketNo：2 StockIdx：1938
[14956] 2025/11/20 09:42:09.390 Divide StockNo {PQF00}
[14956] 2025/11/20 09:42:09.390 Add Basket MarketNo：2 StockIdx：1944
[14956] 2025/11/20 09:42:09.390 Divide StockNo {PRF00}
[14956] 2025/11/20 09:42:09.390 Add Basket MarketNo：2 StockIdx：1950
[14956] 2025/11/20 09:42:09.390 Divide StockNo {PSF00}
[14956] 2025/11/20 09:42:09.390 Add Basket MarketNo：2 StockIdx：1956
[14956] 2025/11/20 09:42:09.390 Divide StockNo {PTF00}
[14956] 2025/11/20 09:42:09.390 Add Basket MarketNo：2 StockIdx：1964
[14956] 2025/11/20 09:42:09.390 Divide StockNo {PUF00}
[14956] 2025/11/20 09:42:09.390 Add Basket MarketNo：2 StockIdx：1970
[14956] 2025/11/20 09:42:09.390 Divide StockNo {PVF00}
[14956] 2025/11/20 09:42:09.390 Add Basket MarketNo：2 StockIdx：1976
[14956] 2025/11/20 09:42:09.390 Divide StockNo {PWF00}
[14956] 2025/11/20 09:42:09.390 Add Basket MarketNo：2 StockIdx：1982
[14956] 2025/11/20 09:42:09.390 Divide StockNo {PXF00}
[14956] 2025/11/20 09:42:09.390 Add Basket MarketNo：2 StockIdx：1988
[14956] 2025/11/20 09:42:09.390 Divide StockNo {PYF00}
[14956] 2025/11/20 09:42:09.391 Add Basket MarketNo：2 StockIdx：1994
[14956] 2025/11/20 09:42:09.391 Divide StockNo {PZF00}
[14956] 2025/11/20 09:42:09.391 Add Basket MarketNo：2 StockIdx：2000
[14956] 2025/11/20 09:42:09.391 Divide StockNo {QAF00}
[14956] 2025/11/20 09:42:09.391 Add Basket MarketNo：2 StockIdx：2006
[14956] 2025/11/20 09:42:09.391 Divide StockNo {QBF00}
[14956] 2025/11/20 09:42:09.391 Add Basket MarketNo：2 StockIdx：2012
[14956] 2025/11/20 09:42:09.391 Divide StockNo {QCF00}
[14956] 2025/11/20 09:42:09.391 Add Basket MarketNo：2 StockIdx：2018
[14956] 2025/11/20 09:42:09.391 Divide StockNo {QDF00}
[14956] 2025/11/20 09:42:09.391 Add Basket MarketNo：2 StockIdx：2024
[14956] 2025/11/20 09:42:09.391 Divide StockNo {QEF00}
[14956] 2025/11/20 09:42:09.391 Add Basket MarketNo：2 StockIdx：2030
[14956] 2025/11/20 09:42:09.391 Divide StockNo {QFF00}
[14956] 2025/11/20 09:42:09.391 Add Basket MarketNo：2 StockIdx：138
[14956] 2025/11/20 09:42:09.391 Divide StockNo {QGF00}
[14956] 2025/11/20 09:42:09.391 Add Basket MarketNo：2 StockIdx：2044
[14956] 2025/11/20 09:42:09.391 Divide StockNo {QHF00}
[14956] 2025/11/20 09:42:09.391 Add Basket MarketNo：2 StockIdx：2050
[14956] 2025/11/20 09:42:09.391 Divide StockNo {QIF00}
[14956] 2025/11/20 09:42:09.391 Add Basket MarketNo：2 StockIdx：2056
[14956] 2025/11/20 09:42:09.391 Divide StockNo {QJF00}
[14956] 2025/11/20 09:42:09.391 Add Basket MarketNo：2 StockIdx：2060
[14956] 2025/11/20 09:42:09.391 Divide StockNo {QKF00}
[14956] 2025/11/20 09:42:09.391 Add Basket MarketNo：2 StockIdx：2066
[14956] 2025/11/20 09:42:09.391 Divide StockNo {QLF00}
[14956] 2025/11/20 09:42:09.391 Add Basket MarketNo：2 StockIdx：2072
[14956] 2025/11/20 09:42:09.391 Divide StockNo {QMF00}
[14956] 2025/11/20 09:42:09.391 Add Basket MarketNo：2 StockIdx：2078
[14956] 2025/11/20 09:42:09.391 Divide StockNo {QNF00}
[14956] 2025/11/20 09:42:09.391 Add Basket MarketNo：2 StockIdx：2084
[14956] 2025/11/20 09:42:09.391 Divide StockNo {QOF00}
[14956] 2025/11/20 09:42:09.391 Add Basket MarketNo：2 StockIdx：2090
[14956] 2025/11/20 09:42:09.391 Divide StockNo {QPF00}
[14956] 2025/11/20 09:42:09.391 Add Basket MarketNo：2 StockIdx：2096
[14956] 2025/11/20 09:42:09.391 Divide StockNo {QQF00}
[14956] 2025/11/20 09:42:09.391 Add Basket MarketNo：2 StockIdx：2102
[14956] 2025/11/20 09:42:09.391 Divide StockNo {QRF00}
[14956] 2025/11/20 09:42:09.391 Add Basket MarketNo：2 StockIdx：2108
[14956] 2025/11/20 09:42:09.391 Divide StockNo {QSF00}
[14956] 2025/11/20 09:42:09.391 Add Basket MarketNo：2 StockIdx：2114
[14956] 2025/11/20 09:42:09.391 Divide StockNo {QTF00}
[14956] 2025/11/20 09:42:09.391 Add Basket MarketNo：2 StockIdx：2120
[14956] 2025/11/20 09:42:09.391 Divide StockNo {QUF00}
[14956] 2025/11/20 09:42:09.391 Add Basket MarketNo：2 StockIdx：2126
[14956] 2025/11/20 09:42:09.391 Divide StockNo {QVF00}
[14956] 2025/11/20 09:42:09.391 Add Basket MarketNo：2 StockIdx：2132
[14956] 2025/11/20 09:42:09.391 Divide StockNo {QWF00}
[14956] 2025/11/20 09:42:09.391 Add Basket MarketNo：2 StockIdx：2138
[14956] 2025/11/20 09:42:09.391 Divide StockNo {QXF00}
[14956] 2025/11/20 09:42:09.391 Add Basket MarketNo：2 StockIdx：2144
[14956] 2025/11/20 09:42:09.391 Divide StockNo {QYF00}
[14956] 2025/11/20 09:42:09.391 Add Basket MarketNo：2 StockIdx：2150
[14956] 2025/11/20 09:42:09.391 Divide StockNo {QZF00}
[14956] 2025/11/20 09:42:09.391 Add Basket MarketNo：2 StockIdx：2156
[14956] 2025/11/20 09:42:09.391 Divide StockNo {RAF00}
[14956] 2025/11/20 09:42:09.391 Add Basket MarketNo：2 StockIdx：2162
[14956] 2025/11/20 09:42:09.391 Divide StockNo {RBF00}
[14956] 2025/11/20 09:42:09.392 Add Basket MarketNo：2 StockIdx：2168
[14956] 2025/11/20 09:42:09.392 Divide StockNo {RCF00}
[14956] 2025/11/20 09:42:09.392 Add Basket MarketNo：2 StockIdx：2174
[14956] 2025/11/20 09:42:09.392 Divide StockNo {RDF00}
[14956] 2025/11/20 09:42:09.392 Add Basket MarketNo：2 StockIdx：2180
[14956] 2025/11/20 09:42:09.392 Divide StockNo {REF00}
[14956] 2025/11/20 09:42:09.392 Add Basket MarketNo：2 StockIdx：2186
[14956] 2025/11/20 09:42:09.392 Divide StockNo {RFF00}
[14956] 2025/11/20 09:42:09.392 Add Basket MarketNo：2 StockIdx：2192
[14956] 2025/11/20 09:42:09.392 Divide StockNo {RGF00}
[14956] 2025/11/20 09:42:09.392 Add Basket MarketNo：2 StockIdx：2198
[14956] 2025/11/20 09:42:09.392 Divide StockNo {RIF00}
[14956] 2025/11/20 09:42:09.392 Add Basket MarketNo：2 StockIdx：2204
[14956] 2025/11/20 09:42:09.392 Divide StockNo {RJF00}
[14956] 2025/11/20 09:42:09.392 Add Basket MarketNo：2 StockIdx：2210
[14956] 2025/11/20 09:42:09.392 Divide StockNo {RKF00}
[14956] 2025/11/20 09:42:09.392 Add Basket MarketNo：2 StockIdx：2216
[14956] 2025/11/20 09:42:09.392 Divide StockNo {RLF00}
[14956] 2025/11/20 09:42:09.392 Add Basket MarketNo：2 StockIdx：2222
[14956] 2025/11/20 09:42:09.392 Divide StockNo {RMF00}
[14956] 2025/11/20 09:42:09.392 Stock Is Not Exist 
[14956] 2025/11/20 09:42:09.392 Divide StockNo {RNF00}
[14956] 2025/11/20 09:42:09.392 Add Basket MarketNo：2 StockIdx：2228
[14956] 2025/11/20 09:42:09.392 Divide StockNo {ROF00}
[14956] 2025/11/20 09:42:09.392 Add Basket MarketNo：2 StockIdx：2234
[14956] 2025/11/20 09:42:09.392 Divide StockNo {RPF00}
[14956] 2025/11/20 09:42:09.392 Add Basket MarketNo：2 StockIdx：2240
[14956] 2025/11/20 09:42:09.392 Divide StockNo {RQF00}
[14956] 2025/11/20 09:42:09.392 Stock Is Not Exist 
[14956] 2025/11/20 09:42:09.392 Divide StockNo {RRF00}
[14956] 2025/11/20 09:42:09.392 Add Basket MarketNo：2 StockIdx：2248
[14956] 2025/11/20 09:42:09.392 Divide StockNo {RSF00}
[14956] 2025/11/20 09:42:09.392 Add Basket MarketNo：2 StockIdx：2254
[14956] 2025/11/20 09:42:09.392 Divide StockNo {RUF00}
[14956] 2025/11/20 09:42:09.392 Add Basket MarketNo：2 StockIdx：2260
[14956] 2025/11/20 09:42:09.392 Divide StockNo {RVF00}
[14956] 2025/11/20 09:42:09.392 Add Basket MarketNo：2 StockIdx：2266
[14956] 2025/11/20 09:42:09.392 Divide StockNo {RWF00}
[14956] 2025/11/20 09:42:09.392 Add Basket MarketNo：2 StockIdx：2272
[14956] 2025/11/20 09:42:09.392 Divide StockNo {RXF00}
[14956] 2025/11/20 09:42:09.392 Add Basket MarketNo：2 StockIdx：2278
[14956] 2025/11/20 09:42:09.392 Divide StockNo {RYF00}
[14956] 2025/11/20 09:42:09.392 Add Basket MarketNo：2 StockIdx：2284
[14956] 2025/11/20 09:42:09.392 Divide StockNo {RZF00}
[14956] 2025/11/20 09:42:09.392 Add Basket MarketNo：2 StockIdx：144
[14956] 2025/11/20 09:42:09.392 Divide StockNo {SAF00}
[14956] 2025/11/20 09:42:09.392 Add Basket MarketNo：2 StockIdx：2296
[14956] 2025/11/20 09:42:09.392 Divide StockNo {SBF00}
[14956] 2025/11/20 09:42:09.392 Add Basket MarketNo：2 StockIdx：2302
[14956] 2025/11/20 09:42:09.392 Divide StockNo {SCF00}
[14956] 2025/11/20 09:42:09.392 Add Basket MarketNo：2 StockIdx：2308
[14956] 2025/11/20 09:42:09.392 Divide StockNo {SDF00}
[14956] 2025/11/20 09:42:09.392 Add Basket MarketNo：2 StockIdx：2314
[14956] 2025/11/20 09:42:09.392 Divide StockNo {SEF00}
[14956] 2025/11/20 09:42:09.392 Add Basket MarketNo：2 StockIdx：2320
[14956] 2025/11/20 09:42:09.392 Divide StockNo {SFF00}
[14956] 2025/11/20 09:42:09.392 Add Basket MarketNo：2 StockIdx：2326
[14956] 2025/11/20 09:42:09.392 Divide StockNo {SGF00}
[14956] 2025/11/20 09:42:09.393 Add Basket MarketNo：2 StockIdx：2332
[14956] 2025/11/20 09:42:09.393 Divide StockNo {SIF00}
[14956] 2025/11/20 09:42:09.393 Add Basket MarketNo：2 StockIdx：2338
[14956] 2025/11/20 09:42:09.393 Divide StockNo {SJF00}
[14956] 2025/11/20 09:42:09.393 Add Basket MarketNo：2 StockIdx：2344
[14956] 2025/11/20 09:42:09.393 Divide StockNo {SKF00}
[14956] 2025/11/20 09:42:09.393 Add Basket MarketNo：2 StockIdx：2350
[14956] 2025/11/20 09:42:09.393 Divide StockNo {SLF00}
[14956] 2025/11/20 09:42:09.393 Add Basket MarketNo：2 StockIdx：2356
[14956] 2025/11/20 09:42:09.393 Divide StockNo {SMF00}
[14956] 2025/11/20 09:42:09.393 Add Basket MarketNo：2 StockIdx：2362
[14956] 2025/11/20 09:42:09.393 Divide StockNo {SNF00}
[14956] 2025/11/20 09:42:09.393 Add Basket MarketNo：2 StockIdx：2368
[14956] 2025/11/20 09:42:09.393 Divide StockNo {SQF00}
[14956] 2025/11/20 09:42:09.393 Add Basket MarketNo：2 StockIdx：2374
[14956] 2025/11/20 09:42:09.393 Divide StockNo {SRF00}
[14956] 2025/11/20 09:42:09.393 Add Basket MarketNo：2 StockIdx：150
[14956] 2025/11/20 09:42:09.393 Divide StockNo {SSF00}
[14956] 2025/11/20 09:42:09.393 Add Basket MarketNo：2 StockIdx：2388
[14956] 2025/11/20 09:42:09.393 Divide StockNo {SUF00}
[14956] 2025/11/20 09:42:09.393 Add Basket MarketNo：2 StockIdx：2394
[14956] 2025/11/20 09:42:09.393 Divide StockNo {SVF00}
[14956] 2025/11/20 09:42:09.393 Add Basket MarketNo：2 StockIdx：2400
[14956] 2025/11/20 09:42:09.393 Divide StockNo {SWF00}
[14956] 2025/11/20 09:42:09.393 Add Basket MarketNo：2 StockIdx：2406
[14956] 2025/11/20 09:42:09.393 Divide StockNo {SYF00}
[14956] 2025/11/20 09:42:09.393 Add Basket MarketNo：2 StockIdx：2412
[14956] 2025/11/20 09:42:09.393 Divide StockNo {SZF00}
[14956] 2025/11/20 09:42:09.393 Add Basket MarketNo：2 StockIdx：2418
[14956] 2025/11/20 09:42:09.393 Divide StockNo {UAF00}
[14956] 2025/11/20 09:42:09.393 Add Basket MarketNo：2 StockIdx：2424
[14956] 2025/11/20 09:42:09.393 Divide StockNo {UBF00}
[14956] 2025/11/20 09:42:09.393 Add Basket MarketNo：2 StockIdx：2430
[14956] 2025/11/20 09:42:09.393 Divide StockNo {UCF00}
[14956] 2025/11/20 09:42:09.393 Add Basket MarketNo：2 StockIdx：2436
[14956] 2025/11/20 09:42:09.393 Divide StockNo {UEF00}
[14956] 2025/11/20 09:42:09.393 Add Basket MarketNo：2 StockIdx：2442
[14956] 2025/11/20 09:42:09.393 Divide StockNo {UFF00}
[14956] 2025/11/20 09:42:09.393 Add Basket MarketNo：2 StockIdx：2448
[14956] 2025/11/20 09:42:09.393 Divide StockNo {UGF00}
[14956] 2025/11/20 09:42:09.393 Add Basket MarketNo：2 StockIdx：2454
[14956] 2025/11/20 09:42:09.393 Divide StockNo {UHF00}
[14956] 2025/11/20 09:42:09.393 Add Basket MarketNo：2 StockIdx：2460
[14956] 2025/11/20 09:42:09.393 Divide StockNo {UIF00}
[14956] 2025/11/20 09:42:09.393 Add Basket MarketNo：2 StockIdx：2466
[14956] 2025/11/20 09:42:09.393 Divide StockNo {UJF00}
[14956] 2025/11/20 09:42:09.393 Add Basket MarketNo：2 StockIdx：2472
[14956] 2025/11/20 09:42:09.393 Divide StockNo {UKF00}
[14956] 2025/11/20 09:42:09.393 Add Basket MarketNo：2 StockIdx：2478
[14956] 2025/11/20 09:42:09.393 Divide StockNo {ULF00}
[14956] 2025/11/20 09:42:09.393 Add Basket MarketNo：2 StockIdx：2484
[14956] 2025/11/20 09:42:09.393 Divide StockNo {UMF00}
[14956] 2025/11/20 09:42:09.393 Add Basket MarketNo：2 StockIdx：2490
[14956] 2025/11/20 09:42:09.393 Divide StockNo {UOF00}
[14956] 2025/11/20 09:42:09.393 Add Basket MarketNo：2 StockIdx：2496
[14956] 2025/11/20 09:42:09.393 Divide StockNo {UPF00}
[14956] 2025/11/20 09:42:09.393 Add Basket MarketNo：2 StockIdx：2502
[14956] 2025/11/20 09:42:09.393 Divide StockNo {UQF00}
[14956] 2025/11/20 09:42:09.393 Add Basket MarketNo：2 StockIdx：2508
[14956] 2025/11/20 09:42:09.393 Divide StockNo {URF00}
[14956] 2025/11/20 09:42:09.393 Add Basket MarketNo：2 StockIdx：2516
[14956] 2025/11/20 09:42:09.393 Divide StockNo {USF00}
[14956] 2025/11/20 09:42:09.393 Add Basket MarketNo：2 StockIdx：2522
[14956] 2025/11/20 09:42:09.393 Divide StockNo {UTF00}
[14956] 2025/11/20 09:42:09.394 Add Basket MarketNo：2 StockIdx：2528
[14956] 2025/11/20 09:42:09.394 Divide StockNo {UUF00}
[14956] 2025/11/20 09:42:09.394 Add Basket MarketNo：2 StockIdx：2534
[14956] 2025/11/20 09:42:09.394 Divide StockNo {UVF00}
[14956] 2025/11/20 09:42:09.394 Add Basket MarketNo：2 StockIdx：2540
[14956] 2025/11/20 09:42:09.394 Divide StockNo {UWF00}
[14956] 2025/11/20 09:42:09.394 Add Basket MarketNo：2 StockIdx：2546
[14956] 2025/11/20 09:42:09.394 Divide StockNo {0050}
[14956] 2025/11/20 09:42:09.394 Add Basket MarketNo：0 StockIdx：0
[14956] 2025/11/20 09:42:09.394 Divide StockNo {0056}
[14956] 2025/11/20 09:42:09.394 Add Basket MarketNo：0 StockIdx：4
[14956] 2025/11/20 09:42:09.394 Divide StockNo {006205}
[14956] 2025/11/20 09:42:09.394 Add Basket MarketNo：0 StockIdx：9
[14956] 2025/11/20 09:42:09.394 Divide StockNo {006206}
[14956] 2025/11/20 09:42:09.394 Add Basket MarketNo：0 StockIdx：10
[14956] 2025/11/20 09:42:09.394 Divide StockNo {00636}
[14956] 2025/11/20 09:42:09.394 Add Basket MarketNo：0 StockIdx：19
[14956] 2025/11/20 09:42:09.394 Divide StockNo {00639}
[14956] 2025/11/20 09:42:09.394 Add Basket MarketNo：0 StockIdx：23
[14956] 2025/11/20 09:42:09.394 Divide StockNo {00643}
[14956] 2025/11/20 09:42:09.394 Add Basket MarketNo：0 StockIdx：27
[14956] 2025/11/20 09:42:09.394 Divide StockNo {00679B}
[14956] 2025/11/20 09:42:09.394 Add Basket MarketNo：1 StockIdx：1
[14956] 2025/11/20 09:42:09.394 Divide StockNo {00687B}
[14956] 2025/11/20 09:42:09.394 Add Basket MarketNo：1 StockIdx：2
[14956] 2025/11/20 09:42:09.394 Divide StockNo {00719B}
[14956] 2025/11/20 09:42:09.394 Add Basket MarketNo：1 StockIdx：8
[14956] 2025/11/20 09:42:09.394 Divide StockNo {00757}
[14956] 2025/11/20 09:42:09.394 Add Basket MarketNo：0 StockIdx：97
[14956] 2025/11/20 09:42:09.394 Divide StockNo {00772B}
[14956] 2025/11/20 09:42:09.394 Add Basket MarketNo：1 StockIdx：32
[14956] 2025/11/20 09:42:09.394 Divide StockNo {00878}
[14956] 2025/11/20 09:42:09.394 Add Basket MarketNo：0 StockIdx：112
[14956] 2025/11/20 09:42:09.394 Divide StockNo {00885}
[14956] 2025/11/20 09:42:09.394 Add Basket MarketNo：0 StockIdx：115
[14956] 2025/11/20 09:42:09.394 Divide StockNo {00893}
[14956] 2025/11/20 09:42:09.394 Add Basket MarketNo：0 StockIdx：118
[14956] 2025/11/20 09:42:09.395 Divide StockNo {00919}
[14956] 2025/11/20 09:42:09.395 Add Basket MarketNo：0 StockIdx：142
[14956] 2025/11/20 09:42:09.395 Divide StockNo {00923}
[14956] 2025/11/20 09:42:09.395 Add Basket MarketNo：0 StockIdx：146
[14956] 2025/11/20 09:42:09.395 Divide StockNo {00929}
[14956] 2025/11/20 09:42:09.395 Add Basket MarketNo：0 StockIdx：150
[14956] 2025/11/20 09:42:09.395 Divide StockNo {00937B}
[14956] 2025/11/20 09:42:09.395 Add Basket MarketNo：1 StockIdx：82
[14956] 2025/11/20 09:42:09.395 Divide StockNo {00940}
[14956] 2025/11/20 09:42:09.395 Add Basket MarketNo：0 StockIdx：158
[14956] 2025/11/20 09:42:09.395 Divide StockNo {1101}
[14956] 2025/11/20 09:42:09.395 Add Basket MarketNo：0 StockIdx：33628
[14956] 2025/11/20 09:42:09.395 Divide StockNo {1102}
[14956] 2025/11/20 09:42:09.395 Add Basket MarketNo：0 StockIdx：33630
[14956] 2025/11/20 09:42:09.395 Divide StockNo {1210}
[14956] 2025/11/20 09:42:09.395 Add Basket MarketNo：0 StockIdx：33638
[14956] 2025/11/20 09:42:09.395 Divide StockNo {1216}
[14956] 2025/11/20 09:42:09.395 Add Basket MarketNo：0 StockIdx：33641
[14956] 2025/11/20 09:42:09.395 Divide StockNo {1301}
[14956] 2025/11/20 09:42:09.395 Add Basket MarketNo：0 StockIdx：33656
[14956] 2025/11/20 09:42:09.395 Divide StockNo {1303}
[14956] 2025/11/20 09:42:09.395 Add Basket MarketNo：0 StockIdx：33657
[14956] 2025/11/20 09:42:09.395 Divide StockNo {1312}
[14956] 2025/11/20 09:42:09.395 Add Basket MarketNo：0 StockIdx：33664
[14956] 2025/11/20 09:42:09.395 Divide StockNo {1314}
[14956] 2025/11/20 09:42:09.395 Add Basket MarketNo：0 StockIdx：33667
[14956] 2025/11/20 09:42:09.395 Divide StockNo {1319}
[14956] 2025/11/20 09:42:09.395 Add Basket MarketNo：0 StockIdx：33670
[14956] 2025/11/20 09:42:09.395 Divide StockNo {1326}
[14956] 2025/11/20 09:42:09.395 Add Basket MarketNo：0 StockIdx：33675
[14956] 2025/11/20 09:42:09.395 Divide StockNo {1402}
[14956] 2025/11/20 09:42:09.395 Add Basket MarketNo：0 StockIdx：33682
[14956] 2025/11/20 09:42:09.395 Divide StockNo {1440}
[14956] 2025/11/20 09:42:09.395 Add Basket MarketNo：0 StockIdx：33699
[14956] 2025/11/20 09:42:09.395 Divide StockNo {1476}
[14956] 2025/11/20 09:42:09.396 Add Basket MarketNo：0 StockIdx：33729
[14956] 2025/11/20 09:42:09.396 Divide StockNo {1477}
[14956] 2025/11/20 09:42:09.396 Add Basket MarketNo：0 StockIdx：33730
[14956] 2025/11/20 09:42:09.396 Divide StockNo {1503}
[14956] 2025/11/20 09:42:09.396 Add Basket MarketNo：0 StockIdx：33731
[14956] 2025/11/20 09:42:09.396 Divide StockNo {1504}
[14956] 2025/11/20 09:42:09.396 Add Basket MarketNo：0 StockIdx：33732
[14956] 2025/11/20 09:42:09.396 Divide StockNo {1513}
[14956] 2025/11/20 09:42:09.396 Add Basket MarketNo：0 StockIdx：33735
[14956] 2025/11/20 09:42:09.396 Divide StockNo {1536}
[14956] 2025/11/20 09:42:09.396 Add Basket MarketNo：0 StockIdx：33755
[14956] 2025/11/20 09:42:09.396 Divide StockNo {1565}
[14956] 2025/11/20 09:42:09.396 Add Basket MarketNo：1 StockIdx：140
[14956] 2025/11/20 09:42:09.396 Divide StockNo {1590}
[14956] 2025/11/20 09:42:09.396 Add Basket MarketNo：0 StockIdx：33769
[14956] 2025/11/20 09:42:09.396 Divide StockNo {1605}
[14956] 2025/11/20 09:42:09.396 Add Basket MarketNo：0 StockIdx：33774
[14956] 2025/11/20 09:42:09.396 Divide StockNo {1609}
[14956] 2025/11/20 09:42:09.396 Add Basket MarketNo：0 StockIdx：33776
[14956] 2025/11/20 09:42:09.396 Divide StockNo {1707}
[14956] 2025/11/20 09:42:09.396 Add Basket MarketNo：0 StockIdx：33786
[14956] 2025/11/20 09:42:09.396 Divide StockNo {1717}
[14956] 2025/11/20 09:42:09.396 Add Basket MarketNo：0 StockIdx：33794
[14956] 2025/11/20 09:42:09.396 Divide StockNo {1718}
[14956] 2025/11/20 09:42:09.396 Add Basket MarketNo：0 StockIdx：33795
[14956] 2025/11/20 09:42:09.396 Divide StockNo {1722}
[14956] 2025/11/20 09:42:09.396 Add Basket MarketNo：0 StockIdx：33798
[14956] 2025/11/20 09:42:09.396 Divide StockNo {1795}
[14956] 2025/11/20 09:42:09.396 Add Basket MarketNo：0 StockIdx：33819
[14956] 2025/11/20 09:42:09.396 Divide StockNo {1802}
[14956] 2025/11/20 09:42:09.396 Add Basket MarketNo：0 StockIdx：33820
[14956] 2025/11/20 09:42:09.396 Divide StockNo {1904}
[14956] 2025/11/20 09:42:09.396 Add Basket MarketNo：0 StockIdx：33827
[14956] 2025/11/20 09:42:09.396 Divide StockNo {1905}
[14956] 2025/11/20 09:42:09.396 Add Basket MarketNo：0 StockIdx：33828
[14956] 2025/11/20 09:42:09.396 Divide StockNo {1907}
[14956] 2025/11/20 09:42:09.396 Add Basket MarketNo：0 StockIdx：33830
[14956] 2025/11/20 09:42:09.396 Divide StockNo {1909}
[14956] 2025/11/20 09:42:09.396 Add Basket MarketNo：0 StockIdx：33831
[14956] 2025/11/20 09:42:09.396 Divide StockNo {2002}
[14956] 2025/11/20 09:42:09.396 Add Basket MarketNo：0 StockIdx：33832
[14956] 2025/11/20 09:42:09.396 Divide StockNo {2006}
[14956] 2025/11/20 09:42:09.396 Add Basket MarketNo：0 StockIdx：33834
[14956] 2025/11/20 09:42:09.396 Divide StockNo {2014}
[14956] 2025/11/20 09:42:09.396 Add Basket MarketNo：0 StockIdx：33841
[14956] 2025/11/20 09:42:09.396 Divide StockNo {2027}
[14956] 2025/11/20 09:42:09.396 Add Basket MarketNo：0 StockIdx：33849
[14956] 2025/11/20 09:42:09.396 Divide StockNo {2049}
[14956] 2025/11/20 09:42:09.396 Add Basket MarketNo：0 StockIdx：33858
[14956] 2025/11/20 09:42:09.396 Divide StockNo {2059}
[14956] 2025/11/20 09:42:09.396 Add Basket MarketNo：0 StockIdx：33859
[14956] 2025/11/20 09:42:09.396 Divide StockNo {2105}
[14956] 2025/11/20 09:42:09.397 Add Basket MarketNo：0 StockIdx：33866
[14956] 2025/11/20 09:42:09.397 Divide StockNo {2201}
[14956] 2025/11/20 09:42:09.397 Add Basket MarketNo：0 StockIdx：33873
[14956] 2025/11/20 09:42:09.397 Divide StockNo {2231}
[14956] 2025/11/20 09:42:09.397 Add Basket MarketNo：0 StockIdx：33881
[14956] 2025/11/20 09:42:09.397 Divide StockNo {2301}
[14956] 2025/11/20 09:42:09.397 Add Basket MarketNo：0 StockIdx：33892
[14956] 2025/11/20 09:42:09.397 Divide StockNo {2303}
[14956] 2025/11/20 09:42:09.397 Add Basket MarketNo：0 StockIdx：33894
[14956] 2025/11/20 09:42:09.397 Divide StockNo {2308}
[14956] 2025/11/20 09:42:09.397 Add Basket MarketNo：0 StockIdx：33896
[14956] 2025/11/20 09:42:09.397 Divide StockNo {2312}
[14956] 2025/11/20 09:42:09.397 Add Basket MarketNo：0 StockIdx：33897
[14956] 2025/11/20 09:42:09.397 Divide StockNo {2313}
[14956] 2025/11/20 09:42:09.397 Add Basket MarketNo：0 StockIdx：33898
[14956] 2025/11/20 09:42:09.397 Divide StockNo {2317}
[14956] 2025/11/20 09:42:09.397 Add Basket MarketNo：0 StockIdx：33901
[14956] 2025/11/20 09:42:09.397 Divide StockNo {2323}
[14956] 2025/11/20 09:42:09.397 Add Basket MarketNo：0 StockIdx：33903
[14956] 2025/11/20 09:42:09.397 Divide StockNo {2324}
[14956] 2025/11/20 09:42:09.397 Add Basket MarketNo：0 StockIdx：33904
[14956] 2025/11/20 09:42:09.397 Divide StockNo {2327}
[14956] 2025/11/20 09:42:09.397 Add Basket MarketNo：0 StockIdx：33905
[14956] 2025/11/20 09:42:09.397 Divide StockNo {2328}
[14956] 2025/11/20 09:42:09.397 Add Basket MarketNo：0 StockIdx：33906
[14956] 2025/11/20 09:42:09.397 Divide StockNo {2330}
[14956] 2025/11/20 09:42:09.397 Add Basket MarketNo：0 StockIdx：33908
[14956] 2025/11/20 09:42:09.397 Divide StockNo {2331}
[14956] 2025/11/20 09:42:09.397 Add Basket MarketNo：0 StockIdx：33909
[14956] 2025/11/20 09:42:09.397 Divide StockNo {2332}
[14956] 2025/11/20 09:42:09.397 Add Basket MarketNo：0 StockIdx：33910
[14956] 2025/11/20 09:42:09.397 Divide StockNo {2337}
[14956] 2025/11/20 09:42:09.397 Add Basket MarketNo：0 StockIdx：33911
[14956] 2025/11/20 09:42:09.397 Divide StockNo {2338}
[14956] 2025/11/20 09:42:09.397 Add Basket MarketNo：0 StockIdx：33912
[14956] 2025/11/20 09:42:09.397 Divide StockNo {2340}
[14956] 2025/11/20 09:42:09.397 Add Basket MarketNo：0 StockIdx：33913
[14956] 2025/11/20 09:42:09.397 Divide StockNo {2344}
[14956] 2025/11/20 09:42:09.397 Add Basket MarketNo：0 StockIdx：33915
[14956] 2025/11/20 09:42:09.397 Divide StockNo {2345}
[14956] 2025/11/20 09:42:09.397 Add Basket MarketNo：0 StockIdx：33916
[14956] 2025/11/20 09:42:09.397 Divide StockNo {2347}
[14956] 2025/11/20 09:42:09.397 Add Basket MarketNo：0 StockIdx：33917
[14956] 2025/11/20 09:42:09.397 Divide StockNo {2352}
[14956] 2025/11/20 09:42:09.397 Add Basket MarketNo：0 StockIdx：33922
[14956] 2025/11/20 09:42:09.397 Divide StockNo {2353}
[14956] 2025/11/20 09:42:09.397 Add Basket MarketNo：0 StockIdx：33923
[14956] 2025/11/20 09:42:09.397 Divide StockNo {2354}
[14956] 2025/11/20 09:42:09.397 Add Basket MarketNo：0 StockIdx：33924
[14956] 2025/11/20 09:42:09.397 Divide StockNo {2355}
[14956] 2025/11/20 09:42:09.397 Add Basket MarketNo：0 StockIdx：33925
[14956] 2025/11/20 09:42:09.397 Divide StockNo {2356}
[14956] 2025/11/20 09:42:09.397 Add Basket MarketNo：0 StockIdx：33926
[14956] 2025/11/20 09:42:09.397 Divide StockNo {2357}
[14956] 2025/11/20 09:42:09.397 Add Basket MarketNo：0 StockIdx：33927
[14956] 2025/11/20 09:42:09.397 Divide StockNo {2360}
[14956] 2025/11/20 09:42:09.397 Add Basket MarketNo：0 StockIdx：33929
[14956] 2025/11/20 09:42:09.397 Divide StockNo {2368}
[14956] 2025/11/20 09:42:09.397 Add Basket MarketNo：0 StockIdx：33935
[14956] 2025/11/20 09:42:09.397 Divide StockNo {2371}
[14956] 2025/11/20 09:42:09.397 Add Basket MarketNo：0 StockIdx：33937
[14956] 2025/11/20 09:42:09.397 Divide StockNo {2376}
[14956] 2025/11/20 09:42:09.397 Add Basket MarketNo：0 StockIdx：33941
[14956] 2025/11/20 09:42:09.397 Divide StockNo {2377}
[14956] 2025/11/20 09:42:09.397 Add Basket MarketNo：0 StockIdx：33942
[14956] 2025/11/20 09:42:09.398 Divide StockNo {2379}
[14956] 2025/11/20 09:42:09.398 Add Basket MarketNo：0 StockIdx：33943
[14956] 2025/11/20 09:42:09.398 Divide StockNo {2382}
[14956] 2025/11/20 09:42:09.398 Add Basket MarketNo：0 StockIdx：33945
[14956] 2025/11/20 09:42:09.398 Divide StockNo {2383}
[14956] 2025/11/20 09:42:09.398 Add Basket MarketNo：0 StockIdx：33946
[14956] 2025/11/20 09:42:09.398 Divide StockNo {2385}
[14956] 2025/11/20 09:42:09.398 Add Basket MarketNo：0 StockIdx：33947
[14956] 2025/11/20 09:42:09.398 Divide StockNo {2388}
[14956] 2025/11/20 09:42:09.398 Add Basket MarketNo：0 StockIdx：33949
[14956] 2025/11/20 09:42:09.398 Divide StockNo {2392}
[14956] 2025/11/20 09:42:09.398 Add Basket MarketNo：0 StockIdx：33951
[14956] 2025/11/20 09:42:09.398 Divide StockNo {2393}
[14956] 2025/11/20 09:42:09.398 Add Basket MarketNo：0 StockIdx：33952
[14956] 2025/11/20 09:42:09.398 Divide StockNo {2401}
[14956] 2025/11/20 09:42:09.398 Add Basket MarketNo：0 StockIdx：33956
[14956] 2025/11/20 09:42:09.398 Divide StockNo {2404}
[14956] 2025/11/20 09:42:09.398 Add Basket MarketNo：0 StockIdx：33958
[14956] 2025/11/20 09:42:09.398 Divide StockNo {2408}
[14956] 2025/11/20 09:42:09.398 Add Basket MarketNo：0 StockIdx：33961
[14956] 2025/11/20 09:42:09.398 Divide StockNo {2409}
[14956] 2025/11/20 09:42:09.398 Add Basket MarketNo：0 StockIdx：33962
[14956] 2025/11/20 09:42:09.398 Divide StockNo {2412}
[14956] 2025/11/20 09:42:09.398 Add Basket MarketNo：0 StockIdx：33963
[14956] 2025/11/20 09:42:09.398 Divide StockNo {2439}
[14956] 2025/11/20 09:42:09.398 Add Basket MarketNo：0 StockIdx：33985
[14956] 2025/11/20 09:42:09.398 Divide StockNo {2441}
[14956] 2025/11/20 09:42:09.398 Add Basket MarketNo：0 StockIdx：33987
[14956] 2025/11/20 09:42:09.398 Divide StockNo {2449}
[14956] 2025/11/20 09:42:09.398 Add Basket MarketNo：0 StockIdx：33990
[14956] 2025/11/20 09:42:09.398 Divide StockNo {2454}
[14956] 2025/11/20 09:42:09.398 Add Basket MarketNo：0 StockIdx：33994
[14956] 2025/11/20 09:42:09.398 Divide StockNo {2455}
[14956] 2025/11/20 09:42:09.398 Add Basket MarketNo：0 StockIdx：33995
[14956] 2025/11/20 09:42:09.398 Divide StockNo {2457}
[14956] 2025/11/20 09:42:09.398 Add Basket MarketNo：0 StockIdx：33996
[14956] 2025/11/20 09:42:09.398 Divide StockNo {2458}
[14956] 2025/11/20 09:42:09.398 Add Basket MarketNo：0 StockIdx：33997
[14956] 2025/11/20 09:42:09.398 Divide StockNo {2474}
[14956] 2025/11/20 09:42:09.398 Add Basket MarketNo：0 StockIdx：34009
[14956] 2025/11/20 09:42:09.398 Divide StockNo {2481}
[14956] 2025/11/20 09:42:09.398 Add Basket MarketNo：0 StockIdx：34014
[14956] 2025/11/20 09:42:09.398 Divide StockNo {2485}
[14956] 2025/11/20 09:42:09.398 Add Basket MarketNo：0 StockIdx：34018
[14956] 2025/11/20 09:42:09.398 Divide StockNo {2486}
[14956] 2025/11/20 09:42:09.398 Add Basket MarketNo：0 StockIdx：34019
[14956] 2025/11/20 09:42:09.398 Divide StockNo {2489}
[14956] 2025/11/20 09:42:09.398 Add Basket MarketNo：0 StockIdx：34021
[14956] 2025/11/20 09:42:09.398 Divide StockNo {2492}
[14956] 2025/11/20 09:42:09.398 Add Basket MarketNo：0 StockIdx：34023
[14956] 2025/11/20 09:42:09.398 Divide StockNo {2498}
[14956] 2025/11/20 09:42:09.398 Add Basket MarketNo：0 StockIdx：34028
[14956] 2025/11/20 09:42:09.398 Divide StockNo {2515}
[14956] 2025/11/20 09:42:09.398 Add Basket MarketNo：0 StockIdx：34036
[14956] 2025/11/20 09:42:09.398 Divide StockNo {2520}
[14956] 2025/11/20 09:42:09.398 Add Basket MarketNo：0 StockIdx：34038
[14956] 2025/11/20 09:42:09.398 Divide StockNo {2542}
[14956] 2025/11/20 09:42:09.398 Add Basket MarketNo：0 StockIdx：34050
[14956] 2025/11/20 09:42:09.398 Divide StockNo {2548}
[14956] 2025/11/20 09:42:09.398 Add Basket MarketNo：0 StockIdx：34055
[14956] 2025/11/20 09:42:09.398 Divide StockNo {2603}
[14956] 2025/11/20 09:42:09.398 Add Basket MarketNo：0 StockIdx：34058
[14956] 2025/11/20 09:42:09.398 Divide StockNo {2605}
[14956] 2025/11/20 09:42:09.398 Add Basket MarketNo：0 StockIdx：34059
[14956] 2025/11/20 09:42:09.399 Divide StockNo {2606}
[14956] 2025/11/20 09:42:09.399 Add Basket MarketNo：0 StockIdx：34060
[14956] 2025/11/20 09:42:09.399 Divide StockNo {2609}
[14956] 2025/11/20 09:42:09.399 Add Basket MarketNo：0 StockIdx：34063
[14956] 2025/11/20 09:42:09.399 Divide StockNo {2610}
[14956] 2025/11/20 09:42:09.399 Add Basket MarketNo：0 StockIdx：34064
[14956] 2025/11/20 09:42:09.399 Divide StockNo {2615}
[14956] 2025/11/20 09:42:09.399 Add Basket MarketNo：0 StockIdx：34069
[14956] 2025/11/20 09:42:09.399 Divide StockNo {2618}
[14956] 2025/11/20 09:42:09.399 Add Basket MarketNo：0 StockIdx：34072
[14956] 2025/11/20 09:42:09.399 Divide StockNo {2633}
[14956] 2025/11/20 09:42:09.399 Add Basket MarketNo：0 StockIdx：34074
[14956] 2025/11/20 09:42:09.399 Divide StockNo {2634}
[14956] 2025/11/20 09:42:09.399 Add Basket MarketNo：0 StockIdx：34075
[14956] 2025/11/20 09:42:09.399 Divide StockNo {2801}
[14956] 2025/11/20 09:42:09.399 Add Basket MarketNo：0 StockIdx：34096
[14956] 2025/11/20 09:42:09.399 Divide StockNo {2834}
[14956] 2025/11/20 09:42:09.399 Add Basket MarketNo：0 StockIdx：34101
[14956] 2025/11/20 09:42:09.399 Divide StockNo {2880}
[14956] 2025/11/20 09:42:09.399 Add Basket MarketNo：0 StockIdx：34113
[14956] 2025/11/20 09:42:09.399 Divide StockNo {2881}
[14956] 2025/11/20 09:42:09.399 Add Basket MarketNo：0 StockIdx：34114
[14956] 2025/11/20 09:42:09.399 Divide StockNo {2882}
[14956] 2025/11/20 09:42:09.399 Add Basket MarketNo：0 StockIdx：34118
[14956] 2025/11/20 09:42:09.399 Divide StockNo {2883}
[14956] 2025/11/20 09:42:09.399 Add Basket MarketNo：0 StockIdx：34121
[14956] 2025/11/20 09:42:09.399 Divide StockNo {2884}
[14956] 2025/11/20 09:42:09.399 Add Basket MarketNo：0 StockIdx：34123
[14956] 2025/11/20 09:42:09.399 Divide StockNo {2885}
[14956] 2025/11/20 09:42:09.399 Add Basket MarketNo：0 StockIdx：34124
[14956] 2025/11/20 09:42:09.399 Divide StockNo {2886}
[14956] 2025/11/20 09:42:09.399 Add Basket MarketNo：0 StockIdx：34125
[14956] 2025/11/20 09:42:09.399 Divide StockNo {2887}
[14956] 2025/11/20 09:42:09.399 Add Basket MarketNo：0 StockIdx：34126
[14956] 2025/11/20 09:42:09.399 Divide StockNo {2888}
[14956] 2025/11/20 09:42:09.399 Stock Is Not Exist 
[14956] 2025/11/20 09:42:09.399 Divide StockNo {2890}
[14956] 2025/11/20 09:42:09.399 Add Basket MarketNo：0 StockIdx：34134
[14956] 2025/11/20 09:42:09.399 Divide StockNo {2891}
[14956] 2025/11/20 09:42:09.399 Add Basket MarketNo：0 StockIdx：34135
[14956] 2025/11/20 09:42:09.399 Divide StockNo {2892}
[14956] 2025/11/20 09:42:09.399 Add Basket MarketNo：0 StockIdx：34138
[14956] 2025/11/20 09:42:09.399 Divide StockNo {2913}
[14956] 2025/11/20 09:42:09.399 Add Basket MarketNo：0 StockIdx：34150
[14956] 2025/11/20 09:42:09.399 Divide StockNo {2915}
[14956] 2025/11/20 09:42:09.399 Add Basket MarketNo：0 StockIdx：34151
[14956] 2025/11/20 09:42:09.399 Divide StockNo {3005}
[14956] 2025/11/20 09:42:09.399 Add Basket MarketNo：0 StockIdx：34159
[14956] 2025/11/20 09:42:09.399 Divide StockNo {3006}
[14956] 2025/11/20 09:42:09.399 Add Basket MarketNo：0 StockIdx：34160
[14956] 2025/11/20 09:42:09.399 Divide StockNo {3008}
[14956] 2025/11/20 09:42:09.399 Add Basket MarketNo：0 StockIdx：34161
[14956] 2025/11/20 09:42:09.399 Divide StockNo {3017}
[14956] 2025/11/20 09:42:09.399 Add Basket MarketNo：0 StockIdx：34168
[14956] 2025/11/20 09:42:09.399 Divide StockNo {3019}
[14956] 2025/11/20 09:42:09.399 Add Basket MarketNo：0 StockIdx：34170
[14956] 2025/11/20 09:42:09.399 Divide StockNo {3034}
[14956] 2025/11/20 09:42:09.399 Add Basket MarketNo：0 StockIdx：34184
[14956] 2025/11/20 09:42:09.399 Divide StockNo {3035}
[14956] 2025/11/20 09:42:09.399 Add Basket MarketNo：0 StockIdx：34185
[14956] 2025/11/20 09:42:09.399 Divide StockNo {3036}
[14956] 2025/11/20 09:42:09.399 Add Basket MarketNo：0 StockIdx：34186
[14956] 2025/11/20 09:42:09.400 Divide StockNo {3037}
[14956] 2025/11/20 09:42:09.400 Add Basket MarketNo：0 StockIdx：34188
[14956] 2025/11/20 09:42:09.400 Divide StockNo {3042}
[14956] 2025/11/20 09:42:09.400 Add Basket MarketNo：0 StockIdx：34192
[14956] 2025/11/20 09:42:09.400 Divide StockNo {3044}
[14956] 2025/11/20 09:42:09.400 Add Basket MarketNo：0 StockIdx：34194
[14956] 2025/11/20 09:42:09.400 Divide StockNo {3045}
[14956] 2025/11/20 09:42:09.400 Add Basket MarketNo：0 StockIdx：34195
[14956] 2025/11/20 09:42:09.400 Divide StockNo {3078}
[14956] 2025/11/20 09:42:09.400 Add Basket MarketNo：1 StockIdx：270
[14956] 2025/11/20 09:42:09.400 Divide StockNo {3081}
[14956] 2025/11/20 09:42:09.400 Add Basket MarketNo：1 StockIdx：271
[14956] 2025/11/20 09:42:09.400 Divide StockNo {3105}
[14956] 2025/11/20 09:42:09.400 Add Basket MarketNo：1 StockIdx：281
[14956] 2025/11/20 09:42:09.400 Divide StockNo {3152}
[14956] 2025/11/20 09:42:09.400 Add Basket MarketNo：1 StockIdx：296
[14956] 2025/11/20 09:42:09.400 Divide StockNo {3189}
[14956] 2025/11/20 09:42:09.400 Add Basket MarketNo：0 StockIdx：34222
[14956] 2025/11/20 09:42:09.400 Divide StockNo {3227}
[14956] 2025/11/20 09:42:09.400 Add Basket MarketNo：1 StockIdx：320
[14956] 2025/11/20 09:42:09.400 Divide StockNo {3231}
[14956] 2025/11/20 09:42:09.400 Add Basket MarketNo：0 StockIdx：34225
[14956] 2025/11/20 09:42:09.400 Divide StockNo {3260}
[14956] 2025/11/20 09:42:09.400 Add Basket MarketNo：1 StockIdx：329
[14956] 2025/11/20 09:42:09.400 Divide StockNo {3264}
[14956] 2025/11/20 09:42:09.400 Add Basket MarketNo：1 StockIdx：330
[14956] 2025/11/20 09:42:09.400 Divide StockNo {3293}
[14956] 2025/11/20 09:42:09.400 Add Basket MarketNo：1 StockIdx：343
[14956] 2025/11/20 09:42:09.400 Divide StockNo {3324}
[14956] 2025/11/20 09:42:09.400 Add Basket MarketNo：1 StockIdx：359
[14956] 2025/11/20 09:42:09.400 Divide StockNo {3374}
[14956] 2025/11/20 09:42:09.400 Add Basket MarketNo：1 StockIdx：376
[14956] 2025/11/20 09:42:09.400 Divide StockNo {3376}
[14956] 2025/11/20 09:42:09.400 Add Basket MarketNo：0 StockIdx：34237
[14956] 2025/11/20 09:42:09.400 Divide StockNo {3380}
[14956] 2025/11/20 09:42:09.400 Add Basket MarketNo：0 StockIdx：34238
[14956] 2025/11/20 09:42:09.400 Divide StockNo {3406}
[14956] 2025/11/20 09:42:09.400 Add Basket MarketNo：0 StockIdx：34239
[14956] 2025/11/20 09:42:09.400 Divide StockNo {3443}
[14956] 2025/11/20 09:42:09.400 Add Basket MarketNo：0 StockIdx：34245
[14956] 2025/11/20 09:42:09.400 Divide StockNo {3481}
[14956] 2025/11/20 09:42:09.400 Add Basket MarketNo：0 StockIdx：34249
[14956] 2025/11/20 09:42:09.400 Divide StockNo {3529}
[14956] 2025/11/20 09:42:09.400 Add Basket MarketNo：1 StockIdx：424
[14956] 2025/11/20 09:42:09.400 Divide StockNo {3532}
[14956] 2025/11/20 09:42:09.400 Add Basket MarketNo：0 StockIdx：34257
[14956] 2025/11/20 09:42:09.400 Divide StockNo {3533}
[14956] 2025/11/20 09:42:09.400 Add Basket MarketNo：0 StockIdx：34258
[14956] 2025/11/20 09:42:09.400 Divide StockNo {3552}
[14956] 2025/11/20 09:42:09.400 Add Basket MarketNo：1 StockIdx：435
[14956] 2025/11/20 09:42:09.400 Divide StockNo {3653}
[14956] 2025/11/20 09:42:09.400 Add Basket MarketNo：0 StockIdx：34278
[14956] 2025/11/20 09:42:09.400 Divide StockNo {3661}
[14956] 2025/11/20 09:42:09.400 Add Basket MarketNo：0 StockIdx：34279
[14956] 2025/11/20 09:42:09.400 Divide StockNo {3673}
[14956] 2025/11/20 09:42:09.400 Add Basket MarketNo：0 StockIdx：34282
[14956] 2025/11/20 09:42:09.400 Divide StockNo {3680}
[14956] 2025/11/20 09:42:09.400 Add Basket MarketNo：1 StockIdx：474
[14956] 2025/11/20 09:42:09.400 Divide StockNo {3691}
[14956] 2025/11/20 09:42:09.400 Add Basket MarketNo：1 StockIdx：484
[14956] 2025/11/20 09:42:09.400 Divide StockNo {3702}
[14956] 2025/11/20 09:42:09.400 Add Basket MarketNo：0 StockIdx：34287
[14956] 2025/11/20 09:42:09.400 Divide StockNo {3706}
[14956] 2025/11/20 09:42:09.401 Add Basket MarketNo：0 StockIdx：34291
[14956] 2025/11/20 09:42:09.401 Divide StockNo {3711}
[14956] 2025/11/20 09:42:09.401 Add Basket MarketNo：0 StockIdx：34293
[14956] 2025/11/20 09:42:09.401 Divide StockNo {3714}
[14956] 2025/11/20 09:42:09.401 Add Basket MarketNo：0 StockIdx：34295
[14956] 2025/11/20 09:42:09.401 Divide StockNo {4123}
[14956] 2025/11/20 09:42:09.401 Add Basket MarketNo：1 StockIdx：509
[14956] 2025/11/20 09:42:09.401 Divide StockNo {4128}
[14956] 2025/11/20 09:42:09.401 Add Basket MarketNo：1 StockIdx：514
[14956] 2025/11/20 09:42:09.401 Divide StockNo {4162}
[14956] 2025/11/20 09:42:09.401 Add Basket MarketNo：1 StockIdx：528
[14956] 2025/11/20 09:42:09.401 Divide StockNo {4736}
[14956] 2025/11/20 09:42:09.401 Add Basket MarketNo：0 StockIdx：34340
[14956] 2025/11/20 09:42:09.401 Divide StockNo {4743}
[14956] 2025/11/20 09:42:09.401 Add Basket MarketNo：1 StockIdx：619
[14956] 2025/11/20 09:42:09.401 Divide StockNo {4904}
[14956] 2025/11/20 09:42:09.401 Add Basket MarketNo：0 StockIdx：34351
[14956] 2025/11/20 09:42:09.401 Divide StockNo {4919}
[14956] 2025/11/20 09:42:09.401 Add Basket MarketNo：0 StockIdx：34356
[14956] 2025/11/20 09:42:09.401 Divide StockNo {4938}
[14956] 2025/11/20 09:42:09.401 Add Basket MarketNo：0 StockIdx：34361
[14956] 2025/11/20 09:42:09.401 Divide StockNo {4958}
[14956] 2025/11/20 09:42:09.401 Add Basket MarketNo：0 StockIdx：34367
[14956] 2025/11/20 09:42:09.401 Divide StockNo {5009}
[14956] 2025/11/20 09:42:09.401 Add Basket MarketNo：1 StockIdx：661
[14956] 2025/11/20 09:42:09.401 Divide StockNo {5269}
[14956] 2025/11/20 09:42:09.401 Add Basket MarketNo：0 StockIdx：34386
[14956] 2025/11/20 09:42:09.401 Divide StockNo {5274}
[14956] 2025/11/20 09:42:09.401 Add Basket MarketNo：1 StockIdx：695
[14956] 2025/11/20 09:42:09.401 Divide StockNo {5347}
[14956] 2025/11/20 09:42:09.401 Add Basket MarketNo：1 StockIdx：718
[14956] 2025/11/20 09:42:09.401 Divide StockNo {5371}
[14956] 2025/11/20 09:42:09.401 Add Basket MarketNo：1 StockIdx：725
[14956] 2025/11/20 09:42:09.401 Divide StockNo {5388}
[14956] 2025/11/20 09:42:09.401 Add Basket MarketNo：0 StockIdx：34393
[14956] 2025/11/20 09:42:09.401 Divide StockNo {5425}
[14956] 2025/11/20 09:42:09.401 Add Basket MarketNo：1 StockIdx：733
[14956] 2025/11/20 09:42:09.401 Divide StockNo {5457}
[14956] 2025/11/20 09:42:09.401 Add Basket MarketNo：1 StockIdx：745
[14956] 2025/11/20 09:42:09.401 Divide StockNo {5483}
[14956] 2025/11/20 09:42:09.401 Add Basket MarketNo：1 StockIdx：755
[14956] 2025/11/20 09:42:09.401 Divide StockNo {5534}
[14956] 2025/11/20 09:42:09.401 Add Basket MarketNo：0 StockIdx：34405
[14956] 2025/11/20 09:42:09.401 Divide StockNo {5871}
[14956] 2025/11/20 09:42:09.401 Add Basket MarketNo：0 StockIdx：34411
[14956] 2025/11/20 09:42:09.401 Divide StockNo {5876}
[14956] 2025/11/20 09:42:09.401 Add Basket MarketNo：0 StockIdx：34413
[14956] 2025/11/20 09:42:09.401 Divide StockNo {5880}
[14956] 2025/11/20 09:42:09.401 Add Basket MarketNo：0 StockIdx：34414
[14956] 2025/11/20 09:42:09.401 Divide StockNo {5904}
[14956] 2025/11/20 09:42:09.401 Add Basket MarketNo：1 StockIdx：789
[14956] 2025/11/20 09:42:09.401 Divide StockNo {6005}
[14956] 2025/11/20 09:42:09.401 Add Basket MarketNo：0 StockIdx：34417
[14956] 2025/11/20 09:42:09.401 Divide StockNo {6116}
[14956] 2025/11/20 09:42:09.401 Add Basket MarketNo：0 StockIdx：34422
[14956] 2025/11/20 09:42:09.401 Divide StockNo {6121}
[14956] 2025/11/20 09:42:09.401 Add Basket MarketNo：1 StockIdx：812
[14956] 2025/11/20 09:42:09.401 Divide StockNo {6139}
[14956] 2025/11/20 09:42:09.401 Add Basket MarketNo：0 StockIdx：34428
[14956] 2025/11/20 09:42:09.401 Divide StockNo {6147}
[14956] 2025/11/20 09:42:09.401 Add Basket MarketNo：1 StockIdx：830
[14956] 2025/11/20 09:42:09.401 Divide StockNo {6153}
[14956] 2025/11/20 09:42:09.401 Add Basket MarketNo：0 StockIdx：34432
[14956] 2025/11/20 09:42:09.401 Divide StockNo {6173}
[14956] 2025/11/20 09:42:09.402 Add Basket MarketNo：1 StockIdx：847
[14956] 2025/11/20 09:42:09.402 Divide StockNo {6176}
[14956] 2025/11/20 09:42:09.402 Add Basket MarketNo：0 StockIdx：34438
[14956] 2025/11/20 09:42:09.402 Divide StockNo {6182}
[14956] 2025/11/20 09:42:09.402 Add Basket MarketNo：1 StockIdx：855
[14956] 2025/11/20 09:42:09.402 Divide StockNo {6188}
[14956] 2025/11/20 09:42:09.402 Add Basket MarketNo：1 StockIdx：863
[14956] 2025/11/20 09:42:09.402 Divide StockNo {6213}
[14956] 2025/11/20 09:42:09.402 Add Basket MarketNo：0 StockIdx：34452
[14956] 2025/11/20 09:42:09.402 Divide StockNo {6223}
[14956] 2025/11/20 09:42:09.402 Add Basket MarketNo：1 StockIdx：889
[14956] 2025/11/20 09:42:09.402 Divide StockNo {6239}
[14956] 2025/11/20 09:42:09.402 Add Basket MarketNo：0 StockIdx：34461
[14956] 2025/11/20 09:42:09.402 Divide StockNo {6245}
[14956] 2025/11/20 09:42:09.402 Add Basket MarketNo：1 StockIdx：904
[14956] 2025/11/20 09:42:09.402 Divide StockNo {6257}
[14956] 2025/11/20 09:42:09.402 Add Basket MarketNo：0 StockIdx：34463
[14956] 2025/11/20 09:42:09.402 Divide StockNo {6269}
[14956] 2025/11/20 09:42:09.402 Add Basket MarketNo：0 StockIdx：34464
[14956] 2025/11/20 09:42:09.402 Divide StockNo {6271}
[14956] 2025/11/20 09:42:09.402 Add Basket MarketNo：0 StockIdx：34465
[14956] 2025/11/20 09:42:09.402 Divide StockNo {6274}
[14956] 2025/11/20 09:42:09.402 Add Basket MarketNo：1 StockIdx：916
[14956] 2025/11/20 09:42:09.402 Divide StockNo {6278}
[14956] 2025/11/20 09:42:09.402 Add Basket MarketNo：0 StockIdx：34467
[14956] 2025/11/20 09:42:09.402 Divide StockNo {6279}
[14956] 2025/11/20 09:42:09.402 Add Basket MarketNo：1 StockIdx：921
[14956] 2025/11/20 09:42:09.402 Divide StockNo {6282}
[14956] 2025/11/20 09:42:09.402 Add Basket MarketNo：0 StockIdx：34469
[14956] 2025/11/20 09:42:09.402 Divide StockNo {6285}
[14956] 2025/11/20 09:42:09.402 Add Basket MarketNo：0 StockIdx：34471
[14956] 2025/11/20 09:42:09.402 Divide StockNo {6414}
[14956] 2025/11/20 09:42:09.402 Add Basket MarketNo：0 StockIdx：34475
[14956] 2025/11/20 09:42:09.402 Divide StockNo {6443}
[14956] 2025/11/20 09:42:09.402 Add Basket MarketNo：0 StockIdx：34483
[14956] 2025/11/20 09:42:09.402 Divide StockNo {6472}
[14956] 2025/11/20 09:42:09.402 Add Basket MarketNo：0 StockIdx：34489
[14956] 2025/11/20 09:42:09.402 Divide StockNo {6488}
[14956] 2025/11/20 09:42:09.402 Add Basket MarketNo：1 StockIdx：956
[14956] 2025/11/20 09:42:09.402 Divide StockNo {6505}
[14956] 2025/11/20 09:42:09.402 Add Basket MarketNo：0 StockIdx：34493
[14956] 2025/11/20 09:42:09.402 Divide StockNo {6510}
[14956] 2025/11/20 09:42:09.402 Add Basket MarketNo：1 StockIdx：966
[14956] 2025/11/20 09:42:09.402 Divide StockNo {6526}
[14956] 2025/11/20 09:42:09.402 Add Basket MarketNo：0 StockIdx：34496
[14956] 2025/11/20 09:42:09.402 Divide StockNo {6547}
[14956] 2025/11/20 09:42:09.402 Add Basket MarketNo：1 StockIdx：981
[14956] 2025/11/20 09:42:09.402 Divide StockNo {6669}
[14956] 2025/11/20 09:42:09.402 Add Basket MarketNo：0 StockIdx：34525
[14956] 2025/11/20 09:42:09.402 Divide StockNo {6757}
[14956] 2025/11/20 09:42:09.402 Add Basket MarketNo：0 StockIdx：34542
[14956] 2025/11/20 09:42:09.402 Divide StockNo {6770}
[14956] 2025/11/20 09:42:09.402 Add Basket MarketNo：0 StockIdx：34544
[14956] 2025/11/20 09:42:09.402 Divide StockNo {8039}
[14956] 2025/11/20 09:42:09.402 Add Basket MarketNo：0 StockIdx：34621
[14956] 2025/11/20 09:42:09.402 Divide StockNo {8044}
[14956] 2025/11/20 09:42:09.402 Add Basket MarketNo：1 StockIdx：12473
[14956] 2025/11/20 09:42:09.402 Divide StockNo {8046}
[14956] 2025/11/20 09:42:09.402 Add Basket MarketNo：0 StockIdx：34623
[14956] 2025/11/20 09:42:09.402 Divide StockNo {8069}
[14956] 2025/11/20 09:42:09.402 Add Basket MarketNo：1 StockIdx：12485
[14956] 2025/11/20 09:42:09.402 Divide StockNo {8086}
[14956] 2025/11/20 09:42:09.402 Add Basket MarketNo：1 StockIdx：12494
[14956] 2025/11/20 09:42:09.402 Divide StockNo {8112}
[14956] 2025/11/20 09:42:09.402 Add Basket MarketNo：0 StockIdx：34632
[14956] 2025/11/20 09:42:09.402 Divide StockNo {8150}
[14956] 2025/11/20 09:42:09.402 Add Basket MarketNo：0 StockIdx：34636
[14956] 2025/11/20 09:42:09.403 Divide StockNo {8163}
[14956] 2025/11/20 09:42:09.403 Add Basket MarketNo：0 StockIdx：34638
[14956] 2025/11/20 09:42:09.403 Divide StockNo {8299}
[14956] 2025/11/20 09:42:09.403 Add Basket MarketNo：1 StockIdx：12533
[14956] 2025/11/20 09:42:09.403 Divide StockNo {8358}
[14956] 2025/11/20 09:42:09.403 Add Basket MarketNo：1 StockIdx：12539
[14956] 2025/11/20 09:42:09.403 Divide StockNo {8436}
[14956] 2025/11/20 09:42:09.403 Add Basket MarketNo：1 StockIdx：12564
[14956] 2025/11/20 09:42:09.403 Divide StockNo {8454}
[14956] 2025/11/20 09:42:09.403 Add Basket MarketNo：0 StockIdx：34657
[14956] 2025/11/20 09:42:09.403 Divide StockNo {9904}
[14956] 2025/11/20 09:42:09.403 Add Basket MarketNo：0 StockIdx：34686
[14956] 2025/11/20 09:42:09.403 Divide StockNo {9914}
[14956] 2025/11/20 09:42:09.403 Add Basket MarketNo：0 StockIdx：34694
[14956] 2025/11/20 09:42:09.403 Divide StockNo {9938}
[14956] 2025/11/20 09:42:09.403 Add Basket MarketNo：0 StockIdx：34710
[14956] 2025/11/20 09:42:09.403 Divide StockNo {9939}
[14956] 2025/11/20 09:42:09.403 Add Basket MarketNo：0 StockIdx：34711
[14956] 2025/11/20 09:42:09.403 Divide StockNo {9945}
[14956] 2025/11/20 09:42:09.403 Add Basket MarketNo：0 StockIdx：34718
[14956] 2025/11/20 09:42:09.403 Divide StockNo {9958}
[14956] 2025/11/20 09:42:09.403 Add Basket MarketNo：0 StockIdx：34721
[14956] 2025/11/20 09:42:09.403 Divide StockNo {TSE}
[14956] 2025/11/20 09:42:09.403 Stock Is Not Exist 
[14956] 2025/11/20 09:42:09.403 Divide StockNo {TSE23}
[14956] 2025/11/20 09:42:09.403 Add Basket MarketNo：0 StockIdx：35038
[14956] 2025/11/20 09:42:09.403 Divide StockNo {TSE28}
[14956] 2025/11/20 09:42:09.403 Add Basket MarketNo：0 StockIdx：35043
[14956] 2025/11/20 09:42:09.403 Divide StockNo {TWMC}
[14956] 2025/11/20 09:42:09.403 Stock Is Not Exist 
[14956] 2025/11/20 09:42:09.403 Return PageNo： 1 
[26696] 2025/11/20 09:43:37.960 Precheck/DistributedServer Query result is 000,分配成功
[26696] 2025/11/20 09:43:37.960 >> Host srvsolace-tp2.capital.com.tw
[26696] 2025/11/20 09:43:37.964 SKQuoteLib_EnterMonitor IP：srvsolace-tp2.capital.com.tw
[26696] 2025/11/20 09:43:38.108 OnSessionConnect，Code: 3001, Error Code:0.
[26696] 2025/11/20 09:43:38.182 SKQuoteLib_EnterMonitorLONG starting
[26696] 2025/11/20 09:43:38.184 OnConnection ( 3001 , 0 ) 
[26696] 2025/11/20 09:43:38.741 Market Info is OK!
[26696] 2025/11/20 09:43:38.815 Catalog info is OK!
[26696] 2025/11/20 09:43:42.359 Solace RequestInitializeData (TO_S_19,S_1F)
[26696] 2025/11/20 09:43:42.359 Solace RequestInitializeData (TO_S_19,S_1F)
[26696] 2025/11/20 09:43:42.360 OnConnection ( 3003 , 0 ) 
[26696] 2025/11/20 09:43:44.079 SKQuoteLib_RequestStocks (1 , CAF00, CBF00, CCF00, CDF00, CEF00, CFF00, CGF00, CHF00, CJF00, CKF00, CLF00, CMF00, CNF00, CQF00, CRF00, CSF00, CUF00, CWF00, CXF00, CYF00, CZF00, DAF00, DBF00, DCF00, DEF00, DFF00, DGF00, DHF00, DIF00, DJF00, DKF00, DLF00, DNF00, DOF00, DPF00, DQF00, DSF00, DVF00, DWF00, DXF00, DYF00, DZF00, EEF00, EGF00, EHF00, EKF00, EMF00, EPF00, EYF00, EZF00, FBF00, FCF00, FEF00, FFF00, FGF00, FKF00, FNF00, FQF00, FRF00, FSF00, FTF00, FVF00, FWF00, FYF00, FZF00, GAF00, GCF00, GHF00, GIF00, GJF00, GKF00, GLF00, GMF00, GNF00, GOF00, GRF00, GUF00, GVF00, GWF00, GXF00, GYF00, GZF00, HAF00, HBF00, HCF00, HHF00, HIF00, HLF00, HOF00, HQF00, HSF00, IAF00, IHF00, IIF00, IJF00, IMF00, IOF00, IPF00, IQF00, IRF00, ITF00, IXF00, IYF00, IZF00, JBF00, JFF00, JMF00, JNF00, JPF00, JSF00, JWF00, JXF00, JZF00, KAF00, KBF00, KCF00, KDF00, KEF00, KFF00, KGF00, KIF00, KKF00, KLF00, KOF00, KPF00, KSF00, KUF00, KWF00, LBF00, LCF00, LEF00, LIF00, LMF00, LOF00, LQF00, LRF00, LTF00, LUF00, LVF00, LWF00, LXF00, LYF00, MAF00, MBF00, MJF00, MKF00, MQF00, MVF00, MYF00, NAF00, NBF00, NDF00, NEF00, NGF00, NIF00, NJF00, NLF00, NMF00, NOF00, NQF00, NSF00, NUF00, NVF00, NWF00, NYF00, OAF00, OBF00, ODF00, OEF00, OHF00, OJF00, OKF00, OLF00, OMF00, OOF00, OPF00, OQF00, ORF00, OSF00, OTF00, OUF00, OVF00, OWF00, OXF00, OYF00, OZF00, PAF00, PBF00, PCF00, PDF00, PEF00, PFF00, PGF00, PHF00, PIF00, PJF00, PKF00, PLF00, PMF00, PNF00, PPF00, PQF00, PRF00, PSF00, PTF00, PUF00, PVF00, PWF00, PXF00, PYF00, PZF00, QAF00, QBF00, QCF00, QDF00, QEF00, QFF00, QGF00, QHF00, QIF00, QJF00, QKF00, QLF00, QMF00, QNF00, QOF00, QPF00, QQF00, QRF00, QSF00, QTF00, QUF00, QVF00, QWF00, QXF00, QYF00, QZF00, RAF00, RBF00, RCF00, RDF00, REF00, RFF00, RGF00, RIF00, RJF00, RKF00, RLF00, RMF00, RNF00, ROF00, RPF00, RQF00, RRF00, RSF00, RUF00, RVF00, RWF00, RXF00, RYF00, RZF00, SAF00, SBF00, SCF00, SDF00, SEF00, SFF00, SGF00, SIF00, SJF00, SKF00, SLF00, SMF00, SNF00, SQF00, SRF00, SSF00, SUF00, SVF00, SWF00, SYF00, SZF00, UAF00, UBF00, UCF00, UEF00, UFF00, UGF00, UHF00, UIF00, UJF00, UKF00, ULF00, UMF00, UOF00, UPF00, UQF00, URF00, USF00, UTF00, UUF00, UVF00, UWF00, 0050, 0056, 006205, 006206, 00636, 00639, 00643, 00679B, 00687B, 00719B, 00757, 00772B, 00878, 00885, 00893, 00919, 00923, 00929, 00937B, 00940, 1101, 1102, 1210, 1216, 1301, 1303, 1312, 1314, 1319, 1326, 1402, 1440, 1476, 1477, 1503, 1504, 1513, 1536, 1565, 1590, 1605, 1609, 1707, 1717, 1718, 1722, 1795, 1802, 1904, 1905, 1907, 1909, 2002, 2006, 2014, 2027, 2049, 2059, 2105, 2201, 2231, 2301, 2303, 2308, 2312, 2313, 2317, 2323, 2324, 2327, 2328, 2330, 2331, 2332, 2337, 2338, 2340, 2344, 2345, 2347, 2352, 2353, 2354, 2355, 2356, 2357, 2360, 2368, 2371, 2376, 2377, 2379, 2382, 2383, 2385, 2388, 2392, 2393, 2401, 2404, 2408, 2409, 2412, 2439, 2441, 2449, 2454, 2455, 2457, 2458, 2474, 2481, 2485, 2486, 2489, 2492, 2498, 2515, 2520, 2542, 2548, 2603, 2605, 2606, 2609, 2610, 2615, 2618, 2633, 2634, 2801, 2834, 2880, 2881, 2882, 2883, 2884, 2885, 2886, 2887, 2888, 2890, 2891, 2892, 2913, 2915, 3005, 3006, 3008, 3017, 3019, 3034, 3035, 3036, 3037, 3042, 3044, 3045, 3078, 3081, 3105, 3152, 3189, 3227, 3231, 3260, 3264, 3293, 3324, 3374, 3376, 3380, 3406, 3443, 3481, 3529, 3532, 3533, 3552, 3653, 3661, 3673, 3680, 3691, 3702, 3706, 3711, 3714, 4123, 4128, 4162, 4736, 4743, 4904, 4919, 4938, 4958, 5009, 5269, 5274, 5347, 5371, 5388, 5425, 5457, 5483, 5534, 5871, 5876, 5880, 5904, 6005, 6116, 6121, 6139, 6147, 6153, 6173, 6176, 6182, 6188, 6213, 6223, 6239, 6245, 6257, 6269, 6271, 6274, 6278, 6279, 6282, 6285, 6414, 6443, 6472, 6488, 6505, 6510, 6526, 6547, 6669, 6757, 6770, 8039, 8044, 8046, 8069, 8086, 8112, 8150, 8163, 8299, 8358, 8436, 8454, 9904, 9914, 9938, 9939, 9945, 9958, TSE, TSE23, TSE28, TWMC)
[26696] 2025/11/20 09:43:44.085 Divide StockNo {CAF00}
[26696] 2025/11/20 09:43:44.085 Add Basket MarketNo：2 StockIdx：704
[26696] 2025/11/20 09:43:44.085 Divide StockNo {CBF00}
[26696] 2025/11/20 09:43:44.085 Add Basket MarketNo：2 StockIdx：710
[26696] 2025/11/20 09:43:44.086 Divide StockNo {CCF00}
[26696] 2025/11/20 09:43:44.086 Add Basket MarketNo：2 StockIdx：120
[26696] 2025/11/20 09:43:44.086 Divide StockNo {CDF00}
[26696] 2025/11/20 09:43:44.086 Add Basket MarketNo：2 StockIdx：126
[26696] 2025/11/20 09:43:44.086 Divide StockNo {CEF00}
[26696] 2025/11/20 09:43:44.086 Add Basket MarketNo：2 StockIdx：728
[26696] 2025/11/20 09:43:44.086 Divide StockNo {CFF00}
[26696] 2025/11/20 09:43:44.086 Add Basket MarketNo：2 StockIdx：736
[26696] 2025/11/20 09:43:44.086 Divide StockNo {CGF00}
[26696] 2025/11/20 09:43:44.086 Add Basket MarketNo：2 StockIdx：742
[26696] 2025/11/20 09:43:44.086 Divide StockNo {CHF00}
[26696] 2025/11/20 09:43:44.086 Add Basket MarketNo：2 StockIdx：748
[26696] 2025/11/20 09:43:44.086 Divide StockNo {CJF00}
[26696] 2025/11/20 09:43:44.086 Add Basket MarketNo：2 StockIdx：754
[26696] 2025/11/20 09:43:44.086 Divide StockNo {CKF00}
[26696] 2025/11/20 09:43:44.086 Add Basket MarketNo：2 StockIdx：760
[26696] 2025/11/20 09:43:44.086 Divide StockNo {CLF00}
[26696] 2025/11/20 09:43:44.086 Add Basket MarketNo：2 StockIdx：766
[26696] 2025/11/20 09:43:44.086 Divide StockNo {CMF00}
[26696] 2025/11/20 09:43:44.086 Add Basket MarketNo：2 StockIdx：772
[26696] 2025/11/20 09:43:44.086 Divide StockNo {CNF00}
[26696] 2025/11/20 09:43:44.086 Add Basket MarketNo：2 StockIdx：778
[26696] 2025/11/20 09:43:44.086 Divide StockNo {CQF00}
[26696] 2025/11/20 09:43:44.086 Add Basket MarketNo：2 StockIdx：784
[26696] 2025/11/20 09:43:44.086 Divide StockNo {CRF00}
[26696] 2025/11/20 09:43:44.086 Add Basket MarketNo：2 StockIdx：790
[26696] 2025/11/20 09:43:44.086 Divide StockNo {CSF00}
[26696] 2025/11/20 09:43:44.086 Add Basket MarketNo：2 StockIdx：796
[26696] 2025/11/20 09:43:44.086 Divide StockNo {CUF00}
[26696] 2025/11/20 09:43:44.086 Add Basket MarketNo：2 StockIdx：802
[26696] 2025/11/20 09:43:44.086 Divide StockNo {CWF00}
[26696] 2025/11/20 09:43:44.086 Add Basket MarketNo：2 StockIdx：808
[26696] 2025/11/20 09:43:44.086 Divide StockNo {CXF00}
[26696] 2025/11/20 09:43:44.086 Add Basket MarketNo：2 StockIdx：816
[26696] 2025/11/20 09:43:44.086 Divide StockNo {CYF00}
[26696] 2025/11/20 09:43:44.086 Add Basket MarketNo：2 StockIdx：822
[26696] 2025/11/20 09:43:44.086 Divide StockNo {CZF00}
[26696] 2025/11/20 09:43:44.086 Add Basket MarketNo：2 StockIdx：828
[26696] 2025/11/20 09:43:44.086 Divide StockNo {DAF00}
[26696] 2025/11/20 09:43:44.086 Add Basket MarketNo：2 StockIdx：834
[26696] 2025/11/20 09:43:44.086 Divide StockNo {DBF00}
[26696] 2025/11/20 09:43:44.086 Add Basket MarketNo：2 StockIdx：840
[26696] 2025/11/20 09:43:44.087 Divide StockNo {DCF00}
[26696] 2025/11/20 09:43:44.087 Add Basket MarketNo：2 StockIdx：846
[26696] 2025/11/20 09:43:44.087 Divide StockNo {DEF00}
[26696] 2025/11/20 09:43:44.087 Add Basket MarketNo：2 StockIdx：854
[26696] 2025/11/20 09:43:44.087 Divide StockNo {DFF00}
[26696] 2025/11/20 09:43:44.087 Add Basket MarketNo：2 StockIdx：863
[26696] 2025/11/20 09:43:44.087 Divide StockNo {DGF00}
[26696] 2025/11/20 09:43:44.087 Add Basket MarketNo：2 StockIdx：869
[26696] 2025/11/20 09:43:44.087 Divide StockNo {DHF00}
[26696] 2025/11/20 09:43:44.087 Add Basket MarketNo：2 StockIdx：875
[26696] 2025/11/20 09:43:44.087 Divide StockNo {DIF00}
[26696] 2025/11/20 09:43:44.087 Add Basket MarketNo：2 StockIdx：881
[26696] 2025/11/20 09:43:44.087 Divide StockNo {DJF00}
[26696] 2025/11/20 09:43:44.087 Add Basket MarketNo：2 StockIdx：887
[26696] 2025/11/20 09:43:44.087 Divide StockNo {DKF00}
[26696] 2025/11/20 09:43:44.087 Add Basket MarketNo：2 StockIdx：893
[26696] 2025/11/20 09:43:44.087 Divide StockNo {DLF00}
[26696] 2025/11/20 09:43:44.087 Add Basket MarketNo：2 StockIdx：899
[26696] 2025/11/20 09:43:44.087 Divide StockNo {DNF00}
[26696] 2025/11/20 09:43:44.087 Add Basket MarketNo：2 StockIdx：905
[26696] 2025/11/20 09:43:44.087 Divide StockNo {DOF00}
[26696] 2025/11/20 09:43:44.087 Add Basket MarketNo：2 StockIdx：913
[26696] 2025/11/20 09:43:44.087 Divide StockNo {DPF00}
[26696] 2025/11/20 09:43:44.087 Add Basket MarketNo：2 StockIdx：919
[26696] 2025/11/20 09:43:44.087 Divide StockNo {DQF00}
[26696] 2025/11/20 09:43:44.087 Add Basket MarketNo：2 StockIdx：925
[26696] 2025/11/20 09:43:44.087 Divide StockNo {DSF00}
[26696] 2025/11/20 09:43:44.087 Add Basket MarketNo：2 StockIdx：931
[26696] 2025/11/20 09:43:44.087 Divide StockNo {DVF00}
[26696] 2025/11/20 09:43:44.087 Add Basket MarketNo：2 StockIdx：937
[26696] 2025/11/20 09:43:44.087 Divide StockNo {DWF00}
[26696] 2025/11/20 09:43:44.087 Add Basket MarketNo：2 StockIdx：943
[26696] 2025/11/20 09:43:44.087 Divide StockNo {DXF00}
[26696] 2025/11/20 09:43:44.087 Add Basket MarketNo：2 StockIdx：949
[26696] 2025/11/20 09:43:44.087 Divide StockNo {DYF00}
[26696] 2025/11/20 09:43:44.087 Add Basket MarketNo：2 StockIdx：955
[26696] 2025/11/20 09:43:44.087 Divide StockNo {DZF00}
[26696] 2025/11/20 09:43:44.087 Add Basket MarketNo：2 StockIdx：961
[26696] 2025/11/20 09:43:44.087 Divide StockNo {EEF00}
[26696] 2025/11/20 09:43:44.087 Add Basket MarketNo：2 StockIdx：967
[26696] 2025/11/20 09:43:44.087 Divide StockNo {EGF00}
[26696] 2025/11/20 09:43:44.087 Add Basket MarketNo：2 StockIdx：973
[26696] 2025/11/20 09:43:44.087 Divide StockNo {EHF00}
[26696] 2025/11/20 09:43:44.087 Add Basket MarketNo：2 StockIdx：979
[26696] 2025/11/20 09:43:44.087 Divide StockNo {EKF00}
[26696] 2025/11/20 09:43:44.088 Add Basket MarketNo：2 StockIdx：985
[26696] 2025/11/20 09:43:44.088 Divide StockNo {EMF00}
[26696] 2025/11/20 09:43:44.088 Add Basket MarketNo：2 StockIdx：991
[26696] 2025/11/20 09:43:44.088 Divide StockNo {EPF00}
[26696] 2025/11/20 09:43:44.088 Add Basket MarketNo：2 StockIdx：997
[26696] 2025/11/20 09:43:44.088 Divide StockNo {EYF00}
[26696] 2025/11/20 09:43:44.088 Add Basket MarketNo：2 StockIdx：1003
[26696] 2025/11/20 09:43:44.088 Divide StockNo {EZF00}
[26696] 2025/11/20 09:43:44.088 Add Basket MarketNo：2 StockIdx：1009
[26696] 2025/11/20 09:43:44.088 Divide StockNo {FBF00}
[26696] 2025/11/20 09:43:44.088 Add Basket MarketNo：2 StockIdx：1015
[26696] 2025/11/20 09:43:44.088 Divide StockNo {FCF00}
[26696] 2025/11/20 09:43:44.088 Add Basket MarketNo：2 StockIdx：1021
[26696] 2025/11/20 09:43:44.088 Divide StockNo {FEF00}
[26696] 2025/11/20 09:43:44.088 Add Basket MarketNo：2 StockIdx：1025
[26696] 2025/11/20 09:43:44.088 Divide StockNo {FFF00}
[26696] 2025/11/20 09:43:44.088 Add Basket MarketNo：2 StockIdx：1033
[26696] 2025/11/20 09:43:44.088 Divide StockNo {FGF00}
[26696] 2025/11/20 09:43:44.088 Add Basket MarketNo：2 StockIdx：1039
[26696] 2025/11/20 09:43:44.088 Divide StockNo {FKF00}
[26696] 2025/11/20 09:43:44.088 Add Basket MarketNo：2 StockIdx：1045
[26696] 2025/11/20 09:43:44.088 Divide StockNo {FNF00}
[26696] 2025/11/20 09:43:44.088 Add Basket MarketNo：2 StockIdx：1051
[26696] 2025/11/20 09:43:44.088 Divide StockNo {FQF00}
[26696] 2025/11/20 09:43:44.088 Add Basket MarketNo：2 StockIdx：1057
[26696] 2025/11/20 09:43:44.088 Divide StockNo {FRF00}
[26696] 2025/11/20 09:43:44.088 Add Basket MarketNo：2 StockIdx：1063
[26696] 2025/11/20 09:43:44.088 Divide StockNo {FSF00}
[26696] 2025/11/20 09:43:44.088 Add Basket MarketNo：2 StockIdx：1069
[26696] 2025/11/20 09:43:44.088 Divide StockNo {FTF00}
[26696] 2025/11/20 09:43:44.088 Add Basket MarketNo：2 StockIdx：1075
[26696] 2025/11/20 09:43:44.088 Divide StockNo {FVF00}
[26696] 2025/11/20 09:43:44.088 Add Basket MarketNo：2 StockIdx：1081
[26696] 2025/11/20 09:43:44.088 Divide StockNo {FWF00}
[26696] 2025/11/20 09:43:44.088 Add Basket MarketNo：2 StockIdx：1087
[26696] 2025/11/20 09:43:44.088 Divide StockNo {FYF00}
[26696] 2025/11/20 09:43:44.088 Add Basket MarketNo：2 StockIdx：1093
[26696] 2025/11/20 09:43:44.088 Divide StockNo {FZF00}
[26696] 2025/11/20 09:43:44.088 Add Basket MarketNo：2 StockIdx：1099
[26696] 2025/11/20 09:43:44.088 Divide StockNo {GAF00}
[26696] 2025/11/20 09:43:44.088 Add Basket MarketNo：2 StockIdx：1105
[26696] 2025/11/20 09:43:44.088 Divide StockNo {GCF00}
[26696] 2025/11/20 09:43:44.088 Add Basket MarketNo：2 StockIdx：1111
[26696] 2025/11/20 09:43:44.088 Divide StockNo {GHF00}
[26696] 2025/11/20 09:43:44.088 Add Basket MarketNo：2 StockIdx：1117
[26696] 2025/11/20 09:43:44.088 Divide StockNo {GIF00}
[26696] 2025/11/20 09:43:44.089 Add Basket MarketNo：2 StockIdx：1123
[26696] 2025/11/20 09:43:44.089 Divide StockNo {GJF00}
[26696] 2025/11/20 09:43:44.089 Add Basket MarketNo：2 StockIdx：1129
[26696] 2025/11/20 09:43:44.089 Divide StockNo {GKF00}
[26696] 2025/11/20 09:43:44.089 Add Basket MarketNo：2 StockIdx：1135
[26696] 2025/11/20 09:43:44.089 Divide StockNo {GLF00}
[26696] 2025/11/20 09:43:44.089 Add Basket MarketNo：2 StockIdx：1141
[26696] 2025/11/20 09:43:44.089 Divide StockNo {GMF00}
[26696] 2025/11/20 09:43:44.089 Add Basket MarketNo：2 StockIdx：1147
[26696] 2025/11/20 09:43:44.089 Divide StockNo {GNF00}
[26696] 2025/11/20 09:43:44.089 Add Basket MarketNo：2 StockIdx：1153
[26696] 2025/11/20 09:43:44.089 Divide StockNo {GOF00}
[26696] 2025/11/20 09:43:44.089 Add Basket MarketNo：2 StockIdx：1159
[26696] 2025/11/20 09:43:44.089 Divide StockNo {GRF00}
[26696] 2025/11/20 09:43:44.089 Add Basket MarketNo：2 StockIdx：1165
[26696] 2025/11/20 09:43:44.089 Divide StockNo {GUF00}
[26696] 2025/11/20 09:43:44.089 Add Basket MarketNo：2 StockIdx：1171
[26696] 2025/11/20 09:43:44.089 Divide StockNo {GVF00}
[26696] 2025/11/20 09:43:44.089 Add Basket MarketNo：2 StockIdx：1177
[26696] 2025/11/20 09:43:44.089 Divide StockNo {GWF00}
[26696] 2025/11/20 09:43:44.089 Add Basket MarketNo：2 StockIdx：1183
[26696] 2025/11/20 09:43:44.089 Divide StockNo {GXF00}
[26696] 2025/11/20 09:43:44.089 Add Basket MarketNo：2 StockIdx：1189
[26696] 2025/11/20 09:43:44.089 Divide StockNo {GYF00}
[26696] 2025/11/20 09:43:44.089 Add Basket MarketNo：2 StockIdx：1195
[26696] 2025/11/20 09:43:44.089 Divide StockNo {GZF00}
[26696] 2025/11/20 09:43:44.089 Add Basket MarketNo：2 StockIdx：1201
[26696] 2025/11/20 09:43:44.089 Divide StockNo {HAF00}
[26696] 2025/11/20 09:43:44.089 Add Basket MarketNo：2 StockIdx：1207
[26696] 2025/11/20 09:43:44.089 Divide StockNo {HBF00}
[26696] 2025/11/20 09:43:44.089 Add Basket MarketNo：2 StockIdx：1217
[26696] 2025/11/20 09:43:44.089 Divide StockNo {HCF00}
[26696] 2025/11/20 09:43:44.089 Add Basket MarketNo：2 StockIdx：1223
[26696] 2025/11/20 09:43:44.089 Divide StockNo {HHF00}
[26696] 2025/11/20 09:43:44.089 Add Basket MarketNo：2 StockIdx：1229
[26696] 2025/11/20 09:43:44.089 Divide StockNo {HIF00}
[26696] 2025/11/20 09:43:44.089 Add Basket MarketNo：2 StockIdx：1239
[26696] 2025/11/20 09:43:44.089 Divide StockNo {HLF00}
[26696] 2025/11/20 09:43:44.089 Add Basket MarketNo：2 StockIdx：1245
[26696] 2025/11/20 09:43:44.089 Divide StockNo {HOF00}
[26696] 2025/11/20 09:43:44.089 Add Basket MarketNo：2 StockIdx：1255
[26696] 2025/11/20 09:43:44.089 Divide StockNo {HQF00}
[26696] 2025/11/20 09:43:44.089 Add Basket MarketNo：2 StockIdx：1261
[26696] 2025/11/20 09:43:44.089 Divide StockNo {HSF00}
[26696] 2025/11/20 09:43:44.089 Add Basket MarketNo：2 StockIdx：1267
[26696] 2025/11/20 09:43:44.089 Divide StockNo {IAF00}
[26696] 2025/11/20 09:43:44.090 Add Basket MarketNo：2 StockIdx：1273
[26696] 2025/11/20 09:43:44.090 Divide StockNo {IHF00}
[26696] 2025/11/20 09:43:44.090 Add Basket MarketNo：2 StockIdx：1282
[26696] 2025/11/20 09:43:44.090 Divide StockNo {IIF00}
[26696] 2025/11/20 09:43:44.090 Add Basket MarketNo：2 StockIdx：1288
[26696] 2025/11/20 09:43:44.090 Divide StockNo {IJF00}
[26696] 2025/11/20 09:43:44.090 Add Basket MarketNo：2 StockIdx：1294
[26696] 2025/11/20 09:43:44.090 Divide StockNo {IMF00}
[26696] 2025/11/20 09:43:44.090 Add Basket MarketNo：2 StockIdx：1300
[26696] 2025/11/20 09:43:44.090 Divide StockNo {IOF00}
[26696] 2025/11/20 09:43:44.090 Add Basket MarketNo：2 StockIdx：1306
[26696] 2025/11/20 09:43:44.090 Divide StockNo {IPF00}
[26696] 2025/11/20 09:43:44.090 Add Basket MarketNo：2 StockIdx：1312
[26696] 2025/11/20 09:43:44.090 Divide StockNo {IQF00}
[26696] 2025/11/20 09:43:44.090 Add Basket MarketNo：2 StockIdx：1318
[26696] 2025/11/20 09:43:44.090 Divide StockNo {IRF00}
[26696] 2025/11/20 09:43:44.090 Add Basket MarketNo：2 StockIdx：1324
[26696] 2025/11/20 09:43:44.090 Divide StockNo {ITF00}
[26696] 2025/11/20 09:43:44.090 Add Basket MarketNo：2 StockIdx：1334
[26696] 2025/11/20 09:43:44.090 Divide StockNo {IXF00}
[26696] 2025/11/20 09:43:44.090 Add Basket MarketNo：2 StockIdx：1340
[26696] 2025/11/20 09:43:44.090 Divide StockNo {IYF00}
[26696] 2025/11/20 09:43:44.090 Add Basket MarketNo：2 StockIdx：1346
[26696] 2025/11/20 09:43:44.090 Divide StockNo {IZF00}
[26696] 2025/11/20 09:43:44.090 Add Basket MarketNo：2 StockIdx：1352
[26696] 2025/11/20 09:43:44.090 Divide StockNo {JBF00}
[26696] 2025/11/20 09:43:44.090 Add Basket MarketNo：2 StockIdx：1358
[26696] 2025/11/20 09:43:44.090 Divide StockNo {JFF00}
[26696] 2025/11/20 09:43:44.090 Add Basket MarketNo：2 StockIdx：1364
[26696] 2025/11/20 09:43:44.090 Divide StockNo {JMF00}
[26696] 2025/11/20 09:43:44.090 Add Basket MarketNo：2 StockIdx：1370
[26696] 2025/11/20 09:43:44.090 Divide StockNo {JNF00}
[26696] 2025/11/20 09:43:44.090 Add Basket MarketNo：2 StockIdx：1376
[26696] 2025/11/20 09:43:44.090 Divide StockNo {JPF00}
[26696] 2025/11/20 09:43:44.090 Add Basket MarketNo：2 StockIdx：1382
[26696] 2025/11/20 09:43:44.090 Divide StockNo {JSF00}
[26696] 2025/11/20 09:43:44.090 Add Basket MarketNo：2 StockIdx：1388
[26696] 2025/11/20 09:43:44.090 Divide StockNo {JWF00}
[26696] 2025/11/20 09:43:44.090 Add Basket MarketNo：2 StockIdx：1394
[26696] 2025/11/20 09:43:44.090 Divide StockNo {JXF00}
[26696] 2025/11/20 09:43:44.090 Add Basket MarketNo：2 StockIdx：1400
[26696] 2025/11/20 09:43:44.090 Divide StockNo {JZF00}
[26696] 2025/11/20 09:43:44.090 Add Basket MarketNo：2 StockIdx：1406
[26696] 2025/11/20 09:43:44.090 Divide StockNo {KAF00}
[26696] 2025/11/20 09:43:44.091 Add Basket MarketNo：2 StockIdx：1412
[26696] 2025/11/20 09:43:44.091 Divide StockNo {KBF00}
[26696] 2025/11/20 09:43:44.091 Add Basket MarketNo：2 StockIdx：1418
[26696] 2025/11/20 09:43:44.091 Divide StockNo {KCF00}
[26696] 2025/11/20 09:43:44.091 Add Basket MarketNo：2 StockIdx：1424
[26696] 2025/11/20 09:43:44.091 Divide StockNo {KDF00}
[26696] 2025/11/20 09:43:44.091 Add Basket MarketNo：2 StockIdx：1430
[26696] 2025/11/20 09:43:44.091 Divide StockNo {KEF00}
[26696] 2025/11/20 09:43:44.091 Add Basket MarketNo：2 StockIdx：1436
[26696] 2025/11/20 09:43:44.091 Divide StockNo {KFF00}
[26696] 2025/11/20 09:43:44.091 Add Basket MarketNo：2 StockIdx：1442
[26696] 2025/11/20 09:43:44.091 Divide StockNo {KGF00}
[26696] 2025/11/20 09:43:44.091 Add Basket MarketNo：2 StockIdx：1448
[26696] 2025/11/20 09:43:44.091 Divide StockNo {KIF00}
[26696] 2025/11/20 09:43:44.091 Add Basket MarketNo：2 StockIdx：1454
[26696] 2025/11/20 09:43:44.091 Divide StockNo {KKF00}
[26696] 2025/11/20 09:43:44.091 Add Basket MarketNo：2 StockIdx：1460
[26696] 2025/11/20 09:43:44.091 Divide StockNo {KLF00}
[26696] 2025/11/20 09:43:44.091 Add Basket MarketNo：2 StockIdx：1466
[26696] 2025/11/20 09:43:44.091 Divide StockNo {KOF00}
[26696] 2025/11/20 09:43:44.091 Add Basket MarketNo：2 StockIdx：1472
[26696] 2025/11/20 09:43:44.091 Divide StockNo {KPF00}
[26696] 2025/11/20 09:43:44.091 Add Basket MarketNo：2 StockIdx：1478
[26696] 2025/11/20 09:43:44.091 Divide StockNo {KSF00}
[26696] 2025/11/20 09:43:44.091 Add Basket MarketNo：2 StockIdx：1484
[26696] 2025/11/20 09:43:44.091 Divide StockNo {KUF00}
[26696] 2025/11/20 09:43:44.091 Add Basket MarketNo：2 StockIdx：1490
[26696] 2025/11/20 09:43:44.091 Divide StockNo {KWF00}
[26696] 2025/11/20 09:43:44.091 Add Basket MarketNo：2 StockIdx：1496
[26696] 2025/11/20 09:43:44.091 Divide StockNo {LBF00}
[26696] 2025/11/20 09:43:44.091 Add Basket MarketNo：2 StockIdx：1502
[26696] 2025/11/20 09:43:44.091 Divide StockNo {LCF00}
[26696] 2025/11/20 09:43:44.091 Add Basket MarketNo：2 StockIdx：1508
[26696] 2025/11/20 09:43:44.091 Divide StockNo {LEF00}
[26696] 2025/11/20 09:43:44.091 Add Basket MarketNo：2 StockIdx：1514
[26696] 2025/11/20 09:43:44.091 Divide StockNo {LIF00}
[26696] 2025/11/20 09:43:44.091 Add Basket MarketNo：2 StockIdx：1520
[26696] 2025/11/20 09:43:44.091 Divide StockNo {LMF00}
[26696] 2025/11/20 09:43:44.091 Add Basket MarketNo：2 StockIdx：1526
[26696] 2025/11/20 09:43:44.091 Divide StockNo {LOF00}
[26696] 2025/11/20 09:43:44.091 Add Basket MarketNo：2 StockIdx：1532
[26696] 2025/11/20 09:43:44.091 Divide StockNo {LQF00}
[26696] 2025/11/20 09:43:44.091 Add Basket MarketNo：2 StockIdx：1538
[26696] 2025/11/20 09:43:44.091 Divide StockNo {LRF00}
[26696] 2025/11/20 09:43:44.091 Add Basket MarketNo：2 StockIdx：1544
[26696] 2025/11/20 09:43:44.091 Divide StockNo {LTF00}
[26696] 2025/11/20 09:43:44.092 Add Basket MarketNo：2 StockIdx：1553
[26696] 2025/11/20 09:43:44.092 Divide StockNo {LUF00}
[26696] 2025/11/20 09:43:44.092 Add Basket MarketNo：2 StockIdx：1559
[26696] 2025/11/20 09:43:44.092 Divide StockNo {LVF00}
[26696] 2025/11/20 09:43:44.092 Add Basket MarketNo：2 StockIdx：1565
[26696] 2025/11/20 09:43:44.092 Divide StockNo {LWF00}
[26696] 2025/11/20 09:43:44.092 Add Basket MarketNo：2 StockIdx：1574
[26696] 2025/11/20 09:43:44.092 Divide StockNo {LXF00}
[26696] 2025/11/20 09:43:44.092 Add Basket MarketNo：2 StockIdx：1580
[26696] 2025/11/20 09:43:44.092 Divide StockNo {LYF00}
[26696] 2025/11/20 09:43:44.092 Add Basket MarketNo：2 StockIdx：1587
[26696] 2025/11/20 09:43:44.092 Divide StockNo {MAF00}
[26696] 2025/11/20 09:43:44.092 Add Basket MarketNo：2 StockIdx：1593
[26696] 2025/11/20 09:43:44.092 Divide StockNo {MBF00}
[26696] 2025/11/20 09:43:44.092 Add Basket MarketNo：2 StockIdx：1596
[26696] 2025/11/20 09:43:44.092 Divide StockNo {MJF00}
[26696] 2025/11/20 09:43:44.092 Add Basket MarketNo：2 StockIdx：1602
[26696] 2025/11/20 09:43:44.092 Divide StockNo {MKF00}
[26696] 2025/11/20 09:43:44.092 Add Basket MarketNo：2 StockIdx：1608
[26696] 2025/11/20 09:43:44.092 Divide StockNo {MQF00}
[26696] 2025/11/20 09:43:44.093 Add Basket MarketNo：2 StockIdx：1614
[26696] 2025/11/20 09:43:44.093 Divide StockNo {MVF00}
[26696] 2025/11/20 09:43:44.093 Add Basket MarketNo：2 StockIdx：1620
[26696] 2025/11/20 09:43:44.093 Divide StockNo {MYF00}
[26696] 2025/11/20 09:43:44.093 Add Basket MarketNo：2 StockIdx：1626
[26696] 2025/11/20 09:43:44.093 Divide StockNo {NAF00}
[26696] 2025/11/20 09:43:44.093 Add Basket MarketNo：2 StockIdx：1632
[26696] 2025/11/20 09:43:44.093 Divide StockNo {NBF00}
[26696] 2025/11/20 09:43:44.093 Add Basket MarketNo：2 StockIdx：1638
[26696] 2025/11/20 09:43:44.093 Divide StockNo {NDF00}
[26696] 2025/11/20 09:43:44.093 Add Basket MarketNo：2 StockIdx：1644
[26696] 2025/11/20 09:43:44.093 Divide StockNo {NEF00}
[26696] 2025/11/20 09:43:44.093 Add Basket MarketNo：2 StockIdx：1650
[26696] 2025/11/20 09:43:44.093 Divide StockNo {NGF00}
[26696] 2025/11/20 09:43:44.093 Add Basket MarketNo：2 StockIdx：1656
[26696] 2025/11/20 09:43:44.093 Divide StockNo {NIF00}
[26696] 2025/11/20 09:43:44.093 Add Basket MarketNo：2 StockIdx：1662
[26696] 2025/11/20 09:43:44.093 Divide StockNo {NJF00}
[26696] 2025/11/20 09:43:44.093 Add Basket MarketNo：2 StockIdx：1668
[26696] 2025/11/20 09:43:44.093 Divide StockNo {NLF00}
[26696] 2025/11/20 09:43:44.093 Add Basket MarketNo：2 StockIdx：1674
[26696] 2025/11/20 09:43:44.093 Divide StockNo {NMF00}
[26696] 2025/11/20 09:43:44.093 Add Basket MarketNo：2 StockIdx：1680
[26696] 2025/11/20 09:43:44.093 Divide StockNo {NOF00}
[26696] 2025/11/20 09:43:44.093 Add Basket MarketNo：2 StockIdx：1686
[26696] 2025/11/20 09:43:44.093 Divide StockNo {NQF00}
[26696] 2025/11/20 09:43:44.093 Add Basket MarketNo：2 StockIdx：1692
[26696] 2025/11/20 09:43:44.093 Divide StockNo {NSF00}
[26696] 2025/11/20 09:43:44.093 Add Basket MarketNo：2 StockIdx：1698
[26696] 2025/11/20 09:43:44.093 Divide StockNo {NUF00}
[26696] 2025/11/20 09:43:44.093 Add Basket MarketNo：2 StockIdx：1704
[26696] 2025/11/20 09:43:44.093 Divide StockNo {NVF00}
[26696] 2025/11/20 09:43:44.093 Add Basket MarketNo：2 StockIdx：1710
[26696] 2025/11/20 09:43:44.093 Divide StockNo {NWF00}
[26696] 2025/11/20 09:43:44.093 Add Basket MarketNo：2 StockIdx：1716
[26696] 2025/11/20 09:43:44.093 Divide StockNo {NYF00}
[26696] 2025/11/20 09:43:44.093 Add Basket MarketNo：2 StockIdx：132
[26696] 2025/11/20 09:43:44.093 Divide StockNo {OAF00}
[26696] 2025/11/20 09:43:44.093 Add Basket MarketNo：2 StockIdx：1728
[26696] 2025/11/20 09:43:44.093 Divide StockNo {OBF00}
[26696] 2025/11/20 09:43:44.093 Add Basket MarketNo：2 StockIdx：1734
[26696] 2025/11/20 09:43:44.093 Divide StockNo {ODF00}
[26696] 2025/11/20 09:43:44.093 Add Basket MarketNo：2 StockIdx：1740
[26696] 2025/11/20 09:43:44.093 Divide StockNo {OEF00}
[26696] 2025/11/20 09:43:44.093 Add Basket MarketNo：2 StockIdx：1746
[26696] 2025/11/20 09:43:44.094 Divide StockNo {OHF00}
[26696] 2025/11/20 09:43:44.094 Add Basket MarketNo：2 StockIdx：1752
[26696] 2025/11/20 09:43:44.094 Divide StockNo {OJF00}
[26696] 2025/11/20 09:43:44.094 Add Basket MarketNo：2 StockIdx：1758
[26696] 2025/11/20 09:43:44.094 Divide StockNo {OKF00}
[26696] 2025/11/20 09:43:44.094 Add Basket MarketNo：2 StockIdx：1764
[26696] 2025/11/20 09:43:44.094 Divide StockNo {OLF00}
[26696] 2025/11/20 09:43:44.094 Add Basket MarketNo：2 StockIdx：1770
[26696] 2025/11/20 09:43:44.094 Divide StockNo {OMF00}
[26696] 2025/11/20 09:43:44.094 Add Basket MarketNo：2 StockIdx：1776
[26696] 2025/11/20 09:43:44.094 Divide StockNo {OOF00}
[26696] 2025/11/20 09:43:44.094 Add Basket MarketNo：2 StockIdx：1782
[26696] 2025/11/20 09:43:44.094 Divide StockNo {OPF00}
[26696] 2025/11/20 09:43:44.094 Add Basket MarketNo：2 StockIdx：1788
[26696] 2025/11/20 09:43:44.094 Divide StockNo {OQF00}
[26696] 2025/11/20 09:43:44.094 Add Basket MarketNo：2 StockIdx：1794
[26696] 2025/11/20 09:43:44.094 Divide StockNo {ORF00}
[26696] 2025/11/20 09:43:44.094 Add Basket MarketNo：2 StockIdx：1800
[26696] 2025/11/20 09:43:44.094 Divide StockNo {OSF00}
[26696] 2025/11/20 09:43:44.094 Add Basket MarketNo：2 StockIdx：1806
[26696] 2025/11/20 09:43:44.094 Divide StockNo {OTF00}
[26696] 2025/11/20 09:43:44.094 Add Basket MarketNo：2 StockIdx：1812
[26696] 2025/11/20 09:43:44.094 Divide StockNo {OUF00}
[26696] 2025/11/20 09:43:44.094 Add Basket MarketNo：2 StockIdx：1818
[26696] 2025/11/20 09:43:44.094 Divide StockNo {OVF00}
[26696] 2025/11/20 09:43:44.094 Add Basket MarketNo：2 StockIdx：1824
[26696] 2025/11/20 09:43:44.094 Divide StockNo {OWF00}
[26696] 2025/11/20 09:43:44.094 Add Basket MarketNo：2 StockIdx：1830
[26696] 2025/11/20 09:43:44.094 Divide StockNo {OXF00}
[26696] 2025/11/20 09:43:44.094 Add Basket MarketNo：2 StockIdx：1836
[26696] 2025/11/20 09:43:44.094 Divide StockNo {OYF00}
[26696] 2025/11/20 09:43:44.094 Add Basket MarketNo：2 StockIdx：1842
[26696] 2025/11/20 09:43:44.094 Divide StockNo {OZF00}
[26696] 2025/11/20 09:43:44.094 Add Basket MarketNo：2 StockIdx：1848
[26696] 2025/11/20 09:43:44.094 Divide StockNo {PAF00}
[26696] 2025/11/20 09:43:44.094 Add Basket MarketNo：2 StockIdx：1854
[26696] 2025/11/20 09:43:44.094 Divide StockNo {PBF00}
[26696] 2025/11/20 09:43:44.094 Add Basket MarketNo：2 StockIdx：1860
[26696] 2025/11/20 09:43:44.094 Divide StockNo {PCF00}
[26696] 2025/11/20 09:43:44.094 Add Basket MarketNo：2 StockIdx：1866
[26696] 2025/11/20 09:43:44.094 Divide StockNo {PDF00}
[26696] 2025/11/20 09:43:44.094 Add Basket MarketNo：2 StockIdx：1872
[26696] 2025/11/20 09:43:44.094 Divide StockNo {PEF00}
[26696] 2025/11/20 09:43:44.094 Add Basket MarketNo：2 StockIdx：1878
[26696] 2025/11/20 09:43:44.094 Divide StockNo {PFF00}
[26696] 2025/11/20 09:43:44.094 Add Basket MarketNo：2 StockIdx：1884
[26696] 2025/11/20 09:43:44.095 Divide StockNo {PGF00}
[26696] 2025/11/20 09:43:44.095 Add Basket MarketNo：2 StockIdx：1890
[26696] 2025/11/20 09:43:44.095 Divide StockNo {PHF00}
[26696] 2025/11/20 09:43:44.095 Add Basket MarketNo：2 StockIdx：1896
[26696] 2025/11/20 09:43:44.095 Divide StockNo {PIF00}
[26696] 2025/11/20 09:43:44.095 Add Basket MarketNo：2 StockIdx：1902
[26696] 2025/11/20 09:43:44.095 Divide StockNo {PJF00}
[26696] 2025/11/20 09:43:44.095 Add Basket MarketNo：2 StockIdx：1908
[26696] 2025/11/20 09:43:44.095 Divide StockNo {PKF00}
[26696] 2025/11/20 09:43:44.095 Add Basket MarketNo：2 StockIdx：1914
[26696] 2025/11/20 09:43:44.095 Divide StockNo {PLF00}
[26696] 2025/11/20 09:43:44.095 Add Basket MarketNo：2 StockIdx：1920
[26696] 2025/11/20 09:43:44.095 Divide StockNo {PMF00}
[26696] 2025/11/20 09:43:44.095 Add Basket MarketNo：2 StockIdx：1926
[26696] 2025/11/20 09:43:44.095 Divide StockNo {PNF00}
[26696] 2025/11/20 09:43:44.095 Add Basket MarketNo：2 StockIdx：1932
[26696] 2025/11/20 09:43:44.095 Divide StockNo {PPF00}
[26696] 2025/11/20 09:43:44.095 Add Basket MarketNo：2 StockIdx：1938
[26696] 2025/11/20 09:43:44.095 Divide StockNo {PQF00}
[26696] 2025/11/20 09:43:44.095 Add Basket MarketNo：2 StockIdx：1944
[26696] 2025/11/20 09:43:44.095 Divide StockNo {PRF00}
[26696] 2025/11/20 09:43:44.095 Add Basket MarketNo：2 StockIdx：1950
[26696] 2025/11/20 09:43:44.095 Divide StockNo {PSF00}
[26696] 2025/11/20 09:43:44.095 Add Basket MarketNo：2 StockIdx：1956
[26696] 2025/11/20 09:43:44.095 Divide StockNo {PTF00}
[26696] 2025/11/20 09:43:44.095 Add Basket MarketNo：2 StockIdx：1964
[26696] 2025/11/20 09:43:44.095 Divide StockNo {PUF00}
[26696] 2025/11/20 09:43:44.095 Add Basket MarketNo：2 StockIdx：1970
[26696] 2025/11/20 09:43:44.095 Divide StockNo {PVF00}
[26696] 2025/11/20 09:43:44.095 Add Basket MarketNo：2 StockIdx：1976
[26696] 2025/11/20 09:43:44.095 Divide StockNo {PWF00}
[26696] 2025/11/20 09:43:44.095 Add Basket MarketNo：2 StockIdx：1982
[26696] 2025/11/20 09:43:44.095 Divide StockNo {PXF00}
[26696] 2025/11/20 09:43:44.095 Add Basket MarketNo：2 StockIdx：1988
[26696] 2025/11/20 09:43:44.095 Divide StockNo {PYF00}
[26696] 2025/11/20 09:43:44.095 Add Basket MarketNo：2 StockIdx：1994
[26696] 2025/11/20 09:43:44.095 Divide StockNo {PZF00}
[26696] 2025/11/20 09:43:44.095 Add Basket MarketNo：2 StockIdx：2000
[26696] 2025/11/20 09:43:44.095 Divide StockNo {QAF00}
[26696] 2025/11/20 09:43:44.095 Add Basket MarketNo：2 StockIdx：2006
[26696] 2025/11/20 09:43:44.095 Divide StockNo {QBF00}
[26696] 2025/11/20 09:43:44.095 Add Basket MarketNo：2 StockIdx：2012
[26696] 2025/11/20 09:43:44.095 Divide StockNo {QCF00}
[26696] 2025/11/20 09:43:44.095 Add Basket MarketNo：2 StockIdx：2018
[26696] 2025/11/20 09:43:44.095 Divide StockNo {QDF00}
[26696] 2025/11/20 09:43:44.096 Add Basket MarketNo：2 StockIdx：2024
[26696] 2025/11/20 09:43:44.096 Divide StockNo {QEF00}
[26696] 2025/11/20 09:43:44.096 Add Basket MarketNo：2 StockIdx：2030
[26696] 2025/11/20 09:43:44.096 Divide StockNo {QFF00}
[26696] 2025/11/20 09:43:44.096 Add Basket MarketNo：2 StockIdx：138
[26696] 2025/11/20 09:43:44.096 Divide StockNo {QGF00}
[26696] 2025/11/20 09:43:44.096 Add Basket MarketNo：2 StockIdx：2044
[26696] 2025/11/20 09:43:44.096 Divide StockNo {QHF00}
[26696] 2025/11/20 09:43:44.096 Add Basket MarketNo：2 StockIdx：2050
[26696] 2025/11/20 09:43:44.096 Divide StockNo {QIF00}
[26696] 2025/11/20 09:43:44.096 Add Basket MarketNo：2 StockIdx：2056
[26696] 2025/11/20 09:43:44.096 Divide StockNo {QJF00}
[26696] 2025/11/20 09:43:44.096 Add Basket MarketNo：2 StockIdx：2060
[26696] 2025/11/20 09:43:44.096 Divide StockNo {QKF00}
[26696] 2025/11/20 09:43:44.096 Add Basket MarketNo：2 StockIdx：2066
[26696] 2025/11/20 09:43:44.096 Divide StockNo {QLF00}
[26696] 2025/11/20 09:43:44.096 Add Basket MarketNo：2 StockIdx：2072
[26696] 2025/11/20 09:43:44.096 Divide StockNo {QMF00}
[26696] 2025/11/20 09:43:44.096 Add Basket MarketNo：2 StockIdx：2078
[26696] 2025/11/20 09:43:44.096 Divide StockNo {QNF00}
[26696] 2025/11/20 09:43:44.096 Add Basket MarketNo：2 StockIdx：2084
[26696] 2025/11/20 09:43:44.096 Divide StockNo {QOF00}
[26696] 2025/11/20 09:43:44.096 Add Basket MarketNo：2 StockIdx：2090
[26696] 2025/11/20 09:43:44.096 Divide StockNo {QPF00}
[26696] 2025/11/20 09:43:44.096 Add Basket MarketNo：2 StockIdx：2096
[26696] 2025/11/20 09:43:44.096 Divide StockNo {QQF00}
[26696] 2025/11/20 09:43:44.096 Add Basket MarketNo：2 StockIdx：2102
[26696] 2025/11/20 09:43:44.096 Divide StockNo {QRF00}
[26696] 2025/11/20 09:43:44.096 Add Basket MarketNo：2 StockIdx：2108
[26696] 2025/11/20 09:43:44.096 Divide StockNo {QSF00}
[26696] 2025/11/20 09:43:44.096 Add Basket MarketNo：2 StockIdx：2114
[26696] 2025/11/20 09:43:44.096 Divide StockNo {QTF00}
[26696] 2025/11/20 09:43:44.096 Add Basket MarketNo：2 StockIdx：2120
[26696] 2025/11/20 09:43:44.096 Divide StockNo {QUF00}
[26696] 2025/11/20 09:43:44.096 Add Basket MarketNo：2 StockIdx：2126
[26696] 2025/11/20 09:43:44.096 Divide StockNo {QVF00}
[26696] 2025/11/20 09:43:44.096 Add Basket MarketNo：2 StockIdx：2132
[26696] 2025/11/20 09:43:44.096 Divide StockNo {QWF00}
[26696] 2025/11/20 09:43:44.096 Add Basket MarketNo：2 StockIdx：2138
[26696] 2025/11/20 09:43:44.096 Divide StockNo {QXF00}
[26696] 2025/11/20 09:43:44.096 Add Basket MarketNo：2 StockIdx：2144
[26696] 2025/11/20 09:43:44.096 Divide StockNo {QYF00}
[26696] 2025/11/20 09:43:44.096 Add Basket MarketNo：2 StockIdx：2150
[26696] 2025/11/20 09:43:44.096 Divide StockNo {QZF00}
[26696] 2025/11/20 09:43:44.096 Add Basket MarketNo：2 StockIdx：2156
[26696] 2025/11/20 09:43:44.096 Divide StockNo {RAF00}
[26696] 2025/11/20 09:43:44.097 Add Basket MarketNo：2 StockIdx：2162
[26696] 2025/11/20 09:43:44.097 Divide StockNo {RBF00}
[26696] 2025/11/20 09:43:44.097 Add Basket MarketNo：2 StockIdx：2168
[26696] 2025/11/20 09:43:44.097 Divide StockNo {RCF00}
[26696] 2025/11/20 09:43:44.097 Add Basket MarketNo：2 StockIdx：2174
[26696] 2025/11/20 09:43:44.097 Divide StockNo {RDF00}
[26696] 2025/11/20 09:43:44.097 Add Basket MarketNo：2 StockIdx：2180
[26696] 2025/11/20 09:43:44.097 Divide StockNo {REF00}
[26696] 2025/11/20 09:43:44.097 Add Basket MarketNo：2 StockIdx：2186
[26696] 2025/11/20 09:43:44.097 Divide StockNo {RFF00}
[26696] 2025/11/20 09:43:44.097 Add Basket MarketNo：2 StockIdx：2192
[26696] 2025/11/20 09:43:44.098 Divide StockNo {RGF00}
[26696] 2025/11/20 09:43:44.098 Add Basket MarketNo：2 StockIdx：2198
[26696] 2025/11/20 09:43:44.098 Divide StockNo {RIF00}
[26696] 2025/11/20 09:43:44.098 Add Basket MarketNo：2 StockIdx：2204
[26696] 2025/11/20 09:43:44.098 Divide StockNo {RJF00}
[26696] 2025/11/20 09:43:44.098 Add Basket MarketNo：2 StockIdx：2210
[26696] 2025/11/20 09:43:44.098 Divide StockNo {RKF00}
[26696] 2025/11/20 09:43:44.098 Add Basket MarketNo：2 StockIdx：2216
[26696] 2025/11/20 09:43:44.098 Divide StockNo {RLF00}
[26696] 2025/11/20 09:43:44.098 Add Basket MarketNo：2 StockIdx：2222
[26696] 2025/11/20 09:43:44.098 Divide StockNo {RMF00}
[26696] 2025/11/20 09:43:44.098 Stock Is Not Exist 
[26696] 2025/11/20 09:43:44.098 Divide StockNo {RNF00}
[26696] 2025/11/20 09:43:44.098 Add Basket MarketNo：2 StockIdx：2228
[26696] 2025/11/20 09:43:44.098 Divide StockNo {ROF00}
[26696] 2025/11/20 09:43:44.098 Add Basket MarketNo：2 StockIdx：2234
[26696] 2025/11/20 09:43:44.098 Divide StockNo {RPF00}
[26696] 2025/11/20 09:43:44.098 Add Basket MarketNo：2 StockIdx：2240
[26696] 2025/11/20 09:43:44.098 Divide StockNo {RQF00}
[26696] 2025/11/20 09:43:44.098 Stock Is Not Exist 
[26696] 2025/11/20 09:43:44.098 Divide StockNo {RRF00}
[26696] 2025/11/20 09:43:44.098 Add Basket MarketNo：2 StockIdx：2248
[26696] 2025/11/20 09:43:44.098 Divide StockNo {RSF00}
[26696] 2025/11/20 09:43:44.098 Add Basket MarketNo：2 StockIdx：2254
[26696] 2025/11/20 09:43:44.098 Divide StockNo {RUF00}
[26696] 2025/11/20 09:43:44.098 Add Basket MarketNo：2 StockIdx：2260
[26696] 2025/11/20 09:43:44.098 Divide StockNo {RVF00}
[26696] 2025/11/20 09:43:44.098 Add Basket MarketNo：2 StockIdx：2266
[26696] 2025/11/20 09:43:44.098 Divide StockNo {RWF00}
[26696] 2025/11/20 09:43:44.098 Add Basket MarketNo：2 StockIdx：2272
[26696] 2025/11/20 09:43:44.098 Divide StockNo {RXF00}
[26696] 2025/11/20 09:43:44.098 Add Basket MarketNo：2 StockIdx：2278
[26696] 2025/11/20 09:43:44.098 Divide StockNo {RYF00}
[26696] 2025/11/20 09:43:44.098 Add Basket MarketNo：2 StockIdx：2284
[26696] 2025/11/20 09:43:44.098 Divide StockNo {RZF00}
[26696] 2025/11/20 09:43:44.098 Add Basket MarketNo：2 StockIdx：144
[26696] 2025/11/20 09:43:44.098 Divide StockNo {SAF00}
[26696] 2025/11/20 09:43:44.098 Add Basket MarketNo：2 StockIdx：2296
[26696] 2025/11/20 09:43:44.098 Divide StockNo {SBF00}
[26696] 2025/11/20 09:43:44.098 Add Basket MarketNo：2 StockIdx：2302
[26696] 2025/11/20 09:43:44.099 Divide StockNo {SCF00}
[26696] 2025/11/20 09:43:44.099 Add Basket MarketNo：2 StockIdx：2308
[26696] 2025/11/20 09:43:44.099 Divide StockNo {SDF00}
[26696] 2025/11/20 09:43:44.099 Add Basket MarketNo：2 StockIdx：2314
[26696] 2025/11/20 09:43:44.099 Divide StockNo {SEF00}
[26696] 2025/11/20 09:43:44.099 Add Basket MarketNo：2 StockIdx：2320
[26696] 2025/11/20 09:43:44.099 Divide StockNo {SFF00}
[26696] 2025/11/20 09:43:44.099 Add Basket MarketNo：2 StockIdx：2326
[26696] 2025/11/20 09:43:44.099 Divide StockNo {SGF00}
[26696] 2025/11/20 09:43:44.099 Add Basket MarketNo：2 StockIdx：2332
[26696] 2025/11/20 09:43:44.099 Divide StockNo {SIF00}
[26696] 2025/11/20 09:43:44.099 Add Basket MarketNo：2 StockIdx：2338
[26696] 2025/11/20 09:43:44.099 Divide StockNo {SJF00}
[26696] 2025/11/20 09:43:44.099 Add Basket MarketNo：2 StockIdx：2344
[26696] 2025/11/20 09:43:44.099 Divide StockNo {SKF00}
[26696] 2025/11/20 09:43:44.099 Add Basket MarketNo：2 StockIdx：2350
[26696] 2025/11/20 09:43:44.099 Divide StockNo {SLF00}
[26696] 2025/11/20 09:43:44.099 Add Basket MarketNo：2 StockIdx：2356
[26696] 2025/11/20 09:43:44.099 Divide StockNo {SMF00}
[26696] 2025/11/20 09:43:44.099 Add Basket MarketNo：2 StockIdx：2362
[26696] 2025/11/20 09:43:44.099 Divide StockNo {SNF00}
[26696] 2025/11/20 09:43:44.099 Add Basket MarketNo：2 StockIdx：2368
[26696] 2025/11/20 09:43:44.099 Divide StockNo {SQF00}
[26696] 2025/11/20 09:43:44.100 Add Basket MarketNo：2 StockIdx：2374
[26696] 2025/11/20 09:43:44.100 Divide StockNo {SRF00}
[26696] 2025/11/20 09:43:44.100 Add Basket MarketNo：2 StockIdx：150
[26696] 2025/11/20 09:43:44.100 Divide StockNo {SSF00}
[26696] 2025/11/20 09:43:44.100 Add Basket MarketNo：2 StockIdx：2388
[26696] 2025/11/20 09:43:44.100 Divide StockNo {SUF00}
[26696] 2025/11/20 09:43:44.100 Add Basket MarketNo：2 StockIdx：2394
[26696] 2025/11/20 09:43:44.100 Divide StockNo {SVF00}
[26696] 2025/11/20 09:43:44.100 Add Basket MarketNo：2 StockIdx：2400
[26696] 2025/11/20 09:43:44.100 Divide StockNo {SWF00}
[26696] 2025/11/20 09:43:44.100 Add Basket MarketNo：2 StockIdx：2406
[26696] 2025/11/20 09:43:44.100 Divide StockNo {SYF00}
[26696] 2025/11/20 09:43:44.100 Add Basket MarketNo：2 StockIdx：2412
[26696] 2025/11/20 09:43:44.100 Divide StockNo {SZF00}
[26696] 2025/11/20 09:43:44.100 Add Basket MarketNo：2 StockIdx：2418
[26696] 2025/11/20 09:43:44.100 Divide StockNo {UAF00}
[26696] 2025/11/20 09:43:44.100 Add Basket MarketNo：2 StockIdx：2424
[26696] 2025/11/20 09:43:44.100 Divide StockNo {UBF00}
[26696] 2025/11/20 09:43:44.100 Add Basket MarketNo：2 StockIdx：2430
[26696] 2025/11/20 09:43:44.100 Divide StockNo {UCF00}
[26696] 2025/11/20 09:43:44.100 Add Basket MarketNo：2 StockIdx：2436
[26696] 2025/11/20 09:43:44.100 Divide StockNo {UEF00}
[26696] 2025/11/20 09:43:44.100 Add Basket MarketNo：2 StockIdx：2442
[26696] 2025/11/20 09:43:44.100 Divide StockNo {UFF00}
[26696] 2025/11/20 09:43:44.100 Add Basket MarketNo：2 StockIdx：2448
[26696] 2025/11/20 09:43:44.100 Divide StockNo {UGF00}
[26696] 2025/11/20 09:43:44.100 Add Basket MarketNo：2 StockIdx：2454
[26696] 2025/11/20 09:43:44.100 Divide StockNo {UHF00}
[26696] 2025/11/20 09:43:44.100 Add Basket MarketNo：2 StockIdx：2460
[26696] 2025/11/20 09:43:44.100 Divide StockNo {UIF00}
[26696] 2025/11/20 09:43:44.100 Add Basket MarketNo：2 StockIdx：2466
[26696] 2025/11/20 09:43:44.100 Divide StockNo {UJF00}
[26696] 2025/11/20 09:43:44.100 Add Basket MarketNo：2 StockIdx：2472
[26696] 2025/11/20 09:43:44.100 Divide StockNo {UKF00}
[26696] 2025/11/20 09:43:44.100 Add Basket MarketNo：2 StockIdx：2478
[26696] 2025/11/20 09:43:44.100 Divide StockNo {ULF00}
[26696] 2025/11/20 09:43:44.100 Add Basket MarketNo：2 StockIdx：2484
[26696] 2025/11/20 09:43:44.100 Divide StockNo {UMF00}
[26696] 2025/11/20 09:43:44.100 Add Basket MarketNo：2 StockIdx：2490
[26696] 2025/11/20 09:43:44.100 Divide StockNo {UOF00}
[26696] 2025/11/20 09:43:44.100 Add Basket MarketNo：2 StockIdx：2496
[26696] 2025/11/20 09:43:44.100 Divide StockNo {UPF00}
[26696] 2025/11/20 09:43:44.100 Add Basket MarketNo：2 StockIdx：2502
[26696] 2025/11/20 09:43:44.100 Divide StockNo {UQF00}
[26696] 2025/11/20 09:43:44.100 Add Basket MarketNo：2 StockIdx：2508
[26696] 2025/11/20 09:43:44.100 Divide StockNo {URF00}
[26696] 2025/11/20 09:43:44.100 Add Basket MarketNo：2 StockIdx：2516
[26696] 2025/11/20 09:43:44.101 Divide StockNo {USF00}
[26696] 2025/11/20 09:43:44.101 Add Basket MarketNo：2 StockIdx：2522
[26696] 2025/11/20 09:43:44.101 Divide StockNo {UTF00}
[26696] 2025/11/20 09:43:44.101 Add Basket MarketNo：2 StockIdx：2528
[26696] 2025/11/20 09:43:44.101 Divide StockNo {UUF00}
[26696] 2025/11/20 09:43:44.101 Add Basket MarketNo：2 StockIdx：2534
[26696] 2025/11/20 09:43:44.101 Divide StockNo {UVF00}
[26696] 2025/11/20 09:43:44.101 Add Basket MarketNo：2 StockIdx：2540
[26696] 2025/11/20 09:43:44.101 Divide StockNo {UWF00}
[26696] 2025/11/20 09:43:44.101 Add Basket MarketNo：2 StockIdx：2546
[26696] 2025/11/20 09:43:44.101 Divide StockNo {0050}
[26696] 2025/11/20 09:43:44.101 Add Basket MarketNo：0 StockIdx：0
[26696] 2025/11/20 09:43:44.101 Divide StockNo {0056}
[26696] 2025/11/20 09:43:44.101 Add Basket MarketNo：0 StockIdx：4
[26696] 2025/11/20 09:43:44.101 Divide StockNo {006205}
[26696] 2025/11/20 09:43:44.101 Add Basket MarketNo：0 StockIdx：9
[26696] 2025/11/20 09:43:44.101 Divide StockNo {006206}
[26696] 2025/11/20 09:43:44.101 Add Basket MarketNo：0 StockIdx：10
[26696] 2025/11/20 09:43:44.101 Divide StockNo {00636}
[26696] 2025/11/20 09:43:44.101 Add Basket MarketNo：0 StockIdx：19
[26696] 2025/11/20 09:43:44.101 Divide StockNo {00639}
[26696] 2025/11/20 09:43:44.101 Add Basket MarketNo：0 StockIdx：23
[26696] 2025/11/20 09:43:44.101 Divide StockNo {00643}
[26696] 2025/11/20 09:43:44.101 Add Basket MarketNo：0 StockIdx：27
[26696] 2025/11/20 09:43:44.101 Divide StockNo {00679B}
[26696] 2025/11/20 09:43:44.101 Add Basket MarketNo：1 StockIdx：1
[26696] 2025/11/20 09:43:44.101 Divide StockNo {00687B}
[26696] 2025/11/20 09:43:44.101 Add Basket MarketNo：1 StockIdx：2
[26696] 2025/11/20 09:43:44.101 Divide StockNo {00719B}
[26696] 2025/11/20 09:43:44.101 Add Basket MarketNo：1 StockIdx：8
[26696] 2025/11/20 09:43:44.101 Divide StockNo {00757}
[26696] 2025/11/20 09:43:44.101 Add Basket MarketNo：0 StockIdx：97
[26696] 2025/11/20 09:43:44.101 Divide StockNo {00772B}
[26696] 2025/11/20 09:43:44.101 Add Basket MarketNo：1 StockIdx：32
[26696] 2025/11/20 09:43:44.101 Divide StockNo {00878}
[26696] 2025/11/20 09:43:44.101 Add Basket MarketNo：0 StockIdx：112
[26696] 2025/11/20 09:43:44.101 Divide StockNo {00885}
[26696] 2025/11/20 09:43:44.101 Add Basket MarketNo：0 StockIdx：115
[26696] 2025/11/20 09:43:44.101 Divide StockNo {00893}
[26696] 2025/11/20 09:43:44.101 Add Basket MarketNo：0 StockIdx：118
[26696] 2025/11/20 09:43:44.102 Divide StockNo {00919}
[26696] 2025/11/20 09:43:44.102 Add Basket MarketNo：0 StockIdx：142
[26696] 2025/11/20 09:43:44.102 Divide StockNo {00923}
[26696] 2025/11/20 09:43:44.102 Add Basket MarketNo：0 StockIdx：146
[26696] 2025/11/20 09:43:44.102 Divide StockNo {00929}
[26696] 2025/11/20 09:43:44.102 Add Basket MarketNo：0 StockIdx：150
[26696] 2025/11/20 09:43:44.102 Divide StockNo {00937B}
[26696] 2025/11/20 09:43:44.102 Add Basket MarketNo：1 StockIdx：82
[26696] 2025/11/20 09:43:44.102 Divide StockNo {00940}
[26696] 2025/11/20 09:43:44.102 Add Basket MarketNo：0 StockIdx：158
[26696] 2025/11/20 09:43:44.102 Divide StockNo {1101}
[26696] 2025/11/20 09:43:44.102 Add Basket MarketNo：0 StockIdx：33628
[26696] 2025/11/20 09:43:44.102 Divide StockNo {1102}
[26696] 2025/11/20 09:43:44.102 Add Basket MarketNo：0 StockIdx：33630
[26696] 2025/11/20 09:43:44.102 Divide StockNo {1210}
[26696] 2025/11/20 09:43:44.102 Add Basket MarketNo：0 StockIdx：33638
[26696] 2025/11/20 09:43:44.102 Divide StockNo {1216}
[26696] 2025/11/20 09:43:44.102 Add Basket MarketNo：0 StockIdx：33641
[26696] 2025/11/20 09:43:44.102 Divide StockNo {1301}
[26696] 2025/11/20 09:43:44.102 Add Basket MarketNo：0 StockIdx：33656
[26696] 2025/11/20 09:43:44.102 Divide StockNo {1303}
[26696] 2025/11/20 09:43:44.102 Add Basket MarketNo：0 StockIdx：33657
[26696] 2025/11/20 09:43:44.102 Divide StockNo {1312}
[26696] 2025/11/20 09:43:44.102 Add Basket MarketNo：0 StockIdx：33664
[26696] 2025/11/20 09:43:44.102 Divide StockNo {1314}
[26696] 2025/11/20 09:43:44.102 Add Basket MarketNo：0 StockIdx：33667
[26696] 2025/11/20 09:43:44.102 Divide StockNo {1319}
[26696] 2025/11/20 09:43:44.102 Add Basket MarketNo：0 StockIdx：33670
[26696] 2025/11/20 09:43:44.102 Divide StockNo {1326}
[26696] 2025/11/20 09:43:44.102 Add Basket MarketNo：0 StockIdx：33675
[26696] 2025/11/20 09:43:44.102 Divide StockNo {1402}
[26696] 2025/11/20 09:43:44.102 Add Basket MarketNo：0 StockIdx：33682
[26696] 2025/11/20 09:43:44.102 Divide StockNo {1440}
[26696] 2025/11/20 09:43:44.102 Add Basket MarketNo：0 StockIdx：33699
[26696] 2025/11/20 09:43:44.103 Divide StockNo {1476}
[26696] 2025/11/20 09:43:44.103 Add Basket MarketNo：0 StockIdx：33729
[26696] 2025/11/20 09:43:44.103 Divide StockNo {1477}
[26696] 2025/11/20 09:43:44.103 Add Basket MarketNo：0 StockIdx：33730
[26696] 2025/11/20 09:43:44.103 Divide StockNo {1503}
[26696] 2025/11/20 09:43:44.103 Add Basket MarketNo：0 StockIdx：33731
[26696] 2025/11/20 09:43:44.103 Divide StockNo {1504}
[26696] 2025/11/20 09:43:44.103 Add Basket MarketNo：0 StockIdx：33732
[26696] 2025/11/20 09:43:44.103 Divide StockNo {1513}
[26696] 2025/11/20 09:43:44.103 Add Basket MarketNo：0 StockIdx：33735
[26696] 2025/11/20 09:43:44.103 Divide StockNo {1536}
[26696] 2025/11/20 09:43:44.103 Add Basket MarketNo：0 StockIdx：33755
[26696] 2025/11/20 09:43:44.103 Divide StockNo {1565}
[26696] 2025/11/20 09:43:44.103 Add Basket MarketNo：1 StockIdx：140
[26696] 2025/11/20 09:43:44.103 Divide StockNo {1590}
[26696] 2025/11/20 09:43:44.103 Add Basket MarketNo：0 StockIdx：33769
[26696] 2025/11/20 09:43:44.103 Divide StockNo {1605}
[26696] 2025/11/20 09:43:44.103 Add Basket MarketNo：0 StockIdx：33774
[26696] 2025/11/20 09:43:44.103 Divide StockNo {1609}
[26696] 2025/11/20 09:43:44.103 Add Basket MarketNo：0 StockIdx：33776
[26696] 2025/11/20 09:43:44.103 Divide StockNo {1707}
[26696] 2025/11/20 09:43:44.103 Add Basket MarketNo：0 StockIdx：33786
[26696] 2025/11/20 09:43:44.103 Divide StockNo {1717}
[26696] 2025/11/20 09:43:44.103 Add Basket MarketNo：0 StockIdx：33794
[26696] 2025/11/20 09:43:44.103 Divide StockNo {1718}
[26696] 2025/11/20 09:43:44.103 Add Basket MarketNo：0 StockIdx：33795
[26696] 2025/11/20 09:43:44.103 Divide StockNo {1722}
[26696] 2025/11/20 09:43:44.103 Add Basket MarketNo：0 StockIdx：33798
[26696] 2025/11/20 09:43:44.103 Divide StockNo {1795}
[26696] 2025/11/20 09:43:44.103 Add Basket MarketNo：0 StockIdx：33819
[26696] 2025/11/20 09:43:44.103 Divide StockNo {1802}
[26696] 2025/11/20 09:43:44.103 Add Basket MarketNo：0 StockIdx：33820
[26696] 2025/11/20 09:43:44.103 Divide StockNo {1904}
[26696] 2025/11/20 09:43:44.103 Add Basket MarketNo：0 StockIdx：33827
[26696] 2025/11/20 09:43:44.103 Divide StockNo {1905}
[26696] 2025/11/20 09:43:44.103 Add Basket MarketNo：0 StockIdx：33828
[26696] 2025/11/20 09:43:44.103 Divide StockNo {1907}
[26696] 2025/11/20 09:43:44.103 Add Basket MarketNo：0 StockIdx：33830
[26696] 2025/11/20 09:43:44.103 Divide StockNo {1909}
[26696] 2025/11/20 09:43:44.103 Add Basket MarketNo：0 StockIdx：33831
[26696] 2025/11/20 09:43:44.103 Divide StockNo {2002}
[26696] 2025/11/20 09:43:44.103 Add Basket MarketNo：0 StockIdx：33832
[26696] 2025/11/20 09:43:44.103 Divide StockNo {2006}
[26696] 2025/11/20 09:43:44.103 Add Basket MarketNo：0 StockIdx：33834
[26696] 2025/11/20 09:43:44.103 Divide StockNo {2014}
[26696] 2025/11/20 09:43:44.104 Add Basket MarketNo：0 StockIdx：33841
[26696] 2025/11/20 09:43:44.104 Divide StockNo {2027}
[26696] 2025/11/20 09:43:44.104 Add Basket MarketNo：0 StockIdx：33849
[26696] 2025/11/20 09:43:44.104 Divide StockNo {2049}
[26696] 2025/11/20 09:43:44.104 Add Basket MarketNo：0 StockIdx：33858
[26696] 2025/11/20 09:43:44.104 Divide StockNo {2059}
[26696] 2025/11/20 09:43:44.104 Add Basket MarketNo：0 StockIdx：33859
[26696] 2025/11/20 09:43:44.104 Divide StockNo {2105}
[26696] 2025/11/20 09:43:44.104 Add Basket MarketNo：0 StockIdx：33866
[26696] 2025/11/20 09:43:44.104 Divide StockNo {2201}
[26696] 2025/11/20 09:43:44.104 Add Basket MarketNo：0 StockIdx：33873
[26696] 2025/11/20 09:43:44.104 Divide StockNo {2231}
[26696] 2025/11/20 09:43:44.104 Add Basket MarketNo：0 StockIdx：33881
[26696] 2025/11/20 09:43:44.104 Divide StockNo {2301}
[26696] 2025/11/20 09:43:44.104 Add Basket MarketNo：0 StockIdx：33892
[26696] 2025/11/20 09:43:44.104 Divide StockNo {2303}
[26696] 2025/11/20 09:43:44.104 Add Basket MarketNo：0 StockIdx：33894
[26696] 2025/11/20 09:43:44.104 Divide StockNo {2308}
[26696] 2025/11/20 09:43:44.104 Add Basket MarketNo：0 StockIdx：33896
[26696] 2025/11/20 09:43:44.104 Divide StockNo {2312}
[26696] 2025/11/20 09:43:44.104 Add Basket MarketNo：0 StockIdx：33897
[26696] 2025/11/20 09:43:44.104 Divide StockNo {2313}
[26696] 2025/11/20 09:43:44.104 Add Basket MarketNo：0 StockIdx：33898
[26696] 2025/11/20 09:43:44.104 Divide StockNo {2317}
[26696] 2025/11/20 09:43:44.104 Add Basket MarketNo：0 StockIdx：33901
[26696] 2025/11/20 09:43:44.104 Divide StockNo {2323}
[26696] 2025/11/20 09:43:44.104 Add Basket MarketNo：0 StockIdx：33903
[26696] 2025/11/20 09:43:44.104 Divide StockNo {2324}
[26696] 2025/11/20 09:43:44.104 Add Basket MarketNo：0 StockIdx：33904
[26696] 2025/11/20 09:43:44.104 Divide StockNo {2327}
[26696] 2025/11/20 09:43:44.104 Add Basket MarketNo：0 StockIdx：33905
[26696] 2025/11/20 09:43:44.104 Divide StockNo {2328}
[26696] 2025/11/20 09:43:44.104 Add Basket MarketNo：0 StockIdx：33906
[26696] 2025/11/20 09:43:44.104 Divide StockNo {2330}
[26696] 2025/11/20 09:43:44.104 Add Basket MarketNo：0 StockIdx：33908
[26696] 2025/11/20 09:43:44.104 Divide StockNo {2331}
[26696] 2025/11/20 09:43:44.104 Add Basket MarketNo：0 StockIdx：33909
[26696] 2025/11/20 09:43:44.104 Divide StockNo {2332}
[26696] 2025/11/20 09:43:44.104 Add Basket MarketNo：0 StockIdx：33910
[26696] 2025/11/20 09:43:44.104 Divide StockNo {2337}
[26696] 2025/11/20 09:43:44.104 Add Basket MarketNo：0 StockIdx：33911
[26696] 2025/11/20 09:43:44.104 Divide StockNo {2338}
[26696] 2025/11/20 09:43:44.104 Add Basket MarketNo：0 StockIdx：33912
[26696] 2025/11/20 09:43:44.104 Divide StockNo {2340}
[26696] 2025/11/20 09:43:44.104 Add Basket MarketNo：0 StockIdx：33913
[26696] 2025/11/20 09:43:44.104 Divide StockNo {2344}
[26696] 2025/11/20 09:43:44.104 Add Basket MarketNo：0 StockIdx：33915
[26696] 2025/11/20 09:43:44.105 Divide StockNo {2345}
[26696] 2025/11/20 09:43:44.105 Add Basket MarketNo：0 StockIdx：33916
[26696] 2025/11/20 09:43:44.105 Divide StockNo {2347}
[26696] 2025/11/20 09:43:44.105 Add Basket MarketNo：0 StockIdx：33917
[26696] 2025/11/20 09:43:44.105 Divide StockNo {2352}
[26696] 2025/11/20 09:43:44.105 Add Basket MarketNo：0 StockIdx：33922
[26696] 2025/11/20 09:43:44.105 Divide StockNo {2353}
[26696] 2025/11/20 09:43:44.105 Add Basket MarketNo：0 StockIdx：33923
[26696] 2025/11/20 09:43:44.105 Divide StockNo {2354}
[26696] 2025/11/20 09:43:44.105 Add Basket MarketNo：0 StockIdx：33924
[26696] 2025/11/20 09:43:44.105 Divide StockNo {2355}
[26696] 2025/11/20 09:43:44.105 Add Basket MarketNo：0 StockIdx：33925
[26696] 2025/11/20 09:43:44.105 Divide StockNo {2356}
[26696] 2025/11/20 09:43:44.105 Add Basket MarketNo：0 StockIdx：33926
[26696] 2025/11/20 09:43:44.105 Divide StockNo {2357}
[26696] 2025/11/20 09:43:44.105 Add Basket MarketNo：0 StockIdx：33927
[26696] 2025/11/20 09:43:44.105 Divide StockNo {2360}
[26696] 2025/11/20 09:43:44.105 Add Basket MarketNo：0 StockIdx：33929
[26696] 2025/11/20 09:43:44.105 Divide StockNo {2368}
[26696] 2025/11/20 09:43:44.105 Add Basket MarketNo：0 StockIdx：33935
[26696] 2025/11/20 09:43:44.105 Divide StockNo {2371}
[26696] 2025/11/20 09:43:44.105 Add Basket MarketNo：0 StockIdx：33937
[26696] 2025/11/20 09:43:44.105 Divide StockNo {2376}
[26696] 2025/11/20 09:43:44.105 Add Basket MarketNo：0 StockIdx：33941
[26696] 2025/11/20 09:43:44.105 Divide StockNo {2377}
[26696] 2025/11/20 09:43:44.105 Add Basket MarketNo：0 StockIdx：33942
[26696] 2025/11/20 09:43:44.105 Divide StockNo {2379}
[26696] 2025/11/20 09:43:44.105 Add Basket MarketNo：0 StockIdx：33943
[26696] 2025/11/20 09:43:44.105 Divide StockNo {2382}
[26696] 2025/11/20 09:43:44.105 Add Basket MarketNo：0 StockIdx：33945
[26696] 2025/11/20 09:43:44.105 Divide StockNo {2383}
[26696] 2025/11/20 09:43:44.105 Add Basket MarketNo：0 StockIdx：33946
[26696] 2025/11/20 09:43:44.105 Divide StockNo {2385}
[26696] 2025/11/20 09:43:44.105 Add Basket MarketNo：0 StockIdx：33947
[26696] 2025/11/20 09:43:44.105 Divide StockNo {2388}
[26696] 2025/11/20 09:43:44.105 Add Basket MarketNo：0 StockIdx：33949
[26696] 2025/11/20 09:43:44.105 Divide StockNo {2392}
[26696] 2025/11/20 09:43:44.105 Add Basket MarketNo：0 StockIdx：33951
[26696] 2025/11/20 09:43:44.105 Divide StockNo {2393}
[26696] 2025/11/20 09:43:44.105 Add Basket MarketNo：0 StockIdx：33952
[26696] 2025/11/20 09:43:44.105 Divide StockNo {2401}
[26696] 2025/11/20 09:43:44.105 Add Basket MarketNo：0 StockIdx：33956
[26696] 2025/11/20 09:43:44.105 Divide StockNo {2404}
[26696] 2025/11/20 09:43:44.105 Add Basket MarketNo：0 StockIdx：33958
[26696] 2025/11/20 09:43:44.105 Divide StockNo {2408}
[26696] 2025/11/20 09:43:44.105 Add Basket MarketNo：0 StockIdx：33961
[26696] 2025/11/20 09:43:44.105 Divide StockNo {2409}
[26696] 2025/11/20 09:43:44.106 Add Basket MarketNo：0 StockIdx：33962
[26696] 2025/11/20 09:43:44.106 Divide StockNo {2412}
[26696] 2025/11/20 09:43:44.106 Add Basket MarketNo：0 StockIdx：33963
[26696] 2025/11/20 09:43:44.106 Divide StockNo {2439}
[26696] 2025/11/20 09:43:44.106 Add Basket MarketNo：0 StockIdx：33985
[26696] 2025/11/20 09:43:44.106 Divide StockNo {2441}
[26696] 2025/11/20 09:43:44.106 Add Basket MarketNo：0 StockIdx：33987
[26696] 2025/11/20 09:43:44.106 Divide StockNo {2449}
[26696] 2025/11/20 09:43:44.106 Add Basket MarketNo：0 StockIdx：33990
[26696] 2025/11/20 09:43:44.106 Divide StockNo {2454}
[26696] 2025/11/20 09:43:44.106 Add Basket MarketNo：0 StockIdx：33994
[26696] 2025/11/20 09:43:44.106 Divide StockNo {2455}
[26696] 2025/11/20 09:43:44.106 Add Basket MarketNo：0 StockIdx：33995
[26696] 2025/11/20 09:43:44.106 Divide StockNo {2457}
[26696] 2025/11/20 09:43:44.106 Add Basket MarketNo：0 StockIdx：33996
[26696] 2025/11/20 09:43:44.106 Divide StockNo {2458}
[26696] 2025/11/20 09:43:44.106 Add Basket MarketNo：0 StockIdx：33997
[26696] 2025/11/20 09:43:44.106 Divide StockNo {2474}
[26696] 2025/11/20 09:43:44.106 Add Basket MarketNo：0 StockIdx：34009
[26696] 2025/11/20 09:43:44.106 Divide StockNo {2481}
[26696] 2025/11/20 09:43:44.106 Add Basket MarketNo：0 StockIdx：34014
[26696] 2025/11/20 09:43:44.106 Divide StockNo {2485}
[26696] 2025/11/20 09:43:44.106 Add Basket MarketNo：0 StockIdx：34018
[26696] 2025/11/20 09:43:44.106 Divide StockNo {2486}
[26696] 2025/11/20 09:43:44.106 Add Basket MarketNo：0 StockIdx：34019
[26696] 2025/11/20 09:43:44.106 Divide StockNo {2489}
[26696] 2025/11/20 09:43:44.106 Add Basket MarketNo：0 StockIdx：34021
[26696] 2025/11/20 09:43:44.106 Divide StockNo {2492}
[26696] 2025/11/20 09:43:44.106 Add Basket MarketNo：0 StockIdx：34023
[26696] 2025/11/20 09:43:44.106 Divide StockNo {2498}
[26696] 2025/11/20 09:43:44.106 Add Basket MarketNo：0 StockIdx：34028
[26696] 2025/11/20 09:43:44.106 Divide StockNo {2515}
[26696] 2025/11/20 09:43:44.106 Add Basket MarketNo：0 StockIdx：34036
[26696] 2025/11/20 09:43:44.106 Divide StockNo {2520}
[26696] 2025/11/20 09:43:44.106 Add Basket MarketNo：0 StockIdx：34038
[26696] 2025/11/20 09:43:44.107 Divide StockNo {2542}
[26696] 2025/11/20 09:43:44.107 Add Basket MarketNo：0 StockIdx：34050
[26696] 2025/11/20 09:43:44.107 Divide StockNo {2548}
[26696] 2025/11/20 09:43:44.107 Add Basket MarketNo：0 StockIdx：34055
[26696] 2025/11/20 09:43:44.107 Divide StockNo {2603}
[26696] 2025/11/20 09:43:44.107 Add Basket MarketNo：0 StockIdx：34058
[26696] 2025/11/20 09:43:44.107 Divide StockNo {2605}
[26696] 2025/11/20 09:43:44.107 Add Basket MarketNo：0 StockIdx：34059
[26696] 2025/11/20 09:43:44.107 Divide StockNo {2606}
[26696] 2025/11/20 09:43:44.107 Add Basket MarketNo：0 StockIdx：34060
[26696] 2025/11/20 09:43:44.107 Divide StockNo {2609}
[26696] 2025/11/20 09:43:44.107 Add Basket MarketNo：0 StockIdx：34063
[26696] 2025/11/20 09:43:44.107 Divide StockNo {2610}
[26696] 2025/11/20 09:43:44.107 Add Basket MarketNo：0 StockIdx：34064
[26696] 2025/11/20 09:43:44.107 Divide StockNo {2615}
[26696] 2025/11/20 09:43:44.107 Add Basket MarketNo：0 StockIdx：34069
[26696] 2025/11/20 09:43:44.107 Divide StockNo {2618}
[26696] 2025/11/20 09:43:44.107 Add Basket MarketNo：0 StockIdx：34072
[26696] 2025/11/20 09:43:44.107 Divide StockNo {2633}
[26696] 2025/11/20 09:43:44.107 Add Basket MarketNo：0 StockIdx：34074
[26696] 2025/11/20 09:43:44.107 Divide StockNo {2634}
[26696] 2025/11/20 09:43:44.107 Add Basket MarketNo：0 StockIdx：34075
[26696] 2025/11/20 09:43:44.107 Divide StockNo {2801}
[26696] 2025/11/20 09:43:44.107 Add Basket MarketNo：0 StockIdx：34096
[26696] 2025/11/20 09:43:44.107 Divide StockNo {2834}
[26696] 2025/11/20 09:43:44.107 Add Basket MarketNo：0 StockIdx：34101
[26696] 2025/11/20 09:43:44.107 Divide StockNo {2880}
[26696] 2025/11/20 09:43:44.107 Add Basket MarketNo：0 StockIdx：34113
[26696] 2025/11/20 09:43:44.107 Divide StockNo {2881}
[26696] 2025/11/20 09:43:44.107 Add Basket MarketNo：0 StockIdx：34114
[26696] 2025/11/20 09:43:44.107 Divide StockNo {2882}
[26696] 2025/11/20 09:43:44.107 Add Basket MarketNo：0 StockIdx：34118
[26696] 2025/11/20 09:43:44.107 Divide StockNo {2883}
[26696] 2025/11/20 09:43:44.107 Add Basket MarketNo：0 StockIdx：34121
[26696] 2025/11/20 09:43:44.107 Divide StockNo {2884}
[26696] 2025/11/20 09:43:44.107 Add Basket MarketNo：0 StockIdx：34123
[26696] 2025/11/20 09:43:44.107 Divide StockNo {2885}
[26696] 2025/11/20 09:43:44.107 Add Basket MarketNo：0 StockIdx：34124
[26696] 2025/11/20 09:43:44.107 Divide StockNo {2886}
[26696] 2025/11/20 09:43:44.107 Add Basket MarketNo：0 StockIdx：34125
[26696] 2025/11/20 09:43:44.107 Divide StockNo {2887}
[26696] 2025/11/20 09:43:44.107 Add Basket MarketNo：0 StockIdx：34126
[26696] 2025/11/20 09:43:44.107 Divide StockNo {2888}
[26696] 2025/11/20 09:43:44.107 Stock Is Not Exist 
[26696] 2025/11/20 09:43:44.107 Divide StockNo {2890}
[26696] 2025/11/20 09:43:44.108 Add Basket MarketNo：0 StockIdx：34134
[26696] 2025/11/20 09:43:44.108 Divide StockNo {2891}
[26696] 2025/11/20 09:43:44.108 Add Basket MarketNo：0 StockIdx：34135
[26696] 2025/11/20 09:43:44.108 Divide StockNo {2892}
[26696] 2025/11/20 09:43:44.108 Add Basket MarketNo：0 StockIdx：34138
[26696] 2025/11/20 09:43:44.108 Divide StockNo {2913}
[26696] 2025/11/20 09:43:44.108 Add Basket MarketNo：0 StockIdx：34150
[26696] 2025/11/20 09:43:44.108 Divide StockNo {2915}
[26696] 2025/11/20 09:43:44.108 Add Basket MarketNo：0 StockIdx：34151
[26696] 2025/11/20 09:43:44.108 Divide StockNo {3005}
[26696] 2025/11/20 09:43:44.108 Add Basket MarketNo：0 StockIdx：34159
[26696] 2025/11/20 09:43:44.108 Divide StockNo {3006}
[26696] 2025/11/20 09:43:44.108 Add Basket MarketNo：0 StockIdx：34160
[26696] 2025/11/20 09:43:44.108 Divide StockNo {3008}
[26696] 2025/11/20 09:43:44.108 Add Basket MarketNo：0 StockIdx：34161
[26696] 2025/11/20 09:43:44.108 Divide StockNo {3017}
[26696] 2025/11/20 09:43:44.108 Add Basket MarketNo：0 StockIdx：34168
[26696] 2025/11/20 09:43:44.108 Divide StockNo {3019}
[26696] 2025/11/20 09:43:44.108 Add Basket MarketNo：0 StockIdx：34170
[26696] 2025/11/20 09:43:44.108 Divide StockNo {3034}
[26696] 2025/11/20 09:43:44.108 Add Basket MarketNo：0 StockIdx：34184
[26696] 2025/11/20 09:43:44.108 Divide StockNo {3035}
[26696] 2025/11/20 09:43:44.108 Add Basket MarketNo：0 StockIdx：34185
[26696] 2025/11/20 09:43:44.108 Divide StockNo {3036}
[26696] 2025/11/20 09:43:44.108 Add Basket MarketNo：0 StockIdx：34186
[26696] 2025/11/20 09:43:44.108 Divide StockNo {3037}
[26696] 2025/11/20 09:43:44.108 Add Basket MarketNo：0 StockIdx：34188
[26696] 2025/11/20 09:43:44.108 Divide StockNo {3042}
[26696] 2025/11/20 09:43:44.108 Add Basket MarketNo：0 StockIdx：34192
[26696] 2025/11/20 09:43:44.108 Divide StockNo {3044}
[26696] 2025/11/20 09:43:44.108 Add Basket MarketNo：0 StockIdx：34194
[26696] 2025/11/20 09:43:44.108 Divide StockNo {3045}
[26696] 2025/11/20 09:43:44.108 Add Basket MarketNo：0 StockIdx：34195
[26696] 2025/11/20 09:43:44.108 Divide StockNo {3078}
[26696] 2025/11/20 09:43:44.108 Add Basket MarketNo：1 StockIdx：270
[26696] 2025/11/20 09:43:44.108 Divide StockNo {3081}
[26696] 2025/11/20 09:43:44.108 Add Basket MarketNo：1 StockIdx：271
[26696] 2025/11/20 09:43:44.108 Divide StockNo {3105}
[26696] 2025/11/20 09:43:44.108 Add Basket MarketNo：1 StockIdx：281
[26696] 2025/11/20 09:43:44.108 Divide StockNo {3152}
[26696] 2025/11/20 09:43:44.108 Add Basket MarketNo：1 StockIdx：296
[26696] 2025/11/20 09:43:44.108 Divide StockNo {3189}
[26696] 2025/11/20 09:43:44.108 Add Basket MarketNo：0 StockIdx：34222
[26696] 2025/11/20 09:43:44.108 Divide StockNo {3227}
[26696] 2025/11/20 09:43:44.108 Add Basket MarketNo：1 StockIdx：320
[26696] 2025/11/20 09:43:44.108 Divide StockNo {3231}
[26696] 2025/11/20 09:43:44.108 Add Basket MarketNo：0 StockIdx：34225
[26696] 2025/11/20 09:43:44.109 Divide StockNo {3260}
[26696] 2025/11/20 09:43:44.109 Add Basket MarketNo：1 StockIdx：329
[26696] 2025/11/20 09:43:44.109 Divide StockNo {3264}
[26696] 2025/11/20 09:43:44.109 Add Basket MarketNo：1 StockIdx：330
[26696] 2025/11/20 09:43:44.109 Divide StockNo {3293}
[26696] 2025/11/20 09:43:44.109 Add Basket MarketNo：1 StockIdx：343
[26696] 2025/11/20 09:43:44.109 Divide StockNo {3324}
[26696] 2025/11/20 09:43:44.109 Add Basket MarketNo：1 StockIdx：359
[26696] 2025/11/20 09:43:44.109 Divide StockNo {3374}
[26696] 2025/11/20 09:43:44.109 Add Basket MarketNo：1 StockIdx：376
[26696] 2025/11/20 09:43:44.109 Divide StockNo {3376}
[26696] 2025/11/20 09:43:44.109 Add Basket MarketNo：0 StockIdx：34237
[26696] 2025/11/20 09:43:44.109 Divide StockNo {3380}
[26696] 2025/11/20 09:43:44.109 Add Basket MarketNo：0 StockIdx：34238
[26696] 2025/11/20 09:43:44.109 Divide StockNo {3406}
[26696] 2025/11/20 09:43:44.109 Add Basket MarketNo：0 StockIdx：34239
[26696] 2025/11/20 09:43:44.109 Divide StockNo {3443}
[26696] 2025/11/20 09:43:44.109 Add Basket MarketNo：0 StockIdx：34245
[26696] 2025/11/20 09:43:44.109 Divide StockNo {3481}
[26696] 2025/11/20 09:43:44.109 Add Basket MarketNo：0 StockIdx：34249
[26696] 2025/11/20 09:43:44.109 Divide StockNo {3529}
[26696] 2025/11/20 09:43:44.109 Add Basket MarketNo：1 StockIdx：424
[26696] 2025/11/20 09:43:44.109 Divide StockNo {3532}
[26696] 2025/11/20 09:43:44.109 Add Basket MarketNo：0 StockIdx：34257
[26696] 2025/11/20 09:43:44.109 Divide StockNo {3533}
[26696] 2025/11/20 09:43:44.109 Add Basket MarketNo：0 StockIdx：34258
[26696] 2025/11/20 09:43:44.109 Divide StockNo {3552}
[26696] 2025/11/20 09:43:44.109 Add Basket MarketNo：1 StockIdx：435
[26696] 2025/11/20 09:43:44.109 Divide StockNo {3653}
[26696] 2025/11/20 09:43:44.109 Add Basket MarketNo：0 StockIdx：34278
[26696] 2025/11/20 09:43:44.109 Divide StockNo {3661}
[26696] 2025/11/20 09:43:44.109 Add Basket MarketNo：0 StockIdx：34279
[26696] 2025/11/20 09:43:44.109 Divide StockNo {3673}
[26696] 2025/11/20 09:43:44.109 Add Basket MarketNo：0 StockIdx：34282
[26696] 2025/11/20 09:43:44.109 Divide StockNo {3680}
[26696] 2025/11/20 09:43:44.109 Add Basket MarketNo：1 StockIdx：474
[26696] 2025/11/20 09:43:44.109 Divide StockNo {3691}
[26696] 2025/11/20 09:43:44.109 Add Basket MarketNo：1 StockIdx：484
[26696] 2025/11/20 09:43:44.109 Divide StockNo {3702}
[26696] 2025/11/20 09:43:44.110 Add Basket MarketNo：0 StockIdx：34287
[26696] 2025/11/20 09:43:44.110 Divide StockNo {3706}
[26696] 2025/11/20 09:43:44.110 Add Basket MarketNo：0 StockIdx：34291
[26696] 2025/11/20 09:43:44.110 Divide StockNo {3711}
[26696] 2025/11/20 09:43:44.110 Add Basket MarketNo：0 StockIdx：34293
[26696] 2025/11/20 09:43:44.110 Divide StockNo {3714}
[26696] 2025/11/20 09:43:44.110 Add Basket MarketNo：0 StockIdx：34295
[26696] 2025/11/20 09:43:44.110 Divide StockNo {4123}
[26696] 2025/11/20 09:43:44.110 Add Basket MarketNo：1 StockIdx：509
[26696] 2025/11/20 09:43:44.110 Divide StockNo {4128}
[26696] 2025/11/20 09:43:44.110 Add Basket MarketNo：1 StockIdx：514
[26696] 2025/11/20 09:43:44.110 Divide StockNo {4162}
[26696] 2025/11/20 09:43:44.110 Add Basket MarketNo：1 StockIdx：528
[26696] 2025/11/20 09:43:44.110 Divide StockNo {4736}
[26696] 2025/11/20 09:43:44.110 Add Basket MarketNo：0 StockIdx：34340
[26696] 2025/11/20 09:43:44.110 Divide StockNo {4743}
[26696] 2025/11/20 09:43:44.110 Add Basket MarketNo：1 StockIdx：619
[26696] 2025/11/20 09:43:44.110 Divide StockNo {4904}
[26696] 2025/11/20 09:43:44.110 Add Basket MarketNo：0 StockIdx：34351
[26696] 2025/11/20 09:43:44.110 Divide StockNo {4919}
[26696] 2025/11/20 09:43:44.110 Add Basket MarketNo：0 StockIdx：34356
[26696] 2025/11/20 09:43:44.110 Divide StockNo {4938}
[26696] 2025/11/20 09:43:44.110 Add Basket MarketNo：0 StockIdx：34361
[26696] 2025/11/20 09:43:44.110 Divide StockNo {4958}
[26696] 2025/11/20 09:43:44.110 Add Basket MarketNo：0 StockIdx：34367
[26696] 2025/11/20 09:43:44.110 Divide StockNo {5009}
[26696] 2025/11/20 09:43:44.110 Add Basket MarketNo：1 StockIdx：661
[26696] 2025/11/20 09:43:44.110 Divide StockNo {5269}
[26696] 2025/11/20 09:43:44.110 Add Basket MarketNo：0 StockIdx：34386
[26696] 2025/11/20 09:43:44.110 Divide StockNo {5274}
[26696] 2025/11/20 09:43:44.110 Add Basket MarketNo：1 StockIdx：695
[26696] 2025/11/20 09:43:44.110 Divide StockNo {5347}
[26696] 2025/11/20 09:43:44.110 Add Basket MarketNo：1 StockIdx：718
[26696] 2025/11/20 09:43:44.110 Divide StockNo {5371}
[26696] 2025/11/20 09:43:44.110 Add Basket MarketNo：1 StockIdx：725
[26696] 2025/11/20 09:43:44.110 Divide StockNo {5388}
[26696] 2025/11/20 09:43:44.110 Add Basket MarketNo：0 StockIdx：34393
[26696] 2025/11/20 09:43:44.110 Divide StockNo {5425}
[26696] 2025/11/20 09:43:44.110 Add Basket MarketNo：1 StockIdx：733
[26696] 2025/11/20 09:43:44.110 Divide StockNo {5457}
[26696] 2025/11/20 09:43:44.110 Add Basket MarketNo：1 StockIdx：745
[26696] 2025/11/20 09:43:44.110 Divide StockNo {5483}
[26696] 2025/11/20 09:43:44.110 Add Basket MarketNo：1 StockIdx：755
[26696] 2025/11/20 09:43:44.110 Divide StockNo {5534}
[26696] 2025/11/20 09:43:44.110 Add Basket MarketNo：0 StockIdx：34405
[26696] 2025/11/20 09:43:44.111 Divide StockNo {5871}
[26696] 2025/11/20 09:43:44.111 Add Basket MarketNo：0 StockIdx：34411
[26696] 2025/11/20 09:43:44.111 Divide StockNo {5876}
[26696] 2025/11/20 09:43:44.111 Add Basket MarketNo：0 StockIdx：34413
[26696] 2025/11/20 09:43:44.111 Divide StockNo {5880}
[26696] 2025/11/20 09:43:44.111 Add Basket MarketNo：0 StockIdx：34414
[26696] 2025/11/20 09:43:44.111 Divide StockNo {5904}
[26696] 2025/11/20 09:43:44.111 Add Basket MarketNo：1 StockIdx：789
[26696] 2025/11/20 09:43:44.111 Divide StockNo {6005}
[26696] 2025/11/20 09:43:44.111 Add Basket MarketNo：0 StockIdx：34417
[26696] 2025/11/20 09:43:44.111 Divide StockNo {6116}
[26696] 2025/11/20 09:43:44.111 Add Basket MarketNo：0 StockIdx：34422
[26696] 2025/11/20 09:43:44.111 Divide StockNo {6121}
[26696] 2025/11/20 09:43:44.111 Add Basket MarketNo：1 StockIdx：812
[26696] 2025/11/20 09:43:44.111 Divide StockNo {6139}
[26696] 2025/11/20 09:43:44.111 Add Basket MarketNo：0 StockIdx：34428
[26696] 2025/11/20 09:43:44.111 Divide StockNo {6147}
[26696] 2025/11/20 09:43:44.111 Add Basket MarketNo：1 StockIdx：830
[26696] 2025/11/20 09:43:44.111 Divide StockNo {6153}
[26696] 2025/11/20 09:43:44.111 Add Basket MarketNo：0 StockIdx：34432
[26696] 2025/11/20 09:43:44.111 Divide StockNo {6173}
[26696] 2025/11/20 09:43:44.111 Add Basket MarketNo：1 StockIdx：847
[26696] 2025/11/20 09:43:44.111 Divide StockNo {6176}
[26696] 2025/11/20 09:43:44.111 Add Basket MarketNo：0 StockIdx：34438
[26696] 2025/11/20 09:43:44.111 Divide StockNo {6182}
[26696] 2025/11/20 09:43:44.111 Add Basket MarketNo：1 StockIdx：855
[26696] 2025/11/20 09:43:44.111 Divide StockNo {6188}
[26696] 2025/11/20 09:43:44.111 Add Basket MarketNo：1 StockIdx：863
[26696] 2025/11/20 09:43:44.111 Divide StockNo {6213}
[26696] 2025/11/20 09:43:44.111 Add Basket MarketNo：0 StockIdx：34452
[26696] 2025/11/20 09:43:44.111 Divide StockNo {6223}
[26696] 2025/11/20 09:43:44.111 Add Basket MarketNo：1 StockIdx：889
[26696] 2025/11/20 09:43:44.111 Divide StockNo {6239}
[26696] 2025/11/20 09:43:44.111 Add Basket MarketNo：0 StockIdx：34461
[26696] 2025/11/20 09:43:44.111 Divide StockNo {6245}
[26696] 2025/11/20 09:43:44.111 Add Basket MarketNo：1 StockIdx：904
[26696] 2025/11/20 09:43:44.111 Divide StockNo {6257}
[26696] 2025/11/20 09:43:44.111 Add Basket MarketNo：0 StockIdx：34463
[26696] 2025/11/20 09:43:44.111 Divide StockNo {6269}
[26696] 2025/11/20 09:43:44.111 Add Basket MarketNo：0 StockIdx：34464
[26696] 2025/11/20 09:43:44.111 Divide StockNo {6271}
[26696] 2025/11/20 09:43:44.111 Add Basket MarketNo：0 StockIdx：34465
[26696] 2025/11/20 09:43:44.111 Divide StockNo {6274}
[26696] 2025/11/20 09:43:44.111 Add Basket MarketNo：1 StockIdx：916
[26696] 2025/11/20 09:43:44.111 Divide StockNo {6278}
[26696] 2025/11/20 09:43:44.111 Add Basket MarketNo：0 StockIdx：34467
[26696] 2025/11/20 09:43:44.111 Divide StockNo {6279}
[26696] 2025/11/20 09:43:44.112 Add Basket MarketNo：1 StockIdx：921
[26696] 2025/11/20 09:43:44.112 Divide StockNo {6282}
[26696] 2025/11/20 09:43:44.112 Add Basket MarketNo：0 StockIdx：34469
[26696] 2025/11/20 09:43:44.112 Divide StockNo {6285}
[26696] 2025/11/20 09:43:44.112 Add Basket MarketNo：0 StockIdx：34471
[26696] 2025/11/20 09:43:44.112 Divide StockNo {6414}
[26696] 2025/11/20 09:43:44.112 Add Basket MarketNo：0 StockIdx：34475
[26696] 2025/11/20 09:43:44.112 Divide StockNo {6443}
[26696] 2025/11/20 09:43:44.112 Add Basket MarketNo：0 StockIdx：34483
[26696] 2025/11/20 09:43:44.112 Divide StockNo {6472}
[26696] 2025/11/20 09:43:44.112 Add Basket MarketNo：0 StockIdx：34489
[26696] 2025/11/20 09:43:44.112 Divide StockNo {6488}
[26696] 2025/11/20 09:43:44.112 Add Basket MarketNo：1 StockIdx：956
[26696] 2025/11/20 09:43:44.112 Divide StockNo {6505}
[26696] 2025/11/20 09:43:44.112 Add Basket MarketNo：0 StockIdx：34493
[26696] 2025/11/20 09:43:44.112 Divide StockNo {6510}
[26696] 2025/11/20 09:43:44.112 Add Basket MarketNo：1 StockIdx：966
[26696] 2025/11/20 09:43:44.112 Divide StockNo {6526}
[26696] 2025/11/20 09:43:44.112 Add Basket MarketNo：0 StockIdx：34496
[26696] 2025/11/20 09:43:44.112 Divide StockNo {6547}
[26696] 2025/11/20 09:43:44.112 Add Basket MarketNo：1 StockIdx：981
[26696] 2025/11/20 09:43:44.112 Divide StockNo {6669}
[26696] 2025/11/20 09:43:44.112 Add Basket MarketNo：0 StockIdx：34525
[26696] 2025/11/20 09:43:44.112 Divide StockNo {6757}
[26696] 2025/11/20 09:43:44.112 Add Basket MarketNo：0 StockIdx：34542
[26696] 2025/11/20 09:43:44.112 Divide StockNo {6770}
[26696] 2025/11/20 09:43:44.112 Add Basket MarketNo：0 StockIdx：34544
[26696] 2025/11/20 09:43:44.112 Divide StockNo {8039}
[26696] 2025/11/20 09:43:44.112 Add Basket MarketNo：0 StockIdx：34621
[26696] 2025/11/20 09:43:44.112 Divide StockNo {8044}
[26696] 2025/11/20 09:43:44.112 Add Basket MarketNo：1 StockIdx：12473
[26696] 2025/11/20 09:43:44.112 Divide StockNo {8046}
[26696] 2025/11/20 09:43:44.112 Add Basket MarketNo：0 StockIdx：34623
[26696] 2025/11/20 09:43:44.112 Divide StockNo {8069}
[26696] 2025/11/20 09:43:44.112 Add Basket MarketNo：1 StockIdx：12485
[26696] 2025/11/20 09:43:44.112 Divide StockNo {8086}
[26696] 2025/11/20 09:43:44.112 Add Basket MarketNo：1 StockIdx：12494
[26696] 2025/11/20 09:43:44.112 Divide StockNo {8112}
[26696] 2025/11/20 09:43:44.112 Add Basket MarketNo：0 StockIdx：34632
[26696] 2025/11/20 09:43:44.112 Divide StockNo {8150}
[26696] 2025/11/20 09:43:44.112 Add Basket MarketNo：0 StockIdx：34636
[26696] 2025/11/20 09:43:44.112 Divide StockNo {8163}
[26696] 2025/11/20 09:43:44.112 Add Basket MarketNo：0 StockIdx：34638
[26696] 2025/11/20 09:43:44.112 Divide StockNo {8299}
[26696] 2025/11/20 09:43:44.112 Add Basket MarketNo：1 StockIdx：12533
[26696] 2025/11/20 09:43:44.113 Divide StockNo {8358}
[26696] 2025/11/20 09:43:44.113 Add Basket MarketNo：1 StockIdx：12539
[26696] 2025/11/20 09:43:44.113 Divide StockNo {8436}
[26696] 2025/11/20 09:43:44.113 Add Basket MarketNo：1 StockIdx：12564
[26696] 2025/11/20 09:43:44.113 Divide StockNo {8454}
[26696] 2025/11/20 09:43:44.113 Add Basket MarketNo：0 StockIdx：34657
[26696] 2025/11/20 09:43:44.113 Divide StockNo {9904}
[26696] 2025/11/20 09:43:44.113 Add Basket MarketNo：0 StockIdx：34686
[26696] 2025/11/20 09:43:44.113 Divide StockNo {9914}
[26696] 2025/11/20 09:43:44.113 Add Basket MarketNo：0 StockIdx：34694
[26696] 2025/11/20 09:43:44.113 Divide StockNo {9938}
[26696] 2025/11/20 09:43:44.113 Add Basket MarketNo：0 StockIdx：34710
[26696] 2025/11/20 09:43:44.113 Divide StockNo {9939}
[26696] 2025/11/20 09:43:44.113 Add Basket MarketNo：0 StockIdx：34711
[26696] 2025/11/20 09:43:44.113 Divide StockNo {9945}
[26696] 2025/11/20 09:43:44.113 Add Basket MarketNo：0 StockIdx：34718
[26696] 2025/11/20 09:43:44.113 Divide StockNo {9958}
[26696] 2025/11/20 09:43:44.113 Add Basket MarketNo：0 StockIdx：34721
[26696] 2025/11/20 09:43:44.113 Divide StockNo {TSE}
[26696] 2025/11/20 09:43:44.113 Stock Is Not Exist 
[26696] 2025/11/20 09:43:44.113 Divide StockNo {TSE23}
[26696] 2025/11/20 09:43:44.113 Add Basket MarketNo：0 StockIdx：35038
[26696] 2025/11/20 09:43:44.113 Divide StockNo {TSE28}
[26696] 2025/11/20 09:43:44.113 Add Basket MarketNo：0 StockIdx：35043
[26696] 2025/11/20 09:43:44.113 Divide StockNo {TWMC}
[26696] 2025/11/20 09:43:44.113 Stock Is Not Exist 
[26696] 2025/11/20 09:43:44.113 Return PageNo： 1 
[24000] 2025/11/20 09:50:24.059 Precheck/DistributedServer Query result is 000,分配成功
[24000] 2025/11/20 09:50:24.059 >> Host srvsolace-tp2.capital.com.tw
[24000] 2025/11/20 09:50:24.100 SKQuoteLib_EnterMonitor IP：srvsolace-tp2.capital.com.tw
[24000] 2025/11/20 09:50:24.176 OnSessionConnect，Code: 3001, Error Code:0.
[24000] 2025/11/20 09:50:24.210 SKQuoteLib_EnterMonitorLONG starting
[24000] 2025/11/20 09:50:24.211 OnConnection ( 3001 , 0 ) 
[24000] 2025/11/20 09:50:24.720 Market Info is OK!
[24000] 2025/11/20 09:50:24.765 Catalog info is OK!
[24000] 2025/11/20 09:50:28.556 Solace RequestInitializeData (TO_S_19,S_1F)
[24000] 2025/11/20 09:50:28.556 Solace RequestInitializeData (TO_S_19,S_1F)
[24000] 2025/11/20 09:50:28.558 OnConnection ( 3003 , 0 ) 
[24000] 2025/11/20 09:50:30.526 SKQuoteLib_RequestStocks (1 , CAF00, CBF00, CCF00, CDF00, CEF00, CFF00, CGF00, CHF00, CJF00, CKF00, CLF00, CMF00, CNF00, CQF00, CRF00, CSF00, CUF00, CWF00, CXF00, CYF00, CZF00, DAF00, DBF00, DCF00, DEF00, DFF00, DGF00, DHF00, DIF00, DJF00, DKF00, DLF00, DNF00, DOF00, DPF00, DQF00, DSF00, DVF00, DWF00, DXF00, DYF00, DZF00, EEF00, EGF00, EHF00, EKF00, EMF00, EPF00, EYF00, EZF00, FBF00, FCF00, FEF00, FFF00, FGF00, FKF00, FNF00, FQF00, FRF00, FSF00, FTF00, FVF00, FWF00, FYF00, FZF00, GAF00, GCF00, GHF00, GIF00, GJF00, GKF00, GLF00, GMF00, GNF00, GOF00, GRF00, GUF00, GVF00, GWF00, GXF00, GYF00, GZF00, HAF00, HBF00, HCF00, HHF00, HIF00, HLF00, HOF00, HQF00, HSF00, IAF00, IHF00, IIF00, IJF00, IMF00, IOF00, IPF00, IQF00, IRF00, ITF00, IXF00, IYF00, IZF00, JBF00, JFF00, JMF00, JNF00, JPF00, JSF00, JWF00, JXF00, JZF00, KAF00, KBF00, KCF00, KDF00, KEF00, KFF00, KGF00, KIF00, KKF00, KLF00, KOF00, KPF00, KSF00, KUF00, KWF00, LBF00, LCF00, LEF00, LIF00, LMF00, LOF00, LQF00, LRF00, LTF00, LUF00, LVF00, LWF00, LXF00, LYF00, MAF00, MBF00, MJF00, MKF00, MQF00, MVF00, MYF00, NAF00, NBF00, NDF00, NEF00, NGF00, NIF00, NJF00, NLF00, NMF00, NOF00, NQF00, NSF00, NUF00, NVF00, NWF00, NYF00, OAF00, OBF00, ODF00, OEF00, OHF00, OJF00, OKF00, OLF00, OMF00, OOF00, OPF00, OQF00, ORF00, OSF00, OTF00, OUF00, OVF00, OWF00, OXF00, OYF00, OZF00, PAF00, PBF00, PCF00, PDF00, PEF00, PFF00, PGF00, PHF00, PIF00, PJF00, PKF00, PLF00, PMF00, PNF00, PPF00, PQF00, PRF00, PSF00, PTF00, PUF00, PVF00, PWF00, PXF00, PYF00, PZF00, QAF00, QBF00, QCF00, QDF00, QEF00, QFF00, QGF00, QHF00, QIF00, QJF00, QKF00, QLF00, QMF00, QNF00, QOF00, QPF00, QQF00, QRF00, QSF00, QTF00, QUF00, QVF00, QWF00, QXF00, QYF00, QZF00, RAF00, RBF00, RCF00, RDF00, REF00, RFF00, RGF00, RIF00, RJF00, RKF00, RLF00, RMF00, RNF00, ROF00, RPF00, RQF00, RRF00, RSF00, RUF00, RVF00, RWF00, RXF00, RYF00, RZF00, SAF00, SBF00, SCF00, SDF00, SEF00, SFF00, SGF00, SIF00, SJF00, SKF00, SLF00, SMF00, SNF00, SQF00, SRF00, SSF00, SUF00, SVF00, SWF00, SYF00, SZF00, UAF00, UBF00, UCF00, UEF00, UFF00, UGF00, UHF00, UIF00, UJF00, UKF00, ULF00, UMF00, UOF00, UPF00, UQF00, URF00, USF00, UTF00, UUF00, UVF00, UWF00, 0050, 0056, 006205, 006206, 00636, 00639, 00643, 00679B, 00687B, 00719B, 00757, 00772B, 00878, 00885, 00893, 00919, 00923, 00929, 00937B, 00940, 1101, 1102, 1210, 1216, 1301, 1303, 1312, 1314, 1319, 1326, 1402, 1440, 1476, 1477, 1503, 1504, 1513, 1536, 1565, 1590, 1605, 1609, 1707, 1717, 1718, 1722, 1795, 1802, 1904, 1905, 1907, 1909, 2002, 2006, 2014, 2027, 2049, 2059, 2105, 2201, 2231, 2301, 2303, 2308, 2312, 2313, 2317, 2323, 2324, 2327, 2328, 2330, 2331, 2332, 2337, 2338, 2340, 2344, 2345, 2347, 2352, 2353, 2354, 2355, 2356, 2357, 2360, 2368, 2371, 2376, 2377, 2379, 2382, 2383, 2385, 2388, 2392, 2393, 2401, 2404, 2408, 2409, 2412, 2439, 2441, 2449, 2454, 2455, 2457, 2458, 2474, 2481, 2485, 2486, 2489, 2492, 2498, 2515, 2520, 2542, 2548, 2603, 2605, 2606, 2609, 2610, 2615, 2618, 2633, 2634, 2801, 2834, 2880, 2881, 2882, 2883, 2884, 2885, 2886, 2887, 2888, 2890, 2891, 2892, 2913, 2915, 3005, 3006, 3008, 3017, 3019, 3034, 3035, 3036, 3037, 3042, 3044, 3045, 3078, 3081, 3105, 3152, 3189, 3227, 3231, 3260, 3264, 3293, 3324, 3374, 3376, 3380, 3406, 3443, 3481, 3529, 3532, 3533, 3552, 3653, 3661, 3673, 3680, 3691, 3702, 3706, 3711, 3714, 4123, 4128, 4162, 4736, 4743, 4904, 4919, 4938, 4958, 5009, 5269, 5274, 5347, 5371, 5388, 5425, 5457, 5483, 5534, 5871, 5876, 5880, 5904, 6005, 6116, 6121, 6139, 6147, 6153, 6173, 6176, 6182, 6188, 6213, 6223, 6239, 6245, 6257, 6269, 6271, 6274, 6278, 6279, 6282, 6285, 6414, 6443, 6472, 6488, 6505, 6510, 6526, 6547, 6669, 6757, 6770, 8039, 8044, 8046, 8069, 8086, 8112, 8150, 8163, 8299, 8358, 8436, 8454, 9904, 9914, 9938, 9939, 9945, 9958, TSE, TSE23, TSE28, TWMC)
[24000] 2025/11/20 09:50:30.530 Divide StockNo {CAF00}
[24000] 2025/11/20 09:50:30.530 Add Basket MarketNo：2 StockIdx：704
[24000] 2025/11/20 09:50:30.530 Divide StockNo {CBF00}
[24000] 2025/11/20 09:50:30.530 Add Basket MarketNo：2 StockIdx：710
[24000] 2025/11/20 09:50:30.530 Divide StockNo {CCF00}
[24000] 2025/11/20 09:50:30.530 Add Basket MarketNo：2 StockIdx：120
[24000] 2025/11/20 09:50:30.530 Divide StockNo {CDF00}
[24000] 2025/11/20 09:50:30.530 Add Basket MarketNo：2 StockIdx：126
[24000] 2025/11/20 09:50:30.530 Divide StockNo {CEF00}
[24000] 2025/11/20 09:50:30.530 Add Basket MarketNo：2 StockIdx：728
[24000] 2025/11/20 09:50:30.530 Divide StockNo {CFF00}
[24000] 2025/11/20 09:50:30.530 Add Basket MarketNo：2 StockIdx：736
[24000] 2025/11/20 09:50:30.530 Divide StockNo {CGF00}
[24000] 2025/11/20 09:50:30.530 Add Basket MarketNo：2 StockIdx：742
[24000] 2025/11/20 09:50:30.530 Divide StockNo {CHF00}
[24000] 2025/11/20 09:50:30.530 Add Basket MarketNo：2 StockIdx：748
[24000] 2025/11/20 09:50:30.530 Divide StockNo {CJF00}
[24000] 2025/11/20 09:50:30.530 Add Basket MarketNo：2 StockIdx：754
[24000] 2025/11/20 09:50:30.530 Divide StockNo {CKF00}
[24000] 2025/11/20 09:50:30.530 Add Basket MarketNo：2 StockIdx：760
[24000] 2025/11/20 09:50:30.530 Divide StockNo {CLF00}
[24000] 2025/11/20 09:50:30.530 Add Basket MarketNo：2 StockIdx：766
[24000] 2025/11/20 09:50:30.530 Divide StockNo {CMF00}
[24000] 2025/11/20 09:50:30.530 Add Basket MarketNo：2 StockIdx：772
[24000] 2025/11/20 09:50:30.530 Divide StockNo {CNF00}
[24000] 2025/11/20 09:50:30.530 Add Basket MarketNo：2 StockIdx：778
[24000] 2025/11/20 09:50:30.530 Divide StockNo {CQF00}
[24000] 2025/11/20 09:50:30.530 Add Basket MarketNo：2 StockIdx：784
[24000] 2025/11/20 09:50:30.530 Divide StockNo {CRF00}
[24000] 2025/11/20 09:50:30.530 Add Basket MarketNo：2 StockIdx：790
[24000] 2025/11/20 09:50:30.530 Divide StockNo {CSF00}
[24000] 2025/11/20 09:50:30.530 Add Basket MarketNo：2 StockIdx：796
[24000] 2025/11/20 09:50:30.530 Divide StockNo {CUF00}
[24000] 2025/11/20 09:50:30.530 Add Basket MarketNo：2 StockIdx：802
[24000] 2025/11/20 09:50:30.530 Divide StockNo {CWF00}
[24000] 2025/11/20 09:50:30.530 Add Basket MarketNo：2 StockIdx：808
[24000] 2025/11/20 09:50:30.530 Divide StockNo {CXF00}
[24000] 2025/11/20 09:50:30.530 Add Basket MarketNo：2 StockIdx：816
[24000] 2025/11/20 09:50:30.530 Divide StockNo {CYF00}
[24000] 2025/11/20 09:50:30.530 Add Basket MarketNo：2 StockIdx：822
[24000] 2025/11/20 09:50:30.530 Divide StockNo {CZF00}
[24000] 2025/11/20 09:50:30.530 Add Basket MarketNo：2 StockIdx：828
[24000] 2025/11/20 09:50:30.530 Divide StockNo {DAF00}
[24000] 2025/11/20 09:50:30.530 Add Basket MarketNo：2 StockIdx：834
[24000] 2025/11/20 09:50:30.530 Divide StockNo {DBF00}
[24000] 2025/11/20 09:50:30.530 Add Basket MarketNo：2 StockIdx：840
[24000] 2025/11/20 09:50:30.530 Divide StockNo {DCF00}
[24000] 2025/11/20 09:50:30.530 Add Basket MarketNo：2 StockIdx：846
[24000] 2025/11/20 09:50:30.531 Divide StockNo {DEF00}
[24000] 2025/11/20 09:50:30.531 Add Basket MarketNo：2 StockIdx：854
[24000] 2025/11/20 09:50:30.531 Divide StockNo {DFF00}
[24000] 2025/11/20 09:50:30.531 Add Basket MarketNo：2 StockIdx：863
[24000] 2025/11/20 09:50:30.531 Divide StockNo {DGF00}
[24000] 2025/11/20 09:50:30.531 Add Basket MarketNo：2 StockIdx：869
[24000] 2025/11/20 09:50:30.531 Divide StockNo {DHF00}
[24000] 2025/11/20 09:50:30.531 Add Basket MarketNo：2 StockIdx：875
[24000] 2025/11/20 09:50:30.531 Divide StockNo {DIF00}
[24000] 2025/11/20 09:50:30.531 Add Basket MarketNo：2 StockIdx：881
[24000] 2025/11/20 09:50:30.531 Divide StockNo {DJF00}
[24000] 2025/11/20 09:50:30.531 Add Basket MarketNo：2 StockIdx：887
[24000] 2025/11/20 09:50:30.531 Divide StockNo {DKF00}
[24000] 2025/11/20 09:50:30.531 Add Basket MarketNo：2 StockIdx：893
[24000] 2025/11/20 09:50:30.531 Divide StockNo {DLF00}
[24000] 2025/11/20 09:50:30.531 Add Basket MarketNo：2 StockIdx：899
[24000] 2025/11/20 09:50:30.531 Divide StockNo {DNF00}
[24000] 2025/11/20 09:50:30.531 Add Basket MarketNo：2 StockIdx：905
[24000] 2025/11/20 09:50:30.531 Divide StockNo {DOF00}
[24000] 2025/11/20 09:50:30.531 Add Basket MarketNo：2 StockIdx：913
[24000] 2025/11/20 09:50:30.531 Divide StockNo {DPF00}
[24000] 2025/11/20 09:50:30.531 Add Basket MarketNo：2 StockIdx：919
[24000] 2025/11/20 09:50:30.531 Divide StockNo {DQF00}
[24000] 2025/11/20 09:50:30.531 Add Basket MarketNo：2 StockIdx：925
[24000] 2025/11/20 09:50:30.531 Divide StockNo {DSF00}
[24000] 2025/11/20 09:50:30.531 Add Basket MarketNo：2 StockIdx：931
[24000] 2025/11/20 09:50:30.531 Divide StockNo {DVF00}
[24000] 2025/11/20 09:50:30.531 Add Basket MarketNo：2 StockIdx：937
[24000] 2025/11/20 09:50:30.531 Divide StockNo {DWF00}
[24000] 2025/11/20 09:50:30.531 Add Basket MarketNo：2 StockIdx：943
[24000] 2025/11/20 09:50:30.531 Divide StockNo {DXF00}
[24000] 2025/11/20 09:50:30.531 Add Basket MarketNo：2 StockIdx：949
[24000] 2025/11/20 09:50:30.531 Divide StockNo {DYF00}
[24000] 2025/11/20 09:50:30.531 Add Basket MarketNo：2 StockIdx：955
[24000] 2025/11/20 09:50:30.531 Divide StockNo {DZF00}
[24000] 2025/11/20 09:50:30.531 Add Basket MarketNo：2 StockIdx：961
[24000] 2025/11/20 09:50:30.531 Divide StockNo {EEF00}
[24000] 2025/11/20 09:50:30.531 Add Basket MarketNo：2 StockIdx：967
[24000] 2025/11/20 09:50:30.531 Divide StockNo {EGF00}
[24000] 2025/11/20 09:50:30.531 Add Basket MarketNo：2 StockIdx：973
[24000] 2025/11/20 09:50:30.531 Divide StockNo {EHF00}
[24000] 2025/11/20 09:50:30.531 Add Basket MarketNo：2 StockIdx：979
[24000] 2025/11/20 09:50:30.531 Divide StockNo {EKF00}
[24000] 2025/11/20 09:50:30.531 Add Basket MarketNo：2 StockIdx：985
[24000] 2025/11/20 09:50:30.531 Divide StockNo {EMF00}
[24000] 2025/11/20 09:50:30.531 Add Basket MarketNo：2 StockIdx：991
[24000] 2025/11/20 09:50:30.531 Divide StockNo {EPF00}
[24000] 2025/11/20 09:50:30.531 Add Basket MarketNo：2 StockIdx：997
[24000] 2025/11/20 09:50:30.531 Divide StockNo {EYF00}
[24000] 2025/11/20 09:50:30.531 Add Basket MarketNo：2 StockIdx：1003
[24000] 2025/11/20 09:50:30.531 Divide StockNo {EZF00}
[24000] 2025/11/20 09:50:30.531 Add Basket MarketNo：2 StockIdx：1009
[24000] 2025/11/20 09:50:30.531 Divide StockNo {FBF00}
[24000] 2025/11/20 09:50:30.531 Add Basket MarketNo：2 StockIdx：1015
[24000] 2025/11/20 09:50:30.531 Divide StockNo {FCF00}
[24000] 2025/11/20 09:50:30.531 Add Basket MarketNo：2 StockIdx：1021
[24000] 2025/11/20 09:50:30.531 Divide StockNo {FEF00}
[24000] 2025/11/20 09:50:30.531 Add Basket MarketNo：2 StockIdx：1025
[24000] 2025/11/20 09:50:30.531 Divide StockNo {FFF00}
[24000] 2025/11/20 09:50:30.531 Add Basket MarketNo：2 StockIdx：1033
[24000] 2025/11/20 09:50:30.531 Divide StockNo {FGF00}
[24000] 2025/11/20 09:50:30.532 Add Basket MarketNo：2 StockIdx：1039
[24000] 2025/11/20 09:50:30.532 Divide StockNo {FKF00}
[24000] 2025/11/20 09:50:30.532 Add Basket MarketNo：2 StockIdx：1045
[24000] 2025/11/20 09:50:30.532 Divide StockNo {FNF00}
[24000] 2025/11/20 09:50:30.532 Add Basket MarketNo：2 StockIdx：1051
[24000] 2025/11/20 09:50:30.532 Divide StockNo {FQF00}
[24000] 2025/11/20 09:50:30.532 Add Basket MarketNo：2 StockIdx：1057
[24000] 2025/11/20 09:50:30.532 Divide StockNo {FRF00}
[24000] 2025/11/20 09:50:30.532 Add Basket MarketNo：2 StockIdx：1063
[24000] 2025/11/20 09:50:30.532 Divide StockNo {FSF00}
[24000] 2025/11/20 09:50:30.532 Add Basket MarketNo：2 StockIdx：1069
[24000] 2025/11/20 09:50:30.532 Divide StockNo {FTF00}
[24000] 2025/11/20 09:50:30.532 Add Basket MarketNo：2 StockIdx：1075
[24000] 2025/11/20 09:50:30.532 Divide StockNo {FVF00}
[24000] 2025/11/20 09:50:30.532 Add Basket MarketNo：2 StockIdx：1081
[24000] 2025/11/20 09:50:30.532 Divide StockNo {FWF00}
[24000] 2025/11/20 09:50:30.532 Add Basket MarketNo：2 StockIdx：1087
[24000] 2025/11/20 09:50:30.532 Divide StockNo {FYF00}
[24000] 2025/11/20 09:50:30.532 Add Basket MarketNo：2 StockIdx：1093
[24000] 2025/11/20 09:50:30.532 Divide StockNo {FZF00}
[24000] 2025/11/20 09:50:30.532 Add Basket MarketNo：2 StockIdx：1099
[24000] 2025/11/20 09:50:30.532 Divide StockNo {GAF00}
[24000] 2025/11/20 09:50:30.532 Add Basket MarketNo：2 StockIdx：1105
[24000] 2025/11/20 09:50:30.532 Divide StockNo {GCF00}
[24000] 2025/11/20 09:50:30.532 Add Basket MarketNo：2 StockIdx：1111
[24000] 2025/11/20 09:50:30.532 Divide StockNo {GHF00}
[24000] 2025/11/20 09:50:30.532 Add Basket MarketNo：2 StockIdx：1117
[24000] 2025/11/20 09:50:30.532 Divide StockNo {GIF00}
[24000] 2025/11/20 09:50:30.532 Add Basket MarketNo：2 StockIdx：1123
[24000] 2025/11/20 09:50:30.532 Divide StockNo {GJF00}
[24000] 2025/11/20 09:50:30.532 Add Basket MarketNo：2 StockIdx：1129
[24000] 2025/11/20 09:50:30.532 Divide StockNo {GKF00}
[24000] 2025/11/20 09:50:30.532 Add Basket MarketNo：2 StockIdx：1135
[24000] 2025/11/20 09:50:30.532 Divide StockNo {GLF00}
[24000] 2025/11/20 09:50:30.532 Add Basket MarketNo：2 StockIdx：1141
[24000] 2025/11/20 09:50:30.532 Divide StockNo {GMF00}
[24000] 2025/11/20 09:50:30.532 Add Basket MarketNo：2 StockIdx：1147
[24000] 2025/11/20 09:50:30.532 Divide StockNo {GNF00}
[24000] 2025/11/20 09:50:30.532 Add Basket MarketNo：2 StockIdx：1153
[24000] 2025/11/20 09:50:30.532 Divide StockNo {GOF00}
[24000] 2025/11/20 09:50:30.532 Add Basket MarketNo：2 StockIdx：1159
[24000] 2025/11/20 09:50:30.532 Divide StockNo {GRF00}
[24000] 2025/11/20 09:50:30.532 Add Basket MarketNo：2 StockIdx：1165
[24000] 2025/11/20 09:50:30.532 Divide StockNo {GUF00}
[24000] 2025/11/20 09:50:30.532 Add Basket MarketNo：2 StockIdx：1171
[24000] 2025/11/20 09:50:30.532 Divide StockNo {GVF00}
[24000] 2025/11/20 09:50:30.532 Add Basket MarketNo：2 StockIdx：1177
[24000] 2025/11/20 09:50:30.532 Divide StockNo {GWF00}
[24000] 2025/11/20 09:50:30.532 Add Basket MarketNo：2 StockIdx：1183
[24000] 2025/11/20 09:50:30.532 Divide StockNo {GXF00}
[24000] 2025/11/20 09:50:30.532 Add Basket MarketNo：2 StockIdx：1189
[24000] 2025/11/20 09:50:30.532 Divide StockNo {GYF00}
[24000] 2025/11/20 09:50:30.532 Add Basket MarketNo：2 StockIdx：1195
[24000] 2025/11/20 09:50:30.532 Divide StockNo {GZF00}
[24000] 2025/11/20 09:50:30.532 Add Basket MarketNo：2 StockIdx：1201
[24000] 2025/11/20 09:50:30.532 Divide StockNo {HAF00}
[24000] 2025/11/20 09:50:30.532 Add Basket MarketNo：2 StockIdx：1207
[24000] 2025/11/20 09:50:30.532 Divide StockNo {HBF00}
[24000] 2025/11/20 09:50:30.532 Add Basket MarketNo：2 StockIdx：1217
[24000] 2025/11/20 09:50:30.532 Divide StockNo {HCF00}
[24000] 2025/11/20 09:50:30.532 Add Basket MarketNo：2 StockIdx：1223
[24000] 2025/11/20 09:50:30.532 Divide StockNo {HHF00}
[24000] 2025/11/20 09:50:30.532 Add Basket MarketNo：2 StockIdx：1229
[24000] 2025/11/20 09:50:30.532 Divide StockNo {HIF00}
[24000] 2025/11/20 09:50:30.532 Add Basket MarketNo：2 StockIdx：1239
[24000] 2025/11/20 09:50:30.532 Divide StockNo {HLF00}
[24000] 2025/11/20 09:50:30.532 Add Basket MarketNo：2 StockIdx：1245
[24000] 2025/11/20 09:50:30.533 Divide StockNo {HOF00}
[24000] 2025/11/20 09:50:30.533 Add Basket MarketNo：2 StockIdx：1255
[24000] 2025/11/20 09:50:30.533 Divide StockNo {HQF00}
[24000] 2025/11/20 09:50:30.533 Add Basket MarketNo：2 StockIdx：1261
[24000] 2025/11/20 09:50:30.533 Divide StockNo {HSF00}
[24000] 2025/11/20 09:50:30.533 Add Basket MarketNo：2 StockIdx：1267
[24000] 2025/11/20 09:50:30.533 Divide StockNo {IAF00}
[24000] 2025/11/20 09:50:30.533 Add Basket MarketNo：2 StockIdx：1273
[24000] 2025/11/20 09:50:30.533 Divide StockNo {IHF00}
[24000] 2025/11/20 09:50:30.533 Add Basket MarketNo：2 StockIdx：1282
[24000] 2025/11/20 09:50:30.533 Divide StockNo {IIF00}
[24000] 2025/11/20 09:50:30.533 Add Basket MarketNo：2 StockIdx：1288
[24000] 2025/11/20 09:50:30.533 Divide StockNo {IJF00}
[24000] 2025/11/20 09:50:30.533 Add Basket MarketNo：2 StockIdx：1294
[24000] 2025/11/20 09:50:30.533 Divide StockNo {IMF00}
[24000] 2025/11/20 09:50:30.533 Add Basket MarketNo：2 StockIdx：1300
[24000] 2025/11/20 09:50:30.533 Divide StockNo {IOF00}
[24000] 2025/11/20 09:50:30.533 Add Basket MarketNo：2 StockIdx：1306
[24000] 2025/11/20 09:50:30.533 Divide StockNo {IPF00}
[24000] 2025/11/20 09:50:30.533 Add Basket MarketNo：2 StockIdx：1312
[24000] 2025/11/20 09:50:30.533 Divide StockNo {IQF00}
[24000] 2025/11/20 09:50:30.533 Add Basket MarketNo：2 StockIdx：1318
[24000] 2025/11/20 09:50:30.533 Divide StockNo {IRF00}
[24000] 2025/11/20 09:50:30.533 Add Basket MarketNo：2 StockIdx：1324
[24000] 2025/11/20 09:50:30.533 Divide StockNo {ITF00}
[24000] 2025/11/20 09:50:30.533 Add Basket MarketNo：2 StockIdx：1334
[24000] 2025/11/20 09:50:30.533 Divide StockNo {IXF00}
[24000] 2025/11/20 09:50:30.533 Add Basket MarketNo：2 StockIdx：1340
[24000] 2025/11/20 09:50:30.533 Divide StockNo {IYF00}
[24000] 2025/11/20 09:50:30.533 Add Basket MarketNo：2 StockIdx：1346
[24000] 2025/11/20 09:50:30.533 Divide StockNo {IZF00}
[24000] 2025/11/20 09:50:30.533 Add Basket MarketNo：2 StockIdx：1352
[24000] 2025/11/20 09:50:30.533 Divide StockNo {JBF00}
[24000] 2025/11/20 09:50:30.533 Add Basket MarketNo：2 StockIdx：1358
[24000] 2025/11/20 09:50:30.533 Divide StockNo {JFF00}
[24000] 2025/11/20 09:50:30.533 Add Basket MarketNo：2 StockIdx：1364
[24000] 2025/11/20 09:50:30.533 Divide StockNo {JMF00}
[24000] 2025/11/20 09:50:30.533 Add Basket MarketNo：2 StockIdx：1370
[24000] 2025/11/20 09:50:30.533 Divide StockNo {JNF00}
[24000] 2025/11/20 09:50:30.533 Add Basket MarketNo：2 StockIdx：1376
[24000] 2025/11/20 09:50:30.533 Divide StockNo {JPF00}
[24000] 2025/11/20 09:50:30.533 Add Basket MarketNo：2 StockIdx：1382
[24000] 2025/11/20 09:50:30.533 Divide StockNo {JSF00}
[24000] 2025/11/20 09:50:30.533 Add Basket MarketNo：2 StockIdx：1388
[24000] 2025/11/20 09:50:30.533 Divide StockNo {JWF00}
[24000] 2025/11/20 09:50:30.533 Add Basket MarketNo：2 StockIdx：1394
[24000] 2025/11/20 09:50:30.533 Divide StockNo {JXF00}
[24000] 2025/11/20 09:50:30.533 Add Basket MarketNo：2 StockIdx：1400
[24000] 2025/11/20 09:50:30.533 Divide StockNo {JZF00}
[24000] 2025/11/20 09:50:30.533 Add Basket MarketNo：2 StockIdx：1406
[24000] 2025/11/20 09:50:30.533 Divide StockNo {KAF00}
[24000] 2025/11/20 09:50:30.533 Add Basket MarketNo：2 StockIdx：1412
[24000] 2025/11/20 09:50:30.533 Divide StockNo {KBF00}
[24000] 2025/11/20 09:50:30.533 Add Basket MarketNo：2 StockIdx：1418
[24000] 2025/11/20 09:50:30.533 Divide StockNo {KCF00}
[24000] 2025/11/20 09:50:30.533 Add Basket MarketNo：2 StockIdx：1424
[24000] 2025/11/20 09:50:30.533 Divide StockNo {KDF00}
[24000] 2025/11/20 09:50:30.533 Add Basket MarketNo：2 StockIdx：1430
[24000] 2025/11/20 09:50:30.533 Divide StockNo {KEF00}
[24000] 2025/11/20 09:50:30.533 Add Basket MarketNo：2 StockIdx：1436
[24000] 2025/11/20 09:50:30.533 Divide StockNo {KFF00}
[24000] 2025/11/20 09:50:30.533 Add Basket MarketNo：2 StockIdx：1442
[24000] 2025/11/20 09:50:30.533 Divide StockNo {KGF00}
[24000] 2025/11/20 09:50:30.533 Add Basket MarketNo：2 StockIdx：1448
[24000] 2025/11/20 09:50:30.533 Divide StockNo {KIF00}
[24000] 2025/11/20 09:50:30.534 Add Basket MarketNo：2 StockIdx：1454
[24000] 2025/11/20 09:50:30.534 Divide StockNo {KKF00}
[24000] 2025/11/20 09:50:30.534 Add Basket MarketNo：2 StockIdx：1460
[24000] 2025/11/20 09:50:30.534 Divide StockNo {KLF00}
[24000] 2025/11/20 09:50:30.534 Add Basket MarketNo：2 StockIdx：1466
[24000] 2025/11/20 09:50:30.534 Divide StockNo {KOF00}
[24000] 2025/11/20 09:50:30.534 Add Basket MarketNo：2 StockIdx：1472
[24000] 2025/11/20 09:50:30.534 Divide StockNo {KPF00}
[24000] 2025/11/20 09:50:30.534 Add Basket MarketNo：2 StockIdx：1478
[24000] 2025/11/20 09:50:30.534 Divide StockNo {KSF00}
[24000] 2025/11/20 09:50:30.534 Add Basket MarketNo：2 StockIdx：1484
[24000] 2025/11/20 09:50:30.534 Divide StockNo {KUF00}
[24000] 2025/11/20 09:50:30.534 Add Basket MarketNo：2 StockIdx：1490
[24000] 2025/11/20 09:50:30.534 Divide StockNo {KWF00}
[24000] 2025/11/20 09:50:30.534 Add Basket MarketNo：2 StockIdx：1496
[24000] 2025/11/20 09:50:30.534 Divide StockNo {LBF00}
[24000] 2025/11/20 09:50:30.534 Add Basket MarketNo：2 StockIdx：1502
[24000] 2025/11/20 09:50:30.534 Divide StockNo {LCF00}
[24000] 2025/11/20 09:50:30.534 Add Basket MarketNo：2 StockIdx：1508
[24000] 2025/11/20 09:50:30.534 Divide StockNo {LEF00}
[24000] 2025/11/20 09:50:30.534 Add Basket MarketNo：2 StockIdx：1514
[24000] 2025/11/20 09:50:30.534 Divide StockNo {LIF00}
[24000] 2025/11/20 09:50:30.534 Add Basket MarketNo：2 StockIdx：1520
[24000] 2025/11/20 09:50:30.534 Divide StockNo {LMF00}
[24000] 2025/11/20 09:50:30.534 Add Basket MarketNo：2 StockIdx：1526
[24000] 2025/11/20 09:50:30.534 Divide StockNo {LOF00}
[24000] 2025/11/20 09:50:30.534 Add Basket MarketNo：2 StockIdx：1532
[24000] 2025/11/20 09:50:30.534 Divide StockNo {LQF00}
[24000] 2025/11/20 09:50:30.534 Add Basket MarketNo：2 StockIdx：1538
[24000] 2025/11/20 09:50:30.534 Divide StockNo {LRF00}
[24000] 2025/11/20 09:50:30.534 Add Basket MarketNo：2 StockIdx：1544
[24000] 2025/11/20 09:50:30.534 Divide StockNo {LTF00}
[24000] 2025/11/20 09:50:30.534 Add Basket MarketNo：2 StockIdx：1553
[24000] 2025/11/20 09:50:30.534 Divide StockNo {LUF00}
[24000] 2025/11/20 09:50:30.534 Add Basket MarketNo：2 StockIdx：1559
[24000] 2025/11/20 09:50:30.534 Divide StockNo {LVF00}
[24000] 2025/11/20 09:50:30.534 Add Basket MarketNo：2 StockIdx：1565
[24000] 2025/11/20 09:50:30.534 Divide StockNo {LWF00}
[24000] 2025/11/20 09:50:30.534 Add Basket MarketNo：2 StockIdx：1574
[24000] 2025/11/20 09:50:30.534 Divide StockNo {LXF00}
[24000] 2025/11/20 09:50:30.534 Add Basket MarketNo：2 StockIdx：1580
[24000] 2025/11/20 09:50:30.534 Divide StockNo {LYF00}
[24000] 2025/11/20 09:50:30.534 Add Basket MarketNo：2 StockIdx：1587
[24000] 2025/11/20 09:50:30.534 Divide StockNo {MAF00}
[24000] 2025/11/20 09:50:30.534 Add Basket MarketNo：2 StockIdx：1593
[24000] 2025/11/20 09:50:30.534 Divide StockNo {MBF00}
[24000] 2025/11/20 09:50:30.534 Add Basket MarketNo：2 StockIdx：1596
[24000] 2025/11/20 09:50:30.534 Divide StockNo {MJF00}
[24000] 2025/11/20 09:50:30.534 Add Basket MarketNo：2 StockIdx：1602
[24000] 2025/11/20 09:50:30.534 Divide StockNo {MKF00}
[24000] 2025/11/20 09:50:30.534 Add Basket MarketNo：2 StockIdx：1608
[24000] 2025/11/20 09:50:30.534 Divide StockNo {MQF00}
[24000] 2025/11/20 09:50:30.534 Add Basket MarketNo：2 StockIdx：1614
[24000] 2025/11/20 09:50:30.534 Divide StockNo {MVF00}
[24000] 2025/11/20 09:50:30.535 Add Basket MarketNo：2 StockIdx：1620
[24000] 2025/11/20 09:50:30.535 Divide StockNo {MYF00}
[24000] 2025/11/20 09:50:30.535 Add Basket MarketNo：2 StockIdx：1626
[24000] 2025/11/20 09:50:30.535 Divide StockNo {NAF00}
[24000] 2025/11/20 09:50:30.535 Add Basket MarketNo：2 StockIdx：1632
[24000] 2025/11/20 09:50:30.535 Divide StockNo {NBF00}
[24000] 2025/11/20 09:50:30.535 Add Basket MarketNo：2 StockIdx：1638
[24000] 2025/11/20 09:50:30.535 Divide StockNo {NDF00}
[24000] 2025/11/20 09:50:30.535 Add Basket MarketNo：2 StockIdx：1644
[24000] 2025/11/20 09:50:30.535 Divide StockNo {NEF00}
[24000] 2025/11/20 09:50:30.535 Add Basket MarketNo：2 StockIdx：1650
[24000] 2025/11/20 09:50:30.535 Divide StockNo {NGF00}
[24000] 2025/11/20 09:50:30.535 Add Basket MarketNo：2 StockIdx：1656
[24000] 2025/11/20 09:50:30.535 Divide StockNo {NIF00}
[24000] 2025/11/20 09:50:30.535 Add Basket MarketNo：2 StockIdx：1662
[24000] 2025/11/20 09:50:30.535 Divide StockNo {NJF00}
[24000] 2025/11/20 09:50:30.535 Add Basket MarketNo：2 StockIdx：1668
[24000] 2025/11/20 09:50:30.535 Divide StockNo {NLF00}
[24000] 2025/11/20 09:50:30.535 Add Basket MarketNo：2 StockIdx：1674
[24000] 2025/11/20 09:50:30.535 Divide StockNo {NMF00}
[24000] 2025/11/20 09:50:30.535 Add Basket MarketNo：2 StockIdx：1680
[24000] 2025/11/20 09:50:30.535 Divide StockNo {NOF00}
[24000] 2025/11/20 09:50:30.535 Add Basket MarketNo：2 StockIdx：1686
[24000] 2025/11/20 09:50:30.535 Divide StockNo {NQF00}
[24000] 2025/11/20 09:50:30.535 Add Basket MarketNo：2 StockIdx：1692
[24000] 2025/11/20 09:50:30.535 Divide StockNo {NSF00}
[24000] 2025/11/20 09:50:30.535 Add Basket MarketNo：2 StockIdx：1698
[24000] 2025/11/20 09:50:30.535 Divide StockNo {NUF00}
[24000] 2025/11/20 09:50:30.535 Add Basket MarketNo：2 StockIdx：1704
[24000] 2025/11/20 09:50:30.535 Divide StockNo {NVF00}
[24000] 2025/11/20 09:50:30.535 Add Basket MarketNo：2 StockIdx：1710
[24000] 2025/11/20 09:50:30.535 Divide StockNo {NWF00}
[24000] 2025/11/20 09:50:30.535 Add Basket MarketNo：2 StockIdx：1716
[24000] 2025/11/20 09:50:30.535 Divide StockNo {NYF00}
[24000] 2025/11/20 09:50:30.535 Add Basket MarketNo：2 StockIdx：132
[24000] 2025/11/20 09:50:30.535 Divide StockNo {OAF00}
[24000] 2025/11/20 09:50:30.535 Add Basket MarketNo：2 StockIdx：1728
[24000] 2025/11/20 09:50:30.535 Divide StockNo {OBF00}
[24000] 2025/11/20 09:50:30.535 Add Basket MarketNo：2 StockIdx：1734
[24000] 2025/11/20 09:50:30.536 Divide StockNo {ODF00}
[24000] 2025/11/20 09:50:30.536 Add Basket MarketNo：2 StockIdx：1740
[24000] 2025/11/20 09:50:30.536 Divide StockNo {OEF00}
[24000] 2025/11/20 09:50:30.536 Add Basket MarketNo：2 StockIdx：1746
[24000] 2025/11/20 09:50:30.536 Divide StockNo {OHF00}
[24000] 2025/11/20 09:50:30.536 Add Basket MarketNo：2 StockIdx：1752
[24000] 2025/11/20 09:50:30.536 Divide StockNo {OJF00}
[24000] 2025/11/20 09:50:30.536 Add Basket MarketNo：2 StockIdx：1758
[24000] 2025/11/20 09:50:30.536 Divide StockNo {OKF00}
[24000] 2025/11/20 09:50:30.536 Add Basket MarketNo：2 StockIdx：1764
[24000] 2025/11/20 09:50:30.536 Divide StockNo {OLF00}
[24000] 2025/11/20 09:50:30.536 Add Basket MarketNo：2 StockIdx：1770
[24000] 2025/11/20 09:50:30.536 Divide StockNo {OMF00}
[24000] 2025/11/20 09:50:30.536 Add Basket MarketNo：2 StockIdx：1776
[24000] 2025/11/20 09:50:30.536 Divide StockNo {OOF00}
[24000] 2025/11/20 09:50:30.536 Add Basket MarketNo：2 StockIdx：1782
[24000] 2025/11/20 09:50:30.536 Divide StockNo {OPF00}
[24000] 2025/11/20 09:50:30.536 Add Basket MarketNo：2 StockIdx：1788
[24000] 2025/11/20 09:50:30.536 Divide StockNo {OQF00}
[24000] 2025/11/20 09:50:30.536 Add Basket MarketNo：2 StockIdx：1794
[24000] 2025/11/20 09:50:30.536 Divide StockNo {ORF00}
[24000] 2025/11/20 09:50:30.536 Add Basket MarketNo：2 StockIdx：1800
[24000] 2025/11/20 09:50:30.536 Divide StockNo {OSF00}
[24000] 2025/11/20 09:50:30.536 Add Basket MarketNo：2 StockIdx：1806
[24000] 2025/11/20 09:50:30.536 Divide StockNo {OTF00}
[24000] 2025/11/20 09:50:30.536 Add Basket MarketNo：2 StockIdx：1812
[24000] 2025/11/20 09:50:30.536 Divide StockNo {OUF00}
[24000] 2025/11/20 09:50:30.536 Add Basket MarketNo：2 StockIdx：1818
[24000] 2025/11/20 09:50:30.536 Divide StockNo {OVF00}
[24000] 2025/11/20 09:50:30.536 Add Basket MarketNo：2 StockIdx：1824
[24000] 2025/11/20 09:50:30.536 Divide StockNo {OWF00}
[24000] 2025/11/20 09:50:30.536 Add Basket MarketNo：2 StockIdx：1830
[24000] 2025/11/20 09:50:30.536 Divide StockNo {OXF00}
[24000] 2025/11/20 09:50:30.536 Add Basket MarketNo：2 StockIdx：1836
[24000] 2025/11/20 09:50:30.536 Divide StockNo {OYF00}
[24000] 2025/11/20 09:50:30.536 Add Basket MarketNo：2 StockIdx：1842
[24000] 2025/11/20 09:50:30.536 Divide StockNo {OZF00}
[24000] 2025/11/20 09:50:30.536 Add Basket MarketNo：2 StockIdx：1848
[24000] 2025/11/20 09:50:30.536 Divide StockNo {PAF00}
[24000] 2025/11/20 09:50:30.536 Add Basket MarketNo：2 StockIdx：1854
[24000] 2025/11/20 09:50:30.536 Divide StockNo {PBF00}
[24000] 2025/11/20 09:50:30.536 Add Basket MarketNo：2 StockIdx：1860
[24000] 2025/11/20 09:50:30.537 Divide StockNo {PCF00}
[24000] 2025/11/20 09:50:30.537 Add Basket MarketNo：2 StockIdx：1866
[24000] 2025/11/20 09:50:30.537 Divide StockNo {PDF00}
[24000] 2025/11/20 09:50:30.537 Add Basket MarketNo：2 StockIdx：1872
[24000] 2025/11/20 09:50:30.537 Divide StockNo {PEF00}
[24000] 2025/11/20 09:50:30.537 Add Basket MarketNo：2 StockIdx：1878
[24000] 2025/11/20 09:50:30.537 Divide StockNo {PFF00}
[24000] 2025/11/20 09:50:30.537 Add Basket MarketNo：2 StockIdx：1884
[24000] 2025/11/20 09:50:30.537 Divide StockNo {PGF00}
[24000] 2025/11/20 09:50:30.537 Add Basket MarketNo：2 StockIdx：1890
[24000] 2025/11/20 09:50:30.537 Divide StockNo {PHF00}
[24000] 2025/11/20 09:50:30.537 Add Basket MarketNo：2 StockIdx：1896
[24000] 2025/11/20 09:50:30.537 Divide StockNo {PIF00}
[24000] 2025/11/20 09:50:30.537 Add Basket MarketNo：2 StockIdx：1902
[24000] 2025/11/20 09:50:30.537 Divide StockNo {PJF00}
[24000] 2025/11/20 09:50:30.537 Add Basket MarketNo：2 StockIdx：1908
[24000] 2025/11/20 09:50:30.537 Divide StockNo {PKF00}
[24000] 2025/11/20 09:50:30.537 Add Basket MarketNo：2 StockIdx：1914
[24000] 2025/11/20 09:50:30.537 Divide StockNo {PLF00}
[24000] 2025/11/20 09:50:30.537 Add Basket MarketNo：2 StockIdx：1920
[24000] 2025/11/20 09:50:30.537 Divide StockNo {PMF00}
[24000] 2025/11/20 09:50:30.537 Add Basket MarketNo：2 StockIdx：1926
[24000] 2025/11/20 09:50:30.537 Divide StockNo {PNF00}
[24000] 2025/11/20 09:50:30.537 Add Basket MarketNo：2 StockIdx：1932
[24000] 2025/11/20 09:50:30.537 Divide StockNo {PPF00}
[24000] 2025/11/20 09:50:30.537 Add Basket MarketNo：2 StockIdx：1938
[24000] 2025/11/20 09:50:30.537 Divide StockNo {PQF00}
[24000] 2025/11/20 09:50:30.537 Add Basket MarketNo：2 StockIdx：1944
[24000] 2025/11/20 09:50:30.537 Divide StockNo {PRF00}
[24000] 2025/11/20 09:50:30.537 Add Basket MarketNo：2 StockIdx：1950
[24000] 2025/11/20 09:50:30.537 Divide StockNo {PSF00}
[24000] 2025/11/20 09:50:30.537 Add Basket MarketNo：2 StockIdx：1956
[24000] 2025/11/20 09:50:30.537 Divide StockNo {PTF00}
[24000] 2025/11/20 09:50:30.537 Add Basket MarketNo：2 StockIdx：1964
[24000] 2025/11/20 09:50:30.537 Divide StockNo {PUF00}
[24000] 2025/11/20 09:50:30.537 Add Basket MarketNo：2 StockIdx：1970
[24000] 2025/11/20 09:50:30.537 Divide StockNo {PVF00}
[24000] 2025/11/20 09:50:30.537 Add Basket MarketNo：2 StockIdx：1976
[24000] 2025/11/20 09:50:30.537 Divide StockNo {PWF00}
[24000] 2025/11/20 09:50:30.537 Add Basket MarketNo：2 StockIdx：1982
[24000] 2025/11/20 09:50:30.537 Divide StockNo {PXF00}
[24000] 2025/11/20 09:50:30.537 Add Basket MarketNo：2 StockIdx：1988
[24000] 2025/11/20 09:50:30.538 Divide StockNo {PYF00}
[24000] 2025/11/20 09:50:30.538 Add Basket MarketNo：2 StockIdx：1994
[24000] 2025/11/20 09:50:30.538 Divide StockNo {PZF00}
[24000] 2025/11/20 09:50:30.538 Add Basket MarketNo：2 StockIdx：2000
[24000] 2025/11/20 09:50:30.538 Divide StockNo {QAF00}
[24000] 2025/11/20 09:50:30.538 Add Basket MarketNo：2 StockIdx：2006
[24000] 2025/11/20 09:50:30.538 Divide StockNo {QBF00}
[24000] 2025/11/20 09:50:30.538 Add Basket MarketNo：2 StockIdx：2012
[24000] 2025/11/20 09:50:30.538 Divide StockNo {QCF00}
[24000] 2025/11/20 09:50:30.538 Add Basket MarketNo：2 StockIdx：2018
[24000] 2025/11/20 09:50:30.538 Divide StockNo {QDF00}
[24000] 2025/11/20 09:50:30.538 Add Basket MarketNo：2 StockIdx：2024
[24000] 2025/11/20 09:50:30.538 Divide StockNo {QEF00}
[24000] 2025/11/20 09:50:30.538 Add Basket MarketNo：2 StockIdx：2030
[24000] 2025/11/20 09:50:30.538 Divide StockNo {QFF00}
[24000] 2025/11/20 09:50:30.538 Add Basket MarketNo：2 StockIdx：138
[24000] 2025/11/20 09:50:30.538 Divide StockNo {QGF00}
[24000] 2025/11/20 09:50:30.538 Add Basket MarketNo：2 StockIdx：2044
[24000] 2025/11/20 09:50:30.538 Divide StockNo {QHF00}
[24000] 2025/11/20 09:50:30.538 Add Basket MarketNo：2 StockIdx：2050
[24000] 2025/11/20 09:50:30.538 Divide StockNo {QIF00}
[24000] 2025/11/20 09:50:30.538 Add Basket MarketNo：2 StockIdx：2056
[24000] 2025/11/20 09:50:30.538 Divide StockNo {QJF00}
[24000] 2025/11/20 09:50:30.538 Add Basket MarketNo：2 StockIdx：2060
[24000] 2025/11/20 09:50:30.538 Divide StockNo {QKF00}
[24000] 2025/11/20 09:50:30.538 Add Basket MarketNo：2 StockIdx：2066
[24000] 2025/11/20 09:50:30.538 Divide StockNo {QLF00}
[24000] 2025/11/20 09:50:30.538 Add Basket MarketNo：2 StockIdx：2072
[24000] 2025/11/20 09:50:30.538 Divide StockNo {QMF00}
[24000] 2025/11/20 09:50:30.538 Add Basket MarketNo：2 StockIdx：2078
[24000] 2025/11/20 09:50:30.538 Divide StockNo {QNF00}
[24000] 2025/11/20 09:50:30.538 Add Basket MarketNo：2 StockIdx：2084
[24000] 2025/11/20 09:50:30.538 Divide StockNo {QOF00}
[24000] 2025/11/20 09:50:30.538 Add Basket MarketNo：2 StockIdx：2090
[24000] 2025/11/20 09:50:30.538 Divide StockNo {QPF00}
[24000] 2025/11/20 09:50:30.538 Add Basket MarketNo：2 StockIdx：2096
[24000] 2025/11/20 09:50:30.538 Divide StockNo {QQF00}
[24000] 2025/11/20 09:50:30.538 Add Basket MarketNo：2 StockIdx：2102
[24000] 2025/11/20 09:50:30.539 Divide StockNo {QRF00}
[24000] 2025/11/20 09:50:30.539 Add Basket MarketNo：2 StockIdx：2108
[24000] 2025/11/20 09:50:30.539 Divide StockNo {QSF00}
[24000] 2025/11/20 09:50:30.539 Add Basket MarketNo：2 StockIdx：2114
[24000] 2025/11/20 09:50:30.539 Divide StockNo {QTF00}
[24000] 2025/11/20 09:50:30.539 Add Basket MarketNo：2 StockIdx：2120
[24000] 2025/11/20 09:50:30.539 Divide StockNo {QUF00}
[24000] 2025/11/20 09:50:30.539 Add Basket MarketNo：2 StockIdx：2126
[24000] 2025/11/20 09:50:30.539 Divide StockNo {QVF00}
[24000] 2025/11/20 09:50:30.539 Add Basket MarketNo：2 StockIdx：2132
[24000] 2025/11/20 09:50:30.539 Divide StockNo {QWF00}
[24000] 2025/11/20 09:50:30.539 Add Basket MarketNo：2 StockIdx：2138
[24000] 2025/11/20 09:50:30.539 Divide StockNo {QXF00}
[24000] 2025/11/20 09:50:30.539 Add Basket MarketNo：2 StockIdx：2144
[24000] 2025/11/20 09:50:30.539 Divide StockNo {QYF00}
[24000] 2025/11/20 09:50:30.539 Add Basket MarketNo：2 StockIdx：2150
[24000] 2025/11/20 09:50:30.539 Divide StockNo {QZF00}
[24000] 2025/11/20 09:50:30.539 Add Basket MarketNo：2 StockIdx：2156
[24000] 2025/11/20 09:50:30.539 Divide StockNo {RAF00}
[24000] 2025/11/20 09:50:30.539 Add Basket MarketNo：2 StockIdx：2162
[24000] 2025/11/20 09:50:30.539 Divide StockNo {RBF00}
[24000] 2025/11/20 09:50:30.539 Add Basket MarketNo：2 StockIdx：2168
[24000] 2025/11/20 09:50:30.539 Divide StockNo {RCF00}
[24000] 2025/11/20 09:50:30.539 Add Basket MarketNo：2 StockIdx：2174
[24000] 2025/11/20 09:50:30.539 Divide StockNo {RDF00}
[24000] 2025/11/20 09:50:30.539 Add Basket MarketNo：2 StockIdx：2180
[24000] 2025/11/20 09:50:30.539 Divide StockNo {REF00}
[24000] 2025/11/20 09:50:30.539 Add Basket MarketNo：2 StockIdx：2186
[24000] 2025/11/20 09:50:30.539 Divide StockNo {RFF00}
[24000] 2025/11/20 09:50:30.539 Add Basket MarketNo：2 StockIdx：2192
[24000] 2025/11/20 09:50:30.539 Divide StockNo {RGF00}
[24000] 2025/11/20 09:50:30.539 Add Basket MarketNo：2 StockIdx：2198
[24000] 2025/11/20 09:50:30.539 Divide StockNo {RIF00}
[24000] 2025/11/20 09:50:30.539 Add Basket MarketNo：2 StockIdx：2204
[24000] 2025/11/20 09:50:30.539 Divide StockNo {RJF00}
[24000] 2025/11/20 09:50:30.539 Add Basket MarketNo：2 StockIdx：2210
[24000] 2025/11/20 09:50:30.539 Divide StockNo {RKF00}
[24000] 2025/11/20 09:50:30.540 Add Basket MarketNo：2 StockIdx：2216
[24000] 2025/11/20 09:50:30.540 Divide StockNo {RLF00}
[24000] 2025/11/20 09:50:30.540 Add Basket MarketNo：2 StockIdx：2222
[24000] 2025/11/20 09:50:30.540 Divide StockNo {RMF00}
[24000] 2025/11/20 09:50:30.540 Stock Is Not Exist 
[24000] 2025/11/20 09:50:30.540 Divide StockNo {RNF00}
[24000] 2025/11/20 09:50:30.540 Add Basket MarketNo：2 StockIdx：2228
[24000] 2025/11/20 09:50:30.540 Divide StockNo {ROF00}
[24000] 2025/11/20 09:50:30.540 Add Basket MarketNo：2 StockIdx：2234
[24000] 2025/11/20 09:50:30.540 Divide StockNo {RPF00}
[24000] 2025/11/20 09:50:30.540 Add Basket MarketNo：2 StockIdx：2240
[24000] 2025/11/20 09:50:30.540 Divide StockNo {RQF00}
[24000] 2025/11/20 09:50:30.540 Stock Is Not Exist 
[24000] 2025/11/20 09:50:30.540 Divide StockNo {RRF00}
[24000] 2025/11/20 09:50:30.540 Add Basket MarketNo：2 StockIdx：2248
[24000] 2025/11/20 09:50:30.540 Divide StockNo {RSF00}
[24000] 2025/11/20 09:50:30.540 Add Basket MarketNo：2 StockIdx：2254
[24000] 2025/11/20 09:50:30.540 Divide StockNo {RUF00}
[24000] 2025/11/20 09:50:30.540 Add Basket MarketNo：2 StockIdx：2260
[24000] 2025/11/20 09:50:30.540 Divide StockNo {RVF00}
[24000] 2025/11/20 09:50:30.540 Add Basket MarketNo：2 StockIdx：2266
[24000] 2025/11/20 09:50:30.540 Divide StockNo {RWF00}
[24000] 2025/11/20 09:50:30.540 Add Basket MarketNo：2 StockIdx：2272
[24000] 2025/11/20 09:50:30.540 Divide StockNo {RXF00}
[24000] 2025/11/20 09:50:30.540 Add Basket MarketNo：2 StockIdx：2278
[24000] 2025/11/20 09:50:30.540 Divide StockNo {RYF00}
[24000] 2025/11/20 09:50:30.540 Add Basket MarketNo：2 StockIdx：2284
[24000] 2025/11/20 09:50:30.540 Divide StockNo {RZF00}
[24000] 2025/11/20 09:50:30.540 Add Basket MarketNo：2 StockIdx：144
[24000] 2025/11/20 09:50:30.540 Divide StockNo {SAF00}
[24000] 2025/11/20 09:50:30.540 Add Basket MarketNo：2 StockIdx：2296
[24000] 2025/11/20 09:50:30.540 Divide StockNo {SBF00}
[24000] 2025/11/20 09:50:30.540 Add Basket MarketNo：2 StockIdx：2302
[24000] 2025/11/20 09:50:30.540 Divide StockNo {SCF00}
[24000] 2025/11/20 09:50:30.540 Add Basket MarketNo：2 StockIdx：2308
[24000] 2025/11/20 09:50:30.540 Divide StockNo {SDF00}
[24000] 2025/11/20 09:50:30.541 Add Basket MarketNo：2 StockIdx：2314
[24000] 2025/11/20 09:50:30.541 Divide StockNo {SEF00}
[24000] 2025/11/20 09:50:30.541 Add Basket MarketNo：2 StockIdx：2320
[24000] 2025/11/20 09:50:30.541 Divide StockNo {SFF00}
[24000] 2025/11/20 09:50:30.541 Add Basket MarketNo：2 StockIdx：2326
[24000] 2025/11/20 09:50:30.541 Divide StockNo {SGF00}
[24000] 2025/11/20 09:50:30.541 Add Basket MarketNo：2 StockIdx：2332
[24000] 2025/11/20 09:50:30.541 Divide StockNo {SIF00}
[24000] 2025/11/20 09:50:30.541 Add Basket MarketNo：2 StockIdx：2338
[24000] 2025/11/20 09:50:30.541 Divide StockNo {SJF00}
[24000] 2025/11/20 09:50:30.541 Add Basket MarketNo：2 StockIdx：2344
[24000] 2025/11/20 09:50:30.541 Divide StockNo {SKF00}
[24000] 2025/11/20 09:50:30.541 Add Basket MarketNo：2 StockIdx：2350
[24000] 2025/11/20 09:50:30.541 Divide StockNo {SLF00}
[24000] 2025/11/20 09:50:30.541 Add Basket MarketNo：2 StockIdx：2356
[24000] 2025/11/20 09:50:30.541 Divide StockNo {SMF00}
[24000] 2025/11/20 09:50:30.541 Add Basket MarketNo：2 StockIdx：2362
[24000] 2025/11/20 09:50:30.541 Divide StockNo {SNF00}
[24000] 2025/11/20 09:50:30.541 Add Basket MarketNo：2 StockIdx：2368
[24000] 2025/11/20 09:50:30.541 Divide StockNo {SQF00}
[24000] 2025/11/20 09:50:30.541 Add Basket MarketNo：2 StockIdx：2374
[24000] 2025/11/20 09:50:30.541 Divide StockNo {SRF00}
[24000] 2025/11/20 09:50:30.541 Add Basket MarketNo：2 StockIdx：150
[24000] 2025/11/20 09:50:30.541 Divide StockNo {SSF00}
[24000] 2025/11/20 09:50:30.541 Add Basket MarketNo：2 StockIdx：2388
[24000] 2025/11/20 09:50:30.541 Divide StockNo {SUF00}
[24000] 2025/11/20 09:50:30.541 Add Basket MarketNo：2 StockIdx：2394
[24000] 2025/11/20 09:50:30.541 Divide StockNo {SVF00}
[24000] 2025/11/20 09:50:30.541 Add Basket MarketNo：2 StockIdx：2400
[24000] 2025/11/20 09:50:30.541 Divide StockNo {SWF00}
[24000] 2025/11/20 09:50:30.541 Add Basket MarketNo：2 StockIdx：2406
[24000] 2025/11/20 09:50:30.541 Divide StockNo {SYF00}
[24000] 2025/11/20 09:50:30.541 Add Basket MarketNo：2 StockIdx：2412
[24000] 2025/11/20 09:50:30.541 Divide StockNo {SZF00}
[24000] 2025/11/20 09:50:30.541 Add Basket MarketNo：2 StockIdx：2418
[24000] 2025/11/20 09:50:30.541 Divide StockNo {UAF00}
[24000] 2025/11/20 09:50:30.541 Add Basket MarketNo：2 StockIdx：2424
[24000] 2025/11/20 09:50:30.541 Divide StockNo {UBF00}
[24000] 2025/11/20 09:50:30.542 Add Basket MarketNo：2 StockIdx：2430
[24000] 2025/11/20 09:50:30.542 Divide StockNo {UCF00}
[24000] 2025/11/20 09:50:30.542 Add Basket MarketNo：2 StockIdx：2436
[24000] 2025/11/20 09:50:30.542 Divide StockNo {UEF00}
[24000] 2025/11/20 09:50:30.542 Add Basket MarketNo：2 StockIdx：2442
[24000] 2025/11/20 09:50:30.542 Divide StockNo {UFF00}
[24000] 2025/11/20 09:50:30.542 Add Basket MarketNo：2 StockIdx：2448
[24000] 2025/11/20 09:50:30.542 Divide StockNo {UGF00}
[24000] 2025/11/20 09:50:30.542 Add Basket MarketNo：2 StockIdx：2454
[24000] 2025/11/20 09:50:30.542 Divide StockNo {UHF00}
[24000] 2025/11/20 09:50:30.542 Add Basket MarketNo：2 StockIdx：2460
[24000] 2025/11/20 09:50:30.542 Divide StockNo {UIF00}
[24000] 2025/11/20 09:50:30.542 Add Basket MarketNo：2 StockIdx：2466
[24000] 2025/11/20 09:50:30.542 Divide StockNo {UJF00}
[24000] 2025/11/20 09:50:30.542 Add Basket MarketNo：2 StockIdx：2472
[24000] 2025/11/20 09:50:30.542 Divide StockNo {UKF00}
[24000] 2025/11/20 09:50:30.542 Add Basket MarketNo：2 StockIdx：2478
[24000] 2025/11/20 09:50:30.542 Divide StockNo {ULF00}
[24000] 2025/11/20 09:50:30.542 Add Basket MarketNo：2 StockIdx：2484
[24000] 2025/11/20 09:50:30.542 Divide StockNo {UMF00}
[24000] 2025/11/20 09:50:30.542 Add Basket MarketNo：2 StockIdx：2490
[24000] 2025/11/20 09:50:30.542 Divide StockNo {UOF00}
[24000] 2025/11/20 09:50:30.542 Add Basket MarketNo：2 StockIdx：2496
[24000] 2025/11/20 09:50:30.542 Divide StockNo {UPF00}
[24000] 2025/11/20 09:50:30.542 Add Basket MarketNo：2 StockIdx：2502
[24000] 2025/11/20 09:50:30.542 Divide StockNo {UQF00}
[24000] 2025/11/20 09:50:30.542 Add Basket MarketNo：2 StockIdx：2508
[24000] 2025/11/20 09:50:30.542 Divide StockNo {URF00}
[24000] 2025/11/20 09:50:30.542 Add Basket MarketNo：2 StockIdx：2516
[24000] 2025/11/20 09:50:30.542 Divide StockNo {USF00}
[24000] 2025/11/20 09:50:30.542 Add Basket MarketNo：2 StockIdx：2522
[24000] 2025/11/20 09:50:30.542 Divide StockNo {UTF00}
[24000] 2025/11/20 09:50:30.542 Add Basket MarketNo：2 StockIdx：2528
[24000] 2025/11/20 09:50:30.542 Divide StockNo {UUF00}
[24000] 2025/11/20 09:50:30.542 Add Basket MarketNo：2 StockIdx：2534
[24000] 2025/11/20 09:50:30.542 Divide StockNo {UVF00}
[24000] 2025/11/20 09:50:30.542 Add Basket MarketNo：2 StockIdx：2540
[24000] 2025/11/20 09:50:30.542 Divide StockNo {UWF00}
[24000] 2025/11/20 09:50:30.542 Add Basket MarketNo：2 StockIdx：2546
[24000] 2025/11/20 09:50:30.542 Divide StockNo {0050}
[24000] 2025/11/20 09:50:30.542 Add Basket MarketNo：0 StockIdx：0
[24000] 2025/11/20 09:50:30.542 Divide StockNo {0056}
[24000] 2025/11/20 09:50:30.542 Add Basket MarketNo：0 StockIdx：4
[24000] 2025/11/20 09:50:30.542 Divide StockNo {006205}
[24000] 2025/11/20 09:50:30.542 Add Basket MarketNo：0 StockIdx：9
[24000] 2025/11/20 09:50:30.542 Divide StockNo {006206}
[24000] 2025/11/20 09:50:30.542 Add Basket MarketNo：0 StockIdx：10
[24000] 2025/11/20 09:50:30.542 Divide StockNo {00636}
[24000] 2025/11/20 09:50:30.542 Add Basket MarketNo：0 StockIdx：19
[24000] 2025/11/20 09:50:30.542 Divide StockNo {00639}
[24000] 2025/11/20 09:50:30.542 Add Basket MarketNo：0 StockIdx：23
[24000] 2025/11/20 09:50:30.542 Divide StockNo {00643}
[24000] 2025/11/20 09:50:30.542 Add Basket MarketNo：0 StockIdx：27
[24000] 2025/11/20 09:50:30.542 Divide StockNo {00679B}
[24000] 2025/11/20 09:50:30.543 Add Basket MarketNo：1 StockIdx：1
[24000] 2025/11/20 09:50:30.543 Divide StockNo {00687B}
[24000] 2025/11/20 09:50:30.543 Add Basket MarketNo：1 StockIdx：2
[24000] 2025/11/20 09:50:30.543 Divide StockNo {00719B}
[24000] 2025/11/20 09:50:30.543 Add Basket MarketNo：1 StockIdx：8
[24000] 2025/11/20 09:50:30.543 Divide StockNo {00757}
[24000] 2025/11/20 09:50:30.543 Add Basket MarketNo：0 StockIdx：97
[24000] 2025/11/20 09:50:30.543 Divide StockNo {00772B}
[24000] 2025/11/20 09:50:30.543 Add Basket MarketNo：1 StockIdx：32
[24000] 2025/11/20 09:50:30.543 Divide StockNo {00878}
[24000] 2025/11/20 09:50:30.543 Add Basket MarketNo：0 StockIdx：112
[24000] 2025/11/20 09:50:30.543 Divide StockNo {00885}
[24000] 2025/11/20 09:50:30.543 Add Basket MarketNo：0 StockIdx：115
[24000] 2025/11/20 09:50:30.543 Divide StockNo {00893}
[24000] 2025/11/20 09:50:30.543 Add Basket MarketNo：0 StockIdx：118
[24000] 2025/11/20 09:50:30.543 Divide StockNo {00919}
[24000] 2025/11/20 09:50:30.543 Add Basket MarketNo：0 StockIdx：142
[24000] 2025/11/20 09:50:30.543 Divide StockNo {00923}
[24000] 2025/11/20 09:50:30.543 Add Basket MarketNo：0 StockIdx：146
[24000] 2025/11/20 09:50:30.543 Divide StockNo {00929}
[24000] 2025/11/20 09:50:30.543 Add Basket MarketNo：0 StockIdx：150
[24000] 2025/11/20 09:50:30.543 Divide StockNo {00937B}
[24000] 2025/11/20 09:50:30.543 Add Basket MarketNo：1 StockIdx：82
[24000] 2025/11/20 09:50:30.543 Divide StockNo {00940}
[24000] 2025/11/20 09:50:30.543 Add Basket MarketNo：0 StockIdx：158
[24000] 2025/11/20 09:50:30.543 Divide StockNo {1101}
[24000] 2025/11/20 09:50:30.543 Add Basket MarketNo：0 StockIdx：33628
[24000] 2025/11/20 09:50:30.543 Divide StockNo {1102}
[24000] 2025/11/20 09:50:30.543 Add Basket MarketNo：0 StockIdx：33630
[24000] 2025/11/20 09:50:30.543 Divide StockNo {1210}
[24000] 2025/11/20 09:50:30.543 Add Basket MarketNo：0 StockIdx：33638
[24000] 2025/11/20 09:50:30.543 Divide StockNo {1216}
[24000] 2025/11/20 09:50:30.543 Add Basket MarketNo：0 StockIdx：33641
[24000] 2025/11/20 09:50:30.543 Divide StockNo {1301}
[24000] 2025/11/20 09:50:30.543 Add Basket MarketNo：0 StockIdx：33656
[24000] 2025/11/20 09:50:30.543 Divide StockNo {1303}
[24000] 2025/11/20 09:50:30.543 Add Basket MarketNo：0 StockIdx：33657
[24000] 2025/11/20 09:50:30.543 Divide StockNo {1312}
[24000] 2025/11/20 09:50:30.543 Add Basket MarketNo：0 StockIdx：33664
[24000] 2025/11/20 09:50:30.543 Divide StockNo {1314}
[24000] 2025/11/20 09:50:30.543 Add Basket MarketNo：0 StockIdx：33667
[24000] 2025/11/20 09:50:30.543 Divide StockNo {1319}
[24000] 2025/11/20 09:50:30.543 Add Basket MarketNo：0 StockIdx：33670
[24000] 2025/11/20 09:50:30.543 Divide StockNo {1326}
[24000] 2025/11/20 09:50:30.543 Add Basket MarketNo：0 StockIdx：33675
[24000] 2025/11/20 09:50:30.543 Divide StockNo {1402}
[24000] 2025/11/20 09:50:30.543 Add Basket MarketNo：0 StockIdx：33682
[24000] 2025/11/20 09:50:30.543 Divide StockNo {1440}
[24000] 2025/11/20 09:50:30.543 Add Basket MarketNo：0 StockIdx：33699
[24000] 2025/11/20 09:50:30.543 Divide StockNo {1476}
[24000] 2025/11/20 09:50:30.543 Add Basket MarketNo：0 StockIdx：33729
[24000] 2025/11/20 09:50:30.543 Divide StockNo {1477}
[24000] 2025/11/20 09:50:30.543 Add Basket MarketNo：0 StockIdx：33730
[24000] 2025/11/20 09:50:30.543 Divide StockNo {1503}
[24000] 2025/11/20 09:50:30.543 Add Basket MarketNo：0 StockIdx：33731
[24000] 2025/11/20 09:50:30.543 Divide StockNo {1504}
[24000] 2025/11/20 09:50:30.543 Add Basket MarketNo：0 StockIdx：33732
[24000] 2025/11/20 09:50:30.543 Divide StockNo {1513}
[24000] 2025/11/20 09:50:30.543 Add Basket MarketNo：0 StockIdx：33735
[24000] 2025/11/20 09:50:30.543 Divide StockNo {1536}
[24000] 2025/11/20 09:50:30.543 Add Basket MarketNo：0 StockIdx：33755
[24000] 2025/11/20 09:50:30.543 Divide StockNo {1565}
[24000] 2025/11/20 09:50:30.543 Add Basket MarketNo：1 StockIdx：140
[24000] 2025/11/20 09:50:30.543 Divide StockNo {1590}
[24000] 2025/11/20 09:50:30.543 Add Basket MarketNo：0 StockIdx：33769
[24000] 2025/11/20 09:50:30.543 Divide StockNo {1605}
[24000] 2025/11/20 09:50:30.543 Add Basket MarketNo：0 StockIdx：33774
[24000] 2025/11/20 09:50:30.544 Divide StockNo {1609}
[24000] 2025/11/20 09:50:30.544 Add Basket MarketNo：0 StockIdx：33776
[24000] 2025/11/20 09:50:30.544 Divide StockNo {1707}
[24000] 2025/11/20 09:50:30.544 Add Basket MarketNo：0 StockIdx：33786
[24000] 2025/11/20 09:50:30.544 Divide StockNo {1717}
[24000] 2025/11/20 09:50:30.544 Add Basket MarketNo：0 StockIdx：33794
[24000] 2025/11/20 09:50:30.544 Divide StockNo {1718}
[24000] 2025/11/20 09:50:30.544 Add Basket MarketNo：0 StockIdx：33795
[24000] 2025/11/20 09:50:30.544 Divide StockNo {1722}
[24000] 2025/11/20 09:50:30.544 Add Basket MarketNo：0 StockIdx：33798
[24000] 2025/11/20 09:50:30.544 Divide StockNo {1795}
[24000] 2025/11/20 09:50:30.544 Add Basket MarketNo：0 StockIdx：33819
[24000] 2025/11/20 09:50:30.544 Divide StockNo {1802}
[24000] 2025/11/20 09:50:30.544 Add Basket MarketNo：0 StockIdx：33820
[24000] 2025/11/20 09:50:30.544 Divide StockNo {1904}
[24000] 2025/11/20 09:50:30.544 Add Basket MarketNo：0 StockIdx：33827
[24000] 2025/11/20 09:50:30.544 Divide StockNo {1905}
[24000] 2025/11/20 09:50:30.544 Add Basket MarketNo：0 StockIdx：33828
[24000] 2025/11/20 09:50:30.544 Divide StockNo {1907}
[24000] 2025/11/20 09:50:30.544 Add Basket MarketNo：0 StockIdx：33830
[24000] 2025/11/20 09:50:30.544 Divide StockNo {1909}
[24000] 2025/11/20 09:50:30.544 Add Basket MarketNo：0 StockIdx：33831
[24000] 2025/11/20 09:50:30.544 Divide StockNo {2002}
[24000] 2025/11/20 09:50:30.544 Add Basket MarketNo：0 StockIdx：33832
[24000] 2025/11/20 09:50:30.544 Divide StockNo {2006}
[24000] 2025/11/20 09:50:30.544 Add Basket MarketNo：0 StockIdx：33834
[24000] 2025/11/20 09:50:30.544 Divide StockNo {2014}
[24000] 2025/11/20 09:50:30.544 Add Basket MarketNo：0 StockIdx：33841
[24000] 2025/11/20 09:50:30.544 Divide StockNo {2027}
[24000] 2025/11/20 09:50:30.544 Add Basket MarketNo：0 StockIdx：33849
[24000] 2025/11/20 09:50:30.544 Divide StockNo {2049}
[24000] 2025/11/20 09:50:30.544 Add Basket MarketNo：0 StockIdx：33858
[24000] 2025/11/20 09:50:30.544 Divide StockNo {2059}
[24000] 2025/11/20 09:50:30.544 Add Basket MarketNo：0 StockIdx：33859
[24000] 2025/11/20 09:50:30.544 Divide StockNo {2105}
[24000] 2025/11/20 09:50:30.544 Add Basket MarketNo：0 StockIdx：33866
[24000] 2025/11/20 09:50:30.544 Divide StockNo {2201}
[24000] 2025/11/20 09:50:30.544 Add Basket MarketNo：0 StockIdx：33873
[24000] 2025/11/20 09:50:30.544 Divide StockNo {2231}
[24000] 2025/11/20 09:50:30.544 Add Basket MarketNo：0 StockIdx：33881
[24000] 2025/11/20 09:50:30.544 Divide StockNo {2301}
[24000] 2025/11/20 09:50:30.544 Add Basket MarketNo：0 StockIdx：33892
[24000] 2025/11/20 09:50:30.544 Divide StockNo {2303}
[24000] 2025/11/20 09:50:30.544 Add Basket MarketNo：0 StockIdx：33894
[24000] 2025/11/20 09:50:30.544 Divide StockNo {2308}
[24000] 2025/11/20 09:50:30.544 Add Basket MarketNo：0 StockIdx：33896
[24000] 2025/11/20 09:50:30.544 Divide StockNo {2312}
[24000] 2025/11/20 09:50:30.544 Add Basket MarketNo：0 StockIdx：33897
[24000] 2025/11/20 09:50:30.544 Divide StockNo {2313}
[24000] 2025/11/20 09:50:30.544 Add Basket MarketNo：0 StockIdx：33898
[24000] 2025/11/20 09:50:30.544 Divide StockNo {2317}
[24000] 2025/11/20 09:50:30.544 Add Basket MarketNo：0 StockIdx：33901
[24000] 2025/11/20 09:50:30.544 Divide StockNo {2323}
[24000] 2025/11/20 09:50:30.544 Add Basket MarketNo：0 StockIdx：33903
[24000] 2025/11/20 09:50:30.544 Divide StockNo {2324}
[24000] 2025/11/20 09:50:30.544 Add Basket MarketNo：0 StockIdx：33904
[24000] 2025/11/20 09:50:30.544 Divide StockNo {2327}
[24000] 2025/11/20 09:50:30.544 Add Basket MarketNo：0 StockIdx：33905
[24000] 2025/11/20 09:50:30.544 Divide StockNo {2328}
[24000] 2025/11/20 09:50:30.544 Add Basket MarketNo：0 StockIdx：33906
[24000] 2025/11/20 09:50:30.544 Divide StockNo {2330}
[24000] 2025/11/20 09:50:30.544 Add Basket MarketNo：0 StockIdx：33908
[24000] 2025/11/20 09:50:30.544 Divide StockNo {2331}
[24000] 2025/11/20 09:50:30.544 Add Basket MarketNo：0 StockIdx：33909
[24000] 2025/11/20 09:50:30.544 Divide StockNo {2332}
[24000] 2025/11/20 09:50:30.544 Add Basket MarketNo：0 StockIdx：33910
[24000] 2025/11/20 09:50:30.544 Divide StockNo {2337}
[24000] 2025/11/20 09:50:30.544 Add Basket MarketNo：0 StockIdx：33911
[24000] 2025/11/20 09:50:30.544 Divide StockNo {2338}
[24000] 2025/11/20 09:50:30.545 Add Basket MarketNo：0 StockIdx：33912
[24000] 2025/11/20 09:50:30.545 Divide StockNo {2340}
[24000] 2025/11/20 09:50:30.545 Add Basket MarketNo：0 StockIdx：33913
[24000] 2025/11/20 09:50:30.545 Divide StockNo {2344}
[24000] 2025/11/20 09:50:30.545 Add Basket MarketNo：0 StockIdx：33915
[24000] 2025/11/20 09:50:30.545 Divide StockNo {2345}
[24000] 2025/11/20 09:50:30.545 Add Basket MarketNo：0 StockIdx：33916
[24000] 2025/11/20 09:50:30.545 Divide StockNo {2347}
[24000] 2025/11/20 09:50:30.545 Add Basket MarketNo：0 StockIdx：33917
[24000] 2025/11/20 09:50:30.545 Divide StockNo {2352}
[24000] 2025/11/20 09:50:30.545 Add Basket MarketNo：0 StockIdx：33922
[24000] 2025/11/20 09:50:30.545 Divide StockNo {2353}
[24000] 2025/11/20 09:50:30.545 Add Basket MarketNo：0 StockIdx：33923
[24000] 2025/11/20 09:50:30.545 Divide StockNo {2354}
[24000] 2025/11/20 09:50:30.545 Add Basket MarketNo：0 StockIdx：33924
[24000] 2025/11/20 09:50:30.545 Divide StockNo {2355}
[24000] 2025/11/20 09:50:30.545 Add Basket MarketNo：0 StockIdx：33925
[24000] 2025/11/20 09:50:30.545 Divide StockNo {2356}
[24000] 2025/11/20 09:50:30.545 Add Basket MarketNo：0 StockIdx：33926
[24000] 2025/11/20 09:50:30.545 Divide StockNo {2357}
[24000] 2025/11/20 09:50:30.545 Add Basket MarketNo：0 StockIdx：33927
[24000] 2025/11/20 09:50:30.545 Divide StockNo {2360}
[24000] 2025/11/20 09:50:30.545 Add Basket MarketNo：0 StockIdx：33929
[24000] 2025/11/20 09:50:30.545 Divide StockNo {2368}
[24000] 2025/11/20 09:50:30.545 Add Basket MarketNo：0 StockIdx：33935
[24000] 2025/11/20 09:50:30.545 Divide StockNo {2371}
[24000] 2025/11/20 09:50:30.545 Add Basket MarketNo：0 StockIdx：33937
[24000] 2025/11/20 09:50:30.545 Divide StockNo {2376}
[24000] 2025/11/20 09:50:30.545 Add Basket MarketNo：0 StockIdx：33941
[24000] 2025/11/20 09:50:30.545 Divide StockNo {2377}
[24000] 2025/11/20 09:50:30.545 Add Basket MarketNo：0 StockIdx：33942
[24000] 2025/11/20 09:50:30.545 Divide StockNo {2379}
[24000] 2025/11/20 09:50:30.545 Add Basket MarketNo：0 StockIdx：33943
[24000] 2025/11/20 09:50:30.545 Divide StockNo {2382}
[24000] 2025/11/20 09:50:30.545 Add Basket MarketNo：0 StockIdx：33945
[24000] 2025/11/20 09:50:30.545 Divide StockNo {2383}
[24000] 2025/11/20 09:50:30.545 Add Basket MarketNo：0 StockIdx：33946
[24000] 2025/11/20 09:50:30.545 Divide StockNo {2385}
[24000] 2025/11/20 09:50:30.545 Add Basket MarketNo：0 StockIdx：33947
[24000] 2025/11/20 09:50:30.545 Divide StockNo {2388}
[24000] 2025/11/20 09:50:30.545 Add Basket MarketNo：0 StockIdx：33949
[24000] 2025/11/20 09:50:30.545 Divide StockNo {2392}
[24000] 2025/11/20 09:50:30.545 Add Basket MarketNo：0 StockIdx：33951
[24000] 2025/11/20 09:50:30.545 Divide StockNo {2393}
[24000] 2025/11/20 09:50:30.545 Add Basket MarketNo：0 StockIdx：33952
[24000] 2025/11/20 09:50:30.545 Divide StockNo {2401}
[24000] 2025/11/20 09:50:30.545 Add Basket MarketNo：0 StockIdx：33956
[24000] 2025/11/20 09:50:30.545 Divide StockNo {2404}
[24000] 2025/11/20 09:50:30.545 Add Basket MarketNo：0 StockIdx：33958
[24000] 2025/11/20 09:50:30.545 Divide StockNo {2408}
[24000] 2025/11/20 09:50:30.545 Add Basket MarketNo：0 StockIdx：33961
[24000] 2025/11/20 09:50:30.545 Divide StockNo {2409}
[24000] 2025/11/20 09:50:30.545 Add Basket MarketNo：0 StockIdx：33962
[24000] 2025/11/20 09:50:30.545 Divide StockNo {2412}
[24000] 2025/11/20 09:50:30.545 Add Basket MarketNo：0 StockIdx：33963
[24000] 2025/11/20 09:50:30.545 Divide StockNo {2439}
[24000] 2025/11/20 09:50:30.545 Add Basket MarketNo：0 StockIdx：33985
[24000] 2025/11/20 09:50:30.545 Divide StockNo {2441}
[24000] 2025/11/20 09:50:30.545 Add Basket MarketNo：0 StockIdx：33987
[24000] 2025/11/20 09:50:30.545 Divide StockNo {2449}
[24000] 2025/11/20 09:50:30.545 Add Basket MarketNo：0 StockIdx：33990
[24000] 2025/11/20 09:50:30.545 Divide StockNo {2454}
[24000] 2025/11/20 09:50:30.545 Add Basket MarketNo：0 StockIdx：33994
[24000] 2025/11/20 09:50:30.545 Divide StockNo {2455}
[24000] 2025/11/20 09:50:30.545 Add Basket MarketNo：0 StockIdx：33995
[24000] 2025/11/20 09:50:30.545 Divide StockNo {2457}
[24000] 2025/11/20 09:50:30.545 Add Basket MarketNo：0 StockIdx：33996
[24000] 2025/11/20 09:50:30.545 Divide StockNo {2458}
[24000] 2025/11/20 09:50:30.545 Add Basket MarketNo：0 StockIdx：33997
[24000] 2025/11/20 09:50:30.546 Divide StockNo {2474}
[24000] 2025/11/20 09:50:30.546 Add Basket MarketNo：0 StockIdx：34009
[24000] 2025/11/20 09:50:30.546 Divide StockNo {2481}
[24000] 2025/11/20 09:50:30.546 Add Basket MarketNo：0 StockIdx：34014
[24000] 2025/11/20 09:50:30.546 Divide StockNo {2485}
[24000] 2025/11/20 09:50:30.546 Add Basket MarketNo：0 StockIdx：34018
[24000] 2025/11/20 09:50:30.546 Divide StockNo {2486}
[24000] 2025/11/20 09:50:30.546 Add Basket MarketNo：0 StockIdx：34019
[24000] 2025/11/20 09:50:30.546 Divide StockNo {2489}
[24000] 2025/11/20 09:50:30.546 Add Basket MarketNo：0 StockIdx：34021
[24000] 2025/11/20 09:50:30.546 Divide StockNo {2492}
[24000] 2025/11/20 09:50:30.546 Add Basket MarketNo：0 StockIdx：34023
[24000] 2025/11/20 09:50:30.546 Divide StockNo {2498}
[24000] 2025/11/20 09:50:30.546 Add Basket MarketNo：0 StockIdx：34028
[24000] 2025/11/20 09:50:30.546 Divide StockNo {2515}
[24000] 2025/11/20 09:50:30.546 Add Basket MarketNo：0 StockIdx：34036
[24000] 2025/11/20 09:50:30.546 Divide StockNo {2520}
[24000] 2025/11/20 09:50:30.546 Add Basket MarketNo：0 StockIdx：34038
[24000] 2025/11/20 09:50:30.546 Divide StockNo {2542}
[24000] 2025/11/20 09:50:30.546 Add Basket MarketNo：0 StockIdx：34050
[24000] 2025/11/20 09:50:30.546 Divide StockNo {2548}
[24000] 2025/11/20 09:50:30.546 Add Basket MarketNo：0 StockIdx：34055
[24000] 2025/11/20 09:50:30.546 Divide StockNo {2603}
[24000] 2025/11/20 09:50:30.546 Add Basket MarketNo：0 StockIdx：34058
[24000] 2025/11/20 09:50:30.546 Divide StockNo {2605}
[24000] 2025/11/20 09:50:30.546 Add Basket MarketNo：0 StockIdx：34059
[24000] 2025/11/20 09:50:30.546 Divide StockNo {2606}
[24000] 2025/11/20 09:50:30.546 Add Basket MarketNo：0 StockIdx：34060
[24000] 2025/11/20 09:50:30.546 Divide StockNo {2609}
[24000] 2025/11/20 09:50:30.546 Add Basket MarketNo：0 StockIdx：34063
[24000] 2025/11/20 09:50:30.546 Divide StockNo {2610}
[24000] 2025/11/20 09:50:30.546 Add Basket MarketNo：0 StockIdx：34064
[24000] 2025/11/20 09:50:30.546 Divide StockNo {2615}
[24000] 2025/11/20 09:50:30.546 Add Basket MarketNo：0 StockIdx：34069
[24000] 2025/11/20 09:50:30.546 Divide StockNo {2618}
[24000] 2025/11/20 09:50:30.546 Add Basket MarketNo：0 StockIdx：34072
[24000] 2025/11/20 09:50:30.546 Divide StockNo {2633}
[24000] 2025/11/20 09:50:30.546 Add Basket MarketNo：0 StockIdx：34074
[24000] 2025/11/20 09:50:30.546 Divide StockNo {2634}
[24000] 2025/11/20 09:50:30.546 Add Basket MarketNo：0 StockIdx：34075
[24000] 2025/11/20 09:50:30.546 Divide StockNo {2801}
[24000] 2025/11/20 09:50:30.546 Add Basket MarketNo：0 StockIdx：34096
[24000] 2025/11/20 09:50:30.546 Divide StockNo {2834}
[24000] 2025/11/20 09:50:30.546 Add Basket MarketNo：0 StockIdx：34101
[24000] 2025/11/20 09:50:30.546 Divide StockNo {2880}
[24000] 2025/11/20 09:50:30.546 Add Basket MarketNo：0 StockIdx：34113
[24000] 2025/11/20 09:50:30.546 Divide StockNo {2881}
[24000] 2025/11/20 09:50:30.546 Add Basket MarketNo：0 StockIdx：34114
[24000] 2025/11/20 09:50:30.546 Divide StockNo {2882}
[24000] 2025/11/20 09:50:30.546 Add Basket MarketNo：0 StockIdx：34118
[24000] 2025/11/20 09:50:30.546 Divide StockNo {2883}
[24000] 2025/11/20 09:50:30.546 Add Basket MarketNo：0 StockIdx：34121
[24000] 2025/11/20 09:50:30.546 Divide StockNo {2884}
[24000] 2025/11/20 09:50:30.546 Add Basket MarketNo：0 StockIdx：34123
[24000] 2025/11/20 09:50:30.546 Divide StockNo {2885}
[24000] 2025/11/20 09:50:30.546 Add Basket MarketNo：0 StockIdx：34124
[24000] 2025/11/20 09:50:30.546 Divide StockNo {2886}
[24000] 2025/11/20 09:50:30.546 Add Basket MarketNo：0 StockIdx：34125
[24000] 2025/11/20 09:50:30.546 Divide StockNo {2887}
[24000] 2025/11/20 09:50:30.546 Add Basket MarketNo：0 StockIdx：34126
[24000] 2025/11/20 09:50:30.546 Divide StockNo {2888}
[24000] 2025/11/20 09:50:30.546 Stock Is Not Exist 
[24000] 2025/11/20 09:50:30.546 Divide StockNo {2890}
[24000] 2025/11/20 09:50:30.546 Add Basket MarketNo：0 StockIdx：34134
[24000] 2025/11/20 09:50:30.546 Divide StockNo {2891}
[24000] 2025/11/20 09:50:30.546 Add Basket MarketNo：0 StockIdx：34135
[24000] 2025/11/20 09:50:30.546 Divide StockNo {2892}
[24000] 2025/11/20 09:50:30.546 Add Basket MarketNo：0 StockIdx：34138
[24000] 2025/11/20 09:50:30.546 Divide StockNo {2913}
[24000] 2025/11/20 09:50:30.547 Add Basket MarketNo：0 StockIdx：34150
[24000] 2025/11/20 09:50:30.547 Divide StockNo {2915}
[24000] 2025/11/20 09:50:30.547 Add Basket MarketNo：0 StockIdx：34151
[24000] 2025/11/20 09:50:30.547 Divide StockNo {3005}
[24000] 2025/11/20 09:50:30.547 Add Basket MarketNo：0 StockIdx：34159
[24000] 2025/11/20 09:50:30.547 Divide StockNo {3006}
[24000] 2025/11/20 09:50:30.547 Add Basket MarketNo：0 StockIdx：34160
[24000] 2025/11/20 09:50:30.547 Divide StockNo {3008}
[24000] 2025/11/20 09:50:30.547 Add Basket MarketNo：0 StockIdx：34161
[24000] 2025/11/20 09:50:30.547 Divide StockNo {3017}
[24000] 2025/11/20 09:50:30.547 Add Basket MarketNo：0 StockIdx：34168
[24000] 2025/11/20 09:50:30.547 Divide StockNo {3019}
[24000] 2025/11/20 09:50:30.547 Add Basket MarketNo：0 StockIdx：34170
[24000] 2025/11/20 09:50:30.547 Divide StockNo {3034}
[24000] 2025/11/20 09:50:30.547 Add Basket MarketNo：0 StockIdx：34184
[24000] 2025/11/20 09:50:30.547 Divide StockNo {3035}
[24000] 2025/11/20 09:50:30.547 Add Basket MarketNo：0 StockIdx：34185
[24000] 2025/11/20 09:50:30.547 Divide StockNo {3036}
[24000] 2025/11/20 09:50:30.547 Add Basket MarketNo：0 StockIdx：34186
[24000] 2025/11/20 09:50:30.547 Divide StockNo {3037}
[24000] 2025/11/20 09:50:30.547 Add Basket MarketNo：0 StockIdx：34188
[24000] 2025/11/20 09:50:30.547 Divide StockNo {3042}
[24000] 2025/11/20 09:50:30.547 Add Basket MarketNo：0 StockIdx：34192
[24000] 2025/11/20 09:50:30.547 Divide StockNo {3044}
[24000] 2025/11/20 09:50:30.547 Add Basket MarketNo：0 StockIdx：34194
[24000] 2025/11/20 09:50:30.547 Divide StockNo {3045}
[24000] 2025/11/20 09:50:30.547 Add Basket MarketNo：0 StockIdx：34195
[24000] 2025/11/20 09:50:30.547 Divide StockNo {3078}
[24000] 2025/11/20 09:50:30.547 Add Basket MarketNo：1 StockIdx：270
[24000] 2025/11/20 09:50:30.547 Divide StockNo {3081}
[24000] 2025/11/20 09:50:30.547 Add Basket MarketNo：1 StockIdx：271
[24000] 2025/11/20 09:50:30.547 Divide StockNo {3105}
[24000] 2025/11/20 09:50:30.547 Add Basket MarketNo：1 StockIdx：281
[24000] 2025/11/20 09:50:30.547 Divide StockNo {3152}
[24000] 2025/11/20 09:50:30.547 Add Basket MarketNo：1 StockIdx：296
[24000] 2025/11/20 09:50:30.547 Divide StockNo {3189}
[24000] 2025/11/20 09:50:30.547 Add Basket MarketNo：0 StockIdx：34222
[24000] 2025/11/20 09:50:30.547 Divide StockNo {3227}
[24000] 2025/11/20 09:50:30.547 Add Basket MarketNo：1 StockIdx：320
[24000] 2025/11/20 09:50:30.547 Divide StockNo {3231}
[24000] 2025/11/20 09:50:30.547 Add Basket MarketNo：0 StockIdx：34225
[24000] 2025/11/20 09:50:30.547 Divide StockNo {3260}
[24000] 2025/11/20 09:50:30.547 Add Basket MarketNo：1 StockIdx：329
[24000] 2025/11/20 09:50:30.547 Divide StockNo {3264}
[24000] 2025/11/20 09:50:30.547 Add Basket MarketNo：1 StockIdx：330
[24000] 2025/11/20 09:50:30.547 Divide StockNo {3293}
[24000] 2025/11/20 09:50:30.547 Add Basket MarketNo：1 StockIdx：343
[24000] 2025/11/20 09:50:30.547 Divide StockNo {3324}
[24000] 2025/11/20 09:50:30.547 Add Basket MarketNo：1 StockIdx：359
[24000] 2025/11/20 09:50:30.547 Divide StockNo {3374}
[24000] 2025/11/20 09:50:30.547 Add Basket MarketNo：1 StockIdx：376
[24000] 2025/11/20 09:50:30.547 Divide StockNo {3376}
[24000] 2025/11/20 09:50:30.547 Add Basket MarketNo：0 StockIdx：34237
[24000] 2025/11/20 09:50:30.547 Divide StockNo {3380}
[24000] 2025/11/20 09:50:30.547 Add Basket MarketNo：0 StockIdx：34238
[24000] 2025/11/20 09:50:30.547 Divide StockNo {3406}
[24000] 2025/11/20 09:50:30.547 Add Basket MarketNo：0 StockIdx：34239
[24000] 2025/11/20 09:50:30.547 Divide StockNo {3443}
[24000] 2025/11/20 09:50:30.547 Add Basket MarketNo：0 StockIdx：34245
[24000] 2025/11/20 09:50:30.547 Divide StockNo {3481}
[24000] 2025/11/20 09:50:30.547 Add Basket MarketNo：0 StockIdx：34249
[24000] 2025/11/20 09:50:30.548 Divide StockNo {3529}
[24000] 2025/11/20 09:50:30.548 Add Basket MarketNo：1 StockIdx：424
[24000] 2025/11/20 09:50:30.548 Divide StockNo {3532}
[24000] 2025/11/20 09:50:30.548 Add Basket MarketNo：0 StockIdx：34257
[24000] 2025/11/20 09:50:30.548 Divide StockNo {3533}
[24000] 2025/11/20 09:50:30.548 Add Basket MarketNo：0 StockIdx：34258
[24000] 2025/11/20 09:50:30.548 Divide StockNo {3552}
[24000] 2025/11/20 09:50:30.548 Add Basket MarketNo：1 StockIdx：435
[24000] 2025/11/20 09:50:30.548 Divide StockNo {3653}
[24000] 2025/11/20 09:50:30.548 Add Basket MarketNo：0 StockIdx：34278
[24000] 2025/11/20 09:50:30.548 Divide StockNo {3661}
[24000] 2025/11/20 09:50:30.548 Add Basket MarketNo：0 StockIdx：34279
[24000] 2025/11/20 09:50:30.548 Divide StockNo {3673}
[24000] 2025/11/20 09:50:30.548 Add Basket MarketNo：0 StockIdx：34282
[24000] 2025/11/20 09:50:30.548 Divide StockNo {3680}
[24000] 2025/11/20 09:50:30.548 Add Basket MarketNo：1 StockIdx：474
[24000] 2025/11/20 09:50:30.548 Divide StockNo {3691}
[24000] 2025/11/20 09:50:30.548 Add Basket MarketNo：1 StockIdx：484
[24000] 2025/11/20 09:50:30.548 Divide StockNo {3702}
[24000] 2025/11/20 09:50:30.548 Add Basket MarketNo：0 StockIdx：34287
[24000] 2025/11/20 09:50:30.548 Divide StockNo {3706}
[24000] 2025/11/20 09:50:30.548 Add Basket MarketNo：0 StockIdx：34291
[24000] 2025/11/20 09:50:30.548 Divide StockNo {3711}
[24000] 2025/11/20 09:50:30.548 Add Basket MarketNo：0 StockIdx：34293
[24000] 2025/11/20 09:50:30.548 Divide StockNo {3714}
[24000] 2025/11/20 09:50:30.548 Add Basket MarketNo：0 StockIdx：34295
[24000] 2025/11/20 09:50:30.548 Divide StockNo {4123}
[24000] 2025/11/20 09:50:30.548 Add Basket MarketNo：1 StockIdx：509
[24000] 2025/11/20 09:50:30.548 Divide StockNo {4128}
[24000] 2025/11/20 09:50:30.548 Add Basket MarketNo：1 StockIdx：514
[24000] 2025/11/20 09:50:30.548 Divide StockNo {4162}
[24000] 2025/11/20 09:50:30.548 Add Basket MarketNo：1 StockIdx：528
[24000] 2025/11/20 09:50:30.548 Divide StockNo {4736}
[24000] 2025/11/20 09:50:30.548 Add Basket MarketNo：0 StockIdx：34340
[24000] 2025/11/20 09:50:30.548 Divide StockNo {4743}
[24000] 2025/11/20 09:50:30.548 Add Basket MarketNo：1 StockIdx：619
[24000] 2025/11/20 09:50:30.548 Divide StockNo {4904}
[24000] 2025/11/20 09:50:30.548 Add Basket MarketNo：0 StockIdx：34351
[24000] 2025/11/20 09:50:30.548 Divide StockNo {4919}
[24000] 2025/11/20 09:50:30.548 Add Basket MarketNo：0 StockIdx：34356
[24000] 2025/11/20 09:50:30.548 Divide StockNo {4938}
[24000] 2025/11/20 09:50:30.548 Add Basket MarketNo：0 StockIdx：34361
[24000] 2025/11/20 09:50:30.548 Divide StockNo {4958}
[24000] 2025/11/20 09:50:30.548 Add Basket MarketNo：0 StockIdx：34367
[24000] 2025/11/20 09:50:30.548 Divide StockNo {5009}
[24000] 2025/11/20 09:50:30.548 Add Basket MarketNo：1 StockIdx：661
[24000] 2025/11/20 09:50:30.548 Divide StockNo {5269}
[24000] 2025/11/20 09:50:30.548 Add Basket MarketNo：0 StockIdx：34386
[24000] 2025/11/20 09:50:30.548 Divide StockNo {5274}
[24000] 2025/11/20 09:50:30.548 Add Basket MarketNo：1 StockIdx：695
[24000] 2025/11/20 09:50:30.548 Divide StockNo {5347}
[24000] 2025/11/20 09:50:30.548 Add Basket MarketNo：1 StockIdx：718
[24000] 2025/11/20 09:50:30.548 Divide StockNo {5371}
[24000] 2025/11/20 09:50:30.548 Add Basket MarketNo：1 StockIdx：725
[24000] 2025/11/20 09:50:30.548 Divide StockNo {5388}
[24000] 2025/11/20 09:50:30.548 Add Basket MarketNo：0 StockIdx：34393
[24000] 2025/11/20 09:50:30.548 Divide StockNo {5425}
[24000] 2025/11/20 09:50:30.548 Add Basket MarketNo：1 StockIdx：733
[24000] 2025/11/20 09:50:30.548 Divide StockNo {5457}
[24000] 2025/11/20 09:50:30.548 Add Basket MarketNo：1 StockIdx：745
[24000] 2025/11/20 09:50:30.548 Divide StockNo {5483}
[24000] 2025/11/20 09:50:30.548 Add Basket MarketNo：1 StockIdx：755
[24000] 2025/11/20 09:50:30.548 Divide StockNo {5534}
[24000] 2025/11/20 09:50:30.548 Add Basket MarketNo：0 StockIdx：34405
[24000] 2025/11/20 09:50:30.548 Divide StockNo {5871}
[24000] 2025/11/20 09:50:30.549 Add Basket MarketNo：0 StockIdx：34411
[24000] 2025/11/20 09:50:30.549 Divide StockNo {5876}
[24000] 2025/11/20 09:50:30.549 Add Basket MarketNo：0 StockIdx：34413
[24000] 2025/11/20 09:50:30.549 Divide StockNo {5880}
[24000] 2025/11/20 09:50:30.549 Add Basket MarketNo：0 StockIdx：34414
[24000] 2025/11/20 09:50:30.549 Divide StockNo {5904}
[24000] 2025/11/20 09:50:30.549 Add Basket MarketNo：1 StockIdx：789
[24000] 2025/11/20 09:50:30.549 Divide StockNo {6005}
[24000] 2025/11/20 09:50:30.549 Add Basket MarketNo：0 StockIdx：34417
[24000] 2025/11/20 09:50:30.549 Divide StockNo {6116}
[24000] 2025/11/20 09:50:30.549 Add Basket MarketNo：0 StockIdx：34422
[24000] 2025/11/20 09:50:30.549 Divide StockNo {6121}
[24000] 2025/11/20 09:50:30.549 Add Basket MarketNo：1 StockIdx：812
[24000] 2025/11/20 09:50:30.549 Divide StockNo {6139}
[24000] 2025/11/20 09:50:30.549 Add Basket MarketNo：0 StockIdx：34428
[24000] 2025/11/20 09:50:30.549 Divide StockNo {6147}
[24000] 2025/11/20 09:50:30.549 Add Basket MarketNo：1 StockIdx：830
[24000] 2025/11/20 09:50:30.549 Divide StockNo {6153}
[24000] 2025/11/20 09:50:30.549 Add Basket MarketNo：0 StockIdx：34432
[24000] 2025/11/20 09:50:30.549 Divide StockNo {6173}
[24000] 2025/11/20 09:50:30.549 Add Basket MarketNo：1 StockIdx：847
[24000] 2025/11/20 09:50:30.549 Divide StockNo {6176}
[24000] 2025/11/20 09:50:30.549 Add Basket MarketNo：0 StockIdx：34438
[24000] 2025/11/20 09:50:30.549 Divide StockNo {6182}
[24000] 2025/11/20 09:50:30.549 Add Basket MarketNo：1 StockIdx：855
[24000] 2025/11/20 09:50:30.549 Divide StockNo {6188}
[24000] 2025/11/20 09:50:30.549 Add Basket MarketNo：1 StockIdx：863
[24000] 2025/11/20 09:50:30.549 Divide StockNo {6213}
[24000] 2025/11/20 09:50:30.549 Add Basket MarketNo：0 StockIdx：34452
[24000] 2025/11/20 09:50:30.549 Divide StockNo {6223}
[24000] 2025/11/20 09:50:30.549 Add Basket MarketNo：1 StockIdx：889
[24000] 2025/11/20 09:50:30.549 Divide StockNo {6239}
[24000] 2025/11/20 09:50:30.549 Add Basket MarketNo：0 StockIdx：34461
[24000] 2025/11/20 09:50:30.549 Divide StockNo {6245}
[24000] 2025/11/20 09:50:30.549 Add Basket MarketNo：1 StockIdx：904
[24000] 2025/11/20 09:50:30.549 Divide StockNo {6257}
[24000] 2025/11/20 09:50:30.549 Add Basket MarketNo：0 StockIdx：34463
[24000] 2025/11/20 09:50:30.549 Divide StockNo {6269}
[24000] 2025/11/20 09:50:30.549 Add Basket MarketNo：0 StockIdx：34464
[24000] 2025/11/20 09:50:30.549 Divide StockNo {6271}
[24000] 2025/11/20 09:50:30.549 Add Basket MarketNo：0 StockIdx：34465
[24000] 2025/11/20 09:50:30.549 Divide StockNo {6274}
[24000] 2025/11/20 09:50:30.549 Add Basket MarketNo：1 StockIdx：916
[24000] 2025/11/20 09:50:30.549 Divide StockNo {6278}
[24000] 2025/11/20 09:50:30.549 Add Basket MarketNo：0 StockIdx：34467
[24000] 2025/11/20 09:50:30.549 Divide StockNo {6279}
[24000] 2025/11/20 09:50:30.549 Add Basket MarketNo：1 StockIdx：921
[24000] 2025/11/20 09:50:30.549 Divide StockNo {6282}
[24000] 2025/11/20 09:50:30.549 Add Basket MarketNo：0 StockIdx：34469
[24000] 2025/11/20 09:50:30.549 Divide StockNo {6285}
[24000] 2025/11/20 09:50:30.549 Add Basket MarketNo：0 StockIdx：34471
[24000] 2025/11/20 09:50:30.549 Divide StockNo {6414}
[24000] 2025/11/20 09:50:30.549 Add Basket MarketNo：0 StockIdx：34475
[24000] 2025/11/20 09:50:30.549 Divide StockNo {6443}
[24000] 2025/11/20 09:50:30.549 Add Basket MarketNo：0 StockIdx：34483
[24000] 2025/11/20 09:50:30.549 Divide StockNo {6472}
[24000] 2025/11/20 09:50:30.549 Add Basket MarketNo：0 StockIdx：34489
[24000] 2025/11/20 09:50:30.549 Divide StockNo {6488}
[24000] 2025/11/20 09:50:30.549 Add Basket MarketNo：1 StockIdx：956
[24000] 2025/11/20 09:50:30.549 Divide StockNo {6505}
[24000] 2025/11/20 09:50:30.549 Add Basket MarketNo：0 StockIdx：34493
[24000] 2025/11/20 09:50:30.549 Divide StockNo {6510}
[24000] 2025/11/20 09:50:30.549 Add Basket MarketNo：1 StockIdx：966
[24000] 2025/11/20 09:50:30.549 Divide StockNo {6526}
[24000] 2025/11/20 09:50:30.549 Add Basket MarketNo：0 StockIdx：34496
[24000] 2025/11/20 09:50:30.550 Divide StockNo {6547}
[24000] 2025/11/20 09:50:30.550 Add Basket MarketNo：1 StockIdx：981
[24000] 2025/11/20 09:50:30.550 Divide StockNo {6669}
[24000] 2025/11/20 09:50:30.550 Add Basket MarketNo：0 StockIdx：34525
[24000] 2025/11/20 09:50:30.550 Divide StockNo {6757}
[24000] 2025/11/20 09:50:30.550 Add Basket MarketNo：0 StockIdx：34542
[24000] 2025/11/20 09:50:30.550 Divide StockNo {6770}
[24000] 2025/11/20 09:50:30.550 Add Basket MarketNo：0 StockIdx：34544
[24000] 2025/11/20 09:50:30.550 Divide StockNo {8039}
[24000] 2025/11/20 09:50:30.550 Add Basket MarketNo：0 StockIdx：34621
[24000] 2025/11/20 09:50:30.550 Divide StockNo {8044}
[24000] 2025/11/20 09:50:30.550 Add Basket MarketNo：1 StockIdx：12473
[24000] 2025/11/20 09:50:30.550 Divide StockNo {8046}
[24000] 2025/11/20 09:50:30.550 Add Basket MarketNo：0 StockIdx：34623
[24000] 2025/11/20 09:50:30.550 Divide StockNo {8069}
[24000] 2025/11/20 09:50:30.550 Add Basket MarketNo：1 StockIdx：12485
[24000] 2025/11/20 09:50:30.550 Divide StockNo {8086}
[24000] 2025/11/20 09:50:30.550 Add Basket MarketNo：1 StockIdx：12494
[24000] 2025/11/20 09:50:30.550 Divide StockNo {8112}
[24000] 2025/11/20 09:50:30.550 Add Basket MarketNo：0 StockIdx：34632
[24000] 2025/11/20 09:50:30.550 Divide StockNo {8150}
[24000] 2025/11/20 09:50:30.550 Add Basket MarketNo：0 StockIdx：34636
[24000] 2025/11/20 09:50:30.550 Divide StockNo {8163}
[24000] 2025/11/20 09:50:30.550 Add Basket MarketNo：0 StockIdx：34638
[24000] 2025/11/20 09:50:30.550 Divide StockNo {8299}
[24000] 2025/11/20 09:50:30.550 Add Basket MarketNo：1 StockIdx：12533
[24000] 2025/11/20 09:50:30.550 Divide StockNo {8358}
[24000] 2025/11/20 09:50:30.550 Add Basket MarketNo：1 StockIdx：12539
[24000] 2025/11/20 09:50:30.550 Divide StockNo {8436}
[24000] 2025/11/20 09:50:30.550 Add Basket MarketNo：1 StockIdx：12564
[24000] 2025/11/20 09:50:30.550 Divide StockNo {8454}
[24000] 2025/11/20 09:50:30.550 Add Basket MarketNo：0 StockIdx：34657
[24000] 2025/11/20 09:50:30.550 Divide StockNo {9904}
[24000] 2025/11/20 09:50:30.550 Add Basket MarketNo：0 StockIdx：34686
[24000] 2025/11/20 09:50:30.550 Divide StockNo {9914}
[24000] 2025/11/20 09:50:30.550 Add Basket MarketNo：0 StockIdx：34694
[24000] 2025/11/20 09:50:30.550 Divide StockNo {9938}
[24000] 2025/11/20 09:50:30.550 Add Basket MarketNo：0 StockIdx：34710
[24000] 2025/11/20 09:50:30.550 Divide StockNo {9939}
[24000] 2025/11/20 09:50:30.550 Add Basket MarketNo：0 StockIdx：34711
[24000] 2025/11/20 09:50:30.550 Divide StockNo {9945}
[24000] 2025/11/20 09:50:30.550 Add Basket MarketNo：0 StockIdx：34718
[24000] 2025/11/20 09:50:30.550 Divide StockNo {9958}
[24000] 2025/11/20 09:50:30.550 Add Basket MarketNo：0 StockIdx：34721
[24000] 2025/11/20 09:50:30.550 Divide StockNo {TSE}
[24000] 2025/11/20 09:50:30.550 Stock Is Not Exist 
[24000] 2025/11/20 09:50:30.550 Divide StockNo {TSE23}
[24000] 2025/11/20 09:50:30.551 Add Basket MarketNo：0 StockIdx：35038
[24000] 2025/11/20 09:50:30.551 Divide StockNo {TSE28}
[24000] 2025/11/20 09:50:30.551 Add Basket MarketNo：0 StockIdx：35043
[24000] 2025/11/20 09:50:30.551 Divide StockNo {TWMC}
[24000] 2025/11/20 09:50:30.551 Stock Is Not Exist 
[24000] 2025/11/20 09:50:30.551 Return PageNo： 1 
[23232] 2025/11/20 10:05:43.944 Precheck/DistributedServer Query result is 000,分配成功
[23232] 2025/11/20 10:05:43.944 >> Host srvsolace-tp2.capital.com.tw
[23232] 2025/11/20 10:05:43.948 SKQuoteLib_EnterMonitor IP：srvsolace-tp2.capital.com.tw
[23232] 2025/11/20 10:05:44.011 OnSessionConnect，Code: 3001, Error Code:0.
[23232] 2025/11/20 10:05:44.176 SKQuoteLib_EnterMonitorLONG starting
[23232] 2025/11/20 10:05:44.177 OnConnection ( 3001 , 0 ) 
[23232] 2025/11/20 10:05:44.815 Market Info is OK!
[23232] 2025/11/20 10:05:44.899 Catalog info is OK!
[23232] 2025/11/20 10:05:48.537 Solace RequestInitializeData (TO_S_19,S_1F)
[23232] 2025/11/20 10:05:48.537 Solace RequestInitializeData (TO_S_19,S_1F)
[23232] 2025/11/20 10:05:48.556 OnConnection ( 3003 , 0 ) 
[23232] 2025/11/20 10:05:50.292 SKQuoteLib_RequestStocks (1 , CAF00, CBF00, CCF00, CDF00, CEF00, CFF00, CGF00, CHF00, CJF00, CKF00, CLF00, CMF00, CNF00, CQF00, CRF00, CSF00, CUF00, CWF00, CXF00, CYF00, CZF00, DAF00, DBF00, DCF00, DEF00, DFF00, DGF00, DHF00, DIF00, DJF00, DKF00, DLF00, DNF00, DOF00, DPF00, DQF00, DSF00, DVF00, DWF00, DXF00, DYF00, DZF00, EEF00, EGF00, EHF00, EKF00, EMF00, EPF00, EYF00, EZF00, FBF00, FCF00, FEF00, FFF00, FGF00, FKF00, FNF00, FQF00, FRF00, FSF00, FTF00, FVF00, FWF00, FYF00, FZF00, GAF00, GCF00, GHF00, GIF00, GJF00, GKF00, GLF00, GMF00, GNF00, GOF00, GRF00, GUF00, GVF00, GWF00, GXF00, GYF00, GZF00, HAF00, HBF00, HCF00, HHF00, HIF00, HLF00, HOF00, HQF00, HSF00, IAF00, IHF00, IIF00, IJF00, IMF00, IOF00, IPF00, IQF00, IRF00, ITF00, IXF00, IYF00, IZF00, JBF00, JFF00, JMF00, JNF00, JPF00, JSF00, JWF00, JXF00, JZF00, KAF00, KBF00, KCF00, KDF00, KEF00, KFF00, KGF00, KIF00, KKF00, KLF00, KOF00, KPF00, KSF00, KUF00, KWF00, LBF00, LCF00, LEF00, LIF00, LMF00, LOF00, LQF00, LRF00, LTF00, LUF00, LVF00, LWF00, LXF00, LYF00, MAF00, MBF00, MJF00, MKF00, MQF00, MVF00, MYF00, NAF00, NBF00, NDF00, NEF00, NGF00, NIF00, NJF00, NLF00, NMF00, NOF00, NQF00, NSF00, NUF00, NVF00, NWF00, NYF00, OAF00, OBF00, ODF00, OEF00, OHF00, OJF00, OKF00, OLF00, OMF00, OOF00, OPF00, OQF00, ORF00, OSF00, OTF00, OUF00, OVF00, OWF00, OXF00, OYF00, OZF00, PAF00, PBF00, PCF00, PDF00, PEF00, PFF00, PGF00, PHF00, PIF00, PJF00, PKF00, PLF00, PMF00, PNF00, PPF00, PQF00, PRF00, PSF00, PTF00, PUF00, PVF00, PWF00, PXF00, PYF00, PZF00, QAF00, QBF00, QCF00, QDF00, QEF00, QFF00, QGF00, QHF00, QIF00, QJF00, QKF00, QLF00, QMF00, QNF00, QOF00, QPF00, QQF00, QRF00, QSF00, QTF00, QUF00, QVF00, QWF00, QXF00, QYF00, QZF00, RAF00, RBF00, RCF00, RDF00, REF00, RFF00, RGF00, RIF00, RJF00, RKF00, RLF00, RMF00, RNF00, ROF00, RPF00, RQF00, RRF00, RSF00, RUF00, RVF00, RWF00, RXF00, RYF00, RZF00, SAF00, SBF00, SCF00, SDF00, SEF00, SFF00, SGF00, SIF00, SJF00, SKF00, SLF00, SMF00, SNF00, SQF00, SRF00, SSF00, SUF00, SVF00, SWF00, SYF00, SZF00, UAF00, UBF00, UCF00, UEF00, UFF00, UGF00, UHF00, UIF00, UJF00, UKF00, ULF00, UMF00, UOF00, UPF00, UQF00, URF00, USF00, UTF00, UUF00, UVF00, UWF00, 0050, 0056, 006205, 006206, 00636, 00639, 00643, 00679B, 00687B, 00719B, 00757, 00772B, 00878, 00885, 00893, 00919, 00923, 00929, 00937B, 00940, 1101, 1102, 1210, 1216, 1301, 1303, 1312, 1314, 1319, 1326, 1402, 1440, 1476, 1477, 1503, 1504, 1513, 1536, 1565, 1590, 1605, 1609, 1707, 1717, 1718, 1722, 1795, 1802, 1904, 1905, 1907, 1909, 2002, 2006, 2014, 2027, 2049, 2059, 2105, 2201, 2231, 2301, 2303, 2308, 2312, 2313, 2317, 2323, 2324, 2327, 2328, 2330, 2331, 2332, 2337, 2338, 2340, 2344, 2345, 2347, 2352, 2353, 2354, 2355, 2356, 2357, 2360, 2368, 2371, 2376, 2377, 2379, 2382, 2383, 2385, 2388, 2392, 2393, 2401, 2404, 2408, 2409, 2412, 2439, 2441, 2449, 2454, 2455, 2457, 2458, 2474, 2481, 2485, 2486, 2489, 2492, 2498, 2515, 2520, 2542, 2548, 2603, 2605, 2606, 2609, 2610, 2615, 2618, 2633, 2634, 2801, 2834, 2880, 2881, 2882, 2883, 2884, 2885, 2886, 2887, 2888, 2890, 2891, 2892, 2913, 2915, 3005, 3006, 3008, 3017, 3019, 3034, 3035, 3036, 3037, 3042, 3044, 3045, 3078, 3081, 3105, 3152, 3189, 3227, 3231, 3260, 3264, 3293, 3324, 3374, 3376, 3380, 3406, 3443, 3481, 3529, 3532, 3533, 3552, 3653, 3661, 3673, 3680, 3691, 3702, 3706, 3711, 3714, 4123, 4128, 4162, 4736, 4743, 4904, 4919, 4938, 4958, 5009, 5269, 5274, 5347, 5371, 5388, 5425, 5457, 5483, 5534, 5871, 5876, 5880, 5904, 6005, 6116, 6121, 6139, 6147, 6153, 6173, 6176, 6182, 6188, 6213, 6223, 6239, 6245, 6257, 6269, 6271, 6274, 6278, 6279, 6282, 6285, 6414, 6443, 6472, 6488, 6505, 6510, 6526, 6547, 6669, 6757, 6770, 8039, 8044, 8046, 8069, 8086, 8112, 8150, 8163, 8299, 8358, 8436, 8454, 9904, 9914, 9938, 9939, 9945, 9958, TSE, TSE23, TSE28, TWMC)
[23232] 2025/11/20 10:05:50.296 Divide StockNo {CAF00}
[23232] 2025/11/20 10:05:50.296 Add Basket MarketNo：2 StockIdx：704
[23232] 2025/11/20 10:05:50.296 Divide StockNo {CBF00}
[23232] 2025/11/20 10:05:50.296 Add Basket MarketNo：2 StockIdx：710
[23232] 2025/11/20 10:05:50.296 Divide StockNo {CCF00}
[23232] 2025/11/20 10:05:50.296 Add Basket MarketNo：2 StockIdx：120
[23232] 2025/11/20 10:05:50.296 Divide StockNo {CDF00}
[23232] 2025/11/20 10:05:50.296 Add Basket MarketNo：2 StockIdx：126
[23232] 2025/11/20 10:05:50.296 Divide StockNo {CEF00}
[23232] 2025/11/20 10:05:50.296 Add Basket MarketNo：2 StockIdx：728
[23232] 2025/11/20 10:05:50.296 Divide StockNo {CFF00}
[23232] 2025/11/20 10:05:50.296 Add Basket MarketNo：2 StockIdx：736
[23232] 2025/11/20 10:05:50.296 Divide StockNo {CGF00}
[23232] 2025/11/20 10:05:50.296 Add Basket MarketNo：2 StockIdx：742
[23232] 2025/11/20 10:05:50.296 Divide StockNo {CHF00}
[23232] 2025/11/20 10:05:50.296 Add Basket MarketNo：2 StockIdx：748
[23232] 2025/11/20 10:05:50.296 Divide StockNo {CJF00}
[23232] 2025/11/20 10:05:50.296 Add Basket MarketNo：2 StockIdx：754
[23232] 2025/11/20 10:05:50.296 Divide StockNo {CKF00}
[23232] 2025/11/20 10:05:50.296 Add Basket MarketNo：2 StockIdx：760
[23232] 2025/11/20 10:05:50.296 Divide StockNo {CLF00}
[23232] 2025/11/20 10:05:50.296 Add Basket MarketNo：2 StockIdx：766
[23232] 2025/11/20 10:05:50.296 Divide StockNo {CMF00}
[23232] 2025/11/20 10:05:50.296 Add Basket MarketNo：2 StockIdx：772
[23232] 2025/11/20 10:05:50.296 Divide StockNo {CNF00}
[23232] 2025/11/20 10:05:50.296 Add Basket MarketNo：2 StockIdx：778
[23232] 2025/11/20 10:05:50.296 Divide StockNo {CQF00}
[23232] 2025/11/20 10:05:50.296 Add Basket MarketNo：2 StockIdx：784
[23232] 2025/11/20 10:05:50.296 Divide StockNo {CRF00}
[23232] 2025/11/20 10:05:50.296 Add Basket MarketNo：2 StockIdx：790
[23232] 2025/11/20 10:05:50.296 Divide StockNo {CSF00}
[23232] 2025/11/20 10:05:50.296 Add Basket MarketNo：2 StockIdx：796
[23232] 2025/11/20 10:05:50.296 Divide StockNo {CUF00}
[23232] 2025/11/20 10:05:50.297 Add Basket MarketNo：2 StockIdx：802
[23232] 2025/11/20 10:05:50.297 Divide StockNo {CWF00}
[23232] 2025/11/20 10:05:50.297 Add Basket MarketNo：2 StockIdx：808
[23232] 2025/11/20 10:05:50.297 Divide StockNo {CXF00}
[23232] 2025/11/20 10:05:50.297 Add Basket MarketNo：2 StockIdx：816
[23232] 2025/11/20 10:05:50.297 Divide StockNo {CYF00}
[23232] 2025/11/20 10:05:50.297 Add Basket MarketNo：2 StockIdx：822
[23232] 2025/11/20 10:05:50.297 Divide StockNo {CZF00}
[23232] 2025/11/20 10:05:50.297 Add Basket MarketNo：2 StockIdx：828
[23232] 2025/11/20 10:05:50.297 Divide StockNo {DAF00}
[23232] 2025/11/20 10:05:50.297 Add Basket MarketNo：2 StockIdx：834
[23232] 2025/11/20 10:05:50.297 Divide StockNo {DBF00}
[23232] 2025/11/20 10:05:50.297 Add Basket MarketNo：2 StockIdx：840
[23232] 2025/11/20 10:05:50.297 Divide StockNo {DCF00}
[23232] 2025/11/20 10:05:50.297 Add Basket MarketNo：2 StockIdx：846
[23232] 2025/11/20 10:05:50.297 Divide StockNo {DEF00}
[23232] 2025/11/20 10:05:50.297 Add Basket MarketNo：2 StockIdx：854
[23232] 2025/11/20 10:05:50.297 Divide StockNo {DFF00}
[23232] 2025/11/20 10:05:50.297 Add Basket MarketNo：2 StockIdx：863
[23232] 2025/11/20 10:05:50.297 Divide StockNo {DGF00}
[23232] 2025/11/20 10:05:50.297 Add Basket MarketNo：2 StockIdx：869
[23232] 2025/11/20 10:05:50.297 Divide StockNo {DHF00}
[23232] 2025/11/20 10:05:50.297 Add Basket MarketNo：2 StockIdx：875
[23232] 2025/11/20 10:05:50.297 Divide StockNo {DIF00}
[23232] 2025/11/20 10:05:50.297 Add Basket MarketNo：2 StockIdx：881
[23232] 2025/11/20 10:05:50.297 Divide StockNo {DJF00}
[23232] 2025/11/20 10:05:50.297 Add Basket MarketNo：2 StockIdx：887
[23232] 2025/11/20 10:05:50.297 Divide StockNo {DKF00}
[23232] 2025/11/20 10:05:50.297 Add Basket MarketNo：2 StockIdx：893
[23232] 2025/11/20 10:05:50.297 Divide StockNo {DLF00}
[23232] 2025/11/20 10:05:50.297 Add Basket MarketNo：2 StockIdx：899
[23232] 2025/11/20 10:05:50.297 Divide StockNo {DNF00}
[23232] 2025/11/20 10:05:50.297 Add Basket MarketNo：2 StockIdx：905
[23232] 2025/11/20 10:05:50.297 Divide StockNo {DOF00}
[23232] 2025/11/20 10:05:50.297 Add Basket MarketNo：2 StockIdx：913
[23232] 2025/11/20 10:05:50.297 Divide StockNo {DPF00}
[23232] 2025/11/20 10:05:50.297 Add Basket MarketNo：2 StockIdx：919
[23232] 2025/11/20 10:05:50.297 Divide StockNo {DQF00}
[23232] 2025/11/20 10:05:50.297 Add Basket MarketNo：2 StockIdx：925
[23232] 2025/11/20 10:05:50.297 Divide StockNo {DSF00}
[23232] 2025/11/20 10:05:50.297 Add Basket MarketNo：2 StockIdx：931
[23232] 2025/11/20 10:05:50.297 Divide StockNo {DVF00}
[23232] 2025/11/20 10:05:50.297 Add Basket MarketNo：2 StockIdx：937
[23232] 2025/11/20 10:05:50.297 Divide StockNo {DWF00}
[23232] 2025/11/20 10:05:50.297 Add Basket MarketNo：2 StockIdx：943
[23232] 2025/11/20 10:05:50.297 Divide StockNo {DXF00}
[23232] 2025/11/20 10:05:50.297 Add Basket MarketNo：2 StockIdx：949
[23232] 2025/11/20 10:05:50.297 Divide StockNo {DYF00}
[23232] 2025/11/20 10:05:50.297 Add Basket MarketNo：2 StockIdx：955
[23232] 2025/11/20 10:05:50.297 Divide StockNo {DZF00}
[23232] 2025/11/20 10:05:50.297 Add Basket MarketNo：2 StockIdx：961
[23232] 2025/11/20 10:05:50.297 Divide StockNo {EEF00}
[23232] 2025/11/20 10:05:50.297 Add Basket MarketNo：2 StockIdx：967
[23232] 2025/11/20 10:05:50.297 Divide StockNo {EGF00}
[23232] 2025/11/20 10:05:50.297 Add Basket MarketNo：2 StockIdx：973
[23232] 2025/11/20 10:05:50.297 Divide StockNo {EHF00}
[23232] 2025/11/20 10:05:50.297 Add Basket MarketNo：2 StockIdx：979
[23232] 2025/11/20 10:05:50.297 Divide StockNo {EKF00}
[23232] 2025/11/20 10:05:50.297 Add Basket MarketNo：2 StockIdx：985
[23232] 2025/11/20 10:05:50.297 Divide StockNo {EMF00}
[23232] 2025/11/20 10:05:50.297 Add Basket MarketNo：2 StockIdx：991
[23232] 2025/11/20 10:05:50.297 Divide StockNo {EPF00}
[23232] 2025/11/20 10:05:50.297 Add Basket MarketNo：2 StockIdx：997
[23232] 2025/11/20 10:05:50.297 Divide StockNo {EYF00}
[23232] 2025/11/20 10:05:50.297 Add Basket MarketNo：2 StockIdx：1003
[23232] 2025/11/20 10:05:50.298 Divide StockNo {EZF00}
[23232] 2025/11/20 10:05:50.298 Add Basket MarketNo：2 StockIdx：1009
[23232] 2025/11/20 10:05:50.298 Divide StockNo {FBF00}
[23232] 2025/11/20 10:05:50.298 Add Basket MarketNo：2 StockIdx：1015
[23232] 2025/11/20 10:05:50.298 Divide StockNo {FCF00}
[23232] 2025/11/20 10:05:50.298 Add Basket MarketNo：2 StockIdx：1021
[23232] 2025/11/20 10:05:50.298 Divide StockNo {FEF00}
[23232] 2025/11/20 10:05:50.298 Add Basket MarketNo：2 StockIdx：1025
[23232] 2025/11/20 10:05:50.298 Divide StockNo {FFF00}
[23232] 2025/11/20 10:05:50.298 Add Basket MarketNo：2 StockIdx：1033
[23232] 2025/11/20 10:05:50.298 Divide StockNo {FGF00}
[23232] 2025/11/20 10:05:50.298 Add Basket MarketNo：2 StockIdx：1039
[23232] 2025/11/20 10:05:50.298 Divide StockNo {FKF00}
[23232] 2025/11/20 10:05:50.298 Add Basket MarketNo：2 StockIdx：1045
[23232] 2025/11/20 10:05:50.298 Divide StockNo {FNF00}
[23232] 2025/11/20 10:05:50.298 Add Basket MarketNo：2 StockIdx：1051
[23232] 2025/11/20 10:05:50.298 Divide StockNo {FQF00}
[23232] 2025/11/20 10:05:50.298 Add Basket MarketNo：2 StockIdx：1057
[23232] 2025/11/20 10:05:50.298 Divide StockNo {FRF00}
[23232] 2025/11/20 10:05:50.298 Add Basket MarketNo：2 StockIdx：1063
[23232] 2025/11/20 10:05:50.298 Divide StockNo {FSF00}
[23232] 2025/11/20 10:05:50.298 Add Basket MarketNo：2 StockIdx：1069
[23232] 2025/11/20 10:05:50.298 Divide StockNo {FTF00}
[23232] 2025/11/20 10:05:50.298 Add Basket MarketNo：2 StockIdx：1075
[23232] 2025/11/20 10:05:50.298 Divide StockNo {FVF00}
[23232] 2025/11/20 10:05:50.298 Add Basket MarketNo：2 StockIdx：1081
[23232] 2025/11/20 10:05:50.298 Divide StockNo {FWF00}
[23232] 2025/11/20 10:05:50.298 Add Basket MarketNo：2 StockIdx：1087
[23232] 2025/11/20 10:05:50.298 Divide StockNo {FYF00}
[23232] 2025/11/20 10:05:50.298 Add Basket MarketNo：2 StockIdx：1093
[23232] 2025/11/20 10:05:50.298 Divide StockNo {FZF00}
[23232] 2025/11/20 10:05:50.298 Add Basket MarketNo：2 StockIdx：1099
[23232] 2025/11/20 10:05:50.298 Divide StockNo {GAF00}
[23232] 2025/11/20 10:05:50.298 Add Basket MarketNo：2 StockIdx：1105
[23232] 2025/11/20 10:05:50.298 Divide StockNo {GCF00}
[23232] 2025/11/20 10:05:50.298 Add Basket MarketNo：2 StockIdx：1111
[23232] 2025/11/20 10:05:50.298 Divide StockNo {GHF00}
[23232] 2025/11/20 10:05:50.298 Add Basket MarketNo：2 StockIdx：1117
[23232] 2025/11/20 10:05:50.298 Divide StockNo {GIF00}
[23232] 2025/11/20 10:05:50.298 Add Basket MarketNo：2 StockIdx：1123
[23232] 2025/11/20 10:05:50.298 Divide StockNo {GJF00}
[23232] 2025/11/20 10:05:50.298 Add Basket MarketNo：2 StockIdx：1129
[23232] 2025/11/20 10:05:50.298 Divide StockNo {GKF00}
[23232] 2025/11/20 10:05:50.298 Add Basket MarketNo：2 StockIdx：1135
[23232] 2025/11/20 10:05:50.298 Divide StockNo {GLF00}
[23232] 2025/11/20 10:05:50.298 Add Basket MarketNo：2 StockIdx：1141
[23232] 2025/11/20 10:05:50.298 Divide StockNo {GMF00}
[23232] 2025/11/20 10:05:50.298 Add Basket MarketNo：2 StockIdx：1147
[23232] 2025/11/20 10:05:50.298 Divide StockNo {GNF00}
[23232] 2025/11/20 10:05:50.298 Add Basket MarketNo：2 StockIdx：1153
[23232] 2025/11/20 10:05:50.298 Divide StockNo {GOF00}
[23232] 2025/11/20 10:05:50.298 Add Basket MarketNo：2 StockIdx：1159
[23232] 2025/11/20 10:05:50.298 Divide StockNo {GRF00}
[23232] 2025/11/20 10:05:50.298 Add Basket MarketNo：2 StockIdx：1165
[23232] 2025/11/20 10:05:50.298 Divide StockNo {GUF00}
[23232] 2025/11/20 10:05:50.298 Add Basket MarketNo：2 StockIdx：1171
[23232] 2025/11/20 10:05:50.298 Divide StockNo {GVF00}
[23232] 2025/11/20 10:05:50.298 Add Basket MarketNo：2 StockIdx：1177
[23232] 2025/11/20 10:05:50.298 Divide StockNo {GWF00}
[23232] 2025/11/20 10:05:50.298 Add Basket MarketNo：2 StockIdx：1183
[23232] 2025/11/20 10:05:50.298 Divide StockNo {GXF00}
[23232] 2025/11/20 10:05:50.299 Add Basket MarketNo：2 StockIdx：1189
[23232] 2025/11/20 10:05:50.299 Divide StockNo {GYF00}
[23232] 2025/11/20 10:05:50.299 Add Basket MarketNo：2 StockIdx：1195
[23232] 2025/11/20 10:05:50.299 Divide StockNo {GZF00}
[23232] 2025/11/20 10:05:50.299 Add Basket MarketNo：2 StockIdx：1201
[23232] 2025/11/20 10:05:50.299 Divide StockNo {HAF00}
[23232] 2025/11/20 10:05:50.299 Add Basket MarketNo：2 StockIdx：1207
[23232] 2025/11/20 10:05:50.299 Divide StockNo {HBF00}
[23232] 2025/11/20 10:05:50.299 Add Basket MarketNo：2 StockIdx：1217
[23232] 2025/11/20 10:05:50.299 Divide StockNo {HCF00}
[23232] 2025/11/20 10:05:50.299 Add Basket MarketNo：2 StockIdx：1223
[23232] 2025/11/20 10:05:50.299 Divide StockNo {HHF00}
[23232] 2025/11/20 10:05:50.299 Add Basket MarketNo：2 StockIdx：1229
[23232] 2025/11/20 10:05:50.299 Divide StockNo {HIF00}
[23232] 2025/11/20 10:05:50.299 Add Basket MarketNo：2 StockIdx：1239
[23232] 2025/11/20 10:05:50.299 Divide StockNo {HLF00}
[23232] 2025/11/20 10:05:50.299 Add Basket MarketNo：2 StockIdx：1245
[23232] 2025/11/20 10:05:50.299 Divide StockNo {HOF00}
[23232] 2025/11/20 10:05:50.299 Add Basket MarketNo：2 StockIdx：1255
[23232] 2025/11/20 10:05:50.299 Divide StockNo {HQF00}
[23232] 2025/11/20 10:05:50.299 Add Basket MarketNo：2 StockIdx：1261
[23232] 2025/11/20 10:05:50.299 Divide StockNo {HSF00}
[23232] 2025/11/20 10:05:50.299 Add Basket MarketNo：2 StockIdx：1267
[23232] 2025/11/20 10:05:50.299 Divide StockNo {IAF00}
[23232] 2025/11/20 10:05:50.299 Add Basket MarketNo：2 StockIdx：1273
[23232] 2025/11/20 10:05:50.299 Divide StockNo {IHF00}
[23232] 2025/11/20 10:05:50.299 Add Basket MarketNo：2 StockIdx：1282
[23232] 2025/11/20 10:05:50.299 Divide StockNo {IIF00}
[23232] 2025/11/20 10:05:50.299 Add Basket MarketNo：2 StockIdx：1288
[23232] 2025/11/20 10:05:50.299 Divide StockNo {IJF00}
[23232] 2025/11/20 10:05:50.299 Add Basket MarketNo：2 StockIdx：1294
[23232] 2025/11/20 10:05:50.299 Divide StockNo {IMF00}
[23232] 2025/11/20 10:05:50.299 Add Basket MarketNo：2 StockIdx：1300
[23232] 2025/11/20 10:05:50.299 Divide StockNo {IOF00}
[23232] 2025/11/20 10:05:50.299 Add Basket MarketNo：2 StockIdx：1306
[23232] 2025/11/20 10:05:50.299 Divide StockNo {IPF00}
[23232] 2025/11/20 10:05:50.299 Add Basket MarketNo：2 StockIdx：1312
[23232] 2025/11/20 10:05:50.299 Divide StockNo {IQF00}
[23232] 2025/11/20 10:05:50.299 Add Basket MarketNo：2 StockIdx：1318
[23232] 2025/11/20 10:05:50.299 Divide StockNo {IRF00}
[23232] 2025/11/20 10:05:50.299 Add Basket MarketNo：2 StockIdx：1324
[23232] 2025/11/20 10:05:50.299 Divide StockNo {ITF00}
[23232] 2025/11/20 10:05:50.299 Add Basket MarketNo：2 StockIdx：1334
[23232] 2025/11/20 10:05:50.299 Divide StockNo {IXF00}
[23232] 2025/11/20 10:05:50.300 Add Basket MarketNo：2 StockIdx：1340
[23232] 2025/11/20 10:05:50.300 Divide StockNo {IYF00}
[23232] 2025/11/20 10:05:50.300 Add Basket MarketNo：2 StockIdx：1346
[23232] 2025/11/20 10:05:50.300 Divide StockNo {IZF00}
[23232] 2025/11/20 10:05:50.300 Add Basket MarketNo：2 StockIdx：1352
[23232] 2025/11/20 10:05:50.300 Divide StockNo {JBF00}
[23232] 2025/11/20 10:05:50.300 Add Basket MarketNo：2 StockIdx：1358
[23232] 2025/11/20 10:05:50.300 Divide StockNo {JFF00}
[23232] 2025/11/20 10:05:50.300 Add Basket MarketNo：2 StockIdx：1364
[23232] 2025/11/20 10:05:50.300 Divide StockNo {JMF00}
[23232] 2025/11/20 10:05:50.300 Add Basket MarketNo：2 StockIdx：1370
[23232] 2025/11/20 10:05:50.300 Divide StockNo {JNF00}
[23232] 2025/11/20 10:05:50.300 Add Basket MarketNo：2 StockIdx：1376
[23232] 2025/11/20 10:05:50.300 Divide StockNo {JPF00}
[23232] 2025/11/20 10:05:50.300 Add Basket MarketNo：2 StockIdx：1382
[23232] 2025/11/20 10:05:50.300 Divide StockNo {JSF00}
[23232] 2025/11/20 10:05:50.300 Add Basket MarketNo：2 StockIdx：1388
[23232] 2025/11/20 10:05:50.300 Divide StockNo {JWF00}
[23232] 2025/11/20 10:05:50.300 Add Basket MarketNo：2 StockIdx：1394
[23232] 2025/11/20 10:05:50.300 Divide StockNo {JXF00}
[23232] 2025/11/20 10:05:50.300 Add Basket MarketNo：2 StockIdx：1400
[23232] 2025/11/20 10:05:50.300 Divide StockNo {JZF00}
[23232] 2025/11/20 10:05:50.300 Add Basket MarketNo：2 StockIdx：1406
[23232] 2025/11/20 10:05:50.300 Divide StockNo {KAF00}
[23232] 2025/11/20 10:05:50.300 Add Basket MarketNo：2 StockIdx：1412
[23232] 2025/11/20 10:05:50.300 Divide StockNo {KBF00}
[23232] 2025/11/20 10:05:50.300 Add Basket MarketNo：2 StockIdx：1418
[23232] 2025/11/20 10:05:50.300 Divide StockNo {KCF00}
[23232] 2025/11/20 10:05:50.300 Add Basket MarketNo：2 StockIdx：1424
[23232] 2025/11/20 10:05:50.300 Divide StockNo {KDF00}
[23232] 2025/11/20 10:05:50.300 Add Basket MarketNo：2 StockIdx：1430
[23232] 2025/11/20 10:05:50.300 Divide StockNo {KEF00}
[23232] 2025/11/20 10:05:50.300 Add Basket MarketNo：2 StockIdx：1436
[23232] 2025/11/20 10:05:50.300 Divide StockNo {KFF00}
[23232] 2025/11/20 10:05:50.300 Add Basket MarketNo：2 StockIdx：1442
[23232] 2025/11/20 10:05:50.300 Divide StockNo {KGF00}
[23232] 2025/11/20 10:05:50.300 Add Basket MarketNo：2 StockIdx：1448
[23232] 2025/11/20 10:05:50.300 Divide StockNo {KIF00}
[23232] 2025/11/20 10:05:50.300 Add Basket MarketNo：2 StockIdx：1454
[23232] 2025/11/20 10:05:50.300 Divide StockNo {KKF00}
[23232] 2025/11/20 10:05:50.300 Add Basket MarketNo：2 StockIdx：1460
[23232] 2025/11/20 10:05:50.300 Divide StockNo {KLF00}
[23232] 2025/11/20 10:05:50.300 Add Basket MarketNo：2 StockIdx：1466
[23232] 2025/11/20 10:05:50.300 Divide StockNo {KOF00}
[23232] 2025/11/20 10:05:50.300 Add Basket MarketNo：2 StockIdx：1472
[23232] 2025/11/20 10:05:50.300 Divide StockNo {KPF00}
[23232] 2025/11/20 10:05:50.300 Add Basket MarketNo：2 StockIdx：1478
[23232] 2025/11/20 10:05:50.300 Divide StockNo {KSF00}
[23232] 2025/11/20 10:05:50.300 Add Basket MarketNo：2 StockIdx：1484
[23232] 2025/11/20 10:05:50.300 Divide StockNo {KUF00}
[23232] 2025/11/20 10:05:50.300 Add Basket MarketNo：2 StockIdx：1490
[23232] 2025/11/20 10:05:50.300 Divide StockNo {KWF00}
[23232] 2025/11/20 10:05:50.300 Add Basket MarketNo：2 StockIdx：1496
[23232] 2025/11/20 10:05:50.300 Divide StockNo {LBF00}
[23232] 2025/11/20 10:05:50.300 Add Basket MarketNo：2 StockIdx：1502
[23232] 2025/11/20 10:05:50.300 Divide StockNo {LCF00}
[23232] 2025/11/20 10:05:50.300 Add Basket MarketNo：2 StockIdx：1508
[23232] 2025/11/20 10:05:50.300 Divide StockNo {LEF00}
[23232] 2025/11/20 10:05:50.300 Add Basket MarketNo：2 StockIdx：1514
[23232] 2025/11/20 10:05:50.300 Divide StockNo {LIF00}
[23232] 2025/11/20 10:05:50.300 Add Basket MarketNo：2 StockIdx：1520
[23232] 2025/11/20 10:05:50.300 Divide StockNo {LMF00}
[23232] 2025/11/20 10:05:50.300 Add Basket MarketNo：2 StockIdx：1526
[23232] 2025/11/20 10:05:50.300 Divide StockNo {LOF00}
[23232] 2025/11/20 10:05:50.300 Add Basket MarketNo：2 StockIdx：1532
[23232] 2025/11/20 10:05:50.301 Divide StockNo {LQF00}
[23232] 2025/11/20 10:05:50.301 Add Basket MarketNo：2 StockIdx：1538
[23232] 2025/11/20 10:05:50.301 Divide StockNo {LRF00}
[23232] 2025/11/20 10:05:50.301 Add Basket MarketNo：2 StockIdx：1544
[23232] 2025/11/20 10:05:50.301 Divide StockNo {LTF00}
[23232] 2025/11/20 10:05:50.301 Add Basket MarketNo：2 StockIdx：1553
[23232] 2025/11/20 10:05:50.301 Divide StockNo {LUF00}
[23232] 2025/11/20 10:05:50.301 Add Basket MarketNo：2 StockIdx：1559
[23232] 2025/11/20 10:05:50.301 Divide StockNo {LVF00}
[23232] 2025/11/20 10:05:50.301 Add Basket MarketNo：2 StockIdx：1565
[23232] 2025/11/20 10:05:50.301 Divide StockNo {LWF00}
[23232] 2025/11/20 10:05:50.301 Add Basket MarketNo：2 StockIdx：1574
[23232] 2025/11/20 10:05:50.301 Divide StockNo {LXF00}
[23232] 2025/11/20 10:05:50.301 Add Basket MarketNo：2 StockIdx：1580
[23232] 2025/11/20 10:05:50.301 Divide StockNo {LYF00}
[23232] 2025/11/20 10:05:50.301 Add Basket MarketNo：2 StockIdx：1587
[23232] 2025/11/20 10:05:50.301 Divide StockNo {MAF00}
[23232] 2025/11/20 10:05:50.301 Add Basket MarketNo：2 StockIdx：1593
[23232] 2025/11/20 10:05:50.301 Divide StockNo {MBF00}
[23232] 2025/11/20 10:05:50.301 Add Basket MarketNo：2 StockIdx：1596
[23232] 2025/11/20 10:05:50.301 Divide StockNo {MJF00}
[23232] 2025/11/20 10:05:50.301 Add Basket MarketNo：2 StockIdx：1602
[23232] 2025/11/20 10:05:50.301 Divide StockNo {MKF00}
[23232] 2025/11/20 10:05:50.301 Add Basket MarketNo：2 StockIdx：1608
[23232] 2025/11/20 10:05:50.301 Divide StockNo {MQF00}
[23232] 2025/11/20 10:05:50.301 Add Basket MarketNo：2 StockIdx：1614
[23232] 2025/11/20 10:05:50.301 Divide StockNo {MVF00}
[23232] 2025/11/20 10:05:50.301 Add Basket MarketNo：2 StockIdx：1620
[23232] 2025/11/20 10:05:50.301 Divide StockNo {MYF00}
[23232] 2025/11/20 10:05:50.301 Add Basket MarketNo：2 StockIdx：1626
[23232] 2025/11/20 10:05:50.301 Divide StockNo {NAF00}
[23232] 2025/11/20 10:05:50.301 Add Basket MarketNo：2 StockIdx：1632
[23232] 2025/11/20 10:05:50.301 Divide StockNo {NBF00}
[23232] 2025/11/20 10:05:50.301 Add Basket MarketNo：2 StockIdx：1638
[23232] 2025/11/20 10:05:50.301 Divide StockNo {NDF00}
[23232] 2025/11/20 10:05:50.301 Add Basket MarketNo：2 StockIdx：1644
[23232] 2025/11/20 10:05:50.301 Divide StockNo {NEF00}
[23232] 2025/11/20 10:05:50.301 Add Basket MarketNo：2 StockIdx：1650
[23232] 2025/11/20 10:05:50.301 Divide StockNo {NGF00}
[23232] 2025/11/20 10:05:50.301 Add Basket MarketNo：2 StockIdx：1656
[23232] 2025/11/20 10:05:50.301 Divide StockNo {NIF00}
[23232] 2025/11/20 10:05:50.301 Add Basket MarketNo：2 StockIdx：1662
[23232] 2025/11/20 10:05:50.301 Divide StockNo {NJF00}
[23232] 2025/11/20 10:05:50.301 Add Basket MarketNo：2 StockIdx：1668
[23232] 2025/11/20 10:05:50.301 Divide StockNo {NLF00}
[23232] 2025/11/20 10:05:50.301 Add Basket MarketNo：2 StockIdx：1674
[23232] 2025/11/20 10:05:50.301 Divide StockNo {NMF00}
[23232] 2025/11/20 10:05:50.301 Add Basket MarketNo：2 StockIdx：1680
[23232] 2025/11/20 10:05:50.301 Divide StockNo {NOF00}
[23232] 2025/11/20 10:05:50.301 Add Basket MarketNo：2 StockIdx：1686
[23232] 2025/11/20 10:05:50.301 Divide StockNo {NQF00}
[23232] 2025/11/20 10:05:50.301 Add Basket MarketNo：2 StockIdx：1692
[23232] 2025/11/20 10:05:50.301 Divide StockNo {NSF00}
[23232] 2025/11/20 10:05:50.301 Add Basket MarketNo：2 StockIdx：1698
[23232] 2025/11/20 10:05:50.301 Divide StockNo {NUF00}
[23232] 2025/11/20 10:05:50.301 Add Basket MarketNo：2 StockIdx：1704
[23232] 2025/11/20 10:05:50.301 Divide StockNo {NVF00}
[23232] 2025/11/20 10:05:50.301 Add Basket MarketNo：2 StockIdx：1710
[23232] 2025/11/20 10:05:50.301 Divide StockNo {NWF00}
[23232] 2025/11/20 10:05:50.301 Add Basket MarketNo：2 StockIdx：1716
[23232] 2025/11/20 10:05:50.301 Divide StockNo {NYF00}
[23232] 2025/11/20 10:05:50.301 Add Basket MarketNo：2 StockIdx：132
[23232] 2025/11/20 10:05:50.301 Divide StockNo {OAF00}
[23232] 2025/11/20 10:05:50.301 Add Basket MarketNo：2 StockIdx：1728
[23232] 2025/11/20 10:05:50.301 Divide StockNo {OBF00}
[23232] 2025/11/20 10:05:50.302 Add Basket MarketNo：2 StockIdx：1734
[23232] 2025/11/20 10:05:50.302 Divide StockNo {ODF00}
[23232] 2025/11/20 10:05:50.302 Add Basket MarketNo：2 StockIdx：1740
[23232] 2025/11/20 10:05:50.302 Divide StockNo {OEF00}
[23232] 2025/11/20 10:05:50.302 Add Basket MarketNo：2 StockIdx：1746
[23232] 2025/11/20 10:05:50.302 Divide StockNo {OHF00}
[23232] 2025/11/20 10:05:50.302 Add Basket MarketNo：2 StockIdx：1752
[23232] 2025/11/20 10:05:50.302 Divide StockNo {OJF00}
[23232] 2025/11/20 10:05:50.302 Add Basket MarketNo：2 StockIdx：1758
[23232] 2025/11/20 10:05:50.302 Divide StockNo {OKF00}
[23232] 2025/11/20 10:05:50.302 Add Basket MarketNo：2 StockIdx：1764
[23232] 2025/11/20 10:05:50.302 Divide StockNo {OLF00}
[23232] 2025/11/20 10:05:50.302 Add Basket MarketNo：2 StockIdx：1770
[23232] 2025/11/20 10:05:50.302 Divide StockNo {OMF00}
[23232] 2025/11/20 10:05:50.302 Add Basket MarketNo：2 StockIdx：1776
[23232] 2025/11/20 10:05:50.302 Divide StockNo {OOF00}
[23232] 2025/11/20 10:05:50.302 Add Basket MarketNo：2 StockIdx：1782
[23232] 2025/11/20 10:05:50.302 Divide StockNo {OPF00}
[23232] 2025/11/20 10:05:50.302 Add Basket MarketNo：2 StockIdx：1788
[23232] 2025/11/20 10:05:50.302 Divide StockNo {OQF00}
[23232] 2025/11/20 10:05:50.302 Add Basket MarketNo：2 StockIdx：1794
[23232] 2025/11/20 10:05:50.302 Divide StockNo {ORF00}
[23232] 2025/11/20 10:05:50.302 Add Basket MarketNo：2 StockIdx：1800
[23232] 2025/11/20 10:05:50.302 Divide StockNo {OSF00}
[23232] 2025/11/20 10:05:50.302 Add Basket MarketNo：2 StockIdx：1806
[23232] 2025/11/20 10:05:50.302 Divide StockNo {OTF00}
[23232] 2025/11/20 10:05:50.302 Add Basket MarketNo：2 StockIdx：1812
[23232] 2025/11/20 10:05:50.302 Divide StockNo {OUF00}
[23232] 2025/11/20 10:05:50.302 Add Basket MarketNo：2 StockIdx：1818
[23232] 2025/11/20 10:05:50.302 Divide StockNo {OVF00}
[23232] 2025/11/20 10:05:50.302 Add Basket MarketNo：2 StockIdx：1824
[23232] 2025/11/20 10:05:50.302 Divide StockNo {OWF00}
[23232] 2025/11/20 10:05:50.302 Add Basket MarketNo：2 StockIdx：1830
[23232] 2025/11/20 10:05:50.302 Divide StockNo {OXF00}
[23232] 2025/11/20 10:05:50.302 Add Basket MarketNo：2 StockIdx：1836
[23232] 2025/11/20 10:05:50.302 Divide StockNo {OYF00}
[23232] 2025/11/20 10:05:50.302 Add Basket MarketNo：2 StockIdx：1842
[23232] 2025/11/20 10:05:50.302 Divide StockNo {OZF00}
[23232] 2025/11/20 10:05:50.302 Add Basket MarketNo：2 StockIdx：1848
[23232] 2025/11/20 10:05:50.302 Divide StockNo {PAF00}
[23232] 2025/11/20 10:05:50.302 Add Basket MarketNo：2 StockIdx：1854
[23232] 2025/11/20 10:05:50.302 Divide StockNo {PBF00}
[23232] 2025/11/20 10:05:50.302 Add Basket MarketNo：2 StockIdx：1860
[23232] 2025/11/20 10:05:50.302 Divide StockNo {PCF00}
[23232] 2025/11/20 10:05:50.302 Add Basket MarketNo：2 StockIdx：1866
[23232] 2025/11/20 10:05:50.302 Divide StockNo {PDF00}
[23232] 2025/11/20 10:05:50.302 Add Basket MarketNo：2 StockIdx：1872
[23232] 2025/11/20 10:05:50.302 Divide StockNo {PEF00}
[23232] 2025/11/20 10:05:50.302 Add Basket MarketNo：2 StockIdx：1878
[23232] 2025/11/20 10:05:50.302 Divide StockNo {PFF00}
[23232] 2025/11/20 10:05:50.302 Add Basket MarketNo：2 StockIdx：1884
[23232] 2025/11/20 10:05:50.302 Divide StockNo {PGF00}
[23232] 2025/11/20 10:05:50.302 Add Basket MarketNo：2 StockIdx：1890
[23232] 2025/11/20 10:05:50.302 Divide StockNo {PHF00}
[23232] 2025/11/20 10:05:50.302 Add Basket MarketNo：2 StockIdx：1896
[23232] 2025/11/20 10:05:50.302 Divide StockNo {PIF00}
[23232] 2025/11/20 10:05:50.302 Add Basket MarketNo：2 StockIdx：1902
[23232] 2025/11/20 10:05:50.302 Divide StockNo {PJF00}
[23232] 2025/11/20 10:05:50.303 Add Basket MarketNo：2 StockIdx：1908
[23232] 2025/11/20 10:05:50.303 Divide StockNo {PKF00}
[23232] 2025/11/20 10:05:50.303 Add Basket MarketNo：2 StockIdx：1914
[23232] 2025/11/20 10:05:50.303 Divide StockNo {PLF00}
[23232] 2025/11/20 10:05:50.303 Add Basket MarketNo：2 StockIdx：1920
[23232] 2025/11/20 10:05:50.303 Divide StockNo {PMF00}
[23232] 2025/11/20 10:05:50.303 Add Basket MarketNo：2 StockIdx：1926
[23232] 2025/11/20 10:05:50.303 Divide StockNo {PNF00}
[23232] 2025/11/20 10:05:50.303 Add Basket MarketNo：2 StockIdx：1932
[23232] 2025/11/20 10:05:50.303 Divide StockNo {PPF00}
[23232] 2025/11/20 10:05:50.303 Add Basket MarketNo：2 StockIdx：1938
[23232] 2025/11/20 10:05:50.303 Divide StockNo {PQF00}
[23232] 2025/11/20 10:05:50.303 Add Basket MarketNo：2 StockIdx：1944
[23232] 2025/11/20 10:05:50.303 Divide StockNo {PRF00}
[23232] 2025/11/20 10:05:50.303 Add Basket MarketNo：2 StockIdx：1950
[23232] 2025/11/20 10:05:50.303 Divide StockNo {PSF00}
[23232] 2025/11/20 10:05:50.303 Add Basket MarketNo：2 StockIdx：1956
[23232] 2025/11/20 10:05:50.303 Divide StockNo {PTF00}
[23232] 2025/11/20 10:05:50.303 Add Basket MarketNo：2 StockIdx：1964
[23232] 2025/11/20 10:05:50.303 Divide StockNo {PUF00}
[23232] 2025/11/20 10:05:50.303 Add Basket MarketNo：2 StockIdx：1970
[23232] 2025/11/20 10:05:50.303 Divide StockNo {PVF00}
[23232] 2025/11/20 10:05:50.303 Add Basket MarketNo：2 StockIdx：1976
[23232] 2025/11/20 10:05:50.303 Divide StockNo {PWF00}
[23232] 2025/11/20 10:05:50.303 Add Basket MarketNo：2 StockIdx：1982
[23232] 2025/11/20 10:05:50.303 Divide StockNo {PXF00}
[23232] 2025/11/20 10:05:50.303 Add Basket MarketNo：2 StockIdx：1988
[23232] 2025/11/20 10:05:50.303 Divide StockNo {PYF00}
[23232] 2025/11/20 10:05:50.303 Add Basket MarketNo：2 StockIdx：1994
[23232] 2025/11/20 10:05:50.303 Divide StockNo {PZF00}
[23232] 2025/11/20 10:05:50.303 Add Basket MarketNo：2 StockIdx：2000
[23232] 2025/11/20 10:05:50.303 Divide StockNo {QAF00}
[23232] 2025/11/20 10:05:50.303 Add Basket MarketNo：2 StockIdx：2006
[23232] 2025/11/20 10:05:50.303 Divide StockNo {QBF00}
[23232] 2025/11/20 10:05:50.303 Add Basket MarketNo：2 StockIdx：2012
[23232] 2025/11/20 10:05:50.303 Divide StockNo {QCF00}
[23232] 2025/11/20 10:05:50.303 Add Basket MarketNo：2 StockIdx：2018
[23232] 2025/11/20 10:05:50.303 Divide StockNo {QDF00}
[23232] 2025/11/20 10:05:50.303 Add Basket MarketNo：2 StockIdx：2024
[23232] 2025/11/20 10:05:50.303 Divide StockNo {QEF00}
[23232] 2025/11/20 10:05:50.303 Add Basket MarketNo：2 StockIdx：2030
[23232] 2025/11/20 10:05:50.303 Divide StockNo {QFF00}
[23232] 2025/11/20 10:05:50.303 Add Basket MarketNo：2 StockIdx：138
[23232] 2025/11/20 10:05:50.303 Divide StockNo {QGF00}
[23232] 2025/11/20 10:05:50.303 Add Basket MarketNo：2 StockIdx：2044
[23232] 2025/11/20 10:05:50.303 Divide StockNo {QHF00}
[23232] 2025/11/20 10:05:50.303 Add Basket MarketNo：2 StockIdx：2050
[23232] 2025/11/20 10:05:50.303 Divide StockNo {QIF00}
[23232] 2025/11/20 10:05:50.303 Add Basket MarketNo：2 StockIdx：2056
[23232] 2025/11/20 10:05:50.303 Divide StockNo {QJF00}
[23232] 2025/11/20 10:05:50.303 Add Basket MarketNo：2 StockIdx：2060
[23232] 2025/11/20 10:05:50.303 Divide StockNo {QKF00}
[23232] 2025/11/20 10:05:50.303 Add Basket MarketNo：2 StockIdx：2066
[23232] 2025/11/20 10:05:50.303 Divide StockNo {QLF00}
[23232] 2025/11/20 10:05:50.303 Add Basket MarketNo：2 StockIdx：2072
[23232] 2025/11/20 10:05:50.303 Divide StockNo {QMF00}
[23232] 2025/11/20 10:05:50.303 Add Basket MarketNo：2 StockIdx：2078
[23232] 2025/11/20 10:05:50.303 Divide StockNo {QNF00}
[23232] 2025/11/20 10:05:50.303 Add Basket MarketNo：2 StockIdx：2084
[23232] 2025/11/20 10:05:50.303 Divide StockNo {QOF00}
[23232] 2025/11/20 10:05:50.303 Add Basket MarketNo：2 StockIdx：2090
[23232] 2025/11/20 10:05:50.303 Divide StockNo {QPF00}
[23232] 2025/11/20 10:05:50.303 Add Basket MarketNo：2 StockIdx：2096
[23232] 2025/11/20 10:05:50.303 Divide StockNo {QQF00}
[23232] 2025/11/20 10:05:50.303 Add Basket MarketNo：2 StockIdx：2102
[23232] 2025/11/20 10:05:50.304 Divide StockNo {QRF00}
[23232] 2025/11/20 10:05:50.304 Add Basket MarketNo：2 StockIdx：2108
[23232] 2025/11/20 10:05:50.304 Divide StockNo {QSF00}
[23232] 2025/11/20 10:05:50.304 Add Basket MarketNo：2 StockIdx：2114
[23232] 2025/11/20 10:05:50.304 Divide StockNo {QTF00}
[23232] 2025/11/20 10:05:50.304 Add Basket MarketNo：2 StockIdx：2120
[23232] 2025/11/20 10:05:50.304 Divide StockNo {QUF00}
[23232] 2025/11/20 10:05:50.304 Add Basket MarketNo：2 StockIdx：2126
[23232] 2025/11/20 10:05:50.304 Divide StockNo {QVF00}
[23232] 2025/11/20 10:05:50.304 Add Basket MarketNo：2 StockIdx：2132
[23232] 2025/11/20 10:05:50.304 Divide StockNo {QWF00}
[23232] 2025/11/20 10:05:50.304 Add Basket MarketNo：2 StockIdx：2138
[23232] 2025/11/20 10:05:50.304 Divide StockNo {QXF00}
[23232] 2025/11/20 10:05:50.304 Add Basket MarketNo：2 StockIdx：2144
[23232] 2025/11/20 10:05:50.304 Divide StockNo {QYF00}
[23232] 2025/11/20 10:05:50.304 Add Basket MarketNo：2 StockIdx：2150
[23232] 2025/11/20 10:05:50.304 Divide StockNo {QZF00}
[23232] 2025/11/20 10:05:50.304 Add Basket MarketNo：2 StockIdx：2156
[23232] 2025/11/20 10:05:50.304 Divide StockNo {RAF00}
[23232] 2025/11/20 10:05:50.304 Add Basket MarketNo：2 StockIdx：2162
[23232] 2025/11/20 10:05:50.304 Divide StockNo {RBF00}
[23232] 2025/11/20 10:05:50.304 Add Basket MarketNo：2 StockIdx：2168
[23232] 2025/11/20 10:05:50.304 Divide StockNo {RCF00}
[23232] 2025/11/20 10:05:50.304 Add Basket MarketNo：2 StockIdx：2174
[23232] 2025/11/20 10:05:50.304 Divide StockNo {RDF00}
[23232] 2025/11/20 10:05:50.304 Add Basket MarketNo：2 StockIdx：2180
[23232] 2025/11/20 10:05:50.304 Divide StockNo {REF00}
[23232] 2025/11/20 10:05:50.304 Add Basket MarketNo：2 StockIdx：2186
[23232] 2025/11/20 10:05:50.304 Divide StockNo {RFF00}
[23232] 2025/11/20 10:05:50.304 Add Basket MarketNo：2 StockIdx：2192
[23232] 2025/11/20 10:05:50.304 Divide StockNo {RGF00}
[23232] 2025/11/20 10:05:50.304 Add Basket MarketNo：2 StockIdx：2198
[23232] 2025/11/20 10:05:50.304 Divide StockNo {RIF00}
[23232] 2025/11/20 10:05:50.304 Add Basket MarketNo：2 StockIdx：2204
[23232] 2025/11/20 10:05:50.304 Divide StockNo {RJF00}
[23232] 2025/11/20 10:05:50.304 Add Basket MarketNo：2 StockIdx：2210
[23232] 2025/11/20 10:05:50.304 Divide StockNo {RKF00}
[23232] 2025/11/20 10:05:50.304 Add Basket MarketNo：2 StockIdx：2216
[23232] 2025/11/20 10:05:50.304 Divide StockNo {RLF00}
[23232] 2025/11/20 10:05:50.304 Add Basket MarketNo：2 StockIdx：2222
[23232] 2025/11/20 10:05:50.304 Divide StockNo {RMF00}
[23232] 2025/11/20 10:05:50.304 Stock Is Not Exist 
[23232] 2025/11/20 10:05:50.304 Divide StockNo {RNF00}
[23232] 2025/11/20 10:05:50.304 Add Basket MarketNo：2 StockIdx：2228
[23232] 2025/11/20 10:05:50.304 Divide StockNo {ROF00}
[23232] 2025/11/20 10:05:50.304 Add Basket MarketNo：2 StockIdx：2234
[23232] 2025/11/20 10:05:50.304 Divide StockNo {RPF00}
[23232] 2025/11/20 10:05:50.304 Add Basket MarketNo：2 StockIdx：2240
[23232] 2025/11/20 10:05:50.304 Divide StockNo {RQF00}
[23232] 2025/11/20 10:05:50.305 Stock Is Not Exist 
[23232] 2025/11/20 10:05:50.305 Divide StockNo {RRF00}
[23232] 2025/11/20 10:05:50.305 Add Basket MarketNo：2 StockIdx：2248
[23232] 2025/11/20 10:05:50.305 Divide StockNo {RSF00}
[23232] 2025/11/20 10:05:50.305 Add Basket MarketNo：2 StockIdx：2254
[23232] 2025/11/20 10:05:50.305 Divide StockNo {RUF00}
[23232] 2025/11/20 10:05:50.305 Add Basket MarketNo：2 StockIdx：2260
[23232] 2025/11/20 10:05:50.305 Divide StockNo {RVF00}
[23232] 2025/11/20 10:05:50.305 Add Basket MarketNo：2 StockIdx：2266
[23232] 2025/11/20 10:05:50.305 Divide StockNo {RWF00}
[23232] 2025/11/20 10:05:50.305 Add Basket MarketNo：2 StockIdx：2272
[23232] 2025/11/20 10:05:50.305 Divide StockNo {RXF00}
[23232] 2025/11/20 10:05:50.305 Add Basket MarketNo：2 StockIdx：2278
[23232] 2025/11/20 10:05:50.305 Divide StockNo {RYF00}
[23232] 2025/11/20 10:05:50.305 Add Basket MarketNo：2 StockIdx：2284
[23232] 2025/11/20 10:05:50.305 Divide StockNo {RZF00}
[23232] 2025/11/20 10:05:50.305 Add Basket MarketNo：2 StockIdx：144
[23232] 2025/11/20 10:05:50.305 Divide StockNo {SAF00}
[23232] 2025/11/20 10:05:50.305 Add Basket MarketNo：2 StockIdx：2296
[23232] 2025/11/20 10:05:50.305 Divide StockNo {SBF00}
[23232] 2025/11/20 10:05:50.305 Add Basket MarketNo：2 StockIdx：2302
[23232] 2025/11/20 10:05:50.305 Divide StockNo {SCF00}
[23232] 2025/11/20 10:05:50.305 Add Basket MarketNo：2 StockIdx：2308
[23232] 2025/11/20 10:05:50.305 Divide StockNo {SDF00}
[23232] 2025/11/20 10:05:50.305 Add Basket MarketNo：2 StockIdx：2314
[23232] 2025/11/20 10:05:50.305 Divide StockNo {SEF00}
[23232] 2025/11/20 10:05:50.305 Add Basket MarketNo：2 StockIdx：2320
[23232] 2025/11/20 10:05:50.305 Divide StockNo {SFF00}
[23232] 2025/11/20 10:05:50.305 Add Basket MarketNo：2 StockIdx：2326
[23232] 2025/11/20 10:05:50.305 Divide StockNo {SGF00}
[23232] 2025/11/20 10:05:50.305 Add Basket MarketNo：2 StockIdx：2332
[23232] 2025/11/20 10:05:50.305 Divide StockNo {SIF00}
[23232] 2025/11/20 10:05:50.305 Add Basket MarketNo：2 StockIdx：2338
[23232] 2025/11/20 10:05:50.305 Divide StockNo {SJF00}
[23232] 2025/11/20 10:05:50.305 Add Basket MarketNo：2 StockIdx：2344
[23232] 2025/11/20 10:05:50.305 Divide StockNo {SKF00}
[23232] 2025/11/20 10:05:50.305 Add Basket MarketNo：2 StockIdx：2350
[23232] 2025/11/20 10:05:50.305 Divide StockNo {SLF00}
[23232] 2025/11/20 10:05:50.305 Add Basket MarketNo：2 StockIdx：2356
[23232] 2025/11/20 10:05:50.306 Divide StockNo {SMF00}
[23232] 2025/11/20 10:05:50.306 Add Basket MarketNo：2 StockIdx：2362
[23232] 2025/11/20 10:05:50.306 Divide StockNo {SNF00}
[23232] 2025/11/20 10:05:50.306 Add Basket MarketNo：2 StockIdx：2368
[23232] 2025/11/20 10:05:50.306 Divide StockNo {SQF00}
[23232] 2025/11/20 10:05:50.306 Add Basket MarketNo：2 StockIdx：2374
[23232] 2025/11/20 10:05:50.306 Divide StockNo {SRF00}
[23232] 2025/11/20 10:05:50.306 Add Basket MarketNo：2 StockIdx：150
[23232] 2025/11/20 10:05:50.306 Divide StockNo {SSF00}
[23232] 2025/11/20 10:05:50.306 Add Basket MarketNo：2 StockIdx：2388
[23232] 2025/11/20 10:05:50.306 Divide StockNo {SUF00}
[23232] 2025/11/20 10:05:50.306 Add Basket MarketNo：2 StockIdx：2394
[23232] 2025/11/20 10:05:50.306 Divide StockNo {SVF00}
[23232] 2025/11/20 10:05:50.306 Add Basket MarketNo：2 StockIdx：2400
[23232] 2025/11/20 10:05:50.306 Divide StockNo {SWF00}
[23232] 2025/11/20 10:05:50.306 Add Basket MarketNo：2 StockIdx：2406
[23232] 2025/11/20 10:05:50.306 Divide StockNo {SYF00}
[23232] 2025/11/20 10:05:50.306 Add Basket MarketNo：2 StockIdx：2412
[23232] 2025/11/20 10:05:50.306 Divide StockNo {SZF00}
[23232] 2025/11/20 10:05:50.306 Add Basket MarketNo：2 StockIdx：2418
[23232] 2025/11/20 10:05:50.306 Divide StockNo {UAF00}
[23232] 2025/11/20 10:05:50.306 Add Basket MarketNo：2 StockIdx：2424
[23232] 2025/11/20 10:05:50.306 Divide StockNo {UBF00}
[23232] 2025/11/20 10:05:50.306 Add Basket MarketNo：2 StockIdx：2430
[23232] 2025/11/20 10:05:50.306 Divide StockNo {UCF00}
[23232] 2025/11/20 10:05:50.306 Add Basket MarketNo：2 StockIdx：2436
[23232] 2025/11/20 10:05:50.306 Divide StockNo {UEF00}
[23232] 2025/11/20 10:05:50.306 Add Basket MarketNo：2 StockIdx：2442
[23232] 2025/11/20 10:05:50.306 Divide StockNo {UFF00}
[23232] 2025/11/20 10:05:50.306 Add Basket MarketNo：2 StockIdx：2448
[23232] 2025/11/20 10:05:50.306 Divide StockNo {UGF00}
[23232] 2025/11/20 10:05:50.306 Add Basket MarketNo：2 StockIdx：2454
[23232] 2025/11/20 10:05:50.306 Divide StockNo {UHF00}
[23232] 2025/11/20 10:05:50.306 Add Basket MarketNo：2 StockIdx：2460
[23232] 2025/11/20 10:05:50.306 Divide StockNo {UIF00}
[23232] 2025/11/20 10:05:50.306 Add Basket MarketNo：2 StockIdx：2466
[23232] 2025/11/20 10:05:50.306 Divide StockNo {UJF00}
[23232] 2025/11/20 10:05:50.306 Add Basket MarketNo：2 StockIdx：2472
[23232] 2025/11/20 10:05:50.306 Divide StockNo {UKF00}
[23232] 2025/11/20 10:05:50.306 Add Basket MarketNo：2 StockIdx：2478
[23232] 2025/11/20 10:05:50.306 Divide StockNo {ULF00}
[23232] 2025/11/20 10:05:50.306 Add Basket MarketNo：2 StockIdx：2484
[23232] 2025/11/20 10:05:50.306 Divide StockNo {UMF00}
[23232] 2025/11/20 10:05:50.306 Add Basket MarketNo：2 StockIdx：2490
[23232] 2025/11/20 10:05:50.306 Divide StockNo {UOF00}
[23232] 2025/11/20 10:05:50.306 Add Basket MarketNo：2 StockIdx：2496
[23232] 2025/11/20 10:05:50.306 Divide StockNo {UPF00}
[23232] 2025/11/20 10:05:50.306 Add Basket MarketNo：2 StockIdx：2502
[23232] 2025/11/20 10:05:50.306 Divide StockNo {UQF00}
[23232] 2025/11/20 10:05:50.306 Add Basket MarketNo：2 StockIdx：2508
[23232] 2025/11/20 10:05:50.306 Divide StockNo {URF00}
[23232] 2025/11/20 10:05:50.306 Add Basket MarketNo：2 StockIdx：2516
[23232] 2025/11/20 10:05:50.306 Divide StockNo {USF00}
[23232] 2025/11/20 10:05:50.306 Add Basket MarketNo：2 StockIdx：2522
[23232] 2025/11/20 10:05:50.306 Divide StockNo {UTF00}
[23232] 2025/11/20 10:05:50.306 Add Basket MarketNo：2 StockIdx：2528
[23232] 2025/11/20 10:05:50.306 Divide StockNo {UUF00}
[23232] 2025/11/20 10:05:50.306 Add Basket MarketNo：2 StockIdx：2534
[23232] 2025/11/20 10:05:50.306 Divide StockNo {UVF00}
[23232] 2025/11/20 10:05:50.306 Add Basket MarketNo：2 StockIdx：2540
[23232] 2025/11/20 10:05:50.306 Divide StockNo {UWF00}
[23232] 2025/11/20 10:05:50.306 Add Basket MarketNo：2 StockIdx：2546
[23232] 2025/11/20 10:05:50.306 Divide StockNo {0050}
[23232] 2025/11/20 10:05:50.306 Add Basket MarketNo：0 StockIdx：0
[23232] 2025/11/20 10:05:50.306 Divide StockNo {0056}
[23232] 2025/11/20 10:05:50.307 Add Basket MarketNo：0 StockIdx：4
[23232] 2025/11/20 10:05:50.307 Divide StockNo {006205}
[23232] 2025/11/20 10:05:50.307 Add Basket MarketNo：0 StockIdx：9
[23232] 2025/11/20 10:05:50.307 Divide StockNo {006206}
[23232] 2025/11/20 10:05:50.307 Add Basket MarketNo：0 StockIdx：10
[23232] 2025/11/20 10:05:50.307 Divide StockNo {00636}
[23232] 2025/11/20 10:05:50.307 Add Basket MarketNo：0 StockIdx：19
[23232] 2025/11/20 10:05:50.307 Divide StockNo {00639}
[23232] 2025/11/20 10:05:50.307 Add Basket MarketNo：0 StockIdx：23
[23232] 2025/11/20 10:05:50.307 Divide StockNo {00643}
[23232] 2025/11/20 10:05:50.307 Add Basket MarketNo：0 StockIdx：27
[23232] 2025/11/20 10:05:50.307 Divide StockNo {00679B}
[23232] 2025/11/20 10:05:50.307 Add Basket MarketNo：1 StockIdx：1
[23232] 2025/11/20 10:05:50.307 Divide StockNo {00687B}
[23232] 2025/11/20 10:05:50.307 Add Basket MarketNo：1 StockIdx：2
[23232] 2025/11/20 10:05:50.307 Divide StockNo {00719B}
[23232] 2025/11/20 10:05:50.307 Add Basket MarketNo：1 StockIdx：8
[23232] 2025/11/20 10:05:50.307 Divide StockNo {00757}
[23232] 2025/11/20 10:05:50.307 Add Basket MarketNo：0 StockIdx：97
[23232] 2025/11/20 10:05:50.307 Divide StockNo {00772B}
[23232] 2025/11/20 10:05:50.307 Add Basket MarketNo：1 StockIdx：32
[23232] 2025/11/20 10:05:50.307 Divide StockNo {00878}
[23232] 2025/11/20 10:05:50.307 Add Basket MarketNo：0 StockIdx：112
[23232] 2025/11/20 10:05:50.307 Divide StockNo {00885}
[23232] 2025/11/20 10:05:50.307 Add Basket MarketNo：0 StockIdx：115
[23232] 2025/11/20 10:05:50.307 Divide StockNo {00893}
[23232] 2025/11/20 10:05:50.307 Add Basket MarketNo：0 StockIdx：118
[23232] 2025/11/20 10:05:50.307 Divide StockNo {00919}
[23232] 2025/11/20 10:05:50.307 Add Basket MarketNo：0 StockIdx：142
[23232] 2025/11/20 10:05:50.307 Divide StockNo {00923}
[23232] 2025/11/20 10:05:50.307 Add Basket MarketNo：0 StockIdx：146
[23232] 2025/11/20 10:05:50.307 Divide StockNo {00929}
[23232] 2025/11/20 10:05:50.307 Add Basket MarketNo：0 StockIdx：150
[23232] 2025/11/20 10:05:50.307 Divide StockNo {00937B}
[23232] 2025/11/20 10:05:50.307 Add Basket MarketNo：1 StockIdx：82
[23232] 2025/11/20 10:05:50.307 Divide StockNo {00940}
[23232] 2025/11/20 10:05:50.307 Add Basket MarketNo：0 StockIdx：158
[23232] 2025/11/20 10:05:50.307 Divide StockNo {1101}
[23232] 2025/11/20 10:05:50.307 Add Basket MarketNo：0 StockIdx：33628
[23232] 2025/11/20 10:05:50.307 Divide StockNo {1102}
[23232] 2025/11/20 10:05:50.307 Add Basket MarketNo：0 StockIdx：33630
[23232] 2025/11/20 10:05:50.307 Divide StockNo {1210}
[23232] 2025/11/20 10:05:50.307 Add Basket MarketNo：0 StockIdx：33638
[23232] 2025/11/20 10:05:50.307 Divide StockNo {1216}
[23232] 2025/11/20 10:05:50.307 Add Basket MarketNo：0 StockIdx：33641
[23232] 2025/11/20 10:05:50.307 Divide StockNo {1301}
[23232] 2025/11/20 10:05:50.307 Add Basket MarketNo：0 StockIdx：33656
[23232] 2025/11/20 10:05:50.307 Divide StockNo {1303}
[23232] 2025/11/20 10:05:50.307 Add Basket MarketNo：0 StockIdx：33657
[23232] 2025/11/20 10:05:50.307 Divide StockNo {1312}
[23232] 2025/11/20 10:05:50.307 Add Basket MarketNo：0 StockIdx：33664
[23232] 2025/11/20 10:05:50.307 Divide StockNo {1314}
[23232] 2025/11/20 10:05:50.307 Add Basket MarketNo：0 StockIdx：33667
[23232] 2025/11/20 10:05:50.307 Divide StockNo {1319}
[23232] 2025/11/20 10:05:50.307 Add Basket MarketNo：0 StockIdx：33670
[23232] 2025/11/20 10:05:50.307 Divide StockNo {1326}
[23232] 2025/11/20 10:05:50.307 Add Basket MarketNo：0 StockIdx：33675
[23232] 2025/11/20 10:05:50.307 Divide StockNo {1402}
[23232] 2025/11/20 10:05:50.307 Add Basket MarketNo：0 StockIdx：33682
[23232] 2025/11/20 10:05:50.307 Divide StockNo {1440}
[23232] 2025/11/20 10:05:50.307 Add Basket MarketNo：0 StockIdx：33699
[23232] 2025/11/20 10:05:50.307 Divide StockNo {1476}
[23232] 2025/11/20 10:05:50.307 Add Basket MarketNo：0 StockIdx：33729
[23232] 2025/11/20 10:05:50.307 Divide StockNo {1477}
[23232] 2025/11/20 10:05:50.307 Add Basket MarketNo：0 StockIdx：33730
[23232] 2025/11/20 10:05:50.308 Divide StockNo {1503}
[23232] 2025/11/20 10:05:50.308 Add Basket MarketNo：0 StockIdx：33731
[23232] 2025/11/20 10:05:50.308 Divide StockNo {1504}
[23232] 2025/11/20 10:05:50.308 Add Basket MarketNo：0 StockIdx：33732
[23232] 2025/11/20 10:05:50.308 Divide StockNo {1513}
[23232] 2025/11/20 10:05:50.308 Add Basket MarketNo：0 StockIdx：33735
[23232] 2025/11/20 10:05:50.308 Divide StockNo {1536}
[23232] 2025/11/20 10:05:50.308 Add Basket MarketNo：0 StockIdx：33755
[23232] 2025/11/20 10:05:50.308 Divide StockNo {1565}
[23232] 2025/11/20 10:05:50.308 Add Basket MarketNo：1 StockIdx：140
[23232] 2025/11/20 10:05:50.308 Divide StockNo {1590}
[23232] 2025/11/20 10:05:50.308 Add Basket MarketNo：0 StockIdx：33769
[23232] 2025/11/20 10:05:50.308 Divide StockNo {1605}
[23232] 2025/11/20 10:05:50.308 Add Basket MarketNo：0 StockIdx：33774
[23232] 2025/11/20 10:05:50.308 Divide StockNo {1609}
[23232] 2025/11/20 10:05:50.308 Add Basket MarketNo：0 StockIdx：33776
[23232] 2025/11/20 10:05:50.308 Divide StockNo {1707}
[23232] 2025/11/20 10:05:50.308 Add Basket MarketNo：0 StockIdx：33786
[23232] 2025/11/20 10:05:50.308 Divide StockNo {1717}
[23232] 2025/11/20 10:05:50.308 Add Basket MarketNo：0 StockIdx：33794
[23232] 2025/11/20 10:05:50.308 Divide StockNo {1718}
[23232] 2025/11/20 10:05:50.308 Add Basket MarketNo：0 StockIdx：33795
[23232] 2025/11/20 10:05:50.308 Divide StockNo {1722}
[23232] 2025/11/20 10:05:50.308 Add Basket MarketNo：0 StockIdx：33798
[23232] 2025/11/20 10:05:50.308 Divide StockNo {1795}
[23232] 2025/11/20 10:05:50.308 Add Basket MarketNo：0 StockIdx：33819
[23232] 2025/11/20 10:05:50.308 Divide StockNo {1802}
[23232] 2025/11/20 10:05:50.308 Add Basket MarketNo：0 StockIdx：33820
[23232] 2025/11/20 10:05:50.308 Divide StockNo {1904}
[23232] 2025/11/20 10:05:50.308 Add Basket MarketNo：0 StockIdx：33827
[23232] 2025/11/20 10:05:50.308 Divide StockNo {1905}
[23232] 2025/11/20 10:05:50.308 Add Basket MarketNo：0 StockIdx：33828
[23232] 2025/11/20 10:05:50.308 Divide StockNo {1907}
[23232] 2025/11/20 10:05:50.308 Add Basket MarketNo：0 StockIdx：33830
[23232] 2025/11/20 10:05:50.308 Divide StockNo {1909}
[23232] 2025/11/20 10:05:50.308 Add Basket MarketNo：0 StockIdx：33831
[23232] 2025/11/20 10:05:50.308 Divide StockNo {2002}
[23232] 2025/11/20 10:05:50.308 Add Basket MarketNo：0 StockIdx：33832
[23232] 2025/11/20 10:05:50.308 Divide StockNo {2006}
[23232] 2025/11/20 10:05:50.308 Add Basket MarketNo：0 StockIdx：33834
[23232] 2025/11/20 10:05:50.308 Divide StockNo {2014}
[23232] 2025/11/20 10:05:50.308 Add Basket MarketNo：0 StockIdx：33841
[23232] 2025/11/20 10:05:50.308 Divide StockNo {2027}
[23232] 2025/11/20 10:05:50.308 Add Basket MarketNo：0 StockIdx：33849
[23232] 2025/11/20 10:05:50.308 Divide StockNo {2049}
[23232] 2025/11/20 10:05:50.308 Add Basket MarketNo：0 StockIdx：33858
[23232] 2025/11/20 10:05:50.308 Divide StockNo {2059}
[23232] 2025/11/20 10:05:50.308 Add Basket MarketNo：0 StockIdx：33859
[23232] 2025/11/20 10:05:50.308 Divide StockNo {2105}
[23232] 2025/11/20 10:05:50.308 Add Basket MarketNo：0 StockIdx：33866
[23232] 2025/11/20 10:05:50.308 Divide StockNo {2201}
[23232] 2025/11/20 10:05:50.308 Add Basket MarketNo：0 StockIdx：33873
[23232] 2025/11/20 10:05:50.308 Divide StockNo {2231}
[23232] 2025/11/20 10:05:50.308 Add Basket MarketNo：0 StockIdx：33881
[23232] 2025/11/20 10:05:50.308 Divide StockNo {2301}
[23232] 2025/11/20 10:05:50.308 Add Basket MarketNo：0 StockIdx：33892
[23232] 2025/11/20 10:05:50.308 Divide StockNo {2303}
[23232] 2025/11/20 10:05:50.308 Add Basket MarketNo：0 StockIdx：33894
[23232] 2025/11/20 10:05:50.308 Divide StockNo {2308}
[23232] 2025/11/20 10:05:50.308 Add Basket MarketNo：0 StockIdx：33896
[23232] 2025/11/20 10:05:50.308 Divide StockNo {2312}
[23232] 2025/11/20 10:05:50.308 Add Basket MarketNo：0 StockIdx：33897
[23232] 2025/11/20 10:05:50.308 Divide StockNo {2313}
[23232] 2025/11/20 10:05:50.308 Add Basket MarketNo：0 StockIdx：33898
[23232] 2025/11/20 10:05:50.308 Divide StockNo {2317}
[23232] 2025/11/20 10:05:50.308 Add Basket MarketNo：0 StockIdx：33901
[23232] 2025/11/20 10:05:50.308 Divide StockNo {2323}
[23232] 2025/11/20 10:05:50.309 Add Basket MarketNo：0 StockIdx：33903
[23232] 2025/11/20 10:05:50.309 Divide StockNo {2324}
[23232] 2025/11/20 10:05:50.309 Add Basket MarketNo：0 StockIdx：33904
[23232] 2025/11/20 10:05:50.309 Divide StockNo {2327}
[23232] 2025/11/20 10:05:50.309 Add Basket MarketNo：0 StockIdx：33905
[23232] 2025/11/20 10:05:50.309 Divide StockNo {2328}
[23232] 2025/11/20 10:05:50.309 Add Basket MarketNo：0 StockIdx：33906
[23232] 2025/11/20 10:05:50.309 Divide StockNo {2330}
[23232] 2025/11/20 10:05:50.309 Add Basket MarketNo：0 StockIdx：33908
[23232] 2025/11/20 10:05:50.309 Divide StockNo {2331}
[23232] 2025/11/20 10:05:50.309 Add Basket MarketNo：0 StockIdx：33909
[23232] 2025/11/20 10:05:50.309 Divide StockNo {2332}
[23232] 2025/11/20 10:05:50.309 Add Basket MarketNo：0 StockIdx：33910
[23232] 2025/11/20 10:05:50.309 Divide StockNo {2337}
[23232] 2025/11/20 10:05:50.309 Add Basket MarketNo：0 StockIdx：33911
[23232] 2025/11/20 10:05:50.309 Divide StockNo {2338}
[23232] 2025/11/20 10:05:50.309 Add Basket MarketNo：0 StockIdx：33912
[23232] 2025/11/20 10:05:50.309 Divide StockNo {2340}
[23232] 2025/11/20 10:05:50.309 Add Basket MarketNo：0 StockIdx：33913
[23232] 2025/11/20 10:05:50.309 Divide StockNo {2344}
[23232] 2025/11/20 10:05:50.309 Add Basket MarketNo：0 StockIdx：33915
[23232] 2025/11/20 10:05:50.309 Divide StockNo {2345}
[23232] 2025/11/20 10:05:50.309 Add Basket MarketNo：0 StockIdx：33916
[23232] 2025/11/20 10:05:50.309 Divide StockNo {2347}
[23232] 2025/11/20 10:05:50.309 Add Basket MarketNo：0 StockIdx：33917
[23232] 2025/11/20 10:05:50.309 Divide StockNo {2352}
[23232] 2025/11/20 10:05:50.309 Add Basket MarketNo：0 StockIdx：33922
[23232] 2025/11/20 10:05:50.309 Divide StockNo {2353}
[23232] 2025/11/20 10:05:50.309 Add Basket MarketNo：0 StockIdx：33923
[23232] 2025/11/20 10:05:50.309 Divide StockNo {2354}
[23232] 2025/11/20 10:05:50.309 Add Basket MarketNo：0 StockIdx：33924
[23232] 2025/11/20 10:05:50.309 Divide StockNo {2355}
[23232] 2025/11/20 10:05:50.309 Add Basket MarketNo：0 StockIdx：33925
[23232] 2025/11/20 10:05:50.309 Divide StockNo {2356}
[23232] 2025/11/20 10:05:50.309 Add Basket MarketNo：0 StockIdx：33926
[23232] 2025/11/20 10:05:50.309 Divide StockNo {2357}
[23232] 2025/11/20 10:05:50.309 Add Basket MarketNo：0 StockIdx：33927
[23232] 2025/11/20 10:05:50.309 Divide StockNo {2360}
[23232] 2025/11/20 10:05:50.309 Add Basket MarketNo：0 StockIdx：33929
[23232] 2025/11/20 10:05:50.309 Divide StockNo {2368}
[23232] 2025/11/20 10:05:50.309 Add Basket MarketNo：0 StockIdx：33935
[23232] 2025/11/20 10:05:50.309 Divide StockNo {2371}
[23232] 2025/11/20 10:05:50.309 Add Basket MarketNo：0 StockIdx：33937
[23232] 2025/11/20 10:05:50.309 Divide StockNo {2376}
[23232] 2025/11/20 10:05:50.309 Add Basket MarketNo：0 StockIdx：33941
[23232] 2025/11/20 10:05:50.309 Divide StockNo {2377}
[23232] 2025/11/20 10:05:50.309 Add Basket MarketNo：0 StockIdx：33942
[23232] 2025/11/20 10:05:50.309 Divide StockNo {2379}
[23232] 2025/11/20 10:05:50.309 Add Basket MarketNo：0 StockIdx：33943
[23232] 2025/11/20 10:05:50.309 Divide StockNo {2382}
[23232] 2025/11/20 10:05:50.309 Add Basket MarketNo：0 StockIdx：33945
[23232] 2025/11/20 10:05:50.309 Divide StockNo {2383}
[23232] 2025/11/20 10:05:50.309 Add Basket MarketNo：0 StockIdx：33946
[23232] 2025/11/20 10:05:50.309 Divide StockNo {2385}
[23232] 2025/11/20 10:05:50.309 Add Basket MarketNo：0 StockIdx：33947
[23232] 2025/11/20 10:05:50.309 Divide StockNo {2388}
[23232] 2025/11/20 10:05:50.309 Add Basket MarketNo：0 StockIdx：33949
[23232] 2025/11/20 10:05:50.309 Divide StockNo {2392}
[23232] 2025/11/20 10:05:50.309 Add Basket MarketNo：0 StockIdx：33951
[23232] 2025/11/20 10:05:50.309 Divide StockNo {2393}
[23232] 2025/11/20 10:05:50.309 Add Basket MarketNo：0 StockIdx：33952
[23232] 2025/11/20 10:05:50.309 Divide StockNo {2401}
[23232] 2025/11/20 10:05:50.309 Add Basket MarketNo：0 StockIdx：33956
[23232] 2025/11/20 10:05:50.309 Divide StockNo {2404}
[23232] 2025/11/20 10:05:50.309 Add Basket MarketNo：0 StockIdx：33958
[23232] 2025/11/20 10:05:50.309 Divide StockNo {2408}
[23232] 2025/11/20 10:05:50.309 Add Basket MarketNo：0 StockIdx：33961
[23232] 2025/11/20 10:05:50.309 Divide StockNo {2409}
[23232] 2025/11/20 10:05:50.309 Add Basket MarketNo：0 StockIdx：33962
[23232] 2025/11/20 10:05:50.310 Divide StockNo {2412}
[23232] 2025/11/20 10:05:50.310 Add Basket MarketNo：0 StockIdx：33963
[23232] 2025/11/20 10:05:50.310 Divide StockNo {2439}
[23232] 2025/11/20 10:05:50.310 Add Basket MarketNo：0 StockIdx：33985
[23232] 2025/11/20 10:05:50.310 Divide StockNo {2441}
[23232] 2025/11/20 10:05:50.310 Add Basket MarketNo：0 StockIdx：33987
[23232] 2025/11/20 10:05:50.310 Divide StockNo {2449}
[23232] 2025/11/20 10:05:50.310 Add Basket MarketNo：0 StockIdx：33990
[23232] 2025/11/20 10:05:50.310 Divide StockNo {2454}
[23232] 2025/11/20 10:05:50.310 Add Basket MarketNo：0 StockIdx：33994
[23232] 2025/11/20 10:05:50.310 Divide StockNo {2455}
[23232] 2025/11/20 10:05:50.310 Add Basket MarketNo：0 StockIdx：33995
[23232] 2025/11/20 10:05:50.310 Divide StockNo {2457}
[23232] 2025/11/20 10:05:50.310 Add Basket MarketNo：0 StockIdx：33996
[23232] 2025/11/20 10:05:50.310 Divide StockNo {2458}
[23232] 2025/11/20 10:05:50.310 Add Basket MarketNo：0 StockIdx：33997
[23232] 2025/11/20 10:05:50.310 Divide StockNo {2474}
[23232] 2025/11/20 10:05:50.310 Add Basket MarketNo：0 StockIdx：34009
[23232] 2025/11/20 10:05:50.310 Divide StockNo {2481}
[23232] 2025/11/20 10:05:50.310 Add Basket MarketNo：0 StockIdx：34014
[23232] 2025/11/20 10:05:50.310 Divide StockNo {2485}
[23232] 2025/11/20 10:05:50.310 Add Basket MarketNo：0 StockIdx：34018
[23232] 2025/11/20 10:05:50.310 Divide StockNo {2486}
[23232] 2025/11/20 10:05:50.310 Add Basket MarketNo：0 StockIdx：34019
[23232] 2025/11/20 10:05:50.310 Divide StockNo {2489}
[23232] 2025/11/20 10:05:50.310 Add Basket MarketNo：0 StockIdx：34021
[23232] 2025/11/20 10:05:50.310 Divide StockNo {2492}
[23232] 2025/11/20 10:05:50.310 Add Basket MarketNo：0 StockIdx：34023
[23232] 2025/11/20 10:05:50.310 Divide StockNo {2498}
[23232] 2025/11/20 10:05:50.310 Add Basket MarketNo：0 StockIdx：34028
[23232] 2025/11/20 10:05:50.310 Divide StockNo {2515}
[23232] 2025/11/20 10:05:50.310 Add Basket MarketNo：0 StockIdx：34036
[23232] 2025/11/20 10:05:50.310 Divide StockNo {2520}
[23232] 2025/11/20 10:05:50.310 Add Basket MarketNo：0 StockIdx：34038
[23232] 2025/11/20 10:05:50.310 Divide StockNo {2542}
[23232] 2025/11/20 10:05:50.310 Add Basket MarketNo：0 StockIdx：34050
[23232] 2025/11/20 10:05:50.310 Divide StockNo {2548}
[23232] 2025/11/20 10:05:50.310 Add Basket MarketNo：0 StockIdx：34055
[23232] 2025/11/20 10:05:50.310 Divide StockNo {2603}
[23232] 2025/11/20 10:05:50.310 Add Basket MarketNo：0 StockIdx：34058
[23232] 2025/11/20 10:05:50.310 Divide StockNo {2605}
[23232] 2025/11/20 10:05:50.310 Add Basket MarketNo：0 StockIdx：34059
[23232] 2025/11/20 10:05:50.310 Divide StockNo {2606}
[23232] 2025/11/20 10:05:50.310 Add Basket MarketNo：0 StockIdx：34060
[23232] 2025/11/20 10:05:50.310 Divide StockNo {2609}
[23232] 2025/11/20 10:05:50.310 Add Basket MarketNo：0 StockIdx：34063
[23232] 2025/11/20 10:05:50.310 Divide StockNo {2610}
[23232] 2025/11/20 10:05:50.310 Add Basket MarketNo：0 StockIdx：34064
[23232] 2025/11/20 10:05:50.310 Divide StockNo {2615}
[23232] 2025/11/20 10:05:50.310 Add Basket MarketNo：0 StockIdx：34069
[23232] 2025/11/20 10:05:50.310 Divide StockNo {2618}
[23232] 2025/11/20 10:05:50.310 Add Basket MarketNo：0 StockIdx：34072
[23232] 2025/11/20 10:05:50.310 Divide StockNo {2633}
[23232] 2025/11/20 10:05:50.310 Add Basket MarketNo：0 StockIdx：34074
[23232] 2025/11/20 10:05:50.310 Divide StockNo {2634}
[23232] 2025/11/20 10:05:50.310 Add Basket MarketNo：0 StockIdx：34075
[23232] 2025/11/20 10:05:50.310 Divide StockNo {2801}
[23232] 2025/11/20 10:05:50.310 Add Basket MarketNo：0 StockIdx：34096
[23232] 2025/11/20 10:05:50.310 Divide StockNo {2834}
[23232] 2025/11/20 10:05:50.310 Add Basket MarketNo：0 StockIdx：34101
[23232] 2025/11/20 10:05:50.310 Divide StockNo {2880}
[23232] 2025/11/20 10:05:50.310 Add Basket MarketNo：0 StockIdx：34113
[23232] 2025/11/20 10:05:50.310 Divide StockNo {2881}
[23232] 2025/11/20 10:05:50.310 Add Basket MarketNo：0 StockIdx：34114
[23232] 2025/11/20 10:05:50.310 Divide StockNo {2882}
[23232] 2025/11/20 10:05:50.310 Add Basket MarketNo：0 StockIdx：34118
[23232] 2025/11/20 10:05:50.310 Divide StockNo {2883}
[23232] 2025/11/20 10:05:50.310 Add Basket MarketNo：0 StockIdx：34121
[23232] 2025/11/20 10:05:50.311 Divide StockNo {2884}
[23232] 2025/11/20 10:05:50.311 Add Basket MarketNo：0 StockIdx：34123
[23232] 2025/11/20 10:05:50.311 Divide StockNo {2885}
[23232] 2025/11/20 10:05:50.311 Add Basket MarketNo：0 StockIdx：34124
[23232] 2025/11/20 10:05:50.311 Divide StockNo {2886}
[23232] 2025/11/20 10:05:50.311 Add Basket MarketNo：0 StockIdx：34125
[23232] 2025/11/20 10:05:50.311 Divide StockNo {2887}
[23232] 2025/11/20 10:05:50.311 Add Basket MarketNo：0 StockIdx：34126
[23232] 2025/11/20 10:05:50.311 Divide StockNo {2888}
[23232] 2025/11/20 10:05:50.311 Stock Is Not Exist 
[23232] 2025/11/20 10:05:50.311 Divide StockNo {2890}
[23232] 2025/11/20 10:05:50.311 Add Basket MarketNo：0 StockIdx：34134
[23232] 2025/11/20 10:05:50.311 Divide StockNo {2891}
[23232] 2025/11/20 10:05:50.311 Add Basket MarketNo：0 StockIdx：34135
[23232] 2025/11/20 10:05:50.311 Divide StockNo {2892}
[23232] 2025/11/20 10:05:50.311 Add Basket MarketNo：0 StockIdx：34138
[23232] 2025/11/20 10:05:50.311 Divide StockNo {2913}
[23232] 2025/11/20 10:05:50.311 Add Basket MarketNo：0 StockIdx：34150
[23232] 2025/11/20 10:05:50.311 Divide StockNo {2915}
[23232] 2025/11/20 10:05:50.311 Add Basket MarketNo：0 StockIdx：34151
[23232] 2025/11/20 10:05:50.311 Divide StockNo {3005}
[23232] 2025/11/20 10:05:50.311 Add Basket MarketNo：0 StockIdx：34159
[23232] 2025/11/20 10:05:50.311 Divide StockNo {3006}
[23232] 2025/11/20 10:05:50.311 Add Basket MarketNo：0 StockIdx：34160
[23232] 2025/11/20 10:05:50.311 Divide StockNo {3008}
[23232] 2025/11/20 10:05:50.311 Add Basket MarketNo：0 StockIdx：34161
[23232] 2025/11/20 10:05:50.311 Divide StockNo {3017}
[23232] 2025/11/20 10:05:50.311 Add Basket MarketNo：0 StockIdx：34168
[23232] 2025/11/20 10:05:50.311 Divide StockNo {3019}
[23232] 2025/11/20 10:05:50.311 Add Basket MarketNo：0 StockIdx：34170
[23232] 2025/11/20 10:05:50.311 Divide StockNo {3034}
[23232] 2025/11/20 10:05:50.311 Add Basket MarketNo：0 StockIdx：34184
[23232] 2025/11/20 10:05:50.311 Divide StockNo {3035}
[23232] 2025/11/20 10:05:50.311 Add Basket MarketNo：0 StockIdx：34185
[23232] 2025/11/20 10:05:50.311 Divide StockNo {3036}
[23232] 2025/11/20 10:05:50.311 Add Basket MarketNo：0 StockIdx：34186
[23232] 2025/11/20 10:05:50.311 Divide StockNo {3037}
[23232] 2025/11/20 10:05:50.311 Add Basket MarketNo：0 StockIdx：34188
[23232] 2025/11/20 10:05:50.311 Divide StockNo {3042}
[23232] 2025/11/20 10:05:50.311 Add Basket MarketNo：0 StockIdx：34192
[23232] 2025/11/20 10:05:50.311 Divide StockNo {3044}
[23232] 2025/11/20 10:05:50.311 Add Basket MarketNo：0 StockIdx：34194
[23232] 2025/11/20 10:05:50.311 Divide StockNo {3045}
[23232] 2025/11/20 10:05:50.311 Add Basket MarketNo：0 StockIdx：34195
[23232] 2025/11/20 10:05:50.311 Divide StockNo {3078}
[23232] 2025/11/20 10:05:50.311 Add Basket MarketNo：1 StockIdx：270
[23232] 2025/11/20 10:05:50.311 Divide StockNo {3081}
[23232] 2025/11/20 10:05:50.311 Add Basket MarketNo：1 StockIdx：271
[23232] 2025/11/20 10:05:50.311 Divide StockNo {3105}
[23232] 2025/11/20 10:05:50.311 Add Basket MarketNo：1 StockIdx：281
[23232] 2025/11/20 10:05:50.311 Divide StockNo {3152}
[23232] 2025/11/20 10:05:50.311 Add Basket MarketNo：1 StockIdx：296
[23232] 2025/11/20 10:05:50.311 Divide StockNo {3189}
[23232] 2025/11/20 10:05:50.311 Add Basket MarketNo：0 StockIdx：34222
[23232] 2025/11/20 10:05:50.311 Divide StockNo {3227}
[23232] 2025/11/20 10:05:50.311 Add Basket MarketNo：1 StockIdx：320
[23232] 2025/11/20 10:05:50.311 Divide StockNo {3231}
[23232] 2025/11/20 10:05:50.311 Add Basket MarketNo：0 StockIdx：34225
[23232] 2025/11/20 10:05:50.311 Divide StockNo {3260}
[23232] 2025/11/20 10:05:50.311 Add Basket MarketNo：1 StockIdx：329
[23232] 2025/11/20 10:05:50.311 Divide StockNo {3264}
[23232] 2025/11/20 10:05:50.311 Add Basket MarketNo：1 StockIdx：330
[23232] 2025/11/20 10:05:50.311 Divide StockNo {3293}
[23232] 2025/11/20 10:05:50.311 Add Basket MarketNo：1 StockIdx：343
[23232] 2025/11/20 10:05:50.311 Divide StockNo {3324}
[23232] 2025/11/20 10:05:50.311 Add Basket MarketNo：1 StockIdx：359
[23232] 2025/11/20 10:05:50.312 Divide StockNo {3374}
[23232] 2025/11/20 10:05:50.312 Add Basket MarketNo：1 StockIdx：376
[23232] 2025/11/20 10:05:50.312 Divide StockNo {3376}
[23232] 2025/11/20 10:05:50.312 Add Basket MarketNo：0 StockIdx：34237
[23232] 2025/11/20 10:05:50.312 Divide StockNo {3380}
[23232] 2025/11/20 10:05:50.312 Add Basket MarketNo：0 StockIdx：34238
[23232] 2025/11/20 10:05:50.312 Divide StockNo {3406}
[23232] 2025/11/20 10:05:50.312 Add Basket MarketNo：0 StockIdx：34239
[23232] 2025/11/20 10:05:50.312 Divide StockNo {3443}
[23232] 2025/11/20 10:05:50.312 Add Basket MarketNo：0 StockIdx：34245
[23232] 2025/11/20 10:05:50.312 Divide StockNo {3481}
[23232] 2025/11/20 10:05:50.312 Add Basket MarketNo：0 StockIdx：34249
[23232] 2025/11/20 10:05:50.312 Divide StockNo {3529}
[23232] 2025/11/20 10:05:50.312 Add Basket MarketNo：1 StockIdx：424
[23232] 2025/11/20 10:05:50.312 Divide StockNo {3532}
[23232] 2025/11/20 10:05:50.312 Add Basket MarketNo：0 StockIdx：34257
[23232] 2025/11/20 10:05:50.312 Divide StockNo {3533}
[23232] 2025/11/20 10:05:50.312 Add Basket MarketNo：0 StockIdx：34258
[23232] 2025/11/20 10:05:50.312 Divide StockNo {3552}
[23232] 2025/11/20 10:05:50.312 Add Basket MarketNo：1 StockIdx：435
[23232] 2025/11/20 10:05:50.312 Divide StockNo {3653}
[23232] 2025/11/20 10:05:50.312 Add Basket MarketNo：0 StockIdx：34278
[23232] 2025/11/20 10:05:50.312 Divide StockNo {3661}
[23232] 2025/11/20 10:05:50.312 Add Basket MarketNo：0 StockIdx：34279
[23232] 2025/11/20 10:05:50.312 Divide StockNo {3673}
[23232] 2025/11/20 10:05:50.312 Add Basket MarketNo：0 StockIdx：34282
[23232] 2025/11/20 10:05:50.312 Divide StockNo {3680}
[23232] 2025/11/20 10:05:50.312 Add Basket MarketNo：1 StockIdx：474
[23232] 2025/11/20 10:05:50.312 Divide StockNo {3691}
[23232] 2025/11/20 10:05:50.312 Add Basket MarketNo：1 StockIdx：484
[23232] 2025/11/20 10:05:50.312 Divide StockNo {3702}
[23232] 2025/11/20 10:05:50.312 Add Basket MarketNo：0 StockIdx：34287
[23232] 2025/11/20 10:05:50.312 Divide StockNo {3706}
[23232] 2025/11/20 10:05:50.312 Add Basket MarketNo：0 StockIdx：34291
[23232] 2025/11/20 10:05:50.312 Divide StockNo {3711}
[23232] 2025/11/20 10:05:50.312 Add Basket MarketNo：0 StockIdx：34293
[23232] 2025/11/20 10:05:50.312 Divide StockNo {3714}
[23232] 2025/11/20 10:05:50.312 Add Basket MarketNo：0 StockIdx：34295
[23232] 2025/11/20 10:05:50.312 Divide StockNo {4123}
[23232] 2025/11/20 10:05:50.312 Add Basket MarketNo：1 StockIdx：509
[23232] 2025/11/20 10:05:50.312 Divide StockNo {4128}
[23232] 2025/11/20 10:05:50.312 Add Basket MarketNo：1 StockIdx：514
[23232] 2025/11/20 10:05:50.312 Divide StockNo {4162}
[23232] 2025/11/20 10:05:50.312 Add Basket MarketNo：1 StockIdx：528
[23232] 2025/11/20 10:05:50.312 Divide StockNo {4736}
[23232] 2025/11/20 10:05:50.312 Add Basket MarketNo：0 StockIdx：34340
[23232] 2025/11/20 10:05:50.312 Divide StockNo {4743}
[23232] 2025/11/20 10:05:50.312 Add Basket MarketNo：1 StockIdx：619
[23232] 2025/11/20 10:05:50.312 Divide StockNo {4904}
[23232] 2025/11/20 10:05:50.312 Add Basket MarketNo：0 StockIdx：34351
[23232] 2025/11/20 10:05:50.312 Divide StockNo {4919}
[23232] 2025/11/20 10:05:50.312 Add Basket MarketNo：0 StockIdx：34356
[23232] 2025/11/20 10:05:50.312 Divide StockNo {4938}
[23232] 2025/11/20 10:05:50.312 Add Basket MarketNo：0 StockIdx：34361
[23232] 2025/11/20 10:05:50.312 Divide StockNo {4958}
[23232] 2025/11/20 10:05:50.312 Add Basket MarketNo：0 StockIdx：34367
[23232] 2025/11/20 10:05:50.312 Divide StockNo {5009}
[23232] 2025/11/20 10:05:50.312 Add Basket MarketNo：1 StockIdx：661
[23232] 2025/11/20 10:05:50.312 Divide StockNo {5269}
[23232] 2025/11/20 10:05:50.312 Add Basket MarketNo：0 StockIdx：34386
[23232] 2025/11/20 10:05:50.312 Divide StockNo {5274}
[23232] 2025/11/20 10:05:50.312 Add Basket MarketNo：1 StockIdx：695
[23232] 2025/11/20 10:05:50.312 Divide StockNo {5347}
[23232] 2025/11/20 10:05:50.312 Add Basket MarketNo：1 StockIdx：718
[23232] 2025/11/20 10:05:50.312 Divide StockNo {5371}
[23232] 2025/11/20 10:05:50.313 Add Basket MarketNo：1 StockIdx：725
[23232] 2025/11/20 10:05:50.313 Divide StockNo {5388}
[23232] 2025/11/20 10:05:50.313 Add Basket MarketNo：0 StockIdx：34393
[23232] 2025/11/20 10:05:50.313 Divide StockNo {5425}
[23232] 2025/11/20 10:05:50.313 Add Basket MarketNo：1 StockIdx：733
[23232] 2025/11/20 10:05:50.313 Divide StockNo {5457}
[23232] 2025/11/20 10:05:50.313 Add Basket MarketNo：1 StockIdx：745
[23232] 2025/11/20 10:05:50.313 Divide StockNo {5483}
[23232] 2025/11/20 10:05:50.313 Add Basket MarketNo：1 StockIdx：755
[23232] 2025/11/20 10:05:50.313 Divide StockNo {5534}
[23232] 2025/11/20 10:05:50.313 Add Basket MarketNo：0 StockIdx：34405
[23232] 2025/11/20 10:05:50.313 Divide StockNo {5871}
[23232] 2025/11/20 10:05:50.313 Add Basket MarketNo：0 StockIdx：34411
[23232] 2025/11/20 10:05:50.313 Divide StockNo {5876}
[23232] 2025/11/20 10:05:50.313 Add Basket MarketNo：0 StockIdx：34413
[23232] 2025/11/20 10:05:50.313 Divide StockNo {5880}
[23232] 2025/11/20 10:05:50.313 Add Basket MarketNo：0 StockIdx：34414
[23232] 2025/11/20 10:05:50.313 Divide StockNo {5904}
[23232] 2025/11/20 10:05:50.313 Add Basket MarketNo：1 StockIdx：789
[23232] 2025/11/20 10:05:50.313 Divide StockNo {6005}
[23232] 2025/11/20 10:05:50.313 Add Basket MarketNo：0 StockIdx：34417
[23232] 2025/11/20 10:05:50.313 Divide StockNo {6116}
[23232] 2025/11/20 10:05:50.313 Add Basket MarketNo：0 StockIdx：34422
[23232] 2025/11/20 10:05:50.313 Divide StockNo {6121}
[23232] 2025/11/20 10:05:50.313 Add Basket MarketNo：1 StockIdx：812
[23232] 2025/11/20 10:05:50.313 Divide StockNo {6139}
[23232] 2025/11/20 10:05:50.313 Add Basket MarketNo：0 StockIdx：34428
[23232] 2025/11/20 10:05:50.313 Divide StockNo {6147}
[23232] 2025/11/20 10:05:50.313 Add Basket MarketNo：1 StockIdx：830
[23232] 2025/11/20 10:05:50.313 Divide StockNo {6153}
[23232] 2025/11/20 10:05:50.313 Add Basket MarketNo：0 StockIdx：34432
[23232] 2025/11/20 10:05:50.313 Divide StockNo {6173}
[23232] 2025/11/20 10:05:50.313 Add Basket MarketNo：1 StockIdx：847
[23232] 2025/11/20 10:05:50.313 Divide StockNo {6176}
[23232] 2025/11/20 10:05:50.313 Add Basket MarketNo：0 StockIdx：34438
[23232] 2025/11/20 10:05:50.313 Divide StockNo {6182}
[23232] 2025/11/20 10:05:50.313 Add Basket MarketNo：1 StockIdx：855
[23232] 2025/11/20 10:05:50.313 Divide StockNo {6188}
[23232] 2025/11/20 10:05:50.313 Add Basket MarketNo：1 StockIdx：863
[23232] 2025/11/20 10:05:50.313 Divide StockNo {6213}
[23232] 2025/11/20 10:05:50.313 Add Basket MarketNo：0 StockIdx：34452
[23232] 2025/11/20 10:05:50.313 Divide StockNo {6223}
[23232] 2025/11/20 10:05:50.313 Add Basket MarketNo：1 StockIdx：889
[23232] 2025/11/20 10:05:50.313 Divide StockNo {6239}
[23232] 2025/11/20 10:05:50.313 Add Basket MarketNo：0 StockIdx：34461
[23232] 2025/11/20 10:05:50.313 Divide StockNo {6245}
[23232] 2025/11/20 10:05:50.313 Add Basket MarketNo：1 StockIdx：904
[23232] 2025/11/20 10:05:50.313 Divide StockNo {6257}
[23232] 2025/11/20 10:05:50.313 Add Basket MarketNo：0 StockIdx：34463
[23232] 2025/11/20 10:05:50.313 Divide StockNo {6269}
[23232] 2025/11/20 10:05:50.313 Add Basket MarketNo：0 StockIdx：34464
[23232] 2025/11/20 10:05:50.313 Divide StockNo {6271}
[23232] 2025/11/20 10:05:50.313 Add Basket MarketNo：0 StockIdx：34465
[23232] 2025/11/20 10:05:50.313 Divide StockNo {6274}
[23232] 2025/11/20 10:05:50.313 Add Basket MarketNo：1 StockIdx：916
[23232] 2025/11/20 10:05:50.313 Divide StockNo {6278}
[23232] 2025/11/20 10:05:50.313 Add Basket MarketNo：0 StockIdx：34467
[23232] 2025/11/20 10:05:50.313 Divide StockNo {6279}
[23232] 2025/11/20 10:05:50.313 Add Basket MarketNo：1 StockIdx：921
[23232] 2025/11/20 10:05:50.313 Divide StockNo {6282}
[23232] 2025/11/20 10:05:50.313 Add Basket MarketNo：0 StockIdx：34469
[23232] 2025/11/20 10:05:50.313 Divide StockNo {6285}
[23232] 2025/11/20 10:05:50.313 Add Basket MarketNo：0 StockIdx：34471
[23232] 2025/11/20 10:05:50.313 Divide StockNo {6414}
[23232] 2025/11/20 10:05:50.313 Add Basket MarketNo：0 StockIdx：34475
[23232] 2025/11/20 10:05:50.313 Divide StockNo {6443}
[23232] 2025/11/20 10:05:50.313 Add Basket MarketNo：0 StockIdx：34483
[23232] 2025/11/20 10:05:50.314 Divide StockNo {6472}
[23232] 2025/11/20 10:05:50.314 Add Basket MarketNo：0 StockIdx：34489
[23232] 2025/11/20 10:05:50.314 Divide StockNo {6488}
[23232] 2025/11/20 10:05:50.314 Add Basket MarketNo：1 StockIdx：956
[23232] 2025/11/20 10:05:50.314 Divide StockNo {6505}
[23232] 2025/11/20 10:05:50.314 Add Basket MarketNo：0 StockIdx：34493
[23232] 2025/11/20 10:05:50.314 Divide StockNo {6510}
[23232] 2025/11/20 10:05:50.314 Add Basket MarketNo：1 StockIdx：966
[23232] 2025/11/20 10:05:50.314 Divide StockNo {6526}
[23232] 2025/11/20 10:05:50.314 Add Basket MarketNo：0 StockIdx：34496
[23232] 2025/11/20 10:05:50.314 Divide StockNo {6547}
[23232] 2025/11/20 10:05:50.314 Add Basket MarketNo：1 StockIdx：981
[23232] 2025/11/20 10:05:50.314 Divide StockNo {6669}
[23232] 2025/11/20 10:05:50.314 Add Basket MarketNo：0 StockIdx：34525
[23232] 2025/11/20 10:05:50.314 Divide StockNo {6757}
[23232] 2025/11/20 10:05:50.314 Add Basket MarketNo：0 StockIdx：34542
[23232] 2025/11/20 10:05:50.314 Divide StockNo {6770}
[23232] 2025/11/20 10:05:50.314 Add Basket MarketNo：0 StockIdx：34544
[23232] 2025/11/20 10:05:50.314 Divide StockNo {8039}
[23232] 2025/11/20 10:05:50.314 Add Basket MarketNo：0 StockIdx：34621
[23232] 2025/11/20 10:05:50.314 Divide StockNo {8044}
[23232] 2025/11/20 10:05:50.314 Add Basket MarketNo：1 StockIdx：12473
[23232] 2025/11/20 10:05:50.314 Divide StockNo {8046}
[23232] 2025/11/20 10:05:50.314 Add Basket MarketNo：0 StockIdx：34623
[23232] 2025/11/20 10:05:50.314 Divide StockNo {8069}
[23232] 2025/11/20 10:05:50.314 Add Basket MarketNo：1 StockIdx：12485
[23232] 2025/11/20 10:05:50.314 Divide StockNo {8086}
[23232] 2025/11/20 10:05:50.314 Add Basket MarketNo：1 StockIdx：12494
[23232] 2025/11/20 10:05:50.314 Divide StockNo {8112}
[23232] 2025/11/20 10:05:50.314 Add Basket MarketNo：0 StockIdx：34632
[23232] 2025/11/20 10:05:50.314 Divide StockNo {8150}
[23232] 2025/11/20 10:05:50.314 Add Basket MarketNo：0 StockIdx：34636
[23232] 2025/11/20 10:05:50.314 Divide StockNo {8163}
[23232] 2025/11/20 10:05:50.314 Add Basket MarketNo：0 StockIdx：34638
[23232] 2025/11/20 10:05:50.314 Divide StockNo {8299}
[23232] 2025/11/20 10:05:50.314 Add Basket MarketNo：1 StockIdx：12533
[23232] 2025/11/20 10:05:50.314 Divide StockNo {8358}
[23232] 2025/11/20 10:05:50.314 Add Basket MarketNo：1 StockIdx：12539
[23232] 2025/11/20 10:05:50.314 Divide StockNo {8436}
[23232] 2025/11/20 10:05:50.314 Add Basket MarketNo：1 StockIdx：12564
[23232] 2025/11/20 10:05:50.314 Divide StockNo {8454}
[23232] 2025/11/20 10:05:50.314 Add Basket MarketNo：0 StockIdx：34657
[23232] 2025/11/20 10:05:50.314 Divide StockNo {9904}
[23232] 2025/11/20 10:05:50.314 Add Basket MarketNo：0 StockIdx：34686
[23232] 2025/11/20 10:05:50.314 Divide StockNo {9914}
[23232] 2025/11/20 10:05:50.314 Add Basket MarketNo：0 StockIdx：34694
[23232] 2025/11/20 10:05:50.314 Divide StockNo {9938}
[23232] 2025/11/20 10:05:50.314 Add Basket MarketNo：0 StockIdx：34710
[23232] 2025/11/20 10:05:50.314 Divide StockNo {9939}
[23232] 2025/11/20 10:05:50.314 Add Basket MarketNo：0 StockIdx：34711
[23232] 2025/11/20 10:05:50.314 Divide StockNo {9945}
[23232] 2025/11/20 10:05:50.314 Add Basket MarketNo：0 StockIdx：34718
[23232] 2025/11/20 10:05:50.314 Divide StockNo {9958}
[23232] 2025/11/20 10:05:50.314 Add Basket MarketNo：0 StockIdx：34721
[23232] 2025/11/20 10:05:50.314 Divide StockNo {TSE}
[23232] 2025/11/20 10:05:50.314 Stock Is Not Exist 
[23232] 2025/11/20 10:05:50.314 Divide StockNo {TSE23}
[23232] 2025/11/20 10:05:50.314 Add Basket MarketNo：0 StockIdx：35038
[23232] 2025/11/20 10:05:50.314 Divide StockNo {TSE28}
[23232] 2025/11/20 10:05:50.314 Add Basket MarketNo：0 StockIdx：35043
[23232] 2025/11/20 10:05:50.314 Divide StockNo {TWMC}
[23232] 2025/11/20 10:05:50.314 Stock Is Not Exist 
[23232] 2025/11/20 10:05:50.314 Return PageNo： 1 
[15780] 2025/11/20 10:33:22.577 Precheck/DistributedServer Query result is 000,分配成功
[15780] 2025/11/20 10:33:22.578 >> Host srvsolace-tp2.capital.com.tw
[15780] 2025/11/20 10:33:22.614 SKQuoteLib_EnterMonitor IP：srvsolace-tp2.capital.com.tw
[15780] 2025/11/20 10:33:22.756 OnSessionConnect，Code: 3001, Error Code:0.
[15780] 2025/11/20 10:33:22.826 SKQuoteLib_EnterMonitorLONG starting
[15780] 2025/11/20 10:33:22.828 OnConnection ( 3001 , 0 ) 
[15780] 2025/11/20 10:33:23.442 Market Info is OK!
[15780] 2025/11/20 10:33:23.508 Catalog info is OK!
[15780] 2025/11/20 10:33:27.046 Solace RequestInitializeData (TO_S_19,S_1F)
[15780] 2025/11/20 10:33:27.046 Solace RequestInitializeData (TO_S_19,S_1F)
[15780] 2025/11/20 10:33:27.050 OnConnection ( 3003 , 0 ) 
[15780] 2025/11/20 10:33:28.853 SKQuoteLib_RequestStocks (1 , CAF00, CBF00, CCF00, CDF00, CEF00, CFF00, CGF00, CHF00, CJF00, CKF00, CLF00, CMF00, CNF00, CQF00, CRF00, CSF00, CUF00, CWF00, CXF00, CYF00, CZF00, DAF00, DBF00, DCF00, DEF00, DFF00, DGF00, DHF00, DIF00, DJF00, DKF00, DLF00, DNF00, DOF00, DPF00, DQF00, DSF00, DVF00, DWF00, DXF00, DYF00, DZF00, EEF00, EGF00, EHF00, EKF00, EMF00, EPF00, EYF00, EZF00, FBF00, FCF00, FEF00, FFF00, FGF00, FKF00, FNF00, FQF00, FRF00, FSF00, FTF00, FVF00, FWF00, FYF00, FZF00, GAF00, GCF00, GHF00, GIF00, GJF00, GKF00, GLF00, GMF00, GNF00, GOF00, GRF00, GUF00, GVF00, GWF00, GXF00, GYF00, GZF00, HAF00, HBF00, HCF00, HHF00, HIF00, HLF00, HOF00, HQF00, HSF00, IAF00, IHF00, IIF00, IJF00, IMF00, IOF00, IPF00, IQF00, IRF00, ITF00, IXF00, IYF00, IZF00, JBF00, JFF00, JMF00, JNF00, JPF00, JSF00, JWF00, JXF00, JZF00, KAF00, KBF00, KCF00, KDF00, KEF00, KFF00, KGF00, KIF00, KKF00, KLF00, KOF00, KPF00, KSF00, KUF00, KWF00, LBF00, LCF00, LEF00, LIF00, LMF00, LOF00, LQF00, LRF00, LTF00, LUF00, LVF00, LWF00, LXF00, LYF00, MAF00, MBF00, MJF00, MKF00, MQF00, MVF00, MYF00, NAF00, NBF00, NDF00, NEF00, NGF00, NIF00, NJF00, NLF00, NMF00, NOF00, NQF00, NSF00, NUF00, NVF00, NWF00, NYF00, OAF00, OBF00, ODF00, OEF00, OHF00, OJF00, OKF00, OLF00, OMF00, OOF00, OPF00, OQF00, ORF00, OSF00, OTF00, OUF00, OVF00, OWF00, OXF00, OYF00, OZF00, PAF00, PBF00, PCF00, PDF00, PEF00, PFF00, PGF00, PHF00, PIF00, PJF00, PKF00, PLF00, PMF00, PNF00, PPF00, PQF00, PRF00, PSF00, PTF00, PUF00, PVF00, PWF00, PXF00, PYF00, PZF00, QAF00, QBF00, QCF00, QDF00, QEF00, QFF00, QGF00, QHF00, QIF00, QJF00, QKF00, QLF00, QMF00, QNF00, QOF00, QPF00, QQF00, QRF00, QSF00, QTF00, QUF00, QVF00, QWF00, QXF00, QYF00, QZF00, RAF00, RBF00, RCF00, RDF00, REF00, RFF00, RGF00, RIF00, RJF00, RKF00, RLF00, RMF00, RNF00, ROF00, RPF00, RQF00, RRF00, RSF00, RUF00, RVF00, RWF00, RXF00, RYF00, RZF00, SAF00, SBF00, SCF00, SDF00, SEF00, SFF00, SGF00, SIF00, SJF00, SKF00, SLF00, SMF00, SNF00, SQF00, SRF00, SSF00, SUF00, SVF00, SWF00, SYF00, SZF00, UAF00, UBF00, UCF00, UEF00, UFF00, UGF00, UHF00, UIF00, UJF00, UKF00, ULF00, UMF00, UOF00, UPF00, UQF00, URF00, USF00, UTF00, UUF00, UVF00, UWF00, 0050, 0056, 006205, 006206, 00636, 00639, 00643, 00679B, 00687B, 00719B, 00757, 00772B, 00878, 00885, 00893, 00919, 00923, 00929, 00937B, 00940, 1101, 1102, 1210, 1216, 1301, 1303, 1312, 1314, 1319, 1326, 1402, 1440, 1476, 1477, 1503, 1504, 1513, 1536, 1565, 1590, 1605, 1609, 1707, 1717, 1718, 1722, 1795, 1802, 1904, 1905, 1907, 1909, 2002, 2006, 2014, 2027, 2049, 2059, 2105, 2201, 2231, 2301, 2303, 2308, 2312, 2313, 2317, 2323, 2324, 2327, 2328, 2330, 2331, 2332, 2337, 2338, 2340, 2344, 2345, 2347, 2352, 2353, 2354, 2355, 2356, 2357, 2360, 2368, 2371, 2376, 2377, 2379, 2382, 2383, 2385, 2388, 2392, 2393, 2401, 2404, 2408, 2409, 2412, 2439, 2441, 2449, 2454, 2455, 2457, 2458, 2474, 2481, 2485, 2486, 2489, 2492, 2498, 2515, 2520, 2542, 2548, 2603, 2605, 2606, 2609, 2610, 2615, 2618, 2633, 2634, 2801, 2834, 2880, 2881, 2882, 2883, 2884, 2885, 2886, 2887, 2888, 2890, 2891, 2892, 2913, 2915, 3005, 3006, 3008, 3017, 3019, 3034, 3035, 3036, 3037, 3042, 3044, 3045, 3078, 3081, 3105, 3152, 3189, 3227, 3231, 3260, 3264, 3293, 3324, 3374, 3376, 3380, 3406, 3443, 3481, 3529, 3532, 3533, 3552, 3653, 3661, 3673, 3680, 3691, 3702, 3706, 3711, 3714, 4123, 4128, 4162, 4736, 4743, 4904, 4919, 4938, 4958, 5009, 5269, 5274, 5347, 5371, 5388, 5425, 5457, 5483, 5534, 5871, 5876, 5880, 5904, 6005, 6116, 6121, 6139, 6147, 6153, 6173, 6176, 6182, 6188, 6213, 6223, 6239, 6245, 6257, 6269, 6271, 6274, 6278, 6279, 6282, 6285, 6414, 6443, 6472, 6488, 6505, 6510, 6526, 6547, 6669, 6757, 6770, 8039, 8044, 8046, 8069, 8086, 8112, 8150, 8163, 8299, 8358, 8436, 8454, 9904, 9914, 9938, 9939, 9945, 9958, TSE, TSE23, TSE28, TWMC)
[15780] 2025/11/20 10:33:28.856 Divide StockNo {CAF00}
[15780] 2025/11/20 10:33:28.856 Add Basket MarketNo：2 StockIdx：162
[15780] 2025/11/20 10:33:28.856 Divide StockNo {CBF00}
[15780] 2025/11/20 10:33:28.856 Add Basket MarketNo：2 StockIdx：168
[15780] 2025/11/20 10:33:28.856 Divide StockNo {CCF00}
[15780] 2025/11/20 10:33:28.856 Add Basket MarketNo：2 StockIdx：5660
[15780] 2025/11/20 10:33:28.856 Divide StockNo {CDF00}
[15780] 2025/11/20 10:33:28.856 Add Basket MarketNo：2 StockIdx：5666
[15780] 2025/11/20 10:33:28.856 Divide StockNo {CEF00}
[15780] 2025/11/20 10:33:28.856 Add Basket MarketNo：2 StockIdx：186
[15780] 2025/11/20 10:33:28.856 Divide StockNo {CFF00}
[15780] 2025/11/20 10:33:28.856 Add Basket MarketNo：2 StockIdx：194
[15780] 2025/11/20 10:33:28.856 Divide StockNo {CGF00}
[15780] 2025/11/20 10:33:28.856 Add Basket MarketNo：2 StockIdx：200
[15780] 2025/11/20 10:33:28.856 Divide StockNo {CHF00}
[15780] 2025/11/20 10:33:28.856 Add Basket MarketNo：2 StockIdx：206
[15780] 2025/11/20 10:33:28.856 Divide StockNo {CJF00}
[15780] 2025/11/20 10:33:28.856 Add Basket MarketNo：2 StockIdx：212
[15780] 2025/11/20 10:33:28.856 Divide StockNo {CKF00}
[15780] 2025/11/20 10:33:28.856 Add Basket MarketNo：2 StockIdx：218
[15780] 2025/11/20 10:33:28.856 Divide StockNo {CLF00}
[15780] 2025/11/20 10:33:28.856 Add Basket MarketNo：2 StockIdx：224
[15780] 2025/11/20 10:33:28.857 Divide StockNo {CMF00}
[15780] 2025/11/20 10:33:28.857 Add Basket MarketNo：2 StockIdx：230
[15780] 2025/11/20 10:33:28.857 Divide StockNo {CNF00}
[15780] 2025/11/20 10:33:28.857 Add Basket MarketNo：2 StockIdx：236
[15780] 2025/11/20 10:33:28.857 Divide StockNo {CQF00}
[15780] 2025/11/20 10:33:28.857 Add Basket MarketNo：2 StockIdx：242
[15780] 2025/11/20 10:33:28.857 Divide StockNo {CRF00}
[15780] 2025/11/20 10:33:28.857 Add Basket MarketNo：2 StockIdx：248
[15780] 2025/11/20 10:33:28.857 Divide StockNo {CSF00}
[15780] 2025/11/20 10:33:28.857 Add Basket MarketNo：2 StockIdx：254
[15780] 2025/11/20 10:33:28.857 Divide StockNo {CUF00}
[15780] 2025/11/20 10:33:28.857 Add Basket MarketNo：2 StockIdx：260
[15780] 2025/11/20 10:33:28.857 Divide StockNo {CWF00}
[15780] 2025/11/20 10:33:28.857 Add Basket MarketNo：2 StockIdx：266
[15780] 2025/11/20 10:33:28.857 Divide StockNo {CXF00}
[15780] 2025/11/20 10:33:28.857 Add Basket MarketNo：2 StockIdx：274
[15780] 2025/11/20 10:33:28.857 Divide StockNo {CYF00}
[15780] 2025/11/20 10:33:28.857 Add Basket MarketNo：2 StockIdx：280
[15780] 2025/11/20 10:33:28.857 Divide StockNo {CZF00}
[15780] 2025/11/20 10:33:28.857 Add Basket MarketNo：2 StockIdx：286
[15780] 2025/11/20 10:33:28.857 Divide StockNo {DAF00}
[15780] 2025/11/20 10:33:28.857 Add Basket MarketNo：2 StockIdx：292
[15780] 2025/11/20 10:33:28.857 Divide StockNo {DBF00}
[15780] 2025/11/20 10:33:28.857 Add Basket MarketNo：2 StockIdx：298
[15780] 2025/11/20 10:33:28.857 Divide StockNo {DCF00}
[15780] 2025/11/20 10:33:28.857 Add Basket MarketNo：2 StockIdx：304
[15780] 2025/11/20 10:33:28.857 Divide StockNo {DEF00}
[15780] 2025/11/20 10:33:28.857 Add Basket MarketNo：2 StockIdx：312
[15780] 2025/11/20 10:33:28.857 Divide StockNo {DFF00}
[15780] 2025/11/20 10:33:28.857 Add Basket MarketNo：2 StockIdx：321
[15780] 2025/11/20 10:33:28.857 Divide StockNo {DGF00}
[15780] 2025/11/20 10:33:28.857 Add Basket MarketNo：2 StockIdx：327
[15780] 2025/11/20 10:33:28.857 Divide StockNo {DHF00}
[15780] 2025/11/20 10:33:28.857 Add Basket MarketNo：2 StockIdx：333
[15780] 2025/11/20 10:33:28.857 Divide StockNo {DIF00}
[15780] 2025/11/20 10:33:28.857 Add Basket MarketNo：2 StockIdx：339
[15780] 2025/11/20 10:33:28.857 Divide StockNo {DJF00}
[15780] 2025/11/20 10:33:28.857 Add Basket MarketNo：2 StockIdx：345
[15780] 2025/11/20 10:33:28.857 Divide StockNo {DKF00}
[15780] 2025/11/20 10:33:28.857 Add Basket MarketNo：2 StockIdx：351
[15780] 2025/11/20 10:33:28.857 Divide StockNo {DLF00}
[15780] 2025/11/20 10:33:28.857 Add Basket MarketNo：2 StockIdx：357
[15780] 2025/11/20 10:33:28.857 Divide StockNo {DNF00}
[15780] 2025/11/20 10:33:28.857 Add Basket MarketNo：2 StockIdx：363
[15780] 2025/11/20 10:33:28.857 Divide StockNo {DOF00}
[15780] 2025/11/20 10:33:28.857 Add Basket MarketNo：2 StockIdx：371
[15780] 2025/11/20 10:33:28.857 Divide StockNo {DPF00}
[15780] 2025/11/20 10:33:28.857 Add Basket MarketNo：2 StockIdx：377
[15780] 2025/11/20 10:33:28.857 Divide StockNo {DQF00}
[15780] 2025/11/20 10:33:28.857 Add Basket MarketNo：2 StockIdx：383
[15780] 2025/11/20 10:33:28.857 Divide StockNo {DSF00}
[15780] 2025/11/20 10:33:28.857 Add Basket MarketNo：2 StockIdx：389
[15780] 2025/11/20 10:33:28.857 Divide StockNo {DVF00}
[15780] 2025/11/20 10:33:28.857 Add Basket MarketNo：2 StockIdx：395
[15780] 2025/11/20 10:33:28.857 Divide StockNo {DWF00}
[15780] 2025/11/20 10:33:28.857 Add Basket MarketNo：2 StockIdx：401
[15780] 2025/11/20 10:33:28.857 Divide StockNo {DXF00}
[15780] 2025/11/20 10:33:28.857 Add Basket MarketNo：2 StockIdx：407
[15780] 2025/11/20 10:33:28.857 Divide StockNo {DYF00}
[15780] 2025/11/20 10:33:28.858 Add Basket MarketNo：2 StockIdx：413
[15780] 2025/11/20 10:33:28.858 Divide StockNo {DZF00}
[15780] 2025/11/20 10:33:28.858 Add Basket MarketNo：2 StockIdx：419
[15780] 2025/11/20 10:33:28.858 Divide StockNo {EEF00}
[15780] 2025/11/20 10:33:28.858 Add Basket MarketNo：2 StockIdx：425
[15780] 2025/11/20 10:33:28.858 Divide StockNo {EGF00}
[15780] 2025/11/20 10:33:28.858 Add Basket MarketNo：2 StockIdx：431
[15780] 2025/11/20 10:33:28.858 Divide StockNo {EHF00}
[15780] 2025/11/20 10:33:28.858 Add Basket MarketNo：2 StockIdx：437
[15780] 2025/11/20 10:33:28.858 Divide StockNo {EKF00}
[15780] 2025/11/20 10:33:28.858 Add Basket MarketNo：2 StockIdx：443
[15780] 2025/11/20 10:33:28.858 Divide StockNo {EMF00}
[15780] 2025/11/20 10:33:28.858 Add Basket MarketNo：2 StockIdx：449
[15780] 2025/11/20 10:33:28.858 Divide StockNo {EPF00}
[15780] 2025/11/20 10:33:28.858 Add Basket MarketNo：2 StockIdx：455
[15780] 2025/11/20 10:33:28.858 Divide StockNo {EYF00}
[15780] 2025/11/20 10:33:28.858 Add Basket MarketNo：2 StockIdx：461
[15780] 2025/11/20 10:33:28.858 Divide StockNo {EZF00}
[15780] 2025/11/20 10:33:28.858 Add Basket MarketNo：2 StockIdx：467
[15780] 2025/11/20 10:33:28.858 Divide StockNo {FBF00}
[15780] 2025/11/20 10:33:28.858 Add Basket MarketNo：2 StockIdx：473
[15780] 2025/11/20 10:33:28.858 Divide StockNo {FCF00}
[15780] 2025/11/20 10:33:28.858 Add Basket MarketNo：2 StockIdx：479
[15780] 2025/11/20 10:33:28.858 Divide StockNo {FEF00}
[15780] 2025/11/20 10:33:28.858 Add Basket MarketNo：2 StockIdx：483
[15780] 2025/11/20 10:33:28.858 Divide StockNo {FFF00}
[15780] 2025/11/20 10:33:28.858 Add Basket MarketNo：2 StockIdx：491
[15780] 2025/11/20 10:33:28.858 Divide StockNo {FGF00}
[15780] 2025/11/20 10:33:28.858 Add Basket MarketNo：2 StockIdx：497
[15780] 2025/11/20 10:33:28.858 Divide StockNo {FKF00}
[15780] 2025/11/20 10:33:28.858 Add Basket MarketNo：2 StockIdx：503
[15780] 2025/11/20 10:33:28.858 Divide StockNo {FNF00}
[15780] 2025/11/20 10:33:28.858 Add Basket MarketNo：2 StockIdx：509
[15780] 2025/11/20 10:33:28.858 Divide StockNo {FQF00}
[15780] 2025/11/20 10:33:28.858 Add Basket MarketNo：2 StockIdx：515
[15780] 2025/11/20 10:33:28.858 Divide StockNo {FRF00}
[15780] 2025/11/20 10:33:28.858 Add Basket MarketNo：2 StockIdx：521
[15780] 2025/11/20 10:33:28.858 Divide StockNo {FSF00}
[15780] 2025/11/20 10:33:28.858 Add Basket MarketNo：2 StockIdx：527
[15780] 2025/11/20 10:33:28.858 Divide StockNo {FTF00}
[15780] 2025/11/20 10:33:28.858 Add Basket MarketNo：2 StockIdx：533
[15780] 2025/11/20 10:33:28.858 Divide StockNo {FVF00}
[15780] 2025/11/20 10:33:28.858 Add Basket MarketNo：2 StockIdx：539
[15780] 2025/11/20 10:33:28.858 Divide StockNo {FWF00}
[15780] 2025/11/20 10:33:28.858 Add Basket MarketNo：2 StockIdx：545
[15780] 2025/11/20 10:33:28.858 Divide StockNo {FYF00}
[15780] 2025/11/20 10:33:28.858 Add Basket MarketNo：2 StockIdx：551
[15780] 2025/11/20 10:33:28.858 Divide StockNo {FZF00}
[15780] 2025/11/20 10:33:28.858 Add Basket MarketNo：2 StockIdx：557
[15780] 2025/11/20 10:33:28.858 Divide StockNo {GAF00}
[15780] 2025/11/20 10:33:28.858 Add Basket MarketNo：2 StockIdx：563
[15780] 2025/11/20 10:33:28.858 Divide StockNo {GCF00}
[15780] 2025/11/20 10:33:28.858 Add Basket MarketNo：2 StockIdx：569
[15780] 2025/11/20 10:33:28.858 Divide StockNo {GHF00}
[15780] 2025/11/20 10:33:28.858 Add Basket MarketNo：2 StockIdx：575
[15780] 2025/11/20 10:33:28.858 Divide StockNo {GIF00}
[15780] 2025/11/20 10:33:28.858 Add Basket MarketNo：2 StockIdx：581
[15780] 2025/11/20 10:33:28.858 Divide StockNo {GJF00}
[15780] 2025/11/20 10:33:28.858 Add Basket MarketNo：2 StockIdx：587
[15780] 2025/11/20 10:33:28.858 Divide StockNo {GKF00}
[15780] 2025/11/20 10:33:28.858 Add Basket MarketNo：2 StockIdx：593
[15780] 2025/11/20 10:33:28.858 Divide StockNo {GLF00}
[15780] 2025/11/20 10:33:28.858 Add Basket MarketNo：2 StockIdx：599
[15780] 2025/11/20 10:33:28.858 Divide StockNo {GMF00}
[15780] 2025/11/20 10:33:28.858 Add Basket MarketNo：2 StockIdx：605
[15780] 2025/11/20 10:33:28.858 Divide StockNo {GNF00}
[15780] 2025/11/20 10:33:28.859 Add Basket MarketNo：2 StockIdx：611
[15780] 2025/11/20 10:33:28.859 Divide StockNo {GOF00}
[15780] 2025/11/20 10:33:28.859 Add Basket MarketNo：2 StockIdx：617
[15780] 2025/11/20 10:33:28.859 Divide StockNo {GRF00}
[15780] 2025/11/20 10:33:28.859 Add Basket MarketNo：2 StockIdx：623
[15780] 2025/11/20 10:33:28.859 Divide StockNo {GUF00}
[15780] 2025/11/20 10:33:28.859 Add Basket MarketNo：2 StockIdx：629
[15780] 2025/11/20 10:33:28.859 Divide StockNo {GVF00}
[15780] 2025/11/20 10:33:28.859 Add Basket MarketNo：2 StockIdx：635
[15780] 2025/11/20 10:33:28.859 Divide StockNo {GWF00}
[15780] 2025/11/20 10:33:28.859 Add Basket MarketNo：2 StockIdx：641
[15780] 2025/11/20 10:33:28.859 Divide StockNo {GXF00}
[15780] 2025/11/20 10:33:28.859 Add Basket MarketNo：2 StockIdx：647
[15780] 2025/11/20 10:33:28.859 Divide StockNo {GYF00}
[15780] 2025/11/20 10:33:28.859 Add Basket MarketNo：2 StockIdx：653
[15780] 2025/11/20 10:33:28.859 Divide StockNo {GZF00}
[15780] 2025/11/20 10:33:28.859 Add Basket MarketNo：2 StockIdx：659
[15780] 2025/11/20 10:33:28.859 Divide StockNo {HAF00}
[15780] 2025/11/20 10:33:28.859 Add Basket MarketNo：2 StockIdx：665
[15780] 2025/11/20 10:33:28.859 Divide StockNo {HBF00}
[15780] 2025/11/20 10:33:28.859 Add Basket MarketNo：2 StockIdx：675
[15780] 2025/11/20 10:33:28.859 Divide StockNo {HCF00}
[15780] 2025/11/20 10:33:28.859 Add Basket MarketNo：2 StockIdx：681
[15780] 2025/11/20 10:33:28.859 Divide StockNo {HHF00}
[15780] 2025/11/20 10:33:28.859 Add Basket MarketNo：2 StockIdx：687
[15780] 2025/11/20 10:33:28.859 Divide StockNo {HIF00}
[15780] 2025/11/20 10:33:28.859 Add Basket MarketNo：2 StockIdx：697
[15780] 2025/11/20 10:33:28.859 Divide StockNo {HLF00}
[15780] 2025/11/20 10:33:28.859 Add Basket MarketNo：2 StockIdx：703
[15780] 2025/11/20 10:33:28.859 Divide StockNo {HOF00}
[15780] 2025/11/20 10:33:28.859 Add Basket MarketNo：2 StockIdx：713
[15780] 2025/11/20 10:33:28.859 Divide StockNo {HQF00}
[15780] 2025/11/20 10:33:28.859 Add Basket MarketNo：2 StockIdx：719
[15780] 2025/11/20 10:33:28.859 Divide StockNo {HSF00}
[15780] 2025/11/20 10:33:28.859 Add Basket MarketNo：2 StockIdx：725
[15780] 2025/11/20 10:33:28.859 Divide StockNo {IAF00}
[15780] 2025/11/20 10:33:28.859 Add Basket MarketNo：2 StockIdx：731
[15780] 2025/11/20 10:33:28.859 Divide StockNo {IHF00}
[15780] 2025/11/20 10:33:28.859 Add Basket MarketNo：2 StockIdx：740
[15780] 2025/11/20 10:33:28.859 Divide StockNo {IIF00}
[15780] 2025/11/20 10:33:28.859 Add Basket MarketNo：2 StockIdx：746
[15780] 2025/11/20 10:33:28.859 Divide StockNo {IJF00}
[15780] 2025/11/20 10:33:28.859 Add Basket MarketNo：2 StockIdx：752
[15780] 2025/11/20 10:33:28.859 Divide StockNo {IMF00}
[15780] 2025/11/20 10:33:28.859 Add Basket MarketNo：2 StockIdx：758
[15780] 2025/11/20 10:33:28.859 Divide StockNo {IOF00}
[15780] 2025/11/20 10:33:28.859 Add Basket MarketNo：2 StockIdx：764
[15780] 2025/11/20 10:33:28.859 Divide StockNo {IPF00}
[15780] 2025/11/20 10:33:28.859 Add Basket MarketNo：2 StockIdx：770
[15780] 2025/11/20 10:33:28.859 Divide StockNo {IQF00}
[15780] 2025/11/20 10:33:28.859 Add Basket MarketNo：2 StockIdx：776
[15780] 2025/11/20 10:33:28.859 Divide StockNo {IRF00}
[15780] 2025/11/20 10:33:28.859 Add Basket MarketNo：2 StockIdx：782
[15780] 2025/11/20 10:33:28.859 Divide StockNo {ITF00}
[15780] 2025/11/20 10:33:28.859 Add Basket MarketNo：2 StockIdx：792
[15780] 2025/11/20 10:33:28.859 Divide StockNo {IXF00}
[15780] 2025/11/20 10:33:28.859 Add Basket MarketNo：2 StockIdx：798
[15780] 2025/11/20 10:33:28.859 Divide StockNo {IYF00}
[15780] 2025/11/20 10:33:28.859 Add Basket MarketNo：2 StockIdx：804
[15780] 2025/11/20 10:33:28.859 Divide StockNo {IZF00}
[15780] 2025/11/20 10:33:28.859 Add Basket MarketNo：2 StockIdx：810
[15780] 2025/11/20 10:33:28.859 Divide StockNo {JBF00}
[15780] 2025/11/20 10:33:28.859 Add Basket MarketNo：2 StockIdx：816
[15780] 2025/11/20 10:33:28.859 Divide StockNo {JFF00}
[15780] 2025/11/20 10:33:28.859 Add Basket MarketNo：2 StockIdx：822
[15780] 2025/11/20 10:33:28.859 Divide StockNo {JMF00}
[15780] 2025/11/20 10:33:28.860 Add Basket MarketNo：2 StockIdx：828
[15780] 2025/11/20 10:33:28.860 Divide StockNo {JNF00}
[15780] 2025/11/20 10:33:28.860 Add Basket MarketNo：2 StockIdx：834
[15780] 2025/11/20 10:33:28.860 Divide StockNo {JPF00}
[15780] 2025/11/20 10:33:28.860 Add Basket MarketNo：2 StockIdx：840
[15780] 2025/11/20 10:33:28.860 Divide StockNo {JSF00}
[15780] 2025/11/20 10:33:28.860 Add Basket MarketNo：2 StockIdx：846
[15780] 2025/11/20 10:33:28.860 Divide StockNo {JWF00}
[15780] 2025/11/20 10:33:28.860 Add Basket MarketNo：2 StockIdx：852
[15780] 2025/11/20 10:33:28.860 Divide StockNo {JXF00}
[15780] 2025/11/20 10:33:28.860 Add Basket MarketNo：2 StockIdx：858
[15780] 2025/11/20 10:33:28.860 Divide StockNo {JZF00}
[15780] 2025/11/20 10:33:28.860 Add Basket MarketNo：2 StockIdx：864
[15780] 2025/11/20 10:33:28.860 Divide StockNo {KAF00}
[15780] 2025/11/20 10:33:28.860 Add Basket MarketNo：2 StockIdx：870
[15780] 2025/11/20 10:33:28.860 Divide StockNo {KBF00}
[15780] 2025/11/20 10:33:28.860 Add Basket MarketNo：2 StockIdx：876
[15780] 2025/11/20 10:33:28.860 Divide StockNo {KCF00}
[15780] 2025/11/20 10:33:28.860 Add Basket MarketNo：2 StockIdx：882
[15780] 2025/11/20 10:33:28.860 Divide StockNo {KDF00}
[15780] 2025/11/20 10:33:28.860 Add Basket MarketNo：2 StockIdx：888
[15780] 2025/11/20 10:33:28.860 Divide StockNo {KEF00}
[15780] 2025/11/20 10:33:28.860 Add Basket MarketNo：2 StockIdx：894
[15780] 2025/11/20 10:33:28.860 Divide StockNo {KFF00}
[15780] 2025/11/20 10:33:28.860 Add Basket MarketNo：2 StockIdx：900
[15780] 2025/11/20 10:33:28.860 Divide StockNo {KGF00}
[15780] 2025/11/20 10:33:28.860 Add Basket MarketNo：2 StockIdx：906
[15780] 2025/11/20 10:33:28.860 Divide StockNo {KIF00}
[15780] 2025/11/20 10:33:28.860 Add Basket MarketNo：2 StockIdx：912
[15780] 2025/11/20 10:33:28.860 Divide StockNo {KKF00}
[15780] 2025/11/20 10:33:28.860 Add Basket MarketNo：2 StockIdx：918
[15780] 2025/11/20 10:33:28.860 Divide StockNo {KLF00}
[15780] 2025/11/20 10:33:28.860 Add Basket MarketNo：2 StockIdx：924
[15780] 2025/11/20 10:33:28.860 Divide StockNo {KOF00}
[15780] 2025/11/20 10:33:28.860 Add Basket MarketNo：2 StockIdx：930
[15780] 2025/11/20 10:33:28.860 Divide StockNo {KPF00}
[15780] 2025/11/20 10:33:28.860 Add Basket MarketNo：2 StockIdx：936
[15780] 2025/11/20 10:33:28.860 Divide StockNo {KSF00}
[15780] 2025/11/20 10:33:28.860 Add Basket MarketNo：2 StockIdx：942
[15780] 2025/11/20 10:33:28.860 Divide StockNo {KUF00}
[15780] 2025/11/20 10:33:28.860 Add Basket MarketNo：2 StockIdx：948
[15780] 2025/11/20 10:33:28.860 Divide StockNo {KWF00}
[15780] 2025/11/20 10:33:28.860 Add Basket MarketNo：2 StockIdx：954
[15780] 2025/11/20 10:33:28.860 Divide StockNo {LBF00}
[15780] 2025/11/20 10:33:28.860 Add Basket MarketNo：2 StockIdx：960
[15780] 2025/11/20 10:33:28.860 Divide StockNo {LCF00}
[15780] 2025/11/20 10:33:28.860 Add Basket MarketNo：2 StockIdx：966
[15780] 2025/11/20 10:33:28.860 Divide StockNo {LEF00}
[15780] 2025/11/20 10:33:28.860 Add Basket MarketNo：2 StockIdx：972
[15780] 2025/11/20 10:33:28.860 Divide StockNo {LIF00}
[15780] 2025/11/20 10:33:28.860 Add Basket MarketNo：2 StockIdx：978
[15780] 2025/11/20 10:33:28.860 Divide StockNo {LMF00}
[15780] 2025/11/20 10:33:28.860 Add Basket MarketNo：2 StockIdx：984
[15780] 2025/11/20 10:33:28.860 Divide StockNo {LOF00}
[15780] 2025/11/20 10:33:28.860 Add Basket MarketNo：2 StockIdx：990
[15780] 2025/11/20 10:33:28.860 Divide StockNo {LQF00}
[15780] 2025/11/20 10:33:28.860 Add Basket MarketNo：2 StockIdx：996
[15780] 2025/11/20 10:33:28.860 Divide StockNo {LRF00}
[15780] 2025/11/20 10:33:28.860 Add Basket MarketNo：2 StockIdx：1002
[15780] 2025/11/20 10:33:28.860 Divide StockNo {LTF00}
[15780] 2025/11/20 10:33:28.860 Add Basket MarketNo：2 StockIdx：1011
[15780] 2025/11/20 10:33:28.860 Divide StockNo {LUF00}
[15780] 2025/11/20 10:33:28.860 Add Basket MarketNo：2 StockIdx：1017
[15780] 2025/11/20 10:33:28.861 Divide StockNo {LVF00}
[15780] 2025/11/20 10:33:28.861 Add Basket MarketNo：2 StockIdx：1023
[15780] 2025/11/20 10:33:28.861 Divide StockNo {LWF00}
[15780] 2025/11/20 10:33:28.861 Add Basket MarketNo：2 StockIdx：1032
[15780] 2025/11/20 10:33:28.861 Divide StockNo {LXF00}
[15780] 2025/11/20 10:33:28.861 Add Basket MarketNo：2 StockIdx：1038
[15780] 2025/11/20 10:33:28.861 Divide StockNo {LYF00}
[15780] 2025/11/20 10:33:28.861 Add Basket MarketNo：2 StockIdx：1045
[15780] 2025/11/20 10:33:28.861 Divide StockNo {MAF00}
[15780] 2025/11/20 10:33:28.861 Add Basket MarketNo：2 StockIdx：1051
[15780] 2025/11/20 10:33:28.861 Divide StockNo {MBF00}
[15780] 2025/11/20 10:33:28.861 Add Basket MarketNo：2 StockIdx：1054
[15780] 2025/11/20 10:33:28.861 Divide StockNo {MJF00}
[15780] 2025/11/20 10:33:28.861 Add Basket MarketNo：2 StockIdx：1060
[15780] 2025/11/20 10:33:28.861 Divide StockNo {MKF00}
[15780] 2025/11/20 10:33:28.861 Add Basket MarketNo：2 StockIdx：1066
[15780] 2025/11/20 10:33:28.861 Divide StockNo {MQF00}
[15780] 2025/11/20 10:33:28.861 Add Basket MarketNo：2 StockIdx：1072
[15780] 2025/11/20 10:33:28.861 Divide StockNo {MVF00}
[15780] 2025/11/20 10:33:28.861 Add Basket MarketNo：2 StockIdx：1078
[15780] 2025/11/20 10:33:28.861 Divide StockNo {MYF00}
[15780] 2025/11/20 10:33:28.861 Add Basket MarketNo：2 StockIdx：1084
[15780] 2025/11/20 10:33:28.861 Divide StockNo {NAF00}
[15780] 2025/11/20 10:33:28.861 Add Basket MarketNo：2 StockIdx：1090
[15780] 2025/11/20 10:33:28.861 Divide StockNo {NBF00}
[15780] 2025/11/20 10:33:28.861 Add Basket MarketNo：2 StockIdx：1096
[15780] 2025/11/20 10:33:28.861 Divide StockNo {NDF00}
[15780] 2025/11/20 10:33:28.861 Add Basket MarketNo：2 StockIdx：1102
[15780] 2025/11/20 10:33:28.861 Divide StockNo {NEF00}
[15780] 2025/11/20 10:33:28.861 Add Basket MarketNo：2 StockIdx：1108
[15780] 2025/11/20 10:33:28.861 Divide StockNo {NGF00}
[15780] 2025/11/20 10:33:28.861 Add Basket MarketNo：2 StockIdx：1114
[15780] 2025/11/20 10:33:28.861 Divide StockNo {NIF00}
[15780] 2025/11/20 10:33:28.861 Add Basket MarketNo：2 StockIdx：1120
[15780] 2025/11/20 10:33:28.861 Divide StockNo {NJF00}
[15780] 2025/11/20 10:33:28.861 Add Basket MarketNo：2 StockIdx：1126
[15780] 2025/11/20 10:33:28.861 Divide StockNo {NLF00}
[15780] 2025/11/20 10:33:28.861 Add Basket MarketNo：2 StockIdx：1132
[15780] 2025/11/20 10:33:28.861 Divide StockNo {NMF00}
[15780] 2025/11/20 10:33:28.861 Add Basket MarketNo：2 StockIdx：1138
[15780] 2025/11/20 10:33:28.861 Divide StockNo {NOF00}
[15780] 2025/11/20 10:33:28.861 Add Basket MarketNo：2 StockIdx：1144
[15780] 2025/11/20 10:33:28.861 Divide StockNo {NQF00}
[15780] 2025/11/20 10:33:28.861 Add Basket MarketNo：2 StockIdx：1150
[15780] 2025/11/20 10:33:28.861 Divide StockNo {NSF00}
[15780] 2025/11/20 10:33:28.861 Add Basket MarketNo：2 StockIdx：1156
[15780] 2025/11/20 10:33:28.861 Divide StockNo {NUF00}
[15780] 2025/11/20 10:33:28.861 Add Basket MarketNo：2 StockIdx：1162
[15780] 2025/11/20 10:33:28.861 Divide StockNo {NVF00}
[15780] 2025/11/20 10:33:28.861 Add Basket MarketNo：2 StockIdx：1168
[15780] 2025/11/20 10:33:28.861 Divide StockNo {NWF00}
[15780] 2025/11/20 10:33:28.861 Add Basket MarketNo：2 StockIdx：1174
[15780] 2025/11/20 10:33:28.861 Divide StockNo {NYF00}
[15780] 2025/11/20 10:33:28.861 Add Basket MarketNo：2 StockIdx：5672
[15780] 2025/11/20 10:33:28.861 Divide StockNo {OAF00}
[15780] 2025/11/20 10:33:28.861 Add Basket MarketNo：2 StockIdx：1186
[15780] 2025/11/20 10:33:28.861 Divide StockNo {OBF00}
[15780] 2025/11/20 10:33:28.861 Add Basket MarketNo：2 StockIdx：1192
[15780] 2025/11/20 10:33:28.861 Divide StockNo {ODF00}
[15780] 2025/11/20 10:33:28.861 Add Basket MarketNo：2 StockIdx：1198
[15780] 2025/11/20 10:33:28.861 Divide StockNo {OEF00}
[15780] 2025/11/20 10:33:28.861 Add Basket MarketNo：2 StockIdx：1204
[15780] 2025/11/20 10:33:28.861 Divide StockNo {OHF00}
[15780] 2025/11/20 10:33:28.861 Add Basket MarketNo：2 StockIdx：1210
[15780] 2025/11/20 10:33:28.861 Divide StockNo {OJF00}
[15780] 2025/11/20 10:33:28.862 Add Basket MarketNo：2 StockIdx：1216
[15780] 2025/11/20 10:33:28.862 Divide StockNo {OKF00}
[15780] 2025/11/20 10:33:28.862 Add Basket MarketNo：2 StockIdx：1222
[15780] 2025/11/20 10:33:28.862 Divide StockNo {OLF00}
[15780] 2025/11/20 10:33:28.862 Add Basket MarketNo：2 StockIdx：1228
[15780] 2025/11/20 10:33:28.862 Divide StockNo {OMF00}
[15780] 2025/11/20 10:33:28.862 Add Basket MarketNo：2 StockIdx：1234
[15780] 2025/11/20 10:33:28.862 Divide StockNo {OOF00}
[15780] 2025/11/20 10:33:28.862 Add Basket MarketNo：2 StockIdx：1240
[15780] 2025/11/20 10:33:28.862 Divide StockNo {OPF00}
[15780] 2025/11/20 10:33:28.862 Add Basket MarketNo：2 StockIdx：1246
[15780] 2025/11/20 10:33:28.862 Divide StockNo {OQF00}
[15780] 2025/11/20 10:33:28.862 Add Basket MarketNo：2 StockIdx：1252
[15780] 2025/11/20 10:33:28.862 Divide StockNo {ORF00}
[15780] 2025/11/20 10:33:28.862 Add Basket MarketNo：2 StockIdx：1258
[15780] 2025/11/20 10:33:28.862 Divide StockNo {OSF00}
[15780] 2025/11/20 10:33:28.862 Add Basket MarketNo：2 StockIdx：1264
[15780] 2025/11/20 10:33:28.862 Divide StockNo {OTF00}
[15780] 2025/11/20 10:33:28.862 Add Basket MarketNo：2 StockIdx：1270
[15780] 2025/11/20 10:33:28.862 Divide StockNo {OUF00}
[15780] 2025/11/20 10:33:28.862 Add Basket MarketNo：2 StockIdx：1276
[15780] 2025/11/20 10:33:28.862 Divide StockNo {OVF00}
[15780] 2025/11/20 10:33:28.862 Add Basket MarketNo：2 StockIdx：1282
[15780] 2025/11/20 10:33:28.862 Divide StockNo {OWF00}
[15780] 2025/11/20 10:33:28.862 Add Basket MarketNo：2 StockIdx：1288
[15780] 2025/11/20 10:33:28.862 Divide StockNo {OXF00}
[15780] 2025/11/20 10:33:28.862 Add Basket MarketNo：2 StockIdx：1294
[15780] 2025/11/20 10:33:28.862 Divide StockNo {OYF00}
[15780] 2025/11/20 10:33:28.862 Add Basket MarketNo：2 StockIdx：1300
[15780] 2025/11/20 10:33:28.862 Divide StockNo {OZF00}
[15780] 2025/11/20 10:33:28.862 Add Basket MarketNo：2 StockIdx：1306
[15780] 2025/11/20 10:33:28.862 Divide StockNo {PAF00}
[15780] 2025/11/20 10:33:28.862 Add Basket MarketNo：2 StockIdx：1312
[15780] 2025/11/20 10:33:28.862 Divide StockNo {PBF00}
[15780] 2025/11/20 10:33:28.862 Add Basket MarketNo：2 StockIdx：1318
[15780] 2025/11/20 10:33:28.862 Divide StockNo {PCF00}
[15780] 2025/11/20 10:33:28.862 Add Basket MarketNo：2 StockIdx：1324
[15780] 2025/11/20 10:33:28.862 Divide StockNo {PDF00}
[15780] 2025/11/20 10:33:28.862 Add Basket MarketNo：2 StockIdx：1330
[15780] 2025/11/20 10:33:28.862 Divide StockNo {PEF00}
[15780] 2025/11/20 10:33:28.862 Add Basket MarketNo：2 StockIdx：1336
[15780] 2025/11/20 10:33:28.862 Divide StockNo {PFF00}
[15780] 2025/11/20 10:33:28.862 Add Basket MarketNo：2 StockIdx：1342
[15780] 2025/11/20 10:33:28.862 Divide StockNo {PGF00}
[15780] 2025/11/20 10:33:28.862 Add Basket MarketNo：2 StockIdx：1348
[15780] 2025/11/20 10:33:28.862 Divide StockNo {PHF00}
[15780] 2025/11/20 10:33:28.862 Add Basket MarketNo：2 StockIdx：1354
[15780] 2025/11/20 10:33:28.862 Divide StockNo {PIF00}
[15780] 2025/11/20 10:33:28.862 Add Basket MarketNo：2 StockIdx：1360
[15780] 2025/11/20 10:33:28.862 Divide StockNo {PJF00}
[15780] 2025/11/20 10:33:28.862 Add Basket MarketNo：2 StockIdx：1366
[15780] 2025/11/20 10:33:28.862 Divide StockNo {PKF00}
[15780] 2025/11/20 10:33:28.862 Add Basket MarketNo：2 StockIdx：1372
[15780] 2025/11/20 10:33:28.862 Divide StockNo {PLF00}
[15780] 2025/11/20 10:33:28.862 Add Basket MarketNo：2 StockIdx：1378
[15780] 2025/11/20 10:33:28.862 Divide StockNo {PMF00}
[15780] 2025/11/20 10:33:28.862 Add Basket MarketNo：2 StockIdx：1384
[15780] 2025/11/20 10:33:28.862 Divide StockNo {PNF00}
[15780] 2025/11/20 10:33:28.862 Add Basket MarketNo：2 StockIdx：1390
[15780] 2025/11/20 10:33:28.862 Divide StockNo {PPF00}
[15780] 2025/11/20 10:33:28.862 Add Basket MarketNo：2 StockIdx：1396
[15780] 2025/11/20 10:33:28.862 Divide StockNo {PQF00}
[15780] 2025/11/20 10:33:28.863 Add Basket MarketNo：2 StockIdx：1402
[15780] 2025/11/20 10:33:28.863 Divide StockNo {PRF00}
[15780] 2025/11/20 10:33:28.863 Add Basket MarketNo：2 StockIdx：1408
[15780] 2025/11/20 10:33:28.863 Divide StockNo {PSF00}
[15780] 2025/11/20 10:33:28.863 Add Basket MarketNo：2 StockIdx：1414
[15780] 2025/11/20 10:33:28.863 Divide StockNo {PTF00}
[15780] 2025/11/20 10:33:28.863 Add Basket MarketNo：2 StockIdx：1422
[15780] 2025/11/20 10:33:28.863 Divide StockNo {PUF00}
[15780] 2025/11/20 10:33:28.863 Add Basket MarketNo：2 StockIdx：1428
[15780] 2025/11/20 10:33:28.863 Divide StockNo {PVF00}
[15780] 2025/11/20 10:33:28.863 Add Basket MarketNo：2 StockIdx：1434
[15780] 2025/11/20 10:33:28.863 Divide StockNo {PWF00}
[15780] 2025/11/20 10:33:28.863 Add Basket MarketNo：2 StockIdx：1440
[15780] 2025/11/20 10:33:28.863 Divide StockNo {PXF00}
[15780] 2025/11/20 10:33:28.863 Add Basket MarketNo：2 StockIdx：1446
[15780] 2025/11/20 10:33:28.863 Divide StockNo {PYF00}
[15780] 2025/11/20 10:33:28.863 Add Basket MarketNo：2 StockIdx：1452
[15780] 2025/11/20 10:33:28.863 Divide StockNo {PZF00}
[15780] 2025/11/20 10:33:28.863 Add Basket MarketNo：2 StockIdx：1458
[15780] 2025/11/20 10:33:28.863 Divide StockNo {QAF00}
[15780] 2025/11/20 10:33:28.863 Add Basket MarketNo：2 StockIdx：1464
[15780] 2025/11/20 10:33:28.863 Divide StockNo {QBF00}
[15780] 2025/11/20 10:33:28.863 Add Basket MarketNo：2 StockIdx：1470
[15780] 2025/11/20 10:33:28.863 Divide StockNo {QCF00}
[15780] 2025/11/20 10:33:28.863 Add Basket MarketNo：2 StockIdx：1476
[15780] 2025/11/20 10:33:28.863 Divide StockNo {QDF00}
[15780] 2025/11/20 10:33:28.863 Add Basket MarketNo：2 StockIdx：1482
[15780] 2025/11/20 10:33:28.863 Divide StockNo {QEF00}
[15780] 2025/11/20 10:33:28.863 Add Basket MarketNo：2 StockIdx：1488
[15780] 2025/11/20 10:33:28.863 Divide StockNo {QFF00}
[15780] 2025/11/20 10:33:28.863 Add Basket MarketNo：2 StockIdx：5678
[15780] 2025/11/20 10:33:28.863 Divide StockNo {QGF00}
[15780] 2025/11/20 10:33:28.863 Add Basket MarketNo：2 StockIdx：1502
[15780] 2025/11/20 10:33:28.863 Divide StockNo {QHF00}
[15780] 2025/11/20 10:33:28.863 Add Basket MarketNo：2 StockIdx：1508
[15780] 2025/11/20 10:33:28.863 Divide StockNo {QIF00}
[15780] 2025/11/20 10:33:28.863 Add Basket MarketNo：2 StockIdx：1514
[15780] 2025/11/20 10:33:28.863 Divide StockNo {QJF00}
[15780] 2025/11/20 10:33:28.863 Add Basket MarketNo：2 StockIdx：1518
[15780] 2025/11/20 10:33:28.863 Divide StockNo {QKF00}
[15780] 2025/11/20 10:33:28.863 Add Basket MarketNo：2 StockIdx：1524
[15780] 2025/11/20 10:33:28.863 Divide StockNo {QLF00}
[15780] 2025/11/20 10:33:28.863 Add Basket MarketNo：2 StockIdx：1530
[15780] 2025/11/20 10:33:28.863 Divide StockNo {QMF00}
[15780] 2025/11/20 10:33:28.863 Add Basket MarketNo：2 StockIdx：1536
[15780] 2025/11/20 10:33:28.863 Divide StockNo {QNF00}
[15780] 2025/11/20 10:33:28.863 Add Basket MarketNo：2 StockIdx：1542
[15780] 2025/11/20 10:33:28.863 Divide StockNo {QOF00}
[15780] 2025/11/20 10:33:28.863 Add Basket MarketNo：2 StockIdx：1548
[15780] 2025/11/20 10:33:28.863 Divide StockNo {QPF00}
[15780] 2025/11/20 10:33:28.863 Add Basket MarketNo：2 StockIdx：1554
[15780] 2025/11/20 10:33:28.863 Divide StockNo {QQF00}
[15780] 2025/11/20 10:33:28.863 Add Basket MarketNo：2 StockIdx：1560
[15780] 2025/11/20 10:33:28.863 Divide StockNo {QRF00}
[15780] 2025/11/20 10:33:28.863 Add Basket MarketNo：2 StockIdx：1566
[15780] 2025/11/20 10:33:28.863 Divide StockNo {QSF00}
[15780] 2025/11/20 10:33:28.863 Add Basket MarketNo：2 StockIdx：1572
[15780] 2025/11/20 10:33:28.863 Divide StockNo {QTF00}
[15780] 2025/11/20 10:33:28.863 Add Basket MarketNo：2 StockIdx：1578
[15780] 2025/11/20 10:33:28.863 Divide StockNo {QUF00}
[15780] 2025/11/20 10:33:28.863 Add Basket MarketNo：2 StockIdx：1584
[15780] 2025/11/20 10:33:28.863 Divide StockNo {QVF00}
[15780] 2025/11/20 10:33:28.863 Add Basket MarketNo：2 StockIdx：1590
[15780] 2025/11/20 10:33:28.863 Divide StockNo {QWF00}
[15780] 2025/11/20 10:33:28.863 Add Basket MarketNo：2 StockIdx：1596
[15780] 2025/11/20 10:33:28.864 Divide StockNo {QXF00}
[15780] 2025/11/20 10:33:28.864 Add Basket MarketNo：2 StockIdx：1602
[15780] 2025/11/20 10:33:28.864 Divide StockNo {QYF00}
[15780] 2025/11/20 10:33:28.864 Add Basket MarketNo：2 StockIdx：1608
[15780] 2025/11/20 10:33:28.864 Divide StockNo {QZF00}
[15780] 2025/11/20 10:33:28.864 Add Basket MarketNo：2 StockIdx：1614
[15780] 2025/11/20 10:33:28.864 Divide StockNo {RAF00}
[15780] 2025/11/20 10:33:28.864 Add Basket MarketNo：2 StockIdx：1620
[15780] 2025/11/20 10:33:28.864 Divide StockNo {RBF00}
[15780] 2025/11/20 10:33:28.864 Add Basket MarketNo：2 StockIdx：1626
[15780] 2025/11/20 10:33:28.864 Divide StockNo {RCF00}
[15780] 2025/11/20 10:33:28.864 Add Basket MarketNo：2 StockIdx：1632
[15780] 2025/11/20 10:33:28.864 Divide StockNo {RDF00}
[15780] 2025/11/20 10:33:28.864 Add Basket MarketNo：2 StockIdx：1638
[15780] 2025/11/20 10:33:28.864 Divide StockNo {REF00}
[15780] 2025/11/20 10:33:28.864 Add Basket MarketNo：2 StockIdx：1644
[15780] 2025/11/20 10:33:28.864 Divide StockNo {RFF00}
[15780] 2025/11/20 10:33:28.864 Add Basket MarketNo：2 StockIdx：1650
[15780] 2025/11/20 10:33:28.864 Divide StockNo {RGF00}
[15780] 2025/11/20 10:33:28.864 Add Basket MarketNo：2 StockIdx：1656
[15780] 2025/11/20 10:33:28.864 Divide StockNo {RIF00}
[15780] 2025/11/20 10:33:28.864 Add Basket MarketNo：2 StockIdx：1662
[15780] 2025/11/20 10:33:28.864 Divide StockNo {RJF00}
[15780] 2025/11/20 10:33:28.864 Add Basket MarketNo：2 StockIdx：1668
[15780] 2025/11/20 10:33:28.864 Divide StockNo {RKF00}
[15780] 2025/11/20 10:33:28.864 Add Basket MarketNo：2 StockIdx：1674
[15780] 2025/11/20 10:33:28.864 Divide StockNo {RLF00}
[15780] 2025/11/20 10:33:28.864 Add Basket MarketNo：2 StockIdx：1680
[15780] 2025/11/20 10:33:28.864 Divide StockNo {RMF00}
[15780] 2025/11/20 10:33:28.864 Stock Is Not Exist 
[15780] 2025/11/20 10:33:28.864 Divide StockNo {RNF00}
[15780] 2025/11/20 10:33:28.864 Add Basket MarketNo：2 StockIdx：1686
[15780] 2025/11/20 10:33:28.864 Divide StockNo {ROF00}
[15780] 2025/11/20 10:33:28.864 Add Basket MarketNo：2 StockIdx：1692
[15780] 2025/11/20 10:33:28.864 Divide StockNo {RPF00}
[15780] 2025/11/20 10:33:28.864 Add Basket MarketNo：2 StockIdx：1698
[15780] 2025/11/20 10:33:28.864 Divide StockNo {RQF00}
[15780] 2025/11/20 10:33:28.864 Stock Is Not Exist 
[15780] 2025/11/20 10:33:28.864 Divide StockNo {RRF00}
[15780] 2025/11/20 10:33:28.864 Add Basket MarketNo：2 StockIdx：1706
[15780] 2025/11/20 10:33:28.864 Divide StockNo {RSF00}
[15780] 2025/11/20 10:33:28.864 Add Basket MarketNo：2 StockIdx：1712
[15780] 2025/11/20 10:33:28.864 Divide StockNo {RUF00}
[15780] 2025/11/20 10:33:28.864 Add Basket MarketNo：2 StockIdx：1718
[15780] 2025/11/20 10:33:28.864 Divide StockNo {RVF00}
[15780] 2025/11/20 10:33:28.864 Add Basket MarketNo：2 StockIdx：1724
[15780] 2025/11/20 10:33:28.864 Divide StockNo {RWF00}
[15780] 2025/11/20 10:33:28.864 Add Basket MarketNo：2 StockIdx：1730
[15780] 2025/11/20 10:33:28.864 Divide StockNo {RXF00}
[15780] 2025/11/20 10:33:28.864 Add Basket MarketNo：2 StockIdx：1736
[15780] 2025/11/20 10:33:28.864 Divide StockNo {RYF00}
[15780] 2025/11/20 10:33:28.864 Add Basket MarketNo：2 StockIdx：1742
[15780] 2025/11/20 10:33:28.864 Divide StockNo {RZF00}
[15780] 2025/11/20 10:33:28.864 Add Basket MarketNo：2 StockIdx：5684
[15780] 2025/11/20 10:33:28.864 Divide StockNo {SAF00}
[15780] 2025/11/20 10:33:28.864 Add Basket MarketNo：2 StockIdx：1754
[15780] 2025/11/20 10:33:28.864 Divide StockNo {SBF00}
[15780] 2025/11/20 10:33:28.864 Add Basket MarketNo：2 StockIdx：1760
[15780] 2025/11/20 10:33:28.865 Divide StockNo {SCF00}
[15780] 2025/11/20 10:33:28.865 Add Basket MarketNo：2 StockIdx：1766
[15780] 2025/11/20 10:33:28.865 Divide StockNo {SDF00}
[15780] 2025/11/20 10:33:28.865 Add Basket MarketNo：2 StockIdx：1772
[15780] 2025/11/20 10:33:28.865 Divide StockNo {SEF00}
[15780] 2025/11/20 10:33:28.865 Add Basket MarketNo：2 StockIdx：1778
[15780] 2025/11/20 10:33:28.865 Divide StockNo {SFF00}
[15780] 2025/11/20 10:33:28.865 Add Basket MarketNo：2 StockIdx：1784
[15780] 2025/11/20 10:33:28.865 Divide StockNo {SGF00}
[15780] 2025/11/20 10:33:28.865 Add Basket MarketNo：2 StockIdx：1790
[15780] 2025/11/20 10:33:28.865 Divide StockNo {SIF00}
[15780] 2025/11/20 10:33:28.865 Add Basket MarketNo：2 StockIdx：1796
[15780] 2025/11/20 10:33:28.865 Divide StockNo {SJF00}
[15780] 2025/11/20 10:33:28.865 Add Basket MarketNo：2 StockIdx：1802
[15780] 2025/11/20 10:33:28.865 Divide StockNo {SKF00}
[15780] 2025/11/20 10:33:28.865 Add Basket MarketNo：2 StockIdx：1808
[15780] 2025/11/20 10:33:28.865 Divide StockNo {SLF00}
[15780] 2025/11/20 10:33:28.865 Add Basket MarketNo：2 StockIdx：1814
[15780] 2025/11/20 10:33:28.865 Divide StockNo {SMF00}
[15780] 2025/11/20 10:33:28.865 Add Basket MarketNo：2 StockIdx：1820
[15780] 2025/11/20 10:33:28.865 Divide StockNo {SNF00}
[15780] 2025/11/20 10:33:28.865 Add Basket MarketNo：2 StockIdx：1826
[15780] 2025/11/20 10:33:28.865 Divide StockNo {SQF00}
[15780] 2025/11/20 10:33:28.865 Add Basket MarketNo：2 StockIdx：1832
[15780] 2025/11/20 10:33:28.865 Divide StockNo {SRF00}
[15780] 2025/11/20 10:33:28.865 Add Basket MarketNo：2 StockIdx：5690
[15780] 2025/11/20 10:33:28.865 Divide StockNo {SSF00}
[15780] 2025/11/20 10:33:28.865 Add Basket MarketNo：2 StockIdx：1846
[15780] 2025/11/20 10:33:28.865 Divide StockNo {SUF00}
[15780] 2025/11/20 10:33:28.865 Add Basket MarketNo：2 StockIdx：1852
[15780] 2025/11/20 10:33:28.865 Divide StockNo {SVF00}
[15780] 2025/11/20 10:33:28.865 Add Basket MarketNo：2 StockIdx：1858
[15780] 2025/11/20 10:33:28.865 Divide StockNo {SWF00}
[15780] 2025/11/20 10:33:28.865 Add Basket MarketNo：2 StockIdx：1864
[15780] 2025/11/20 10:33:28.865 Divide StockNo {SYF00}
[15780] 2025/11/20 10:33:28.865 Add Basket MarketNo：2 StockIdx：1870
[15780] 2025/11/20 10:33:28.865 Divide StockNo {SZF00}
[15780] 2025/11/20 10:33:28.865 Add Basket MarketNo：2 StockIdx：1876
[15780] 2025/11/20 10:33:28.865 Divide StockNo {UAF00}
[15780] 2025/11/20 10:33:28.865 Add Basket MarketNo：2 StockIdx：1882
[15780] 2025/11/20 10:33:28.865 Divide StockNo {UBF00}
[15780] 2025/11/20 10:33:28.865 Add Basket MarketNo：2 StockIdx：1888
[15780] 2025/11/20 10:33:28.865 Divide StockNo {UCF00}
[15780] 2025/11/20 10:33:28.865 Add Basket MarketNo：2 StockIdx：1894
[15780] 2025/11/20 10:33:28.865 Divide StockNo {UEF00}
[15780] 2025/11/20 10:33:28.865 Add Basket MarketNo：2 StockIdx：1900
[15780] 2025/11/20 10:33:28.865 Divide StockNo {UFF00}
[15780] 2025/11/20 10:33:28.865 Add Basket MarketNo：2 StockIdx：1906
[15780] 2025/11/20 10:33:28.865 Divide StockNo {UGF00}
[15780] 2025/11/20 10:33:28.865 Add Basket MarketNo：2 StockIdx：1912
[15780] 2025/11/20 10:33:28.865 Divide StockNo {UHF00}
[15780] 2025/11/20 10:33:28.865 Add Basket MarketNo：2 StockIdx：1918
[15780] 2025/11/20 10:33:28.866 Divide StockNo {UIF00}
[15780] 2025/11/20 10:33:28.866 Add Basket MarketNo：2 StockIdx：1924
[15780] 2025/11/20 10:33:28.866 Divide StockNo {UJF00}
[15780] 2025/11/20 10:33:28.866 Add Basket MarketNo：2 StockIdx：1930
[15780] 2025/11/20 10:33:28.866 Divide StockNo {UKF00}
[15780] 2025/11/20 10:33:28.866 Add Basket MarketNo：2 StockIdx：1936
[15780] 2025/11/20 10:33:28.866 Divide StockNo {ULF00}
[15780] 2025/11/20 10:33:28.866 Add Basket MarketNo：2 StockIdx：1942
[15780] 2025/11/20 10:33:28.866 Divide StockNo {UMF00}
[15780] 2025/11/20 10:33:28.866 Add Basket MarketNo：2 StockIdx：1948
[15780] 2025/11/20 10:33:28.866 Divide StockNo {UOF00}
[15780] 2025/11/20 10:33:28.866 Add Basket MarketNo：2 StockIdx：1954
[15780] 2025/11/20 10:33:28.866 Divide StockNo {UPF00}
[15780] 2025/11/20 10:33:28.866 Add Basket MarketNo：2 StockIdx：1960
[15780] 2025/11/20 10:33:28.866 Divide StockNo {UQF00}
[15780] 2025/11/20 10:33:28.866 Add Basket MarketNo：2 StockIdx：1966
[15780] 2025/11/20 10:33:28.866 Divide StockNo {URF00}
[15780] 2025/11/20 10:33:28.866 Add Basket MarketNo：2 StockIdx：1974
[15780] 2025/11/20 10:33:28.866 Divide StockNo {USF00}
[15780] 2025/11/20 10:33:28.866 Add Basket MarketNo：2 StockIdx：1980
[15780] 2025/11/20 10:33:28.866 Divide StockNo {UTF00}
[15780] 2025/11/20 10:33:28.866 Add Basket MarketNo：2 StockIdx：1986
[15780] 2025/11/20 10:33:28.866 Divide StockNo {UUF00}
[15780] 2025/11/20 10:33:28.866 Add Basket MarketNo：2 StockIdx：1992
[15780] 2025/11/20 10:33:28.866 Divide StockNo {UVF00}
[15780] 2025/11/20 10:33:28.866 Add Basket MarketNo：2 StockIdx：1998
[15780] 2025/11/20 10:33:28.866 Divide StockNo {UWF00}
[15780] 2025/11/20 10:33:28.866 Add Basket MarketNo：2 StockIdx：2004
[15780] 2025/11/20 10:33:28.866 Divide StockNo {0050}
[15780] 2025/11/20 10:33:28.866 Add Basket MarketNo：0 StockIdx：0
[15780] 2025/11/20 10:33:28.866 Divide StockNo {0056}
[15780] 2025/11/20 10:33:28.866 Add Basket MarketNo：0 StockIdx：4
[15780] 2025/11/20 10:33:28.866 Divide StockNo {006205}
[15780] 2025/11/20 10:33:28.866 Add Basket MarketNo：0 StockIdx：9
[15780] 2025/11/20 10:33:28.866 Divide StockNo {006206}
[15780] 2025/11/20 10:33:28.866 Add Basket MarketNo：0 StockIdx：10
[15780] 2025/11/20 10:33:28.866 Divide StockNo {00636}
[15780] 2025/11/20 10:33:28.866 Add Basket MarketNo：0 StockIdx：19
[15780] 2025/11/20 10:33:28.866 Divide StockNo {00639}
[15780] 2025/11/20 10:33:28.866 Add Basket MarketNo：0 StockIdx：23
[15780] 2025/11/20 10:33:28.866 Divide StockNo {00643}
[15780] 2025/11/20 10:33:28.866 Add Basket MarketNo：0 StockIdx：27
[15780] 2025/11/20 10:33:28.866 Divide StockNo {00679B}
[15780] 2025/11/20 10:33:28.866 Add Basket MarketNo：1 StockIdx：1
[15780] 2025/11/20 10:33:28.866 Divide StockNo {00687B}
[15780] 2025/11/20 10:33:28.867 Add Basket MarketNo：1 StockIdx：2
[15780] 2025/11/20 10:33:28.867 Divide StockNo {00719B}
[15780] 2025/11/20 10:33:28.867 Add Basket MarketNo：1 StockIdx：8
[15780] 2025/11/20 10:33:28.867 Divide StockNo {00757}
[15780] 2025/11/20 10:33:28.867 Add Basket MarketNo：0 StockIdx：97
[15780] 2025/11/20 10:33:28.867 Divide StockNo {00772B}
[15780] 2025/11/20 10:33:28.867 Add Basket MarketNo：1 StockIdx：32
[15780] 2025/11/20 10:33:28.867 Divide StockNo {00878}
[15780] 2025/11/20 10:33:28.867 Add Basket MarketNo：0 StockIdx：112
[15780] 2025/11/20 10:33:28.867 Divide StockNo {00885}
[15780] 2025/11/20 10:33:28.867 Add Basket MarketNo：0 StockIdx：115
[15780] 2025/11/20 10:33:28.867 Divide StockNo {00893}
[15780] 2025/11/20 10:33:28.867 Add Basket MarketNo：0 StockIdx：118
[15780] 2025/11/20 10:33:28.867 Divide StockNo {00919}
[15780] 2025/11/20 10:33:28.867 Add Basket MarketNo：0 StockIdx：142
[15780] 2025/11/20 10:33:28.867 Divide StockNo {00923}
[15780] 2025/11/20 10:33:28.867 Add Basket MarketNo：0 StockIdx：146
[15780] 2025/11/20 10:33:28.867 Divide StockNo {00929}
[15780] 2025/11/20 10:33:28.867 Add Basket MarketNo：0 StockIdx：150
[15780] 2025/11/20 10:33:28.867 Divide StockNo {00937B}
[15780] 2025/11/20 10:33:28.867 Add Basket MarketNo：1 StockIdx：82
[15780] 2025/11/20 10:33:28.867 Divide StockNo {00940}
[15780] 2025/11/20 10:33:28.867 Add Basket MarketNo：0 StockIdx：158
[15780] 2025/11/20 10:33:28.867 Divide StockNo {1101}
[15780] 2025/11/20 10:33:28.867 Add Basket MarketNo：0 StockIdx：33628
[15780] 2025/11/20 10:33:28.867 Divide StockNo {1102}
[15780] 2025/11/20 10:33:28.867 Add Basket MarketNo：0 StockIdx：33630
[15780] 2025/11/20 10:33:28.867 Divide StockNo {1210}
[15780] 2025/11/20 10:33:28.867 Add Basket MarketNo：0 StockIdx：33638
[15780] 2025/11/20 10:33:28.867 Divide StockNo {1216}
[15780] 2025/11/20 10:33:28.867 Add Basket MarketNo：0 StockIdx：33641
[15780] 2025/11/20 10:33:28.867 Divide StockNo {1301}
[15780] 2025/11/20 10:33:28.867 Add Basket MarketNo：0 StockIdx：33656
[15780] 2025/11/20 10:33:28.867 Divide StockNo {1303}
[15780] 2025/11/20 10:33:28.867 Add Basket MarketNo：0 StockIdx：33657
[15780] 2025/11/20 10:33:28.867 Divide StockNo {1312}
[15780] 2025/11/20 10:33:28.867 Add Basket MarketNo：0 StockIdx：33664
[15780] 2025/11/20 10:33:28.867 Divide StockNo {1314}
[15780] 2025/11/20 10:33:28.867 Add Basket MarketNo：0 StockIdx：33667
[15780] 2025/11/20 10:33:28.867 Divide StockNo {1319}
[15780] 2025/11/20 10:33:28.867 Add Basket MarketNo：0 StockIdx：33670
[15780] 2025/11/20 10:33:28.867 Divide StockNo {1326}
[15780] 2025/11/20 10:33:28.867 Add Basket MarketNo：0 StockIdx：33675
[15780] 2025/11/20 10:33:28.867 Divide StockNo {1402}
[15780] 2025/11/20 10:33:28.867 Add Basket MarketNo：0 StockIdx：33682
[15780] 2025/11/20 10:33:28.868 Divide StockNo {1440}
[15780] 2025/11/20 10:33:28.868 Add Basket MarketNo：0 StockIdx：33699
[15780] 2025/11/20 10:33:28.868 Divide StockNo {1476}
[15780] 2025/11/20 10:33:28.868 Add Basket MarketNo：0 StockIdx：33729
[15780] 2025/11/20 10:33:28.868 Divide StockNo {1477}
[15780] 2025/11/20 10:33:28.868 Add Basket MarketNo：0 StockIdx：33730
[15780] 2025/11/20 10:33:28.868 Divide StockNo {1503}
[15780] 2025/11/20 10:33:28.868 Add Basket MarketNo：0 StockIdx：33731
[15780] 2025/11/20 10:33:28.868 Divide StockNo {1504}
[15780] 2025/11/20 10:33:28.868 Add Basket MarketNo：0 StockIdx：33732
[15780] 2025/11/20 10:33:28.868 Divide StockNo {1513}
[15780] 2025/11/20 10:33:28.868 Add Basket MarketNo：0 StockIdx：33735
[15780] 2025/11/20 10:33:28.868 Divide StockNo {1536}
[15780] 2025/11/20 10:33:28.868 Add Basket MarketNo：0 StockIdx：33755
[15780] 2025/11/20 10:33:28.868 Divide StockNo {1565}
[15780] 2025/11/20 10:33:28.868 Add Basket MarketNo：1 StockIdx：140
[15780] 2025/11/20 10:33:28.868 Divide StockNo {1590}
[15780] 2025/11/20 10:33:28.868 Add Basket MarketNo：0 StockIdx：33769
[15780] 2025/11/20 10:33:28.868 Divide StockNo {1605}
[15780] 2025/11/20 10:33:28.868 Add Basket MarketNo：0 StockIdx：33774
[15780] 2025/11/20 10:33:28.868 Divide StockNo {1609}
[15780] 2025/11/20 10:33:28.868 Add Basket MarketNo：0 StockIdx：33776
[15780] 2025/11/20 10:33:28.868 Divide StockNo {1707}
[15780] 2025/11/20 10:33:28.868 Add Basket MarketNo：0 StockIdx：33786
[15780] 2025/11/20 10:33:28.868 Divide StockNo {1717}
[15780] 2025/11/20 10:33:28.868 Add Basket MarketNo：0 StockIdx：33794
[15780] 2025/11/20 10:33:28.868 Divide StockNo {1718}
[15780] 2025/11/20 10:33:28.868 Add Basket MarketNo：0 StockIdx：33795
[15780] 2025/11/20 10:33:28.868 Divide StockNo {1722}
[15780] 2025/11/20 10:33:28.868 Add Basket MarketNo：0 StockIdx：33798
[15780] 2025/11/20 10:33:28.868 Divide StockNo {1795}
[15780] 2025/11/20 10:33:28.868 Add Basket MarketNo：0 StockIdx：33819
[15780] 2025/11/20 10:33:28.868 Divide StockNo {1802}
[15780] 2025/11/20 10:33:28.868 Add Basket MarketNo：0 StockIdx：33820
[15780] 2025/11/20 10:33:28.868 Divide StockNo {1904}
[15780] 2025/11/20 10:33:28.868 Add Basket MarketNo：0 StockIdx：33827
[15780] 2025/11/20 10:33:28.868 Divide StockNo {1905}
[15780] 2025/11/20 10:33:28.868 Add Basket MarketNo：0 StockIdx：33828
[15780] 2025/11/20 10:33:28.868 Divide StockNo {1907}
[15780] 2025/11/20 10:33:28.868 Add Basket MarketNo：0 StockIdx：33830
[15780] 2025/11/20 10:33:28.868 Divide StockNo {1909}
[15780] 2025/11/20 10:33:28.868 Add Basket MarketNo：0 StockIdx：33831
[15780] 2025/11/20 10:33:28.868 Divide StockNo {2002}
[15780] 2025/11/20 10:33:28.868 Add Basket MarketNo：0 StockIdx：33832
[15780] 2025/11/20 10:33:28.868 Divide StockNo {2006}
[15780] 2025/11/20 10:33:28.868 Add Basket MarketNo：0 StockIdx：33834
[15780] 2025/11/20 10:33:28.868 Divide StockNo {2014}
[15780] 2025/11/20 10:33:28.868 Add Basket MarketNo：0 StockIdx：33841
[15780] 2025/11/20 10:33:28.868 Divide StockNo {2027}
[15780] 2025/11/20 10:33:28.868 Add Basket MarketNo：0 StockIdx：33849
[15780] 2025/11/20 10:33:28.868 Divide StockNo {2049}
[15780] 2025/11/20 10:33:28.868 Add Basket MarketNo：0 StockIdx：33858
[15780] 2025/11/20 10:33:28.868 Divide StockNo {2059}
[15780] 2025/11/20 10:33:28.868 Add Basket MarketNo：0 StockIdx：33859
[15780] 2025/11/20 10:33:28.868 Divide StockNo {2105}
[15780] 2025/11/20 10:33:28.868 Add Basket MarketNo：0 StockIdx：33866
[15780] 2025/11/20 10:33:28.868 Divide StockNo {2201}
[15780] 2025/11/20 10:33:28.868 Add Basket MarketNo：0 StockIdx：33873
[15780] 2025/11/20 10:33:28.868 Divide StockNo {2231}
[15780] 2025/11/20 10:33:28.868 Add Basket MarketNo：0 StockIdx：33881
[15780] 2025/11/20 10:33:28.869 Divide StockNo {2301}
[15780] 2025/11/20 10:33:28.869 Add Basket MarketNo：0 StockIdx：33892
[15780] 2025/11/20 10:33:28.869 Divide StockNo {2303}
[15780] 2025/11/20 10:33:28.869 Add Basket MarketNo：0 StockIdx：33894
[15780] 2025/11/20 10:33:28.869 Divide StockNo {2308}
[15780] 2025/11/20 10:33:28.869 Add Basket MarketNo：0 StockIdx：33896
[15780] 2025/11/20 10:33:28.869 Divide StockNo {2312}
[15780] 2025/11/20 10:33:28.869 Add Basket MarketNo：0 StockIdx：33897
[15780] 2025/11/20 10:33:28.869 Divide StockNo {2313}
[15780] 2025/11/20 10:33:28.869 Add Basket MarketNo：0 StockIdx：33898
[15780] 2025/11/20 10:33:28.869 Divide StockNo {2317}
[15780] 2025/11/20 10:33:28.869 Add Basket MarketNo：0 StockIdx：33901
[15780] 2025/11/20 10:33:28.869 Divide StockNo {2323}
[15780] 2025/11/20 10:33:28.869 Add Basket MarketNo：0 StockIdx：33903
[15780] 2025/11/20 10:33:28.869 Divide StockNo {2324}
[15780] 2025/11/20 10:33:28.869 Add Basket MarketNo：0 StockIdx：33904
[15780] 2025/11/20 10:33:28.869 Divide StockNo {2327}
[15780] 2025/11/20 10:33:28.869 Add Basket MarketNo：0 StockIdx：33905
[15780] 2025/11/20 10:33:28.869 Divide StockNo {2328}
[15780] 2025/11/20 10:33:28.869 Add Basket MarketNo：0 StockIdx：33906
[15780] 2025/11/20 10:33:28.869 Divide StockNo {2330}
[15780] 2025/11/20 10:33:28.869 Add Basket MarketNo：0 StockIdx：33908
[15780] 2025/11/20 10:33:28.869 Divide StockNo {2331}
[15780] 2025/11/20 10:33:28.869 Add Basket MarketNo：0 StockIdx：33909
[15780] 2025/11/20 10:33:28.869 Divide StockNo {2332}
[15780] 2025/11/20 10:33:28.869 Add Basket MarketNo：0 StockIdx：33910
[15780] 2025/11/20 10:33:28.869 Divide StockNo {2337}
[15780] 2025/11/20 10:33:28.869 Add Basket MarketNo：0 StockIdx：33911
[15780] 2025/11/20 10:33:28.869 Divide StockNo {2338}
[15780] 2025/11/20 10:33:28.869 Add Basket MarketNo：0 StockIdx：33912
[15780] 2025/11/20 10:33:28.869 Divide StockNo {2340}
[15780] 2025/11/20 10:33:28.869 Add Basket MarketNo：0 StockIdx：33913
[15780] 2025/11/20 10:33:28.869 Divide StockNo {2344}
[15780] 2025/11/20 10:33:28.869 Add Basket MarketNo：0 StockIdx：33915
[15780] 2025/11/20 10:33:28.869 Divide StockNo {2345}
[15780] 2025/11/20 10:33:28.869 Add Basket MarketNo：0 StockIdx：33916
[15780] 2025/11/20 10:33:28.869 Divide StockNo {2347}
[15780] 2025/11/20 10:33:28.869 Add Basket MarketNo：0 StockIdx：33917
[15780] 2025/11/20 10:33:28.869 Divide StockNo {2352}
[15780] 2025/11/20 10:33:28.869 Add Basket MarketNo：0 StockIdx：33922
[15780] 2025/11/20 10:33:28.869 Divide StockNo {2353}
[15780] 2025/11/20 10:33:28.869 Add Basket MarketNo：0 StockIdx：33923
[15780] 2025/11/20 10:33:28.869 Divide StockNo {2354}
[15780] 2025/11/20 10:33:28.869 Add Basket MarketNo：0 StockIdx：33924
[15780] 2025/11/20 10:33:28.869 Divide StockNo {2355}
[15780] 2025/11/20 10:33:28.869 Add Basket MarketNo：0 StockIdx：33925
[15780] 2025/11/20 10:33:28.869 Divide StockNo {2356}
[15780] 2025/11/20 10:33:28.869 Add Basket MarketNo：0 StockIdx：33926
[15780] 2025/11/20 10:33:28.869 Divide StockNo {2357}
[15780] 2025/11/20 10:33:28.869 Add Basket MarketNo：0 StockIdx：33927
[15780] 2025/11/20 10:33:28.869 Divide StockNo {2360}
[15780] 2025/11/20 10:33:28.869 Add Basket MarketNo：0 StockIdx：33929
[15780] 2025/11/20 10:33:28.869 Divide StockNo {2368}
[15780] 2025/11/20 10:33:28.869 Add Basket MarketNo：0 StockIdx：33935
[15780] 2025/11/20 10:33:28.869 Divide StockNo {2371}
[15780] 2025/11/20 10:33:28.869 Add Basket MarketNo：0 StockIdx：33937
[15780] 2025/11/20 10:33:28.869 Divide StockNo {2376}
[15780] 2025/11/20 10:33:28.869 Add Basket MarketNo：0 StockIdx：33941
[15780] 2025/11/20 10:33:28.869 Divide StockNo {2377}
[15780] 2025/11/20 10:33:28.869 Add Basket MarketNo：0 StockIdx：33942
[15780] 2025/11/20 10:33:28.869 Divide StockNo {2379}
[15780] 2025/11/20 10:33:28.869 Add Basket MarketNo：0 StockIdx：33943
[15780] 2025/11/20 10:33:28.869 Divide StockNo {2382}
[15780] 2025/11/20 10:33:28.869 Add Basket MarketNo：0 StockIdx：33945
[15780] 2025/11/20 10:33:28.869 Divide StockNo {2383}
[15780] 2025/11/20 10:33:28.869 Add Basket MarketNo：0 StockIdx：33946
[15780] 2025/11/20 10:33:28.869 Divide StockNo {2385}
[15780] 2025/11/20 10:33:28.869 Add Basket MarketNo：0 StockIdx：33947
[15780] 2025/11/20 10:33:28.869 Divide StockNo {2388}
[15780] 2025/11/20 10:33:28.869 Add Basket MarketNo：0 StockIdx：33949
[15780] 2025/11/20 10:33:28.870 Divide StockNo {2392}
[15780] 2025/11/20 10:33:28.870 Add Basket MarketNo：0 StockIdx：33951
[15780] 2025/11/20 10:33:28.870 Divide StockNo {2393}
[15780] 2025/11/20 10:33:28.870 Add Basket MarketNo：0 StockIdx：33952
[15780] 2025/11/20 10:33:28.870 Divide StockNo {2401}
[15780] 2025/11/20 10:33:28.870 Add Basket MarketNo：0 StockIdx：33956
[15780] 2025/11/20 10:33:28.870 Divide StockNo {2404}
[15780] 2025/11/20 10:33:28.870 Add Basket MarketNo：0 StockIdx：33958
[15780] 2025/11/20 10:33:28.870 Divide StockNo {2408}
[15780] 2025/11/20 10:33:28.870 Add Basket MarketNo：0 StockIdx：33961
[15780] 2025/11/20 10:33:28.870 Divide StockNo {2409}
[15780] 2025/11/20 10:33:28.870 Add Basket MarketNo：0 StockIdx：33962
[15780] 2025/11/20 10:33:28.870 Divide StockNo {2412}
[15780] 2025/11/20 10:33:28.870 Add Basket MarketNo：0 StockIdx：33963
[15780] 2025/11/20 10:33:28.870 Divide StockNo {2439}
[15780] 2025/11/20 10:33:28.870 Add Basket MarketNo：0 StockIdx：33985
[15780] 2025/11/20 10:33:28.870 Divide StockNo {2441}
[15780] 2025/11/20 10:33:28.870 Add Basket MarketNo：0 StockIdx：33987
[15780] 2025/11/20 10:33:28.870 Divide StockNo {2449}
[15780] 2025/11/20 10:33:28.870 Add Basket MarketNo：0 StockIdx：33990
[15780] 2025/11/20 10:33:28.870 Divide StockNo {2454}
[15780] 2025/11/20 10:33:28.870 Add Basket MarketNo：0 StockIdx：33994
[15780] 2025/11/20 10:33:28.870 Divide StockNo {2455}
[15780] 2025/11/20 10:33:28.870 Add Basket MarketNo：0 StockIdx：33995
[15780] 2025/11/20 10:33:28.870 Divide StockNo {2457}
[15780] 2025/11/20 10:33:28.870 Add Basket MarketNo：0 StockIdx：33996
[15780] 2025/11/20 10:33:28.870 Divide StockNo {2458}
[15780] 2025/11/20 10:33:28.870 Add Basket MarketNo：0 StockIdx：33997
[15780] 2025/11/20 10:33:28.870 Divide StockNo {2474}
[15780] 2025/11/20 10:33:28.870 Add Basket MarketNo：0 StockIdx：34009
[15780] 2025/11/20 10:33:28.870 Divide StockNo {2481}
[15780] 2025/11/20 10:33:28.870 Add Basket MarketNo：0 StockIdx：34014
[15780] 2025/11/20 10:33:28.870 Divide StockNo {2485}
[15780] 2025/11/20 10:33:28.870 Add Basket MarketNo：0 StockIdx：34018
[15780] 2025/11/20 10:33:28.870 Divide StockNo {2486}
[15780] 2025/11/20 10:33:28.870 Add Basket MarketNo：0 StockIdx：34019
[15780] 2025/11/20 10:33:28.870 Divide StockNo {2489}
[15780] 2025/11/20 10:33:28.870 Add Basket MarketNo：0 StockIdx：34021
[15780] 2025/11/20 10:33:28.870 Divide StockNo {2492}
[15780] 2025/11/20 10:33:28.870 Add Basket MarketNo：0 StockIdx：34023
[15780] 2025/11/20 10:33:28.870 Divide StockNo {2498}
[15780] 2025/11/20 10:33:28.870 Add Basket MarketNo：0 StockIdx：34028
[15780] 2025/11/20 10:33:28.870 Divide StockNo {2515}
[15780] 2025/11/20 10:33:28.870 Add Basket MarketNo：0 StockIdx：34036
[15780] 2025/11/20 10:33:28.870 Divide StockNo {2520}
[15780] 2025/11/20 10:33:28.870 Add Basket MarketNo：0 StockIdx：34038
[15780] 2025/11/20 10:33:28.870 Divide StockNo {2542}
[15780] 2025/11/20 10:33:28.870 Add Basket MarketNo：0 StockIdx：34050
[15780] 2025/11/20 10:33:28.870 Divide StockNo {2548}
[15780] 2025/11/20 10:33:28.870 Add Basket MarketNo：0 StockIdx：34055
[15780] 2025/11/20 10:33:28.870 Divide StockNo {2603}
[15780] 2025/11/20 10:33:28.870 Add Basket MarketNo：0 StockIdx：34058
[15780] 2025/11/20 10:33:28.870 Divide StockNo {2605}
[15780] 2025/11/20 10:33:28.870 Add Basket MarketNo：0 StockIdx：34059
[15780] 2025/11/20 10:33:28.870 Divide StockNo {2606}
[15780] 2025/11/20 10:33:28.870 Add Basket MarketNo：0 StockIdx：34060
[15780] 2025/11/20 10:33:28.870 Divide StockNo {2609}
[15780] 2025/11/20 10:33:28.870 Add Basket MarketNo：0 StockIdx：34063
[15780] 2025/11/20 10:33:28.870 Divide StockNo {2610}
[15780] 2025/11/20 10:33:28.870 Add Basket MarketNo：0 StockIdx：34064
[15780] 2025/11/20 10:33:28.870 Divide StockNo {2615}
[15780] 2025/11/20 10:33:28.870 Add Basket MarketNo：0 StockIdx：34069
[15780] 2025/11/20 10:33:28.870 Divide StockNo {2618}
[15780] 2025/11/20 10:33:28.870 Add Basket MarketNo：0 StockIdx：34072
[15780] 2025/11/20 10:33:28.870 Divide StockNo {2633}
[15780] 2025/11/20 10:33:28.870 Add Basket MarketNo：0 StockIdx：34074
[15780] 2025/11/20 10:33:28.870 Divide StockNo {2634}
[15780] 2025/11/20 10:33:28.870 Add Basket MarketNo：0 StockIdx：34075
[15780] 2025/11/20 10:33:28.870 Divide StockNo {2801}
[15780] 2025/11/20 10:33:28.870 Add Basket MarketNo：0 StockIdx：34096
[15780] 2025/11/20 10:33:28.871 Divide StockNo {2834}
[15780] 2025/11/20 10:33:28.871 Add Basket MarketNo：0 StockIdx：34101
[15780] 2025/11/20 10:33:28.871 Divide StockNo {2880}
[15780] 2025/11/20 10:33:28.871 Add Basket MarketNo：0 StockIdx：34113
[15780] 2025/11/20 10:33:28.871 Divide StockNo {2881}
[15780] 2025/11/20 10:33:28.871 Add Basket MarketNo：0 StockIdx：34114
[15780] 2025/11/20 10:33:28.871 Divide StockNo {2882}
[15780] 2025/11/20 10:33:28.871 Add Basket MarketNo：0 StockIdx：34118
[15780] 2025/11/20 10:33:28.871 Divide StockNo {2883}
[15780] 2025/11/20 10:33:28.871 Add Basket MarketNo：0 StockIdx：34121
[15780] 2025/11/20 10:33:28.871 Divide StockNo {2884}
[15780] 2025/11/20 10:33:28.871 Add Basket MarketNo：0 StockIdx：34123
[15780] 2025/11/20 10:33:28.871 Divide StockNo {2885}
[15780] 2025/11/20 10:33:28.871 Add Basket MarketNo：0 StockIdx：34124
[15780] 2025/11/20 10:33:28.871 Divide StockNo {2886}
[15780] 2025/11/20 10:33:28.871 Add Basket MarketNo：0 StockIdx：34125
[15780] 2025/11/20 10:33:28.871 Divide StockNo {2887}
[15780] 2025/11/20 10:33:28.871 Add Basket MarketNo：0 StockIdx：34126
[15780] 2025/11/20 10:33:28.871 Divide StockNo {2888}
[15780] 2025/11/20 10:33:28.871 Stock Is Not Exist 
[15780] 2025/11/20 10:33:28.871 Divide StockNo {2890}
[15780] 2025/11/20 10:33:28.871 Add Basket MarketNo：0 StockIdx：34134
[15780] 2025/11/20 10:33:28.871 Divide StockNo {2891}
[15780] 2025/11/20 10:33:28.871 Add Basket MarketNo：0 StockIdx：34135
[15780] 2025/11/20 10:33:28.871 Divide StockNo {2892}
[15780] 2025/11/20 10:33:28.871 Add Basket MarketNo：0 StockIdx：34138
[15780] 2025/11/20 10:33:28.871 Divide StockNo {2913}
[15780] 2025/11/20 10:33:28.871 Add Basket MarketNo：0 StockIdx：34150
[15780] 2025/11/20 10:33:28.871 Divide StockNo {2915}
[15780] 2025/11/20 10:33:28.871 Add Basket MarketNo：0 StockIdx：34151
[15780] 2025/11/20 10:33:28.871 Divide StockNo {3005}
[15780] 2025/11/20 10:33:28.871 Add Basket MarketNo：0 StockIdx：34159
[15780] 2025/11/20 10:33:28.871 Divide StockNo {3006}
[15780] 2025/11/20 10:33:28.871 Add Basket MarketNo：0 StockIdx：34160
[15780] 2025/11/20 10:33:28.871 Divide StockNo {3008}
[15780] 2025/11/20 10:33:28.871 Add Basket MarketNo：0 StockIdx：34161
[15780] 2025/11/20 10:33:28.871 Divide StockNo {3017}
[15780] 2025/11/20 10:33:28.871 Add Basket MarketNo：0 StockIdx：34168
[15780] 2025/11/20 10:33:28.871 Divide StockNo {3019}
[15780] 2025/11/20 10:33:28.871 Add Basket MarketNo：0 StockIdx：34170
[15780] 2025/11/20 10:33:28.871 Divide StockNo {3034}
[15780] 2025/11/20 10:33:28.871 Add Basket MarketNo：0 StockIdx：34184
[15780] 2025/11/20 10:33:28.871 Divide StockNo {3035}
[15780] 2025/11/20 10:33:28.871 Add Basket MarketNo：0 StockIdx：34185
[15780] 2025/11/20 10:33:28.871 Divide StockNo {3036}
[15780] 2025/11/20 10:33:28.871 Add Basket MarketNo：0 StockIdx：34186
[15780] 2025/11/20 10:33:28.871 Divide StockNo {3037}
[15780] 2025/11/20 10:33:28.871 Add Basket MarketNo：0 StockIdx：34188
[15780] 2025/11/20 10:33:28.871 Divide StockNo {3042}
[15780] 2025/11/20 10:33:28.871 Add Basket MarketNo：0 StockIdx：34192
[15780] 2025/11/20 10:33:28.871 Divide StockNo {3044}
[15780] 2025/11/20 10:33:28.871 Add Basket MarketNo：0 StockIdx：34194
[15780] 2025/11/20 10:33:28.871 Divide StockNo {3045}
[15780] 2025/11/20 10:33:28.871 Add Basket MarketNo：0 StockIdx：34195
[15780] 2025/11/20 10:33:28.871 Divide StockNo {3078}
[15780] 2025/11/20 10:33:28.871 Add Basket MarketNo：1 StockIdx：270
[15780] 2025/11/20 10:33:28.871 Divide StockNo {3081}
[15780] 2025/11/20 10:33:28.871 Add Basket MarketNo：1 StockIdx：271
[15780] 2025/11/20 10:33:28.871 Divide StockNo {3105}
[15780] 2025/11/20 10:33:28.871 Add Basket MarketNo：1 StockIdx：281
[15780] 2025/11/20 10:33:28.871 Divide StockNo {3152}
[15780] 2025/11/20 10:33:28.871 Add Basket MarketNo：1 StockIdx：296
[15780] 2025/11/20 10:33:28.871 Divide StockNo {3189}
[15780] 2025/11/20 10:33:28.871 Add Basket MarketNo：0 StockIdx：34222
[15780] 2025/11/20 10:33:28.871 Divide StockNo {3227}
[15780] 2025/11/20 10:33:28.871 Add Basket MarketNo：1 StockIdx：320
[15780] 2025/11/20 10:33:28.871 Divide StockNo {3231}
[15780] 2025/11/20 10:33:28.871 Add Basket MarketNo：0 StockIdx：34225
[15780] 2025/11/20 10:33:28.871 Divide StockNo {3260}
[15780] 2025/11/20 10:33:28.872 Add Basket MarketNo：1 StockIdx：329
[15780] 2025/11/20 10:33:28.872 Divide StockNo {3264}
[15780] 2025/11/20 10:33:28.872 Add Basket MarketNo：1 StockIdx：330
[15780] 2025/11/20 10:33:28.872 Divide StockNo {3293}
[15780] 2025/11/20 10:33:28.872 Add Basket MarketNo：1 StockIdx：343
[15780] 2025/11/20 10:33:28.872 Divide StockNo {3324}
[15780] 2025/11/20 10:33:28.872 Add Basket MarketNo：1 StockIdx：359
[15780] 2025/11/20 10:33:28.872 Divide StockNo {3374}
[15780] 2025/11/20 10:33:28.872 Add Basket MarketNo：1 StockIdx：376
[15780] 2025/11/20 10:33:28.872 Divide StockNo {3376}
[15780] 2025/11/20 10:33:28.872 Add Basket MarketNo：0 StockIdx：34237
[15780] 2025/11/20 10:33:28.872 Divide StockNo {3380}
[15780] 2025/11/20 10:33:28.872 Add Basket MarketNo：0 StockIdx：34238
[15780] 2025/11/20 10:33:28.872 Divide StockNo {3406}
[15780] 2025/11/20 10:33:28.872 Add Basket MarketNo：0 StockIdx：34239
[15780] 2025/11/20 10:33:28.872 Divide StockNo {3443}
[15780] 2025/11/20 10:33:28.872 Add Basket MarketNo：0 StockIdx：34245
[15780] 2025/11/20 10:33:28.872 Divide StockNo {3481}
[15780] 2025/11/20 10:33:28.872 Add Basket MarketNo：0 StockIdx：34249
[15780] 2025/11/20 10:33:28.872 Divide StockNo {3529}
[15780] 2025/11/20 10:33:28.872 Add Basket MarketNo：1 StockIdx：424
[15780] 2025/11/20 10:33:28.872 Divide StockNo {3532}
[15780] 2025/11/20 10:33:28.872 Add Basket MarketNo：0 StockIdx：34257
[15780] 2025/11/20 10:33:28.872 Divide StockNo {3533}
[15780] 2025/11/20 10:33:28.872 Add Basket MarketNo：0 StockIdx：34258
[15780] 2025/11/20 10:33:28.872 Divide StockNo {3552}
[15780] 2025/11/20 10:33:28.872 Add Basket MarketNo：1 StockIdx：435
[15780] 2025/11/20 10:33:28.872 Divide StockNo {3653}
[15780] 2025/11/20 10:33:28.872 Add Basket MarketNo：0 StockIdx：34278
[15780] 2025/11/20 10:33:28.872 Divide StockNo {3661}
[15780] 2025/11/20 10:33:28.872 Add Basket MarketNo：0 StockIdx：34279
[15780] 2025/11/20 10:33:28.872 Divide StockNo {3673}
[15780] 2025/11/20 10:33:28.872 Add Basket MarketNo：0 StockIdx：34282
[15780] 2025/11/20 10:33:28.872 Divide StockNo {3680}
[15780] 2025/11/20 10:33:28.872 Add Basket MarketNo：1 StockIdx：474
[15780] 2025/11/20 10:33:28.872 Divide StockNo {3691}
[15780] 2025/11/20 10:33:28.872 Add Basket MarketNo：1 StockIdx：484
[15780] 2025/11/20 10:33:28.872 Divide StockNo {3702}
[15780] 2025/11/20 10:33:28.872 Add Basket MarketNo：0 StockIdx：34287
[15780] 2025/11/20 10:33:28.872 Divide StockNo {3706}
[15780] 2025/11/20 10:33:28.872 Add Basket MarketNo：0 StockIdx：34291
[15780] 2025/11/20 10:33:28.872 Divide StockNo {3711}
[15780] 2025/11/20 10:33:28.872 Add Basket MarketNo：0 StockIdx：34293
[15780] 2025/11/20 10:33:28.872 Divide StockNo {3714}
[15780] 2025/11/20 10:33:28.872 Add Basket MarketNo：0 StockIdx：34295
[15780] 2025/11/20 10:33:28.872 Divide StockNo {4123}
[15780] 2025/11/20 10:33:28.872 Add Basket MarketNo：1 StockIdx：509
[15780] 2025/11/20 10:33:28.872 Divide StockNo {4128}
[15780] 2025/11/20 10:33:28.872 Add Basket MarketNo：1 StockIdx：514
[15780] 2025/11/20 10:33:28.872 Divide StockNo {4162}
[15780] 2025/11/20 10:33:28.872 Add Basket MarketNo：1 StockIdx：528
[15780] 2025/11/20 10:33:28.872 Divide StockNo {4736}
[15780] 2025/11/20 10:33:28.872 Add Basket MarketNo：0 StockIdx：34340
[15780] 2025/11/20 10:33:28.872 Divide StockNo {4743}
[15780] 2025/11/20 10:33:28.872 Add Basket MarketNo：1 StockIdx：619
[15780] 2025/11/20 10:33:28.872 Divide StockNo {4904}
[15780] 2025/11/20 10:33:28.872 Add Basket MarketNo：0 StockIdx：34351
[15780] 2025/11/20 10:33:28.872 Divide StockNo {4919}
[15780] 2025/11/20 10:33:28.872 Add Basket MarketNo：0 StockIdx：34356
[15780] 2025/11/20 10:33:28.872 Divide StockNo {4938}
[15780] 2025/11/20 10:33:28.872 Add Basket MarketNo：0 StockIdx：34361
[15780] 2025/11/20 10:33:28.872 Divide StockNo {4958}
[15780] 2025/11/20 10:33:28.872 Add Basket MarketNo：0 StockIdx：34367
[15780] 2025/11/20 10:33:28.872 Divide StockNo {5009}
[15780] 2025/11/20 10:33:28.872 Add Basket MarketNo：1 StockIdx：661
[15780] 2025/11/20 10:33:28.872 Divide StockNo {5269}
[15780] 2025/11/20 10:33:28.872 Add Basket MarketNo：0 StockIdx：34386
[15780] 2025/11/20 10:33:28.872 Divide StockNo {5274}
[15780] 2025/11/20 10:33:28.873 Add Basket MarketNo：1 StockIdx：695
[15780] 2025/11/20 10:33:28.873 Divide StockNo {5347}
[15780] 2025/11/20 10:33:28.873 Add Basket MarketNo：1 StockIdx：718
[15780] 2025/11/20 10:33:28.873 Divide StockNo {5371}
[15780] 2025/11/20 10:33:28.873 Add Basket MarketNo：1 StockIdx：725
[15780] 2025/11/20 10:33:28.873 Divide StockNo {5388}
[15780] 2025/11/20 10:33:28.873 Add Basket MarketNo：0 StockIdx：34393
[15780] 2025/11/20 10:33:28.873 Divide StockNo {5425}
[15780] 2025/11/20 10:33:28.873 Add Basket MarketNo：1 StockIdx：733
[15780] 2025/11/20 10:33:28.873 Divide StockNo {5457}
[15780] 2025/11/20 10:33:28.873 Add Basket MarketNo：1 StockIdx：745
[15780] 2025/11/20 10:33:28.873 Divide StockNo {5483}
[15780] 2025/11/20 10:33:28.873 Add Basket MarketNo：1 StockIdx：755
[15780] 2025/11/20 10:33:28.873 Divide StockNo {5534}
[15780] 2025/11/20 10:33:28.873 Add Basket MarketNo：0 StockIdx：34405
[15780] 2025/11/20 10:33:28.873 Divide StockNo {5871}
[15780] 2025/11/20 10:33:28.873 Add Basket MarketNo：0 StockIdx：34411
[15780] 2025/11/20 10:33:28.873 Divide StockNo {5876}
[15780] 2025/11/20 10:33:28.873 Add Basket MarketNo：0 StockIdx：34413
[15780] 2025/11/20 10:33:28.873 Divide StockNo {5880}
[15780] 2025/11/20 10:33:28.873 Add Basket MarketNo：0 StockIdx：34414
[15780] 2025/11/20 10:33:28.873 Divide StockNo {5904}
[15780] 2025/11/20 10:33:28.873 Add Basket MarketNo：1 StockIdx：789
[15780] 2025/11/20 10:33:28.873 Divide StockNo {6005}
[15780] 2025/11/20 10:33:28.873 Add Basket MarketNo：0 StockIdx：34417
[15780] 2025/11/20 10:33:28.873 Divide StockNo {6116}
[15780] 2025/11/20 10:33:28.873 Add Basket MarketNo：0 StockIdx：34422
[15780] 2025/11/20 10:33:28.873 Divide StockNo {6121}
[15780] 2025/11/20 10:33:28.873 Add Basket MarketNo：1 StockIdx：812
[15780] 2025/11/20 10:33:28.873 Divide StockNo {6139}
[15780] 2025/11/20 10:33:28.873 Add Basket MarketNo：0 StockIdx：34428
[15780] 2025/11/20 10:33:28.873 Divide StockNo {6147}
[15780] 2025/11/20 10:33:28.873 Add Basket MarketNo：1 StockIdx：830
[15780] 2025/11/20 10:33:28.873 Divide StockNo {6153}
[15780] 2025/11/20 10:33:28.873 Add Basket MarketNo：0 StockIdx：34432
[15780] 2025/11/20 10:33:28.873 Divide StockNo {6173}
[15780] 2025/11/20 10:33:28.873 Add Basket MarketNo：1 StockIdx：847
[15780] 2025/11/20 10:33:28.873 Divide StockNo {6176}
[15780] 2025/11/20 10:33:28.873 Add Basket MarketNo：0 StockIdx：34438
[15780] 2025/11/20 10:33:28.873 Divide StockNo {6182}
[15780] 2025/11/20 10:33:28.873 Add Basket MarketNo：1 StockIdx：855
[15780] 2025/11/20 10:33:28.873 Divide StockNo {6188}
[15780] 2025/11/20 10:33:28.873 Add Basket MarketNo：1 StockIdx：863
[15780] 2025/11/20 10:33:28.873 Divide StockNo {6213}
[15780] 2025/11/20 10:33:28.873 Add Basket MarketNo：0 StockIdx：34452
[15780] 2025/11/20 10:33:28.873 Divide StockNo {6223}
[15780] 2025/11/20 10:33:28.873 Add Basket MarketNo：1 StockIdx：889
[15780] 2025/11/20 10:33:28.873 Divide StockNo {6239}
[15780] 2025/11/20 10:33:28.873 Add Basket MarketNo：0 StockIdx：34461
[15780] 2025/11/20 10:33:28.873 Divide StockNo {6245}
[15780] 2025/11/20 10:33:28.873 Add Basket MarketNo：1 StockIdx：904
[15780] 2025/11/20 10:33:28.873 Divide StockNo {6257}
[15780] 2025/11/20 10:33:28.873 Add Basket MarketNo：0 StockIdx：34463
[15780] 2025/11/20 10:33:28.873 Divide StockNo {6269}
[15780] 2025/11/20 10:33:28.873 Add Basket MarketNo：0 StockIdx：34464
[15780] 2025/11/20 10:33:28.873 Divide StockNo {6271}
[15780] 2025/11/20 10:33:28.873 Add Basket MarketNo：0 StockIdx：34465
[15780] 2025/11/20 10:33:28.873 Divide StockNo {6274}
[15780] 2025/11/20 10:33:28.873 Add Basket MarketNo：1 StockIdx：916
[15780] 2025/11/20 10:33:28.873 Divide StockNo {6278}
[15780] 2025/11/20 10:33:28.873 Add Basket MarketNo：0 StockIdx：34467
[15780] 2025/11/20 10:33:28.873 Divide StockNo {6279}
[15780] 2025/11/20 10:33:28.873 Add Basket MarketNo：1 StockIdx：921
[15780] 2025/11/20 10:33:28.873 Divide StockNo {6282}
[15780] 2025/11/20 10:33:28.873 Add Basket MarketNo：0 StockIdx：34469
[15780] 2025/11/20 10:33:28.873 Divide StockNo {6285}
[15780] 2025/11/20 10:33:28.873 Add Basket MarketNo：0 StockIdx：34471
[15780] 2025/11/20 10:33:28.873 Divide StockNo {6414}
[15780] 2025/11/20 10:33:28.874 Add Basket MarketNo：0 StockIdx：34475
[15780] 2025/11/20 10:33:28.874 Divide StockNo {6443}
[15780] 2025/11/20 10:33:28.874 Add Basket MarketNo：0 StockIdx：34483
[15780] 2025/11/20 10:33:28.874 Divide StockNo {6472}
[15780] 2025/11/20 10:33:28.874 Add Basket MarketNo：0 StockIdx：34489
[15780] 2025/11/20 10:33:28.874 Divide StockNo {6488}
[15780] 2025/11/20 10:33:28.874 Add Basket MarketNo：1 StockIdx：956
[15780] 2025/11/20 10:33:28.874 Divide StockNo {6505}
[15780] 2025/11/20 10:33:28.874 Add Basket MarketNo：0 StockIdx：34493
[15780] 2025/11/20 10:33:28.874 Divide StockNo {6510}
[15780] 2025/11/20 10:33:28.874 Add Basket MarketNo：1 StockIdx：966
[15780] 2025/11/20 10:33:28.874 Divide StockNo {6526}
[15780] 2025/11/20 10:33:28.874 Add Basket MarketNo：0 StockIdx：34496
[15780] 2025/11/20 10:33:28.874 Divide StockNo {6547}
[15780] 2025/11/20 10:33:28.874 Add Basket MarketNo：1 StockIdx：981
[15780] 2025/11/20 10:33:28.874 Divide StockNo {6669}
[15780] 2025/11/20 10:33:28.874 Add Basket MarketNo：0 StockIdx：34525
[15780] 2025/11/20 10:33:28.874 Divide StockNo {6757}
[15780] 2025/11/20 10:33:28.874 Add Basket MarketNo：0 StockIdx：34542
[15780] 2025/11/20 10:33:28.874 Divide StockNo {6770}
[15780] 2025/11/20 10:33:28.874 Add Basket MarketNo：0 StockIdx：34544
[15780] 2025/11/20 10:33:28.874 Divide StockNo {8039}
[15780] 2025/11/20 10:33:28.874 Add Basket MarketNo：0 StockIdx：34621
[15780] 2025/11/20 10:33:28.874 Divide StockNo {8044}
[15780] 2025/11/20 10:33:28.874 Add Basket MarketNo：1 StockIdx：12473
[15780] 2025/11/20 10:33:28.874 Divide StockNo {8046}
[15780] 2025/11/20 10:33:28.874 Add Basket MarketNo：0 StockIdx：34623
[15780] 2025/11/20 10:33:28.874 Divide StockNo {8069}
[15780] 2025/11/20 10:33:28.874 Add Basket MarketNo：1 StockIdx：12485
[15780] 2025/11/20 10:33:28.874 Divide StockNo {8086}
[15780] 2025/11/20 10:33:28.874 Add Basket MarketNo：1 StockIdx：12494
[15780] 2025/11/20 10:33:28.874 Divide StockNo {8112}
[15780] 2025/11/20 10:33:28.874 Add Basket MarketNo：0 StockIdx：34632
[15780] 2025/11/20 10:33:28.874 Divide StockNo {8150}
[15780] 2025/11/20 10:33:28.874 Add Basket MarketNo：0 StockIdx：34636
[15780] 2025/11/20 10:33:28.874 Divide StockNo {8163}
[15780] 2025/11/20 10:33:28.874 Add Basket MarketNo：0 StockIdx：34638
[15780] 2025/11/20 10:33:28.874 Divide StockNo {8299}
[15780] 2025/11/20 10:33:28.874 Add Basket MarketNo：1 StockIdx：12533
[15780] 2025/11/20 10:33:28.874 Divide StockNo {8358}
[15780] 2025/11/20 10:33:28.874 Add Basket MarketNo：1 StockIdx：12539
[15780] 2025/11/20 10:33:28.874 Divide StockNo {8436}
[15780] 2025/11/20 10:33:28.874 Add Basket MarketNo：1 StockIdx：12564
[15780] 2025/11/20 10:33:28.874 Divide StockNo {8454}
[15780] 2025/11/20 10:33:28.874 Add Basket MarketNo：0 StockIdx：34657
[15780] 2025/11/20 10:33:28.874 Divide StockNo {9904}
[15780] 2025/11/20 10:33:28.874 Add Basket MarketNo：0 StockIdx：34686
[15780] 2025/11/20 10:33:28.874 Divide StockNo {9914}
[15780] 2025/11/20 10:33:28.874 Add Basket MarketNo：0 StockIdx：34694
[15780] 2025/11/20 10:33:28.874 Divide StockNo {9938}
[15780] 2025/11/20 10:33:28.874 Add Basket MarketNo：0 StockIdx：34710
[15780] 2025/11/20 10:33:28.874 Divide StockNo {9939}
[15780] 2025/11/20 10:33:28.874 Add Basket MarketNo：0 StockIdx：34711
[15780] 2025/11/20 10:33:28.874 Divide StockNo {9945}
[15780] 2025/11/20 10:33:28.874 Add Basket MarketNo：0 StockIdx：34718
[15780] 2025/11/20 10:33:28.874 Divide StockNo {9958}
[15780] 2025/11/20 10:33:28.874 Add Basket MarketNo：0 StockIdx：34721
[15780] 2025/11/20 10:33:28.874 Divide StockNo {TSE}
[15780] 2025/11/20 10:33:28.874 Stock Is Not Exist 
[15780] 2025/11/20 10:33:28.874 Divide StockNo {TSE23}
[15780] 2025/11/20 10:33:28.874 Add Basket MarketNo：0 StockIdx：35038
[15780] 2025/11/20 10:33:28.874 Divide StockNo {TSE28}
[15780] 2025/11/20 10:33:28.874 Add Basket MarketNo：0 StockIdx：35043
[15780] 2025/11/20 10:33:28.874 Divide StockNo {TWMC}
[15780] 2025/11/20 10:33:28.874 Stock Is Not Exist 
[15780] 2025/11/20 10:33:28.874 Return PageNo： 1 
[11776] 2025/11/20 10:41:44.476 Precheck/DistributedServer Query result is 000,分配成功
[11776] 2025/11/20 10:41:44.476 >> Host srvsolace-tp2.capital.com.tw
[11776] 2025/11/20 10:41:44.480 SKQuoteLib_EnterMonitor IP：srvsolace-tp2.capital.com.tw
[11776] 2025/11/20 10:41:44.577 OnSessionConnect，Code: 3001, Error Code:0.
[11776] 2025/11/20 10:41:44.619 SKQuoteLib_EnterMonitorLONG starting
[11776] 2025/11/20 10:41:44.620 OnConnection ( 3001 , 0 ) 
[11776] 2025/11/20 10:41:45.642 Market Info is OK!
[11776] 2025/11/20 10:41:45.775 Catalog info is OK!
[11776] 2025/11/20 10:41:50.634 Solace RequestInitializeData (TO_S_19,S_1F)
[11776] 2025/11/20 10:41:50.634 Solace RequestInitializeData (TO_S_19,S_1F)
[11776] 2025/11/20 10:41:50.635 OnConnection ( 3003 , 0 ) 
[11776] 2025/11/20 10:41:52.701 SKQuoteLib_RequestStocks (1 , CAF00, CBF00, CCF00, CDF00, CEF00, CFF00, CGF00, CHF00, CJF00, CKF00, CLF00, CMF00, CNF00, CQF00, CRF00, CSF00, CUF00, CWF00, CXF00, CYF00, CZF00, DAF00, DBF00, DCF00, DEF00, DFF00, DGF00, DHF00, DIF00, DJF00, DKF00, DLF00, DNF00, DOF00, DPF00, DQF00, DSF00, DVF00, DWF00, DXF00, DYF00, DZF00, EEF00, EGF00, EHF00, EKF00, EMF00, EPF00, EYF00, EZF00, FBF00, FCF00, FEF00, FFF00, FGF00, FKF00, FNF00, FQF00, FRF00, FSF00, FTF00, FVF00, FWF00, FYF00, FZF00, GAF00, GCF00, GHF00, GIF00, GJF00, GKF00, GLF00, GMF00, GNF00, GOF00, GRF00, GUF00, GVF00, GWF00, GXF00, GYF00, GZF00, HAF00, HBF00, HCF00, HHF00, HIF00, HLF00, HOF00, HQF00, HSF00, IAF00, IHF00, IIF00, IJF00, IMF00, IOF00, IPF00, IQF00, IRF00, ITF00, IXF00, IYF00, IZF00, JBF00, JFF00, JMF00, JNF00, JPF00, JSF00, JWF00, JXF00, JZF00, KAF00, KBF00, KCF00, KDF00, KEF00, KFF00, KGF00, KIF00, KKF00, KLF00, KOF00, KPF00, KSF00, KUF00, KWF00, LBF00, LCF00, LEF00, LIF00, LMF00, LOF00, LQF00, LRF00, LTF00, LUF00, LVF00, LWF00, LXF00, LYF00, MAF00, MBF00, MJF00, MKF00, MQF00, MVF00, MYF00, NAF00, NBF00, NDF00, NEF00, NGF00, NIF00, NJF00, NLF00, NMF00, NOF00, NQF00, NSF00, NUF00, NVF00, NWF00, NYF00, OAF00, OBF00, ODF00, OEF00, OHF00, OJF00, OKF00, OLF00, OMF00, OOF00, OPF00, OQF00, ORF00, OSF00, OTF00, OUF00, OVF00, OWF00, OXF00, OYF00, OZF00, PAF00, PBF00, PCF00, PDF00, PEF00, PFF00, PGF00, PHF00, PIF00, PJF00, PKF00, PLF00, PMF00, PNF00, PPF00, PQF00, PRF00, PSF00, PTF00, PUF00, PVF00, PWF00, PXF00, PYF00, PZF00, QAF00, QBF00, QCF00, QDF00, QEF00, QFF00, QGF00, QHF00, QIF00, QJF00, QKF00, QLF00, QMF00, QNF00, QOF00, QPF00, QQF00, QRF00, QSF00, QTF00, QUF00, QVF00, QWF00, QXF00, QYF00, QZF00, RAF00, RBF00, RCF00, RDF00, REF00, RFF00, RGF00, RIF00, RJF00, RKF00, RLF00, RMF00, RNF00, ROF00, RPF00, RQF00, RRF00, RSF00, RUF00, RVF00, RWF00, RXF00, RYF00, RZF00, SAF00, SBF00, SCF00, SDF00, SEF00, SFF00, SGF00, SIF00, SJF00, SKF00, SLF00, SMF00, SNF00, SQF00, SRF00, SSF00, SUF00, SVF00, SWF00, SYF00, SZF00, UAF00, UBF00, UCF00, UEF00, UFF00, UGF00, UHF00, UIF00, UJF00, UKF00, ULF00, UMF00, UOF00, UPF00, UQF00, URF00, USF00, UTF00, UUF00, UVF00, UWF00, 0050, 0056, 006205, 006206, 00636, 00639, 00643, 00679B, 00687B, 00719B, 00757, 00772B, 00878, 00885, 00893, 00919, 00923, 00929, 00937B, 00940, 1101, 1102, 1210, 1216, 1301, 1303, 1312, 1314, 1319, 1326, 1402, 1440, 1476, 1477, 1503, 1504, 1513, 1536, 1565, 1590, 1605, 1609, 1707, 1717, 1718, 1722, 1795, 1802, 1904, 1905, 1907, 1909, 2002, 2006, 2014, 2027, 2049, 2059, 2105, 2201, 2231, 2301, 2303, 2308, 2312, 2313, 2317, 2323, 2324, 2327, 2328, 2330, 2331, 2332, 2337, 2338, 2340, 2344, 2345, 2347, 2352, 2353, 2354, 2355, 2356, 2357, 2360, 2368, 2371, 2376, 2377, 2379, 2382, 2383, 2385, 2388, 2392, 2393, 2401, 2404, 2408, 2409, 2412, 2439, 2441, 2449, 2454, 2455, 2457, 2458, 2474, 2481, 2485, 2486, 2489, 2492, 2498, 2515, 2520, 2542, 2548, 2603, 2605, 2606, 2609, 2610, 2615, 2618, 2633, 2634, 2801, 2834, 2880, 2881, 2882, 2883, 2884, 2885, 2886, 2887, 2888, 2890, 2891, 2892, 2913, 2915, 3005, 3006, 3008, 3017, 3019, 3034, 3035, 3036, 3037, 3042, 3044, 3045, 3078, 3081, 3105, 3152, 3189, 3227, 3231, 3260, 3264, 3293, 3324, 3374, 3376, 3380, 3406, 3443, 3481, 3529, 3532, 3533, 3552, 3653, 3661, 3673, 3680, 3691, 3702, 3706, 3711, 3714, 4123, 4128, 4162, 4736, 4743, 4904, 4919, 4938, 4958, 5009, 5269, 5274, 5347, 5371, 5388, 5425, 5457, 5483, 5534, 5871, 5876, 5880, 5904, 6005, 6116, 6121, 6139, 6147, 6153, 6173, 6176, 6182, 6188, 6213, 6223, 6239, 6245, 6257, 6269, 6271, 6274, 6278, 6279, 6282, 6285, 6414, 6443, 6472, 6488, 6505, 6510, 6526, 6547, 6669, 6757, 6770, 8039, 8044, 8046, 8069, 8086, 8112, 8150, 8163, 8299, 8358, 8436, 8454, 9904, 9914, 9938, 9939, 9945, 9958, TSE, TSE23, TSE28, TWMC)
[11776] 2025/11/20 10:41:52.704 Divide StockNo {CAF00}
[11776] 2025/11/20 10:41:52.704 Add Basket MarketNo：2 StockIdx：162
[11776] 2025/11/20 10:41:52.704 Divide StockNo {CBF00}
[11776] 2025/11/20 10:41:52.704 Add Basket MarketNo：2 StockIdx：168
[11776] 2025/11/20 10:41:52.704 Divide StockNo {CCF00}
[11776] 2025/11/20 10:41:52.704 Add Basket MarketNo：2 StockIdx：5660
[11776] 2025/11/20 10:41:52.704 Divide StockNo {CDF00}
[11776] 2025/11/20 10:41:52.704 Add Basket MarketNo：2 StockIdx：5666
[11776] 2025/11/20 10:41:52.704 Divide StockNo {CEF00}
[11776] 2025/11/20 10:41:52.704 Add Basket MarketNo：2 StockIdx：186
[11776] 2025/11/20 10:41:52.704 Divide StockNo {CFF00}
[11776] 2025/11/20 10:41:52.704 Add Basket MarketNo：2 StockIdx：194
[11776] 2025/11/20 10:41:52.704 Divide StockNo {CGF00}
[11776] 2025/11/20 10:41:52.704 Add Basket MarketNo：2 StockIdx：200
[11776] 2025/11/20 10:41:52.704 Divide StockNo {CHF00}
[11776] 2025/11/20 10:41:52.704 Add Basket MarketNo：2 StockIdx：206
[11776] 2025/11/20 10:41:52.704 Divide StockNo {CJF00}
[11776] 2025/11/20 10:41:52.704 Add Basket MarketNo：2 StockIdx：212
[11776] 2025/11/20 10:41:52.704 Divide StockNo {CKF00}
[11776] 2025/11/20 10:41:52.704 Add Basket MarketNo：2 StockIdx：218
[11776] 2025/11/20 10:41:52.704 Divide StockNo {CLF00}
[11776] 2025/11/20 10:41:52.704 Add Basket MarketNo：2 StockIdx：224
[11776] 2025/11/20 10:41:52.704 Divide StockNo {CMF00}
[11776] 2025/11/20 10:41:52.704 Add Basket MarketNo：2 StockIdx：230
[11776] 2025/11/20 10:41:52.704 Divide StockNo {CNF00}
[11776] 2025/11/20 10:41:52.704 Add Basket MarketNo：2 StockIdx：236
[11776] 2025/11/20 10:41:52.704 Divide StockNo {CQF00}
[11776] 2025/11/20 10:41:52.704 Add Basket MarketNo：2 StockIdx：242
[11776] 2025/11/20 10:41:52.704 Divide StockNo {CRF00}
[11776] 2025/11/20 10:41:52.704 Add Basket MarketNo：2 StockIdx：248
[11776] 2025/11/20 10:41:52.704 Divide StockNo {CSF00}
[11776] 2025/11/20 10:41:52.704 Add Basket MarketNo：2 StockIdx：254
[11776] 2025/11/20 10:41:52.704 Divide StockNo {CUF00}
[11776] 2025/11/20 10:41:52.704 Add Basket MarketNo：2 StockIdx：260
[11776] 2025/11/20 10:41:52.704 Divide StockNo {CWF00}
[11776] 2025/11/20 10:41:52.704 Add Basket MarketNo：2 StockIdx：266
[11776] 2025/11/20 10:41:52.704 Divide StockNo {CXF00}
[11776] 2025/11/20 10:41:52.704 Add Basket MarketNo：2 StockIdx：274
[11776] 2025/11/20 10:41:52.704 Divide StockNo {CYF00}
[11776] 2025/11/20 10:41:52.704 Add Basket MarketNo：2 StockIdx：280
[11776] 2025/11/20 10:41:52.704 Divide StockNo {CZF00}
[11776] 2025/11/20 10:41:52.704 Add Basket MarketNo：2 StockIdx：286
[11776] 2025/11/20 10:41:52.705 Divide StockNo {DAF00}
[11776] 2025/11/20 10:41:52.705 Add Basket MarketNo：2 StockIdx：292
[11776] 2025/11/20 10:41:52.705 Divide StockNo {DBF00}
[11776] 2025/11/20 10:41:52.705 Add Basket MarketNo：2 StockIdx：298
[11776] 2025/11/20 10:41:52.705 Divide StockNo {DCF00}
[11776] 2025/11/20 10:41:52.705 Add Basket MarketNo：2 StockIdx：304
[11776] 2025/11/20 10:41:52.705 Divide StockNo {DEF00}
[11776] 2025/11/20 10:41:52.705 Add Basket MarketNo：2 StockIdx：312
[11776] 2025/11/20 10:41:52.705 Divide StockNo {DFF00}
[11776] 2025/11/20 10:41:52.705 Add Basket MarketNo：2 StockIdx：321
[11776] 2025/11/20 10:41:52.705 Divide StockNo {DGF00}
[11776] 2025/11/20 10:41:52.705 Add Basket MarketNo：2 StockIdx：327
[11776] 2025/11/20 10:41:52.705 Divide StockNo {DHF00}
[11776] 2025/11/20 10:41:52.705 Add Basket MarketNo：2 StockIdx：333
[11776] 2025/11/20 10:41:52.705 Divide StockNo {DIF00}
[11776] 2025/11/20 10:41:52.705 Add Basket MarketNo：2 StockIdx：339
[11776] 2025/11/20 10:41:52.705 Divide StockNo {DJF00}
[11776] 2025/11/20 10:41:52.705 Add Basket MarketNo：2 StockIdx：345
[11776] 2025/11/20 10:41:52.705 Divide StockNo {DKF00}
[11776] 2025/11/20 10:41:52.705 Add Basket MarketNo：2 StockIdx：351
[11776] 2025/11/20 10:41:52.705 Divide StockNo {DLF00}
[11776] 2025/11/20 10:41:52.705 Add Basket MarketNo：2 StockIdx：357
[11776] 2025/11/20 10:41:52.705 Divide StockNo {DNF00}
[11776] 2025/11/20 10:41:52.705 Add Basket MarketNo：2 StockIdx：363
[11776] 2025/11/20 10:41:52.705 Divide StockNo {DOF00}
[11776] 2025/11/20 10:41:52.705 Add Basket MarketNo：2 StockIdx：371
[11776] 2025/11/20 10:41:52.705 Divide StockNo {DPF00}
[11776] 2025/11/20 10:41:52.705 Add Basket MarketNo：2 StockIdx：377
[11776] 2025/11/20 10:41:52.705 Divide StockNo {DQF00}
[11776] 2025/11/20 10:41:52.705 Add Basket MarketNo：2 StockIdx：383
[11776] 2025/11/20 10:41:52.705 Divide StockNo {DSF00}
[11776] 2025/11/20 10:41:52.705 Add Basket MarketNo：2 StockIdx：389
[11776] 2025/11/20 10:41:52.705 Divide StockNo {DVF00}
[11776] 2025/11/20 10:41:52.705 Add Basket MarketNo：2 StockIdx：395
[11776] 2025/11/20 10:41:52.705 Divide StockNo {DWF00}
[11776] 2025/11/20 10:41:52.705 Add Basket MarketNo：2 StockIdx：401
[11776] 2025/11/20 10:41:52.705 Divide StockNo {DXF00}
[11776] 2025/11/20 10:41:52.705 Add Basket MarketNo：2 StockIdx：407
[11776] 2025/11/20 10:41:52.705 Divide StockNo {DYF00}
[11776] 2025/11/20 10:41:52.705 Add Basket MarketNo：2 StockIdx：413
[11776] 2025/11/20 10:41:52.705 Divide StockNo {DZF00}
[11776] 2025/11/20 10:41:52.705 Add Basket MarketNo：2 StockIdx：419
[11776] 2025/11/20 10:41:52.705 Divide StockNo {EEF00}
[11776] 2025/11/20 10:41:52.705 Add Basket MarketNo：2 StockIdx：425
[11776] 2025/11/20 10:41:52.705 Divide StockNo {EGF00}
[11776] 2025/11/20 10:41:52.705 Add Basket MarketNo：2 StockIdx：431
[11776] 2025/11/20 10:41:52.705 Divide StockNo {EHF00}
[11776] 2025/11/20 10:41:52.705 Add Basket MarketNo：2 StockIdx：437
[11776] 2025/11/20 10:41:52.705 Divide StockNo {EKF00}
[11776] 2025/11/20 10:41:52.705 Add Basket MarketNo：2 StockIdx：443
[11776] 2025/11/20 10:41:52.705 Divide StockNo {EMF00}
[11776] 2025/11/20 10:41:52.705 Add Basket MarketNo：2 StockIdx：449
[11776] 2025/11/20 10:41:52.705 Divide StockNo {EPF00}
[11776] 2025/11/20 10:41:52.705 Add Basket MarketNo：2 StockIdx：455
[11776] 2025/11/20 10:41:52.705 Divide StockNo {EYF00}
[11776] 2025/11/20 10:41:52.705 Add Basket MarketNo：2 StockIdx：461
[11776] 2025/11/20 10:41:52.705 Divide StockNo {EZF00}
[11776] 2025/11/20 10:41:52.705 Add Basket MarketNo：2 StockIdx：467
[11776] 2025/11/20 10:41:52.705 Divide StockNo {FBF00}
[11776] 2025/11/20 10:41:52.705 Add Basket MarketNo：2 StockIdx：473
[11776] 2025/11/20 10:41:52.705 Divide StockNo {FCF00}
[11776] 2025/11/20 10:41:52.705 Add Basket MarketNo：2 StockIdx：479
[11776] 2025/11/20 10:41:52.706 Divide StockNo {FEF00}
[11776] 2025/11/20 10:41:52.706 Add Basket MarketNo：2 StockIdx：483
[11776] 2025/11/20 10:41:52.706 Divide StockNo {FFF00}
[11776] 2025/11/20 10:41:52.706 Add Basket MarketNo：2 StockIdx：491
[11776] 2025/11/20 10:41:52.706 Divide StockNo {FGF00}
[11776] 2025/11/20 10:41:52.706 Add Basket MarketNo：2 StockIdx：497
[11776] 2025/11/20 10:41:52.706 Divide StockNo {FKF00}
[11776] 2025/11/20 10:41:52.706 Add Basket MarketNo：2 StockIdx：503
[11776] 2025/11/20 10:41:52.706 Divide StockNo {FNF00}
[11776] 2025/11/20 10:41:52.706 Add Basket MarketNo：2 StockIdx：509
[11776] 2025/11/20 10:41:52.706 Divide StockNo {FQF00}
[11776] 2025/11/20 10:41:52.706 Add Basket MarketNo：2 StockIdx：515
[11776] 2025/11/20 10:41:52.706 Divide StockNo {FRF00}
[11776] 2025/11/20 10:41:52.706 Add Basket MarketNo：2 StockIdx：521
[11776] 2025/11/20 10:41:52.706 Divide StockNo {FSF00}
[11776] 2025/11/20 10:41:52.706 Add Basket MarketNo：2 StockIdx：527
[11776] 2025/11/20 10:41:52.706 Divide StockNo {FTF00}
[11776] 2025/11/20 10:41:52.706 Add Basket MarketNo：2 StockIdx：533
[11776] 2025/11/20 10:41:52.706 Divide StockNo {FVF00}
[11776] 2025/11/20 10:41:52.706 Add Basket MarketNo：2 StockIdx：539
[11776] 2025/11/20 10:41:52.706 Divide StockNo {FWF00}
[11776] 2025/11/20 10:41:52.706 Add Basket MarketNo：2 StockIdx：545
[11776] 2025/11/20 10:41:52.706 Divide StockNo {FYF00}
[11776] 2025/11/20 10:41:52.706 Add Basket MarketNo：2 StockIdx：551
[11776] 2025/11/20 10:41:52.706 Divide StockNo {FZF00}
[11776] 2025/11/20 10:41:52.706 Add Basket MarketNo：2 StockIdx：557
[11776] 2025/11/20 10:41:52.706 Divide StockNo {GAF00}
[11776] 2025/11/20 10:41:52.706 Add Basket MarketNo：2 StockIdx：563
[11776] 2025/11/20 10:41:52.706 Divide StockNo {GCF00}
[11776] 2025/11/20 10:41:52.706 Add Basket MarketNo：2 StockIdx：569
[11776] 2025/11/20 10:41:52.706 Divide StockNo {GHF00}
[11776] 2025/11/20 10:41:52.706 Add Basket MarketNo：2 StockIdx：575
[11776] 2025/11/20 10:41:52.706 Divide StockNo {GIF00}
[11776] 2025/11/20 10:41:52.706 Add Basket MarketNo：2 StockIdx：581
[11776] 2025/11/20 10:41:52.706 Divide StockNo {GJF00}
[11776] 2025/11/20 10:41:52.706 Add Basket MarketNo：2 StockIdx：587
[11776] 2025/11/20 10:41:52.706 Divide StockNo {GKF00}
[11776] 2025/11/20 10:41:52.706 Add Basket MarketNo：2 StockIdx：593
[11776] 2025/11/20 10:41:52.706 Divide StockNo {GLF00}
[11776] 2025/11/20 10:41:52.706 Add Basket MarketNo：2 StockIdx：599
[11776] 2025/11/20 10:41:52.706 Divide StockNo {GMF00}
[11776] 2025/11/20 10:41:52.706 Add Basket MarketNo：2 StockIdx：605
[11776] 2025/11/20 10:41:52.706 Divide StockNo {GNF00}
[11776] 2025/11/20 10:41:52.706 Add Basket MarketNo：2 StockIdx：611
[11776] 2025/11/20 10:41:52.706 Divide StockNo {GOF00}
[11776] 2025/11/20 10:41:52.706 Add Basket MarketNo：2 StockIdx：617
[11776] 2025/11/20 10:41:52.706 Divide StockNo {GRF00}
[11776] 2025/11/20 10:41:52.706 Add Basket MarketNo：2 StockIdx：623
[11776] 2025/11/20 10:41:52.706 Divide StockNo {GUF00}
[11776] 2025/11/20 10:41:52.706 Add Basket MarketNo：2 StockIdx：629
[11776] 2025/11/20 10:41:52.706 Divide StockNo {GVF00}
[11776] 2025/11/20 10:41:52.706 Add Basket MarketNo：2 StockIdx：635
[11776] 2025/11/20 10:41:52.706 Divide StockNo {GWF00}
[11776] 2025/11/20 10:41:52.706 Add Basket MarketNo：2 StockIdx：641
[11776] 2025/11/20 10:41:52.706 Divide StockNo {GXF00}
[11776] 2025/11/20 10:41:52.706 Add Basket MarketNo：2 StockIdx：647
[11776] 2025/11/20 10:41:52.706 Divide StockNo {GYF00}
[11776] 2025/11/20 10:41:52.706 Add Basket MarketNo：2 StockIdx：653
[11776] 2025/11/20 10:41:52.706 Divide StockNo {GZF00}
[11776] 2025/11/20 10:41:52.706 Add Basket MarketNo：2 StockIdx：659
[11776] 2025/11/20 10:41:52.706 Divide StockNo {HAF00}
[11776] 2025/11/20 10:41:52.706 Add Basket MarketNo：2 StockIdx：665
[11776] 2025/11/20 10:41:52.706 Divide StockNo {HBF00}
[11776] 2025/11/20 10:41:52.706 Add Basket MarketNo：2 StockIdx：675
[11776] 2025/11/20 10:41:52.706 Divide StockNo {HCF00}
[11776] 2025/11/20 10:41:52.706 Add Basket MarketNo：2 StockIdx：681
[11776] 2025/11/20 10:41:52.706 Divide StockNo {HHF00}
[11776] 2025/11/20 10:41:52.707 Add Basket MarketNo：2 StockIdx：687
[11776] 2025/11/20 10:41:52.707 Divide StockNo {HIF00}
[11776] 2025/11/20 10:41:52.707 Add Basket MarketNo：2 StockIdx：697
[11776] 2025/11/20 10:41:52.707 Divide StockNo {HLF00}
[11776] 2025/11/20 10:41:52.707 Add Basket MarketNo：2 StockIdx：703
[11776] 2025/11/20 10:41:52.707 Divide StockNo {HOF00}
[11776] 2025/11/20 10:41:52.707 Add Basket MarketNo：2 StockIdx：713
[11776] 2025/11/20 10:41:52.707 Divide StockNo {HQF00}
[11776] 2025/11/20 10:41:52.707 Add Basket MarketNo：2 StockIdx：719
[11776] 2025/11/20 10:41:52.707 Divide StockNo {HSF00}
[11776] 2025/11/20 10:41:52.707 Add Basket MarketNo：2 StockIdx：725
[11776] 2025/11/20 10:41:52.707 Divide StockNo {IAF00}
[11776] 2025/11/20 10:41:52.707 Add Basket MarketNo：2 StockIdx：731
[11776] 2025/11/20 10:41:52.707 Divide StockNo {IHF00}
[11776] 2025/11/20 10:41:52.707 Add Basket MarketNo：2 StockIdx：740
[11776] 2025/11/20 10:41:52.707 Divide StockNo {IIF00}
[11776] 2025/11/20 10:41:52.707 Add Basket MarketNo：2 StockIdx：746
[11776] 2025/11/20 10:41:52.707 Divide StockNo {IJF00}
[11776] 2025/11/20 10:41:52.707 Add Basket MarketNo：2 StockIdx：752
[11776] 2025/11/20 10:41:52.707 Divide StockNo {IMF00}
[11776] 2025/11/20 10:41:52.707 Add Basket MarketNo：2 StockIdx：758
[11776] 2025/11/20 10:41:52.707 Divide StockNo {IOF00}
[11776] 2025/11/20 10:41:52.707 Add Basket MarketNo：2 StockIdx：764
[11776] 2025/11/20 10:41:52.707 Divide StockNo {IPF00}
[11776] 2025/11/20 10:41:52.707 Add Basket MarketNo：2 StockIdx：770
[11776] 2025/11/20 10:41:52.707 Divide StockNo {IQF00}
[11776] 2025/11/20 10:41:52.707 Add Basket MarketNo：2 StockIdx：776
[11776] 2025/11/20 10:41:52.707 Divide StockNo {IRF00}
[11776] 2025/11/20 10:41:52.707 Add Basket MarketNo：2 StockIdx：782
[11776] 2025/11/20 10:41:52.707 Divide StockNo {ITF00}
[11776] 2025/11/20 10:41:52.707 Add Basket MarketNo：2 StockIdx：792
[11776] 2025/11/20 10:41:52.707 Divide StockNo {IXF00}
[11776] 2025/11/20 10:41:52.707 Add Basket MarketNo：2 StockIdx：798
[11776] 2025/11/20 10:41:52.707 Divide StockNo {IYF00}
[11776] 2025/11/20 10:41:52.707 Add Basket MarketNo：2 StockIdx：804
[11776] 2025/11/20 10:41:52.707 Divide StockNo {IZF00}
[11776] 2025/11/20 10:41:52.707 Add Basket MarketNo：2 StockIdx：810
[11776] 2025/11/20 10:41:52.707 Divide StockNo {JBF00}
[11776] 2025/11/20 10:41:52.707 Add Basket MarketNo：2 StockIdx：816
[11776] 2025/11/20 10:41:52.707 Divide StockNo {JFF00}
[11776] 2025/11/20 10:41:52.707 Add Basket MarketNo：2 StockIdx：822
[11776] 2025/11/20 10:41:52.707 Divide StockNo {JMF00}
[11776] 2025/11/20 10:41:52.707 Add Basket MarketNo：2 StockIdx：828
[11776] 2025/11/20 10:41:52.707 Divide StockNo {JNF00}
[11776] 2025/11/20 10:41:52.707 Add Basket MarketNo：2 StockIdx：834
[11776] 2025/11/20 10:41:52.707 Divide StockNo {JPF00}
[11776] 2025/11/20 10:41:52.707 Add Basket MarketNo：2 StockIdx：840
[11776] 2025/11/20 10:41:52.707 Divide StockNo {JSF00}
[11776] 2025/11/20 10:41:52.707 Add Basket MarketNo：2 StockIdx：846
[11776] 2025/11/20 10:41:52.707 Divide StockNo {JWF00}
[11776] 2025/11/20 10:41:52.707 Add Basket MarketNo：2 StockIdx：852
[11776] 2025/11/20 10:41:52.707 Divide StockNo {JXF00}
[11776] 2025/11/20 10:41:52.707 Add Basket MarketNo：2 StockIdx：858
[11776] 2025/11/20 10:41:52.707 Divide StockNo {JZF00}
[11776] 2025/11/20 10:41:52.707 Add Basket MarketNo：2 StockIdx：864
[11776] 2025/11/20 10:41:52.707 Divide StockNo {KAF00}
[11776] 2025/11/20 10:41:52.707 Add Basket MarketNo：2 StockIdx：870
[11776] 2025/11/20 10:41:52.707 Divide StockNo {KBF00}
[11776] 2025/11/20 10:41:52.707 Add Basket MarketNo：2 StockIdx：876
[11776] 2025/11/20 10:41:52.707 Divide StockNo {KCF00}
[11776] 2025/11/20 10:41:52.707 Add Basket MarketNo：2 StockIdx：882
[11776] 2025/11/20 10:41:52.707 Divide StockNo {KDF00}
[11776] 2025/11/20 10:41:52.707 Add Basket MarketNo：2 StockIdx：888
[11776] 2025/11/20 10:41:52.708 Divide StockNo {KEF00}
[11776] 2025/11/20 10:41:52.708 Add Basket MarketNo：2 StockIdx：894
[11776] 2025/11/20 10:41:52.708 Divide StockNo {KFF00}
[11776] 2025/11/20 10:41:52.708 Add Basket MarketNo：2 StockIdx：900
[11776] 2025/11/20 10:41:52.708 Divide StockNo {KGF00}
[11776] 2025/11/20 10:41:52.708 Add Basket MarketNo：2 StockIdx：906
[11776] 2025/11/20 10:41:52.708 Divide StockNo {KIF00}
[11776] 2025/11/20 10:41:52.708 Add Basket MarketNo：2 StockIdx：912
[11776] 2025/11/20 10:41:52.708 Divide StockNo {KKF00}
[11776] 2025/11/20 10:41:52.708 Add Basket MarketNo：2 StockIdx：918
[11776] 2025/11/20 10:41:52.708 Divide StockNo {KLF00}
[11776] 2025/11/20 10:41:52.708 Add Basket MarketNo：2 StockIdx：924
[11776] 2025/11/20 10:41:52.708 Divide StockNo {KOF00}
[11776] 2025/11/20 10:41:52.708 Add Basket MarketNo：2 StockIdx：930
[11776] 2025/11/20 10:41:52.708 Divide StockNo {KPF00}
[11776] 2025/11/20 10:41:52.708 Add Basket MarketNo：2 StockIdx：936
[11776] 2025/11/20 10:41:52.708 Divide StockNo {KSF00}
[11776] 2025/11/20 10:41:52.708 Add Basket MarketNo：2 StockIdx：942
[11776] 2025/11/20 10:41:52.708 Divide StockNo {KUF00}
[11776] 2025/11/20 10:41:52.708 Add Basket MarketNo：2 StockIdx：948
[11776] 2025/11/20 10:41:52.708 Divide StockNo {KWF00}
[11776] 2025/11/20 10:41:52.708 Add Basket MarketNo：2 StockIdx：954
[11776] 2025/11/20 10:41:52.708 Divide StockNo {LBF00}
[11776] 2025/11/20 10:41:52.708 Add Basket MarketNo：2 StockIdx：960
[11776] 2025/11/20 10:41:52.708 Divide StockNo {LCF00}
[11776] 2025/11/20 10:41:52.708 Add Basket MarketNo：2 StockIdx：966
[11776] 2025/11/20 10:41:52.708 Divide StockNo {LEF00}
[11776] 2025/11/20 10:41:52.708 Add Basket MarketNo：2 StockIdx：972
[11776] 2025/11/20 10:41:52.708 Divide StockNo {LIF00}
[11776] 2025/11/20 10:41:52.708 Add Basket MarketNo：2 StockIdx：978
[11776] 2025/11/20 10:41:52.708 Divide StockNo {LMF00}
[11776] 2025/11/20 10:41:52.708 Add Basket MarketNo：2 StockIdx：984
[11776] 2025/11/20 10:41:52.708 Divide StockNo {LOF00}
[11776] 2025/11/20 10:41:52.708 Add Basket MarketNo：2 StockIdx：990
[11776] 2025/11/20 10:41:52.708 Divide StockNo {LQF00}
[11776] 2025/11/20 10:41:52.708 Add Basket MarketNo：2 StockIdx：996
[11776] 2025/11/20 10:41:52.708 Divide StockNo {LRF00}
[11776] 2025/11/20 10:41:52.708 Add Basket MarketNo：2 StockIdx：1002
[11776] 2025/11/20 10:41:52.708 Divide StockNo {LTF00}
[11776] 2025/11/20 10:41:52.708 Add Basket MarketNo：2 StockIdx：1011
[11776] 2025/11/20 10:41:52.708 Divide StockNo {LUF00}
[11776] 2025/11/20 10:41:52.708 Add Basket MarketNo：2 StockIdx：1017
[11776] 2025/11/20 10:41:52.708 Divide StockNo {LVF00}
[11776] 2025/11/20 10:41:52.708 Add Basket MarketNo：2 StockIdx：1023
[11776] 2025/11/20 10:41:52.708 Divide StockNo {LWF00}
[11776] 2025/11/20 10:41:52.708 Add Basket MarketNo：2 StockIdx：1032
[11776] 2025/11/20 10:41:52.708 Divide StockNo {LXF00}
[11776] 2025/11/20 10:41:52.708 Add Basket MarketNo：2 StockIdx：1038
[11776] 2025/11/20 10:41:52.708 Divide StockNo {LYF00}
[11776] 2025/11/20 10:41:52.708 Add Basket MarketNo：2 StockIdx：1045
[11776] 2025/11/20 10:41:52.708 Divide StockNo {MAF00}
[11776] 2025/11/20 10:41:52.708 Add Basket MarketNo：2 StockIdx：1051
[11776] 2025/11/20 10:41:52.708 Divide StockNo {MBF00}
[11776] 2025/11/20 10:41:52.708 Add Basket MarketNo：2 StockIdx：1054
[11776] 2025/11/20 10:41:52.708 Divide StockNo {MJF00}
[11776] 2025/11/20 10:41:52.708 Add Basket MarketNo：2 StockIdx：1060
[11776] 2025/11/20 10:41:52.708 Divide StockNo {MKF00}
[11776] 2025/11/20 10:41:52.708 Add Basket MarketNo：2 StockIdx：1066
[11776] 2025/11/20 10:41:52.708 Divide StockNo {MQF00}
[11776] 2025/11/20 10:41:52.708 Add Basket MarketNo：2 StockIdx：1072
[11776] 2025/11/20 10:41:52.708 Divide StockNo {MVF00}
[11776] 2025/11/20 10:41:52.708 Add Basket MarketNo：2 StockIdx：1078
[11776] 2025/11/20 10:41:52.708 Divide StockNo {MYF00}
[11776] 2025/11/20 10:41:52.708 Add Basket MarketNo：2 StockIdx：1084
[11776] 2025/11/20 10:41:52.708 Divide StockNo {NAF00}
[11776] 2025/11/20 10:41:52.708 Add Basket MarketNo：2 StockIdx：1090
[11776] 2025/11/20 10:41:52.708 Divide StockNo {NBF00}
[11776] 2025/11/20 10:41:52.708 Add Basket MarketNo：2 StockIdx：1096
[11776] 2025/11/20 10:41:52.709 Divide StockNo {NDF00}
[11776] 2025/11/20 10:41:52.709 Add Basket MarketNo：2 StockIdx：1102
[11776] 2025/11/20 10:41:52.709 Divide StockNo {NEF00}
[11776] 2025/11/20 10:41:52.709 Add Basket MarketNo：2 StockIdx：1108
[11776] 2025/11/20 10:41:52.709 Divide StockNo {NGF00}
[11776] 2025/11/20 10:41:52.709 Add Basket MarketNo：2 StockIdx：1114
[11776] 2025/11/20 10:41:52.709 Divide StockNo {NIF00}
[11776] 2025/11/20 10:41:52.709 Add Basket MarketNo：2 StockIdx：1120
[11776] 2025/11/20 10:41:52.709 Divide StockNo {NJF00}
[11776] 2025/11/20 10:41:52.709 Add Basket MarketNo：2 StockIdx：1126
[11776] 2025/11/20 10:41:52.709 Divide StockNo {NLF00}
[11776] 2025/11/20 10:41:52.709 Add Basket MarketNo：2 StockIdx：1132
[11776] 2025/11/20 10:41:52.709 Divide StockNo {NMF00}
[11776] 2025/11/20 10:41:52.709 Add Basket MarketNo：2 StockIdx：1138
[11776] 2025/11/20 10:41:52.709 Divide StockNo {NOF00}
[11776] 2025/11/20 10:41:52.709 Add Basket MarketNo：2 StockIdx：1144
[11776] 2025/11/20 10:41:52.709 Divide StockNo {NQF00}
[11776] 2025/11/20 10:41:52.709 Add Basket MarketNo：2 StockIdx：1150
[11776] 2025/11/20 10:41:52.709 Divide StockNo {NSF00}
[11776] 2025/11/20 10:41:52.709 Add Basket MarketNo：2 StockIdx：1156
[11776] 2025/11/20 10:41:52.709 Divide StockNo {NUF00}
[11776] 2025/11/20 10:41:52.709 Add Basket MarketNo：2 StockIdx：1162
[11776] 2025/11/20 10:41:52.709 Divide StockNo {NVF00}
[11776] 2025/11/20 10:41:52.709 Add Basket MarketNo：2 StockIdx：1168
[11776] 2025/11/20 10:41:52.709 Divide StockNo {NWF00}
[11776] 2025/11/20 10:41:52.709 Add Basket MarketNo：2 StockIdx：1174
[11776] 2025/11/20 10:41:52.709 Divide StockNo {NYF00}
[11776] 2025/11/20 10:41:52.709 Add Basket MarketNo：2 StockIdx：5672
[11776] 2025/11/20 10:41:52.709 Divide StockNo {OAF00}
[11776] 2025/11/20 10:41:52.709 Add Basket MarketNo：2 StockIdx：1186
[11776] 2025/11/20 10:41:52.709 Divide StockNo {OBF00}
[11776] 2025/11/20 10:41:52.709 Add Basket MarketNo：2 StockIdx：1192
[11776] 2025/11/20 10:41:52.709 Divide StockNo {ODF00}
[11776] 2025/11/20 10:41:52.709 Add Basket MarketNo：2 StockIdx：1198
[11776] 2025/11/20 10:41:52.709 Divide StockNo {OEF00}
[11776] 2025/11/20 10:41:52.709 Add Basket MarketNo：2 StockIdx：1204
[11776] 2025/11/20 10:41:52.709 Divide StockNo {OHF00}
[11776] 2025/11/20 10:41:52.709 Add Basket MarketNo：2 StockIdx：1210
[11776] 2025/11/20 10:41:52.709 Divide StockNo {OJF00}
[11776] 2025/11/20 10:41:52.709 Add Basket MarketNo：2 StockIdx：1216
[11776] 2025/11/20 10:41:52.709 Divide StockNo {OKF00}
[11776] 2025/11/20 10:41:52.709 Add Basket MarketNo：2 StockIdx：1222
[11776] 2025/11/20 10:41:52.709 Divide StockNo {OLF00}
[11776] 2025/11/20 10:41:52.709 Add Basket MarketNo：2 StockIdx：1228
[11776] 2025/11/20 10:41:52.709 Divide StockNo {OMF00}
[11776] 2025/11/20 10:41:52.709 Add Basket MarketNo：2 StockIdx：1234
[11776] 2025/11/20 10:41:52.709 Divide StockNo {OOF00}
[11776] 2025/11/20 10:41:52.709 Add Basket MarketNo：2 StockIdx：1240
[11776] 2025/11/20 10:41:52.709 Divide StockNo {OPF00}
[11776] 2025/11/20 10:41:52.709 Add Basket MarketNo：2 StockIdx：1246
[11776] 2025/11/20 10:41:52.709 Divide StockNo {OQF00}
[11776] 2025/11/20 10:41:52.709 Add Basket MarketNo：2 StockIdx：1252
[11776] 2025/11/20 10:41:52.709 Divide StockNo {ORF00}
[11776] 2025/11/20 10:41:52.709 Add Basket MarketNo：2 StockIdx：1258
[11776] 2025/11/20 10:41:52.709 Divide StockNo {OSF00}
[11776] 2025/11/20 10:41:52.709 Add Basket MarketNo：2 StockIdx：1264
[11776] 2025/11/20 10:41:52.709 Divide StockNo {OTF00}
[11776] 2025/11/20 10:41:52.709 Add Basket MarketNo：2 StockIdx：1270
[11776] 2025/11/20 10:41:52.709 Divide StockNo {OUF00}
[11776] 2025/11/20 10:41:52.709 Add Basket MarketNo：2 StockIdx：1276
[11776] 2025/11/20 10:41:52.709 Divide StockNo {OVF00}
[11776] 2025/11/20 10:41:52.709 Add Basket MarketNo：2 StockIdx：1282
[11776] 2025/11/20 10:41:52.709 Divide StockNo {OWF00}
[11776] 2025/11/20 10:41:52.709 Add Basket MarketNo：2 StockIdx：1288
[11776] 2025/11/20 10:41:52.709 Divide StockNo {OXF00}
[11776] 2025/11/20 10:41:52.709 Add Basket MarketNo：2 StockIdx：1294
[11776] 2025/11/20 10:41:52.710 Divide StockNo {OYF00}
[11776] 2025/11/20 10:41:52.710 Add Basket MarketNo：2 StockIdx：1300
[11776] 2025/11/20 10:41:52.710 Divide StockNo {OZF00}
[11776] 2025/11/20 10:41:52.710 Add Basket MarketNo：2 StockIdx：1306
[11776] 2025/11/20 10:41:52.710 Divide StockNo {PAF00}
[11776] 2025/11/20 10:41:52.710 Add Basket MarketNo：2 StockIdx：1312
[11776] 2025/11/20 10:41:52.710 Divide StockNo {PBF00}
[11776] 2025/11/20 10:41:52.710 Add Basket MarketNo：2 StockIdx：1318
[11776] 2025/11/20 10:41:52.710 Divide StockNo {PCF00}
[11776] 2025/11/20 10:41:52.710 Add Basket MarketNo：2 StockIdx：1324
[11776] 2025/11/20 10:41:52.710 Divide StockNo {PDF00}
[11776] 2025/11/20 10:41:52.710 Add Basket MarketNo：2 StockIdx：1330
[11776] 2025/11/20 10:41:52.710 Divide StockNo {PEF00}
[11776] 2025/11/20 10:41:52.710 Add Basket MarketNo：2 StockIdx：1336
[11776] 2025/11/20 10:41:52.710 Divide StockNo {PFF00}
[11776] 2025/11/20 10:41:52.710 Add Basket MarketNo：2 StockIdx：1342
[11776] 2025/11/20 10:41:52.710 Divide StockNo {PGF00}
[11776] 2025/11/20 10:41:52.710 Add Basket MarketNo：2 StockIdx：1348
[11776] 2025/11/20 10:41:52.710 Divide StockNo {PHF00}
[11776] 2025/11/20 10:41:52.710 Add Basket MarketNo：2 StockIdx：1354
[11776] 2025/11/20 10:41:52.710 Divide StockNo {PIF00}
[11776] 2025/11/20 10:41:52.710 Add Basket MarketNo：2 StockIdx：1360
[11776] 2025/11/20 10:41:52.710 Divide StockNo {PJF00}
[11776] 2025/11/20 10:41:52.710 Add Basket MarketNo：2 StockIdx：1366
[11776] 2025/11/20 10:41:52.710 Divide StockNo {PKF00}
[11776] 2025/11/20 10:41:52.710 Add Basket MarketNo：2 StockIdx：1372
[11776] 2025/11/20 10:41:52.710 Divide StockNo {PLF00}
[11776] 2025/11/20 10:41:52.710 Add Basket MarketNo：2 StockIdx：1378
[11776] 2025/11/20 10:41:52.710 Divide StockNo {PMF00}
[11776] 2025/11/20 10:41:52.710 Add Basket MarketNo：2 StockIdx：1384
[11776] 2025/11/20 10:41:52.710 Divide StockNo {PNF00}
[11776] 2025/11/20 10:41:52.710 Add Basket MarketNo：2 StockIdx：1390
[11776] 2025/11/20 10:41:52.710 Divide StockNo {PPF00}
[11776] 2025/11/20 10:41:52.710 Add Basket MarketNo：2 StockIdx：1396
[11776] 2025/11/20 10:41:52.710 Divide StockNo {PQF00}
[11776] 2025/11/20 10:41:52.710 Add Basket MarketNo：2 StockIdx：1402
[11776] 2025/11/20 10:41:52.710 Divide StockNo {PRF00}
[11776] 2025/11/20 10:41:52.710 Add Basket MarketNo：2 StockIdx：1408
[11776] 2025/11/20 10:41:52.710 Divide StockNo {PSF00}
[11776] 2025/11/20 10:41:52.710 Add Basket MarketNo：2 StockIdx：1414
[11776] 2025/11/20 10:41:52.710 Divide StockNo {PTF00}
[11776] 2025/11/20 10:41:52.710 Add Basket MarketNo：2 StockIdx：1422
[11776] 2025/11/20 10:41:52.710 Divide StockNo {PUF00}
[11776] 2025/11/20 10:41:52.710 Add Basket MarketNo：2 StockIdx：1428
[11776] 2025/11/20 10:41:52.710 Divide StockNo {PVF00}
[11776] 2025/11/20 10:41:52.710 Add Basket MarketNo：2 StockIdx：1434
[11776] 2025/11/20 10:41:52.710 Divide StockNo {PWF00}
[11776] 2025/11/20 10:41:52.710 Add Basket MarketNo：2 StockIdx：1440
[11776] 2025/11/20 10:41:52.710 Divide StockNo {PXF00}
[11776] 2025/11/20 10:41:52.710 Add Basket MarketNo：2 StockIdx：1446
[11776] 2025/11/20 10:41:52.710 Divide StockNo {PYF00}
[11776] 2025/11/20 10:41:52.710 Add Basket MarketNo：2 StockIdx：1452
[11776] 2025/11/20 10:41:52.710 Divide StockNo {PZF00}
[11776] 2025/11/20 10:41:52.710 Add Basket MarketNo：2 StockIdx：1458
[11776] 2025/11/20 10:41:52.710 Divide StockNo {QAF00}
[11776] 2025/11/20 10:41:52.710 Add Basket MarketNo：2 StockIdx：1464
[11776] 2025/11/20 10:41:52.710 Divide StockNo {QBF00}
[11776] 2025/11/20 10:41:52.710 Add Basket MarketNo：2 StockIdx：1470
[11776] 2025/11/20 10:41:52.710 Divide StockNo {QCF00}
[11776] 2025/11/20 10:41:52.710 Add Basket MarketNo：2 StockIdx：1476
[11776] 2025/11/20 10:41:52.710 Divide StockNo {QDF00}
[11776] 2025/11/20 10:41:52.710 Add Basket MarketNo：2 StockIdx：1482
[11776] 2025/11/20 10:41:52.710 Divide StockNo {QEF00}
[11776] 2025/11/20 10:41:52.710 Add Basket MarketNo：2 StockIdx：1488
[11776] 2025/11/20 10:41:52.710 Divide StockNo {QFF00}
[11776] 2025/11/20 10:41:52.711 Add Basket MarketNo：2 StockIdx：5678
[11776] 2025/11/20 10:41:52.711 Divide StockNo {QGF00}
[11776] 2025/11/20 10:41:52.711 Add Basket MarketNo：2 StockIdx：1502
[11776] 2025/11/20 10:41:52.711 Divide StockNo {QHF00}
[11776] 2025/11/20 10:41:52.711 Add Basket MarketNo：2 StockIdx：1508
[11776] 2025/11/20 10:41:52.711 Divide StockNo {QIF00}
[11776] 2025/11/20 10:41:52.711 Add Basket MarketNo：2 StockIdx：1514
[11776] 2025/11/20 10:41:52.711 Divide StockNo {QJF00}
[11776] 2025/11/20 10:41:52.711 Add Basket MarketNo：2 StockIdx：1518
[11776] 2025/11/20 10:41:52.711 Divide StockNo {QKF00}
[11776] 2025/11/20 10:41:52.711 Add Basket MarketNo：2 StockIdx：1524
[11776] 2025/11/20 10:41:52.711 Divide StockNo {QLF00}
[11776] 2025/11/20 10:41:52.711 Add Basket MarketNo：2 StockIdx：1530
[11776] 2025/11/20 10:41:52.711 Divide StockNo {QMF00}
[11776] 2025/11/20 10:41:52.711 Add Basket MarketNo：2 StockIdx：1536
[11776] 2025/11/20 10:41:52.711 Divide StockNo {QNF00}
[11776] 2025/11/20 10:41:52.711 Add Basket MarketNo：2 StockIdx：1542
[11776] 2025/11/20 10:41:52.711 Divide StockNo {QOF00}
[11776] 2025/11/20 10:41:52.711 Add Basket MarketNo：2 StockIdx：1548
[11776] 2025/11/20 10:41:52.711 Divide StockNo {QPF00}
[11776] 2025/11/20 10:41:52.711 Add Basket MarketNo：2 StockIdx：1554
[11776] 2025/11/20 10:41:52.711 Divide StockNo {QQF00}
[11776] 2025/11/20 10:41:52.711 Add Basket MarketNo：2 StockIdx：1560
[11776] 2025/11/20 10:41:52.711 Divide StockNo {QRF00}
[11776] 2025/11/20 10:41:52.711 Add Basket MarketNo：2 StockIdx：1566
[11776] 2025/11/20 10:41:52.711 Divide StockNo {QSF00}
[11776] 2025/11/20 10:41:52.711 Add Basket MarketNo：2 StockIdx：1572
[11776] 2025/11/20 10:41:52.711 Divide StockNo {QTF00}
[11776] 2025/11/20 10:41:52.711 Add Basket MarketNo：2 StockIdx：1578
[11776] 2025/11/20 10:41:52.711 Divide StockNo {QUF00}
[11776] 2025/11/20 10:41:52.711 Add Basket MarketNo：2 StockIdx：1584
[11776] 2025/11/20 10:41:52.711 Divide StockNo {QVF00}
[11776] 2025/11/20 10:41:52.711 Add Basket MarketNo：2 StockIdx：1590
[11776] 2025/11/20 10:41:52.711 Divide StockNo {QWF00}
[11776] 2025/11/20 10:41:52.711 Add Basket MarketNo：2 StockIdx：1596
[11776] 2025/11/20 10:41:52.711 Divide StockNo {QXF00}
[11776] 2025/11/20 10:41:52.711 Add Basket MarketNo：2 StockIdx：1602
[11776] 2025/11/20 10:41:52.711 Divide StockNo {QYF00}
[11776] 2025/11/20 10:41:52.711 Add Basket MarketNo：2 StockIdx：1608
[11776] 2025/11/20 10:41:52.711 Divide StockNo {QZF00}
[11776] 2025/11/20 10:41:52.711 Add Basket MarketNo：2 StockIdx：1614
[11776] 2025/11/20 10:41:52.711 Divide StockNo {RAF00}
[11776] 2025/11/20 10:41:52.711 Add Basket MarketNo：2 StockIdx：1620
[11776] 2025/11/20 10:41:52.711 Divide StockNo {RBF00}
[11776] 2025/11/20 10:41:52.711 Add Basket MarketNo：2 StockIdx：1626
[11776] 2025/11/20 10:41:52.711 Divide StockNo {RCF00}
[11776] 2025/11/20 10:41:52.711 Add Basket MarketNo：2 StockIdx：1632
[11776] 2025/11/20 10:41:52.711 Divide StockNo {RDF00}
[11776] 2025/11/20 10:41:52.711 Add Basket MarketNo：2 StockIdx：1638
[11776] 2025/11/20 10:41:52.711 Divide StockNo {REF00}
[11776] 2025/11/20 10:41:52.711 Add Basket MarketNo：2 StockIdx：1644
[11776] 2025/11/20 10:41:52.711 Divide StockNo {RFF00}
[11776] 2025/11/20 10:41:52.711 Add Basket MarketNo：2 StockIdx：1650
[11776] 2025/11/20 10:41:52.711 Divide StockNo {RGF00}
[11776] 2025/11/20 10:41:52.711 Add Basket MarketNo：2 StockIdx：1656
[11776] 2025/11/20 10:41:52.711 Divide StockNo {RIF00}
[11776] 2025/11/20 10:41:52.711 Add Basket MarketNo：2 StockIdx：1662
[11776] 2025/11/20 10:41:52.711 Divide StockNo {RJF00}
[11776] 2025/11/20 10:41:52.711 Add Basket MarketNo：2 StockIdx：1668
[11776] 2025/11/20 10:41:52.711 Divide StockNo {RKF00}
[11776] 2025/11/20 10:41:52.711 Add Basket MarketNo：2 StockIdx：1674
[11776] 2025/11/20 10:41:52.711 Divide StockNo {RLF00}
[11776] 2025/11/20 10:41:52.711 Add Basket MarketNo：2 StockIdx：1680
[11776] 2025/11/20 10:41:52.711 Divide StockNo {RMF00}
[11776] 2025/11/20 10:41:52.712 Stock Is Not Exist 
[11776] 2025/11/20 10:41:52.712 Divide StockNo {RNF00}
[11776] 2025/11/20 10:41:52.712 Add Basket MarketNo：2 StockIdx：1686
[11776] 2025/11/20 10:41:52.712 Divide StockNo {ROF00}
[11776] 2025/11/20 10:41:52.712 Add Basket MarketNo：2 StockIdx：1692
[11776] 2025/11/20 10:41:52.712 Divide StockNo {RPF00}
[11776] 2025/11/20 10:41:52.712 Add Basket MarketNo：2 StockIdx：1698
[11776] 2025/11/20 10:41:52.712 Divide StockNo {RQF00}
[11776] 2025/11/20 10:41:52.712 Stock Is Not Exist 
[11776] 2025/11/20 10:41:52.712 Divide StockNo {RRF00}
[11776] 2025/11/20 10:41:52.712 Add Basket MarketNo：2 StockIdx：1706
[11776] 2025/11/20 10:41:52.712 Divide StockNo {RSF00}
[11776] 2025/11/20 10:41:52.712 Add Basket MarketNo：2 StockIdx：1712
[11776] 2025/11/20 10:41:52.712 Divide StockNo {RUF00}
[11776] 2025/11/20 10:41:52.712 Add Basket MarketNo：2 StockIdx：1718
[11776] 2025/11/20 10:41:52.712 Divide StockNo {RVF00}
[11776] 2025/11/20 10:41:52.712 Add Basket MarketNo：2 StockIdx：1724
[11776] 2025/11/20 10:41:52.712 Divide StockNo {RWF00}
[11776] 2025/11/20 10:41:52.712 Add Basket MarketNo：2 StockIdx：1730
[11776] 2025/11/20 10:41:52.712 Divide StockNo {RXF00}
[11776] 2025/11/20 10:41:52.712 Add Basket MarketNo：2 StockIdx：1736
[11776] 2025/11/20 10:41:52.712 Divide StockNo {RYF00}
[11776] 2025/11/20 10:41:52.712 Add Basket MarketNo：2 StockIdx：1742
[11776] 2025/11/20 10:41:52.712 Divide StockNo {RZF00}
[11776] 2025/11/20 10:41:52.712 Add Basket MarketNo：2 StockIdx：5684
[11776] 2025/11/20 10:41:52.712 Divide StockNo {SAF00}
[11776] 2025/11/20 10:41:52.712 Add Basket MarketNo：2 StockIdx：1754
[11776] 2025/11/20 10:41:52.712 Divide StockNo {SBF00}
[11776] 2025/11/20 10:41:52.712 Add Basket MarketNo：2 StockIdx：1760
[11776] 2025/11/20 10:41:52.712 Divide StockNo {SCF00}
[11776] 2025/11/20 10:41:52.712 Add Basket MarketNo：2 StockIdx：1766
[11776] 2025/11/20 10:41:52.712 Divide StockNo {SDF00}
[11776] 2025/11/20 10:41:52.712 Add Basket MarketNo：2 StockIdx：1772
[11776] 2025/11/20 10:41:52.712 Divide StockNo {SEF00}
[11776] 2025/11/20 10:41:52.712 Add Basket MarketNo：2 StockIdx：1778
[11776] 2025/11/20 10:41:52.712 Divide StockNo {SFF00}
[11776] 2025/11/20 10:41:52.712 Add Basket MarketNo：2 StockIdx：1784
[11776] 2025/11/20 10:41:52.712 Divide StockNo {SGF00}
[11776] 2025/11/20 10:41:52.712 Add Basket MarketNo：2 StockIdx：1790
[11776] 2025/11/20 10:41:52.712 Divide StockNo {SIF00}
[11776] 2025/11/20 10:41:52.712 Add Basket MarketNo：2 StockIdx：1796
[11776] 2025/11/20 10:41:52.712 Divide StockNo {SJF00}
[11776] 2025/11/20 10:41:52.712 Add Basket MarketNo：2 StockIdx：1802
[11776] 2025/11/20 10:41:52.712 Divide StockNo {SKF00}
[11776] 2025/11/20 10:41:52.712 Add Basket MarketNo：2 StockIdx：1808
[11776] 2025/11/20 10:41:52.712 Divide StockNo {SLF00}
[11776] 2025/11/20 10:41:52.712 Add Basket MarketNo：2 StockIdx：1814
[11776] 2025/11/20 10:41:52.712 Divide StockNo {SMF00}
[11776] 2025/11/20 10:41:52.712 Add Basket MarketNo：2 StockIdx：1820
[11776] 2025/11/20 10:41:52.712 Divide StockNo {SNF00}
[11776] 2025/11/20 10:41:52.712 Add Basket MarketNo：2 StockIdx：1826
[11776] 2025/11/20 10:41:52.712 Divide StockNo {SQF00}
[11776] 2025/11/20 10:41:52.712 Add Basket MarketNo：2 StockIdx：1832
[11776] 2025/11/20 10:41:52.712 Divide StockNo {SRF00}
[11776] 2025/11/20 10:41:52.712 Add Basket MarketNo：2 StockIdx：5690
[11776] 2025/11/20 10:41:52.712 Divide StockNo {SSF00}
[11776] 2025/11/20 10:41:52.712 Add Basket MarketNo：2 StockIdx：1846
[11776] 2025/11/20 10:41:52.712 Divide StockNo {SUF00}
[11776] 2025/11/20 10:41:52.712 Add Basket MarketNo：2 StockIdx：1852
[11776] 2025/11/20 10:41:52.712 Divide StockNo {SVF00}
[11776] 2025/11/20 10:41:52.712 Add Basket MarketNo：2 StockIdx：1858
[11776] 2025/11/20 10:41:52.712 Divide StockNo {SWF00}
[11776] 2025/11/20 10:41:52.712 Add Basket MarketNo：2 StockIdx：1864
[11776] 2025/11/20 10:41:52.712 Divide StockNo {SYF00}
[11776] 2025/11/20 10:41:52.712 Add Basket MarketNo：2 StockIdx：1870
[11776] 2025/11/20 10:41:52.713 Divide StockNo {SZF00}
[11776] 2025/11/20 10:41:52.713 Add Basket MarketNo：2 StockIdx：1876
[11776] 2025/11/20 10:41:52.713 Divide StockNo {UAF00}
[11776] 2025/11/20 10:41:52.713 Add Basket MarketNo：2 StockIdx：1882
[11776] 2025/11/20 10:41:52.713 Divide StockNo {UBF00}
[11776] 2025/11/20 10:41:52.713 Add Basket MarketNo：2 StockIdx：1888
[11776] 2025/11/20 10:41:52.713 Divide StockNo {UCF00}
[11776] 2025/11/20 10:41:52.713 Add Basket MarketNo：2 StockIdx：1894
[11776] 2025/11/20 10:41:52.713 Divide StockNo {UEF00}
[11776] 2025/11/20 10:41:52.713 Add Basket MarketNo：2 StockIdx：1900
[11776] 2025/11/20 10:41:52.713 Divide StockNo {UFF00}
[11776] 2025/11/20 10:41:52.713 Add Basket MarketNo：2 StockIdx：1906
[11776] 2025/11/20 10:41:52.713 Divide StockNo {UGF00}
[11776] 2025/11/20 10:41:52.713 Add Basket MarketNo：2 StockIdx：1912
[11776] 2025/11/20 10:41:52.713 Divide StockNo {UHF00}
[11776] 2025/11/20 10:41:52.713 Add Basket MarketNo：2 StockIdx：1918
[11776] 2025/11/20 10:41:52.713 Divide StockNo {UIF00}
[11776] 2025/11/20 10:41:52.713 Add Basket MarketNo：2 StockIdx：1924
[11776] 2025/11/20 10:41:52.713 Divide StockNo {UJF00}
[11776] 2025/11/20 10:41:52.713 Add Basket MarketNo：2 StockIdx：1930
[11776] 2025/11/20 10:41:52.713 Divide StockNo {UKF00}
[11776] 2025/11/20 10:41:52.713 Add Basket MarketNo：2 StockIdx：1936
[11776] 2025/11/20 10:41:52.713 Divide StockNo {ULF00}
[11776] 2025/11/20 10:41:52.713 Add Basket MarketNo：2 StockIdx：1942
[11776] 2025/11/20 10:41:52.713 Divide StockNo {UMF00}
[11776] 2025/11/20 10:41:52.713 Add Basket MarketNo：2 StockIdx：1948
[11776] 2025/11/20 10:41:52.713 Divide StockNo {UOF00}
[11776] 2025/11/20 10:41:52.713 Add Basket MarketNo：2 StockIdx：1954
[11776] 2025/11/20 10:41:52.713 Divide StockNo {UPF00}
[11776] 2025/11/20 10:41:52.713 Add Basket MarketNo：2 StockIdx：1960
[11776] 2025/11/20 10:41:52.713 Divide StockNo {UQF00}
[11776] 2025/11/20 10:41:52.713 Add Basket MarketNo：2 StockIdx：1966
[11776] 2025/11/20 10:41:52.713 Divide StockNo {URF00}
[11776] 2025/11/20 10:41:52.713 Add Basket MarketNo：2 StockIdx：1974
[11776] 2025/11/20 10:41:52.713 Divide StockNo {USF00}
[11776] 2025/11/20 10:41:52.713 Add Basket MarketNo：2 StockIdx：1980
[11776] 2025/11/20 10:41:52.713 Divide StockNo {UTF00}
[11776] 2025/11/20 10:41:52.713 Add Basket MarketNo：2 StockIdx：1986
[11776] 2025/11/20 10:41:52.713 Divide StockNo {UUF00}
[11776] 2025/11/20 10:41:52.713 Add Basket MarketNo：2 StockIdx：1992
[11776] 2025/11/20 10:41:52.713 Divide StockNo {UVF00}
[11776] 2025/11/20 10:41:52.713 Add Basket MarketNo：2 StockIdx：1998
[11776] 2025/11/20 10:41:52.713 Divide StockNo {UWF00}
[11776] 2025/11/20 10:41:52.713 Add Basket MarketNo：2 StockIdx：2004
[11776] 2025/11/20 10:41:52.713 Divide StockNo {0050}
[11776] 2025/11/20 10:41:52.713 Add Basket MarketNo：0 StockIdx：0
[11776] 2025/11/20 10:41:52.713 Divide StockNo {0056}
[11776] 2025/11/20 10:41:52.713 Add Basket MarketNo：0 StockIdx：4
[11776] 2025/11/20 10:41:52.713 Divide StockNo {006205}
[11776] 2025/11/20 10:41:52.713 Add Basket MarketNo：0 StockIdx：9
[11776] 2025/11/20 10:41:52.713 Divide StockNo {006206}
[11776] 2025/11/20 10:41:52.713 Add Basket MarketNo：0 StockIdx：10
[11776] 2025/11/20 10:41:52.713 Divide StockNo {00636}
[11776] 2025/11/20 10:41:52.713 Add Basket MarketNo：0 StockIdx：19
[11776] 2025/11/20 10:41:52.713 Divide StockNo {00639}
[11776] 2025/11/20 10:41:52.713 Add Basket MarketNo：0 StockIdx：23
[11776] 2025/11/20 10:41:52.713 Divide StockNo {00643}
[11776] 2025/11/20 10:41:52.713 Add Basket MarketNo：0 StockIdx：27
[11776] 2025/11/20 10:41:52.713 Divide StockNo {00679B}
[11776] 2025/11/20 10:41:52.713 Add Basket MarketNo：1 StockIdx：1
[11776] 2025/11/20 10:41:52.713 Divide StockNo {00687B}
[11776] 2025/11/20 10:41:52.713 Add Basket MarketNo：1 StockIdx：2
[11776] 2025/11/20 10:41:52.713 Divide StockNo {00719B}
[11776] 2025/11/20 10:41:52.713 Add Basket MarketNo：1 StockIdx：8
[11776] 2025/11/20 10:41:52.713 Divide StockNo {00757}
[11776] 2025/11/20 10:41:52.713 Add Basket MarketNo：0 StockIdx：97
[11776] 2025/11/20 10:41:52.714 Divide StockNo {00772B}
[11776] 2025/11/20 10:41:52.714 Add Basket MarketNo：1 StockIdx：32
[11776] 2025/11/20 10:41:52.714 Divide StockNo {00878}
[11776] 2025/11/20 10:41:52.714 Add Basket MarketNo：0 StockIdx：112
[11776] 2025/11/20 10:41:52.714 Divide StockNo {00885}
[11776] 2025/11/20 10:41:52.714 Add Basket MarketNo：0 StockIdx：115
[11776] 2025/11/20 10:41:52.714 Divide StockNo {00893}
[11776] 2025/11/20 10:41:52.714 Add Basket MarketNo：0 StockIdx：118
[11776] 2025/11/20 10:41:52.714 Divide StockNo {00919}
[11776] 2025/11/20 10:41:52.714 Add Basket MarketNo：0 StockIdx：142
[11776] 2025/11/20 10:41:52.714 Divide StockNo {00923}
[11776] 2025/11/20 10:41:52.714 Add Basket MarketNo：0 StockIdx：146
[11776] 2025/11/20 10:41:52.714 Divide StockNo {00929}
[11776] 2025/11/20 10:41:52.714 Add Basket MarketNo：0 StockIdx：150
[11776] 2025/11/20 10:41:52.714 Divide StockNo {00937B}
[11776] 2025/11/20 10:41:52.714 Add Basket MarketNo：1 StockIdx：82
[11776] 2025/11/20 10:41:52.714 Divide StockNo {00940}
[11776] 2025/11/20 10:41:52.714 Add Basket MarketNo：0 StockIdx：158
[11776] 2025/11/20 10:41:52.714 Divide StockNo {1101}
[11776] 2025/11/20 10:41:52.714 Add Basket MarketNo：0 StockIdx：33628
[11776] 2025/11/20 10:41:52.714 Divide StockNo {1102}
[11776] 2025/11/20 10:41:52.714 Add Basket MarketNo：0 StockIdx：33630
[11776] 2025/11/20 10:41:52.714 Divide StockNo {1210}
[11776] 2025/11/20 10:41:52.714 Add Basket MarketNo：0 StockIdx：33638
[11776] 2025/11/20 10:41:52.714 Divide StockNo {1216}
[11776] 2025/11/20 10:41:52.714 Add Basket MarketNo：0 StockIdx：33641
[11776] 2025/11/20 10:41:52.714 Divide StockNo {1301}
[11776] 2025/11/20 10:41:52.714 Add Basket MarketNo：0 StockIdx：33656
[11776] 2025/11/20 10:41:52.714 Divide StockNo {1303}
[11776] 2025/11/20 10:41:52.714 Add Basket MarketNo：0 StockIdx：33657
[11776] 2025/11/20 10:41:52.714 Divide StockNo {1312}
[11776] 2025/11/20 10:41:52.714 Add Basket MarketNo：0 StockIdx：33664
[11776] 2025/11/20 10:41:52.714 Divide StockNo {1314}
[11776] 2025/11/20 10:41:52.714 Add Basket MarketNo：0 StockIdx：33667
[11776] 2025/11/20 10:41:52.714 Divide StockNo {1319}
[11776] 2025/11/20 10:41:52.714 Add Basket MarketNo：0 StockIdx：33670
[11776] 2025/11/20 10:41:52.714 Divide StockNo {1326}
[11776] 2025/11/20 10:41:52.714 Add Basket MarketNo：0 StockIdx：33675
[11776] 2025/11/20 10:41:52.714 Divide StockNo {1402}
[11776] 2025/11/20 10:41:52.714 Add Basket MarketNo：0 StockIdx：33682
[11776] 2025/11/20 10:41:52.714 Divide StockNo {1440}
[11776] 2025/11/20 10:41:52.714 Add Basket MarketNo：0 StockIdx：33699
[11776] 2025/11/20 10:41:52.714 Divide StockNo {1476}
[11776] 2025/11/20 10:41:52.714 Add Basket MarketNo：0 StockIdx：33729
[11776] 2025/11/20 10:41:52.714 Divide StockNo {1477}
[11776] 2025/11/20 10:41:52.714 Add Basket MarketNo：0 StockIdx：33730
[11776] 2025/11/20 10:41:52.714 Divide StockNo {1503}
[11776] 2025/11/20 10:41:52.714 Add Basket MarketNo：0 StockIdx：33731
[11776] 2025/11/20 10:41:52.714 Divide StockNo {1504}
[11776] 2025/11/20 10:41:52.714 Add Basket MarketNo：0 StockIdx：33732
[11776] 2025/11/20 10:41:52.714 Divide StockNo {1513}
[11776] 2025/11/20 10:41:52.714 Add Basket MarketNo：0 StockIdx：33735
[11776] 2025/11/20 10:41:52.714 Divide StockNo {1536}
[11776] 2025/11/20 10:41:52.714 Add Basket MarketNo：0 StockIdx：33755
[11776] 2025/11/20 10:41:52.714 Divide StockNo {1565}
[11776] 2025/11/20 10:41:52.714 Add Basket MarketNo：1 StockIdx：140
[11776] 2025/11/20 10:41:52.714 Divide StockNo {1590}
[11776] 2025/11/20 10:41:52.715 Add Basket MarketNo：0 StockIdx：33769
[11776] 2025/11/20 10:41:52.715 Divide StockNo {1605}
[11776] 2025/11/20 10:41:52.715 Add Basket MarketNo：0 StockIdx：33774
[11776] 2025/11/20 10:41:52.715 Divide StockNo {1609}
[11776] 2025/11/20 10:41:52.715 Add Basket MarketNo：0 StockIdx：33776
[11776] 2025/11/20 10:41:52.715 Divide StockNo {1707}
[11776] 2025/11/20 10:41:52.715 Add Basket MarketNo：0 StockIdx：33786
[11776] 2025/11/20 10:41:52.715 Divide StockNo {1717}
[11776] 2025/11/20 10:41:52.715 Add Basket MarketNo：0 StockIdx：33794
[11776] 2025/11/20 10:41:52.715 Divide StockNo {1718}
[11776] 2025/11/20 10:41:52.715 Add Basket MarketNo：0 StockIdx：33795
[11776] 2025/11/20 10:41:52.715 Divide StockNo {1722}
[11776] 2025/11/20 10:41:52.715 Add Basket MarketNo：0 StockIdx：33798
[11776] 2025/11/20 10:41:52.715 Divide StockNo {1795}
[11776] 2025/11/20 10:41:52.715 Add Basket MarketNo：0 StockIdx：33819
[11776] 2025/11/20 10:41:52.715 Divide StockNo {1802}
[11776] 2025/11/20 10:41:52.715 Add Basket MarketNo：0 StockIdx：33820
[11776] 2025/11/20 10:41:52.715 Divide StockNo {1904}
[11776] 2025/11/20 10:41:52.715 Add Basket MarketNo：0 StockIdx：33827
[11776] 2025/11/20 10:41:52.715 Divide StockNo {1905}
[11776] 2025/11/20 10:41:52.715 Add Basket MarketNo：0 StockIdx：33828
[11776] 2025/11/20 10:41:52.715 Divide StockNo {1907}
[11776] 2025/11/20 10:41:52.715 Add Basket MarketNo：0 StockIdx：33830
[11776] 2025/11/20 10:41:52.715 Divide StockNo {1909}
[11776] 2025/11/20 10:41:52.715 Add Basket MarketNo：0 StockIdx：33831
[11776] 2025/11/20 10:41:52.715 Divide StockNo {2002}
[11776] 2025/11/20 10:41:52.715 Add Basket MarketNo：0 StockIdx：33832
[11776] 2025/11/20 10:41:52.715 Divide StockNo {2006}
[11776] 2025/11/20 10:41:52.715 Add Basket MarketNo：0 StockIdx：33834
[11776] 2025/11/20 10:41:52.715 Divide StockNo {2014}
[11776] 2025/11/20 10:41:52.715 Add Basket MarketNo：0 StockIdx：33841
[11776] 2025/11/20 10:41:52.715 Divide StockNo {2027}
[11776] 2025/11/20 10:41:52.715 Add Basket MarketNo：0 StockIdx：33849
[11776] 2025/11/20 10:41:52.715 Divide StockNo {2049}
[11776] 2025/11/20 10:41:52.715 Add Basket MarketNo：0 StockIdx：33858
[11776] 2025/11/20 10:41:52.715 Divide StockNo {2059}
[11776] 2025/11/20 10:41:52.715 Add Basket MarketNo：0 StockIdx：33859
[11776] 2025/11/20 10:41:52.715 Divide StockNo {2105}
[11776] 2025/11/20 10:41:52.715 Add Basket MarketNo：0 StockIdx：33866
[11776] 2025/11/20 10:41:52.715 Divide StockNo {2201}
[11776] 2025/11/20 10:41:52.715 Add Basket MarketNo：0 StockIdx：33873
[11776] 2025/11/20 10:41:52.715 Divide StockNo {2231}
[11776] 2025/11/20 10:41:52.715 Add Basket MarketNo：0 StockIdx：33881
[11776] 2025/11/20 10:41:52.715 Divide StockNo {2301}
[11776] 2025/11/20 10:41:52.715 Add Basket MarketNo：0 StockIdx：33892
[11776] 2025/11/20 10:41:52.715 Divide StockNo {2303}
[11776] 2025/11/20 10:41:52.715 Add Basket MarketNo：0 StockIdx：33894
[11776] 2025/11/20 10:41:52.715 Divide StockNo {2308}
[11776] 2025/11/20 10:41:52.715 Add Basket MarketNo：0 StockIdx：33896
[11776] 2025/11/20 10:41:52.715 Divide StockNo {2312}
[11776] 2025/11/20 10:41:52.715 Add Basket MarketNo：0 StockIdx：33897
[11776] 2025/11/20 10:41:52.715 Divide StockNo {2313}
[11776] 2025/11/20 10:41:52.715 Add Basket MarketNo：0 StockIdx：33898
[11776] 2025/11/20 10:41:52.715 Divide StockNo {2317}
[11776] 2025/11/20 10:41:52.715 Add Basket MarketNo：0 StockIdx：33901
[11776] 2025/11/20 10:41:52.715 Divide StockNo {2323}
[11776] 2025/11/20 10:41:52.716 Add Basket MarketNo：0 StockIdx：33903
[11776] 2025/11/20 10:41:52.716 Divide StockNo {2324}
[11776] 2025/11/20 10:41:52.716 Add Basket MarketNo：0 StockIdx：33904
[11776] 2025/11/20 10:41:52.716 Divide StockNo {2327}
[11776] 2025/11/20 10:41:52.716 Add Basket MarketNo：0 StockIdx：33905
[11776] 2025/11/20 10:41:52.716 Divide StockNo {2328}
[11776] 2025/11/20 10:41:52.716 Add Basket MarketNo：0 StockIdx：33906
[11776] 2025/11/20 10:41:52.716 Divide StockNo {2330}
[11776] 2025/11/20 10:41:52.716 Add Basket MarketNo：0 StockIdx：33908
[11776] 2025/11/20 10:41:52.716 Divide StockNo {2331}
[11776] 2025/11/20 10:41:52.716 Add Basket MarketNo：0 StockIdx：33909
[11776] 2025/11/20 10:41:52.716 Divide StockNo {2332}
[11776] 2025/11/20 10:41:52.716 Add Basket MarketNo：0 StockIdx：33910
[11776] 2025/11/20 10:41:52.716 Divide StockNo {2337}
[11776] 2025/11/20 10:41:52.716 Add Basket MarketNo：0 StockIdx：33911
[11776] 2025/11/20 10:41:52.716 Divide StockNo {2338}
[11776] 2025/11/20 10:41:52.716 Add Basket MarketNo：0 StockIdx：33912
[11776] 2025/11/20 10:41:52.716 Divide StockNo {2340}
[11776] 2025/11/20 10:41:52.716 Add Basket MarketNo：0 StockIdx：33913
[11776] 2025/11/20 10:41:52.716 Divide StockNo {2344}
[11776] 2025/11/20 10:41:52.716 Add Basket MarketNo：0 StockIdx：33915
[11776] 2025/11/20 10:41:52.716 Divide StockNo {2345}
[11776] 2025/11/20 10:41:52.716 Add Basket MarketNo：0 StockIdx：33916
[11776] 2025/11/20 10:41:52.716 Divide StockNo {2347}
[11776] 2025/11/20 10:41:52.716 Add Basket MarketNo：0 StockIdx：33917
[11776] 2025/11/20 10:41:52.716 Divide StockNo {2352}
[11776] 2025/11/20 10:41:52.716 Add Basket MarketNo：0 StockIdx：33922
[11776] 2025/11/20 10:41:52.716 Divide StockNo {2353}
[11776] 2025/11/20 10:41:52.716 Add Basket MarketNo：0 StockIdx：33923
[11776] 2025/11/20 10:41:52.716 Divide StockNo {2354}
[11776] 2025/11/20 10:41:52.716 Add Basket MarketNo：0 StockIdx：33924
[11776] 2025/11/20 10:41:52.716 Divide StockNo {2355}
[11776] 2025/11/20 10:41:52.716 Add Basket MarketNo：0 StockIdx：33925
[11776] 2025/11/20 10:41:52.716 Divide StockNo {2356}
[11776] 2025/11/20 10:41:52.716 Add Basket MarketNo：0 StockIdx：33926
[11776] 2025/11/20 10:41:52.716 Divide StockNo {2357}
[11776] 2025/11/20 10:41:52.716 Add Basket MarketNo：0 StockIdx：33927
[11776] 2025/11/20 10:41:52.716 Divide StockNo {2360}
[11776] 2025/11/20 10:41:52.716 Add Basket MarketNo：0 StockIdx：33929
[11776] 2025/11/20 10:41:52.716 Divide StockNo {2368}
[11776] 2025/11/20 10:41:52.716 Add Basket MarketNo：0 StockIdx：33935
[11776] 2025/11/20 10:41:52.716 Divide StockNo {2371}
[11776] 2025/11/20 10:41:52.716 Add Basket MarketNo：0 StockIdx：33937
[11776] 2025/11/20 10:41:52.716 Divide StockNo {2376}
[11776] 2025/11/20 10:41:52.716 Add Basket MarketNo：0 StockIdx：33941
[11776] 2025/11/20 10:41:52.716 Divide StockNo {2377}
[11776] 2025/11/20 10:41:52.716 Add Basket MarketNo：0 StockIdx：33942
[11776] 2025/11/20 10:41:52.716 Divide StockNo {2379}
[11776] 2025/11/20 10:41:52.716 Add Basket MarketNo：0 StockIdx：33943
[11776] 2025/11/20 10:41:52.716 Divide StockNo {2382}
[11776] 2025/11/20 10:41:52.716 Add Basket MarketNo：0 StockIdx：33945
[11776] 2025/11/20 10:41:52.716 Divide StockNo {2383}
[11776] 2025/11/20 10:41:52.716 Add Basket MarketNo：0 StockIdx：33946
[11776] 2025/11/20 10:41:52.716 Divide StockNo {2385}
[11776] 2025/11/20 10:41:52.716 Add Basket MarketNo：0 StockIdx：33947
[11776] 2025/11/20 10:41:52.716 Divide StockNo {2388}
[11776] 2025/11/20 10:41:52.716 Add Basket MarketNo：0 StockIdx：33949
[11776] 2025/11/20 10:41:52.716 Divide StockNo {2392}
[11776] 2025/11/20 10:41:52.716 Add Basket MarketNo：0 StockIdx：33951
[11776] 2025/11/20 10:41:52.716 Divide StockNo {2393}
[11776] 2025/11/20 10:41:52.716 Add Basket MarketNo：0 StockIdx：33952
[11776] 2025/11/20 10:41:52.716 Divide StockNo {2401}
[11776] 2025/11/20 10:41:52.716 Add Basket MarketNo：0 StockIdx：33956
[11776] 2025/11/20 10:41:52.716 Divide StockNo {2404}
[11776] 2025/11/20 10:41:52.716 Add Basket MarketNo：0 StockIdx：33958
[11776] 2025/11/20 10:41:52.716 Divide StockNo {2408}
[11776] 2025/11/20 10:41:52.716 Add Basket MarketNo：0 StockIdx：33961
[11776] 2025/11/20 10:41:52.717 Divide StockNo {2409}
[11776] 2025/11/20 10:41:52.717 Add Basket MarketNo：0 StockIdx：33962
[11776] 2025/11/20 10:41:52.717 Divide StockNo {2412}
[11776] 2025/11/20 10:41:52.717 Add Basket MarketNo：0 StockIdx：33963
[11776] 2025/11/20 10:41:52.717 Divide StockNo {2439}
[11776] 2025/11/20 10:41:52.717 Add Basket MarketNo：0 StockIdx：33985
[11776] 2025/11/20 10:41:52.717 Divide StockNo {2441}
[11776] 2025/11/20 10:41:52.717 Add Basket MarketNo：0 StockIdx：33987
[11776] 2025/11/20 10:41:52.717 Divide StockNo {2449}
[11776] 2025/11/20 10:41:52.717 Add Basket MarketNo：0 StockIdx：33990
[11776] 2025/11/20 10:41:52.717 Divide StockNo {2454}
[11776] 2025/11/20 10:41:52.717 Add Basket MarketNo：0 StockIdx：33994
[11776] 2025/11/20 10:41:52.717 Divide StockNo {2455}
[11776] 2025/11/20 10:41:52.717 Add Basket MarketNo：0 StockIdx：33995
[11776] 2025/11/20 10:41:52.717 Divide StockNo {2457}
[11776] 2025/11/20 10:41:52.717 Add Basket MarketNo：0 StockIdx：33996
[11776] 2025/11/20 10:41:52.717 Divide StockNo {2458}
[11776] 2025/11/20 10:41:52.717 Add Basket MarketNo：0 StockIdx：33997
[11776] 2025/11/20 10:41:52.717 Divide StockNo {2474}
[11776] 2025/11/20 10:41:52.717 Add Basket MarketNo：0 StockIdx：34009
[11776] 2025/11/20 10:41:52.717 Divide StockNo {2481}
[11776] 2025/11/20 10:41:52.717 Add Basket MarketNo：0 StockIdx：34014
[11776] 2025/11/20 10:41:52.717 Divide StockNo {2485}
[11776] 2025/11/20 10:41:52.717 Add Basket MarketNo：0 StockIdx：34018
[11776] 2025/11/20 10:41:52.717 Divide StockNo {2486}
[11776] 2025/11/20 10:41:52.717 Add Basket MarketNo：0 StockIdx：34019
[11776] 2025/11/20 10:41:52.717 Divide StockNo {2489}
[11776] 2025/11/20 10:41:52.717 Add Basket MarketNo：0 StockIdx：34021
[11776] 2025/11/20 10:41:52.717 Divide StockNo {2492}
[11776] 2025/11/20 10:41:52.717 Add Basket MarketNo：0 StockIdx：34023
[11776] 2025/11/20 10:41:52.717 Divide StockNo {2498}
[11776] 2025/11/20 10:41:52.717 Add Basket MarketNo：0 StockIdx：34028
[11776] 2025/11/20 10:41:52.717 Divide StockNo {2515}
[11776] 2025/11/20 10:41:52.717 Add Basket MarketNo：0 StockIdx：34036
[11776] 2025/11/20 10:41:52.717 Divide StockNo {2520}
[11776] 2025/11/20 10:41:52.717 Add Basket MarketNo：0 StockIdx：34038
[11776] 2025/11/20 10:41:52.717 Divide StockNo {2542}
[11776] 2025/11/20 10:41:52.717 Add Basket MarketNo：0 StockIdx：34050
[11776] 2025/11/20 10:41:52.717 Divide StockNo {2548}
[11776] 2025/11/20 10:41:52.717 Add Basket MarketNo：0 StockIdx：34055
[11776] 2025/11/20 10:41:52.717 Divide StockNo {2603}
[11776] 2025/11/20 10:41:52.717 Add Basket MarketNo：0 StockIdx：34058
[11776] 2025/11/20 10:41:52.717 Divide StockNo {2605}
[11776] 2025/11/20 10:41:52.717 Add Basket MarketNo：0 StockIdx：34059
[11776] 2025/11/20 10:41:52.717 Divide StockNo {2606}
[11776] 2025/11/20 10:41:52.717 Add Basket MarketNo：0 StockIdx：34060
[11776] 2025/11/20 10:41:52.717 Divide StockNo {2609}
[11776] 2025/11/20 10:41:52.717 Add Basket MarketNo：0 StockIdx：34063
[11776] 2025/11/20 10:41:52.717 Divide StockNo {2610}
[11776] 2025/11/20 10:41:52.717 Add Basket MarketNo：0 StockIdx：34064
[11776] 2025/11/20 10:41:52.717 Divide StockNo {2615}
[11776] 2025/11/20 10:41:52.717 Add Basket MarketNo：0 StockIdx：34069
[11776] 2025/11/20 10:41:52.717 Divide StockNo {2618}
[11776] 2025/11/20 10:41:52.717 Add Basket MarketNo：0 StockIdx：34072
[11776] 2025/11/20 10:41:52.717 Divide StockNo {2633}
[11776] 2025/11/20 10:41:52.717 Add Basket MarketNo：0 StockIdx：34074
[11776] 2025/11/20 10:41:52.717 Divide StockNo {2634}
[11776] 2025/11/20 10:41:52.717 Add Basket MarketNo：0 StockIdx：34075
[11776] 2025/11/20 10:41:52.717 Divide StockNo {2801}
[11776] 2025/11/20 10:41:52.717 Add Basket MarketNo：0 StockIdx：34096
[11776] 2025/11/20 10:41:52.717 Divide StockNo {2834}
[11776] 2025/11/20 10:41:52.717 Add Basket MarketNo：0 StockIdx：34101
[11776] 2025/11/20 10:41:52.717 Divide StockNo {2880}
[11776] 2025/11/20 10:41:52.717 Add Basket MarketNo：0 StockIdx：34113
[11776] 2025/11/20 10:41:52.717 Divide StockNo {2881}
[11776] 2025/11/20 10:41:52.718 Add Basket MarketNo：0 StockIdx：34114
[11776] 2025/11/20 10:41:52.718 Divide StockNo {2882}
[11776] 2025/11/20 10:41:52.718 Add Basket MarketNo：0 StockIdx：34118
[11776] 2025/11/20 10:41:52.718 Divide StockNo {2883}
[11776] 2025/11/20 10:41:52.718 Add Basket MarketNo：0 StockIdx：34121
[11776] 2025/11/20 10:41:52.718 Divide StockNo {2884}
[11776] 2025/11/20 10:41:52.718 Add Basket MarketNo：0 StockIdx：34123
[11776] 2025/11/20 10:41:52.718 Divide StockNo {2885}
[11776] 2025/11/20 10:41:52.718 Add Basket MarketNo：0 StockIdx：34124
[11776] 2025/11/20 10:41:52.718 Divide StockNo {2886}
[11776] 2025/11/20 10:41:52.718 Add Basket MarketNo：0 StockIdx：34125
[11776] 2025/11/20 10:41:52.718 Divide StockNo {2887}
[11776] 2025/11/20 10:41:52.718 Add Basket MarketNo：0 StockIdx：34126
[11776] 2025/11/20 10:41:52.718 Divide StockNo {2888}
[11776] 2025/11/20 10:41:52.718 Stock Is Not Exist 
[11776] 2025/11/20 10:41:52.718 Divide StockNo {2890}
[11776] 2025/11/20 10:41:52.718 Add Basket MarketNo：0 StockIdx：34134
[11776] 2025/11/20 10:41:52.718 Divide StockNo {2891}
[11776] 2025/11/20 10:41:52.718 Add Basket MarketNo：0 StockIdx：34135
[11776] 2025/11/20 10:41:52.718 Divide StockNo {2892}
[11776] 2025/11/20 10:41:52.718 Add Basket MarketNo：0 StockIdx：34138
[11776] 2025/11/20 10:41:52.718 Divide StockNo {2913}
[11776] 2025/11/20 10:41:52.718 Add Basket MarketNo：0 StockIdx：34150
[11776] 2025/11/20 10:41:52.718 Divide StockNo {2915}
[11776] 2025/11/20 10:41:52.718 Add Basket MarketNo：0 StockIdx：34151
[11776] 2025/11/20 10:41:52.718 Divide StockNo {3005}
[11776] 2025/11/20 10:41:52.718 Add Basket MarketNo：0 StockIdx：34159
[11776] 2025/11/20 10:41:52.718 Divide StockNo {3006}
[11776] 2025/11/20 10:41:52.718 Add Basket MarketNo：0 StockIdx：34160
[11776] 2025/11/20 10:41:52.718 Divide StockNo {3008}
[11776] 2025/11/20 10:41:52.718 Add Basket MarketNo：0 StockIdx：34161
[11776] 2025/11/20 10:41:52.718 Divide StockNo {3017}
[11776] 2025/11/20 10:41:52.718 Add Basket MarketNo：0 StockIdx：34168
[11776] 2025/11/20 10:41:52.718 Divide StockNo {3019}
[11776] 2025/11/20 10:41:52.718 Add Basket MarketNo：0 StockIdx：34170
[11776] 2025/11/20 10:41:52.718 Divide StockNo {3034}
[11776] 2025/11/20 10:41:52.718 Add Basket MarketNo：0 StockIdx：34184
[11776] 2025/11/20 10:41:52.718 Divide StockNo {3035}
[11776] 2025/11/20 10:41:52.718 Add Basket MarketNo：0 StockIdx：34185
[11776] 2025/11/20 10:41:52.718 Divide StockNo {3036}
[11776] 2025/11/20 10:41:52.718 Add Basket MarketNo：0 StockIdx：34186
[11776] 2025/11/20 10:41:52.718 Divide StockNo {3037}
[11776] 2025/11/20 10:41:52.718 Add Basket MarketNo：0 StockIdx：34188
[11776] 2025/11/20 10:41:52.718 Divide StockNo {3042}
[11776] 2025/11/20 10:41:52.718 Add Basket MarketNo：0 StockIdx：34192
[11776] 2025/11/20 10:41:52.718 Divide StockNo {3044}
[11776] 2025/11/20 10:41:52.718 Add Basket MarketNo：0 StockIdx：34194
[11776] 2025/11/20 10:41:52.718 Divide StockNo {3045}
[11776] 2025/11/20 10:41:52.718 Add Basket MarketNo：0 StockIdx：34195
[11776] 2025/11/20 10:41:52.718 Divide StockNo {3078}
[11776] 2025/11/20 10:41:52.718 Add Basket MarketNo：1 StockIdx：270
[11776] 2025/11/20 10:41:52.718 Divide StockNo {3081}
[11776] 2025/11/20 10:41:52.718 Add Basket MarketNo：1 StockIdx：271
[11776] 2025/11/20 10:41:52.718 Divide StockNo {3105}
[11776] 2025/11/20 10:41:52.718 Add Basket MarketNo：1 StockIdx：281
[11776] 2025/11/20 10:41:52.718 Divide StockNo {3152}
[11776] 2025/11/20 10:41:52.718 Add Basket MarketNo：1 StockIdx：296
[11776] 2025/11/20 10:41:52.718 Divide StockNo {3189}
[11776] 2025/11/20 10:41:52.718 Add Basket MarketNo：0 StockIdx：34222
[11776] 2025/11/20 10:41:52.718 Divide StockNo {3227}
[11776] 2025/11/20 10:41:52.718 Add Basket MarketNo：1 StockIdx：320
[11776] 2025/11/20 10:41:52.718 Divide StockNo {3231}
[11776] 2025/11/20 10:41:52.718 Add Basket MarketNo：0 StockIdx：34225
[11776] 2025/11/20 10:41:52.718 Divide StockNo {3260}
[11776] 2025/11/20 10:41:52.718 Add Basket MarketNo：1 StockIdx：329
[11776] 2025/11/20 10:41:52.718 Divide StockNo {3264}
[11776] 2025/11/20 10:41:52.718 Add Basket MarketNo：1 StockIdx：330
[11776] 2025/11/20 10:41:52.718 Divide StockNo {3293}
[11776] 2025/11/20 10:41:52.719 Add Basket MarketNo：1 StockIdx：343
[11776] 2025/11/20 10:41:52.719 Divide StockNo {3324}
[11776] 2025/11/20 10:41:52.719 Add Basket MarketNo：1 StockIdx：359
[11776] 2025/11/20 10:41:52.719 Divide StockNo {3374}
[11776] 2025/11/20 10:41:52.719 Add Basket MarketNo：1 StockIdx：376
[11776] 2025/11/20 10:41:52.719 Divide StockNo {3376}
[11776] 2025/11/20 10:41:52.719 Add Basket MarketNo：0 StockIdx：34237
[11776] 2025/11/20 10:41:52.719 Divide StockNo {3380}
[11776] 2025/11/20 10:41:52.719 Add Basket MarketNo：0 StockIdx：34238
[11776] 2025/11/20 10:41:52.719 Divide StockNo {3406}
[11776] 2025/11/20 10:41:52.719 Add Basket MarketNo：0 StockIdx：34239
[11776] 2025/11/20 10:41:52.719 Divide StockNo {3443}
[11776] 2025/11/20 10:41:52.719 Add Basket MarketNo：0 StockIdx：34245
[11776] 2025/11/20 10:41:52.719 Divide StockNo {3481}
[11776] 2025/11/20 10:41:52.719 Add Basket MarketNo：0 StockIdx：34249
[11776] 2025/11/20 10:41:52.719 Divide StockNo {3529}
[11776] 2025/11/20 10:41:52.719 Add Basket MarketNo：1 StockIdx：424
[11776] 2025/11/20 10:41:52.719 Divide StockNo {3532}
[11776] 2025/11/20 10:41:52.719 Add Basket MarketNo：0 StockIdx：34257
[11776] 2025/11/20 10:41:52.719 Divide StockNo {3533}
[11776] 2025/11/20 10:41:52.719 Add Basket MarketNo：0 StockIdx：34258
[11776] 2025/11/20 10:41:52.719 Divide StockNo {3552}
[11776] 2025/11/20 10:41:52.719 Add Basket MarketNo：1 StockIdx：435
[11776] 2025/11/20 10:41:52.719 Divide StockNo {3653}
[11776] 2025/11/20 10:41:52.719 Add Basket MarketNo：0 StockIdx：34278
[11776] 2025/11/20 10:41:52.719 Divide StockNo {3661}
[11776] 2025/11/20 10:41:52.719 Add Basket MarketNo：0 StockIdx：34279
[11776] 2025/11/20 10:41:52.719 Divide StockNo {3673}
[11776] 2025/11/20 10:41:52.719 Add Basket MarketNo：0 StockIdx：34282
[11776] 2025/11/20 10:41:52.719 Divide StockNo {3680}
[11776] 2025/11/20 10:41:52.719 Add Basket MarketNo：1 StockIdx：474
[11776] 2025/11/20 10:41:52.719 Divide StockNo {3691}
[11776] 2025/11/20 10:41:52.719 Add Basket MarketNo：1 StockIdx：484
[11776] 2025/11/20 10:41:52.719 Divide StockNo {3702}
[11776] 2025/11/20 10:41:52.719 Add Basket MarketNo：0 StockIdx：34287
[11776] 2025/11/20 10:41:52.719 Divide StockNo {3706}
[11776] 2025/11/20 10:41:52.719 Add Basket MarketNo：0 StockIdx：34291
[11776] 2025/11/20 10:41:52.719 Divide StockNo {3711}
[11776] 2025/11/20 10:41:52.719 Add Basket MarketNo：0 StockIdx：34293
[11776] 2025/11/20 10:41:52.719 Divide StockNo {3714}
[11776] 2025/11/20 10:41:52.719 Add Basket MarketNo：0 StockIdx：34295
[11776] 2025/11/20 10:41:52.719 Divide StockNo {4123}
[11776] 2025/11/20 10:41:52.719 Add Basket MarketNo：1 StockIdx：509
[11776] 2025/11/20 10:41:52.719 Divide StockNo {4128}
[11776] 2025/11/20 10:41:52.719 Add Basket MarketNo：1 StockIdx：514
[11776] 2025/11/20 10:41:52.719 Divide StockNo {4162}
[11776] 2025/11/20 10:41:52.719 Add Basket MarketNo：1 StockIdx：528
[11776] 2025/11/20 10:41:52.719 Divide StockNo {4736}
[11776] 2025/11/20 10:41:52.719 Add Basket MarketNo：0 StockIdx：34340
[11776] 2025/11/20 10:41:52.719 Divide StockNo {4743}
[11776] 2025/11/20 10:41:52.719 Add Basket MarketNo：1 StockIdx：619
[11776] 2025/11/20 10:41:52.719 Divide StockNo {4904}
[11776] 2025/11/20 10:41:52.719 Add Basket MarketNo：0 StockIdx：34351
[11776] 2025/11/20 10:41:52.719 Divide StockNo {4919}
[11776] 2025/11/20 10:41:52.719 Add Basket MarketNo：0 StockIdx：34356
[11776] 2025/11/20 10:41:52.719 Divide StockNo {4938}
[11776] 2025/11/20 10:41:52.719 Add Basket MarketNo：0 StockIdx：34361
[11776] 2025/11/20 10:41:52.719 Divide StockNo {4958}
[11776] 2025/11/20 10:41:52.720 Add Basket MarketNo：0 StockIdx：34367
[11776] 2025/11/20 10:41:52.720 Divide StockNo {5009}
[11776] 2025/11/20 10:41:52.720 Add Basket MarketNo：1 StockIdx：661
[11776] 2025/11/20 10:41:52.720 Divide StockNo {5269}
[11776] 2025/11/20 10:41:52.720 Add Basket MarketNo：0 StockIdx：34386
[11776] 2025/11/20 10:41:52.720 Divide StockNo {5274}
[11776] 2025/11/20 10:41:52.720 Add Basket MarketNo：1 StockIdx：695
[11776] 2025/11/20 10:41:52.720 Divide StockNo {5347}
[11776] 2025/11/20 10:41:52.720 Add Basket MarketNo：1 StockIdx：718
[11776] 2025/11/20 10:41:52.720 Divide StockNo {5371}
[11776] 2025/11/20 10:41:52.720 Add Basket MarketNo：1 StockIdx：725
[11776] 2025/11/20 10:41:52.720 Divide StockNo {5388}
[11776] 2025/11/20 10:41:52.720 Add Basket MarketNo：0 StockIdx：34393
[11776] 2025/11/20 10:41:52.720 Divide StockNo {5425}
[11776] 2025/11/20 10:41:52.720 Add Basket MarketNo：1 StockIdx：733
[11776] 2025/11/20 10:41:52.720 Divide StockNo {5457}
[11776] 2025/11/20 10:41:52.720 Add Basket MarketNo：1 StockIdx：745
[11776] 2025/11/20 10:41:52.720 Divide StockNo {5483}
[11776] 2025/11/20 10:41:52.720 Add Basket MarketNo：1 StockIdx：755
[11776] 2025/11/20 10:41:52.720 Divide StockNo {5534}
[11776] 2025/11/20 10:41:52.720 Add Basket MarketNo：0 StockIdx：34405
[11776] 2025/11/20 10:41:52.720 Divide StockNo {5871}
[11776] 2025/11/20 10:41:52.720 Add Basket MarketNo：0 StockIdx：34411
[11776] 2025/11/20 10:41:52.720 Divide StockNo {5876}
[11776] 2025/11/20 10:41:52.720 Add Basket MarketNo：0 StockIdx：34413
[11776] 2025/11/20 10:41:52.720 Divide StockNo {5880}
[11776] 2025/11/20 10:41:52.720 Add Basket MarketNo：0 StockIdx：34414
[11776] 2025/11/20 10:41:52.720 Divide StockNo {5904}
[11776] 2025/11/20 10:41:52.720 Add Basket MarketNo：1 StockIdx：789
[11776] 2025/11/20 10:41:52.720 Divide StockNo {6005}
[11776] 2025/11/20 10:41:52.720 Add Basket MarketNo：0 StockIdx：34417
[11776] 2025/11/20 10:41:52.720 Divide StockNo {6116}
[11776] 2025/11/20 10:41:52.720 Add Basket MarketNo：0 StockIdx：34422
[11776] 2025/11/20 10:41:52.720 Divide StockNo {6121}
[11776] 2025/11/20 10:41:52.720 Add Basket MarketNo：1 StockIdx：812
[11776] 2025/11/20 10:41:52.720 Divide StockNo {6139}
[11776] 2025/11/20 10:41:52.720 Add Basket MarketNo：0 StockIdx：34428
[11776] 2025/11/20 10:41:52.720 Divide StockNo {6147}
[11776] 2025/11/20 10:41:52.720 Add Basket MarketNo：1 StockIdx：830
[11776] 2025/11/20 10:41:52.720 Divide StockNo {6153}
[11776] 2025/11/20 10:41:52.720 Add Basket MarketNo：0 StockIdx：34432
[11776] 2025/11/20 10:41:52.720 Divide StockNo {6173}
[11776] 2025/11/20 10:41:52.720 Add Basket MarketNo：1 StockIdx：847
[11776] 2025/11/20 10:41:52.720 Divide StockNo {6176}
[11776] 2025/11/20 10:41:52.720 Add Basket MarketNo：0 StockIdx：34438
[11776] 2025/11/20 10:41:52.720 Divide StockNo {6182}
[11776] 2025/11/20 10:41:52.720 Add Basket MarketNo：1 StockIdx：855
[11776] 2025/11/20 10:41:52.720 Divide StockNo {6188}
[11776] 2025/11/20 10:41:52.720 Add Basket MarketNo：1 StockIdx：863
[11776] 2025/11/20 10:41:52.720 Divide StockNo {6213}
[11776] 2025/11/20 10:41:52.720 Add Basket MarketNo：0 StockIdx：34452
[11776] 2025/11/20 10:41:52.720 Divide StockNo {6223}
[11776] 2025/11/20 10:41:52.720 Add Basket MarketNo：1 StockIdx：889
[11776] 2025/11/20 10:41:52.720 Divide StockNo {6239}
[11776] 2025/11/20 10:41:52.720 Add Basket MarketNo：0 StockIdx：34461
[11776] 2025/11/20 10:41:52.720 Divide StockNo {6245}
[11776] 2025/11/20 10:41:52.720 Add Basket MarketNo：1 StockIdx：904
[11776] 2025/11/20 10:41:52.720 Divide StockNo {6257}
[11776] 2025/11/20 10:41:52.720 Add Basket MarketNo：0 StockIdx：34463
[11776] 2025/11/20 10:41:52.720 Divide StockNo {6269}
[11776] 2025/11/20 10:41:52.720 Add Basket MarketNo：0 StockIdx：34464
[11776] 2025/11/20 10:41:52.720 Divide StockNo {6271}
[11776] 2025/11/20 10:41:52.720 Add Basket MarketNo：0 StockIdx：34465
[11776] 2025/11/20 10:41:52.720 Divide StockNo {6274}
[11776] 2025/11/20 10:41:52.720 Add Basket MarketNo：1 StockIdx：916
[11776] 2025/11/20 10:41:52.720 Divide StockNo {6278}
[11776] 2025/11/20 10:41:52.720 Add Basket MarketNo：0 StockIdx：34467
[11776] 2025/11/20 10:41:52.720 Divide StockNo {6279}
[11776] 2025/11/20 10:41:52.720 Add Basket MarketNo：1 StockIdx：921
[11776] 2025/11/20 10:41:52.721 Divide StockNo {6282}
[11776] 2025/11/20 10:41:52.721 Add Basket MarketNo：0 StockIdx：34469
[11776] 2025/11/20 10:41:52.721 Divide StockNo {6285}
[11776] 2025/11/20 10:41:52.721 Add Basket MarketNo：0 StockIdx：34471
[11776] 2025/11/20 10:41:52.721 Divide StockNo {6414}
[11776] 2025/11/20 10:41:52.721 Add Basket MarketNo：0 StockIdx：34475
[11776] 2025/11/20 10:41:52.721 Divide StockNo {6443}
[11776] 2025/11/20 10:41:52.721 Add Basket MarketNo：0 StockIdx：34483
[11776] 2025/11/20 10:41:52.721 Divide StockNo {6472}
[11776] 2025/11/20 10:41:52.721 Add Basket MarketNo：0 StockIdx：34489
[11776] 2025/11/20 10:41:52.721 Divide StockNo {6488}
[11776] 2025/11/20 10:41:52.721 Add Basket MarketNo：1 StockIdx：956
[11776] 2025/11/20 10:41:52.721 Divide StockNo {6505}
[11776] 2025/11/20 10:41:52.721 Add Basket MarketNo：0 StockIdx：34493
[11776] 2025/11/20 10:41:52.721 Divide StockNo {6510}
[11776] 2025/11/20 10:41:52.721 Add Basket MarketNo：1 StockIdx：966
[11776] 2025/11/20 10:41:52.721 Divide StockNo {6526}
[11776] 2025/11/20 10:41:52.721 Add Basket MarketNo：0 StockIdx：34496
[11776] 2025/11/20 10:41:52.721 Divide StockNo {6547}
[11776] 2025/11/20 10:41:52.721 Add Basket MarketNo：1 StockIdx：981
[11776] 2025/11/20 10:41:52.721 Divide StockNo {6669}
[11776] 2025/11/20 10:41:52.721 Add Basket MarketNo：0 StockIdx：34525
[11776] 2025/11/20 10:41:52.721 Divide StockNo {6757}
[11776] 2025/11/20 10:41:52.721 Add Basket MarketNo：0 StockIdx：34542
[11776] 2025/11/20 10:41:52.721 Divide StockNo {6770}
[11776] 2025/11/20 10:41:52.721 Add Basket MarketNo：0 StockIdx：34544
[11776] 2025/11/20 10:41:52.721 Divide StockNo {8039}
[11776] 2025/11/20 10:41:52.721 Add Basket MarketNo：0 StockIdx：34621
[11776] 2025/11/20 10:41:52.721 Divide StockNo {8044}
[11776] 2025/11/20 10:41:52.721 Add Basket MarketNo：1 StockIdx：12473
[11776] 2025/11/20 10:41:52.721 Divide StockNo {8046}
[11776] 2025/11/20 10:41:52.721 Add Basket MarketNo：0 StockIdx：34623
[11776] 2025/11/20 10:41:52.721 Divide StockNo {8069}
[11776] 2025/11/20 10:41:52.721 Add Basket MarketNo：1 StockIdx：12485
[11776] 2025/11/20 10:41:52.721 Divide StockNo {8086}
[11776] 2025/11/20 10:41:52.721 Add Basket MarketNo：1 StockIdx：12494
[11776] 2025/11/20 10:41:52.721 Divide StockNo {8112}
[11776] 2025/11/20 10:41:52.721 Add Basket MarketNo：0 StockIdx：34632
[11776] 2025/11/20 10:41:52.721 Divide StockNo {8150}
[11776] 2025/11/20 10:41:52.721 Add Basket MarketNo：0 StockIdx：34636
[11776] 2025/11/20 10:41:52.721 Divide StockNo {8163}
[11776] 2025/11/20 10:41:52.721 Add Basket MarketNo：0 StockIdx：34638
[11776] 2025/11/20 10:41:52.721 Divide StockNo {8299}
[11776] 2025/11/20 10:41:52.721 Add Basket MarketNo：1 StockIdx：12533
[11776] 2025/11/20 10:41:52.721 Divide StockNo {8358}
[11776] 2025/11/20 10:41:52.721 Add Basket MarketNo：1 StockIdx：12539
[11776] 2025/11/20 10:41:52.721 Divide StockNo {8436}
[11776] 2025/11/20 10:41:52.721 Add Basket MarketNo：1 StockIdx：12564
[11776] 2025/11/20 10:41:52.721 Divide StockNo {8454}
[11776] 2025/11/20 10:41:52.721 Add Basket MarketNo：0 StockIdx：34657
[11776] 2025/11/20 10:41:52.721 Divide StockNo {9904}
[11776] 2025/11/20 10:41:52.721 Add Basket MarketNo：0 StockIdx：34686
[11776] 2025/11/20 10:41:52.721 Divide StockNo {9914}
[11776] 2025/11/20 10:41:52.721 Add Basket MarketNo：0 StockIdx：34694
[11776] 2025/11/20 10:41:52.721 Divide StockNo {9938}
[11776] 2025/11/20 10:41:52.721 Add Basket MarketNo：0 StockIdx：34710
[11776] 2025/11/20 10:41:52.721 Divide StockNo {9939}
[11776] 2025/11/20 10:41:52.721 Add Basket MarketNo：0 StockIdx：34711
[11776] 2025/11/20 10:41:52.721 Divide StockNo {9945}
[11776] 2025/11/20 10:41:52.721 Add Basket MarketNo：0 StockIdx：34718
[11776] 2025/11/20 10:41:52.721 Divide StockNo {9958}
[11776] 2025/11/20 10:41:52.721 Add Basket MarketNo：0 StockIdx：34721
[11776] 2025/11/20 10:41:52.721 Divide StockNo {TSE}
[11776] 2025/11/20 10:41:52.721 Stock Is Not Exist 
[11776] 2025/11/20 10:41:52.721 Divide StockNo {TSE23}
[11776] 2025/11/20 10:41:52.721 Add Basket MarketNo：0 StockIdx：35038
[11776] 2025/11/20 10:41:52.721 Divide StockNo {TSE28}
[11776] 2025/11/20 10:41:52.722 Add Basket MarketNo：0 StockIdx：35043
[11776] 2025/11/20 10:41:52.722 Divide StockNo {TWMC}
[11776] 2025/11/20 10:41:52.722 Stock Is Not Exist 
[11776] 2025/11/20 10:41:52.722 Return PageNo： 1 
[24652] 2025/11/20 10:43:51.304 Precheck/DistributedServer Query result is 000,分配成功
[24652] 2025/11/20 10:43:51.304 >> Host srvsolace-tp2.capital.com.tw
[24652] 2025/11/20 10:43:51.308 SKQuoteLib_EnterMonitor IP：srvsolace-tp2.capital.com.tw
[24652] 2025/11/20 10:43:51.585 OnSessionConnect，Code: 3001, Error Code:0.
[24652] 2025/11/20 10:43:51.619 SKQuoteLib_EnterMonitorLONG starting
[24652] 2025/11/20 10:43:51.620 OnConnection ( 3001 , 0 ) 
[24652] 2025/11/20 10:43:52.800 Market Info is OK!
[24652] 2025/11/20 10:43:53.007 Catalog info is OK!
[24652] 2025/11/20 10:43:56.865 Solace RequestInitializeData (TO_S_19,S_1F)
[24652] 2025/11/20 10:43:56.866 Solace RequestInitializeData (TO_S_19,S_1F)
[24652] 2025/11/20 10:43:56.868 OnConnection ( 3003 , 0 ) 
[24652] 2025/11/20 10:43:58.641 SKQuoteLib_RequestStocks (1 , CAF00, CBF00, CCF00, CDF00, CEF00, CFF00, CGF00, CHF00, CJF00, CKF00, CLF00, CMF00, CNF00, CQF00, CRF00, CSF00, CUF00, CWF00, CXF00, CYF00, CZF00, DAF00, DBF00, DCF00, DEF00, DFF00, DGF00, DHF00, DIF00, DJF00, DKF00, DLF00, DNF00, DOF00, DPF00, DQF00, DSF00, DVF00, DWF00, DXF00, DYF00, DZF00, EEF00, EGF00, EHF00, EKF00, EMF00, EPF00, EYF00, EZF00, FBF00, FCF00, FEF00, FFF00, FGF00, FKF00, FNF00, FQF00, FRF00, FSF00, FTF00, FVF00, FWF00, FYF00, FZF00, GAF00, GCF00, GHF00, GIF00, GJF00, GKF00, GLF00, GMF00, GNF00, GOF00, GRF00, GUF00, GVF00, GWF00, GXF00, GYF00, GZF00, HAF00, HBF00, HCF00, HHF00, HIF00, HLF00, HOF00, HQF00, HSF00, IAF00, IHF00, IIF00, IJF00, IMF00, IOF00, IPF00, IQF00, IRF00, ITF00, IXF00, IYF00, IZF00, JBF00, JFF00, JMF00, JNF00, JPF00, JSF00, JWF00, JXF00, JZF00, KAF00, KBF00, KCF00, KDF00, KEF00, KFF00, KGF00, KIF00, KKF00, KLF00, KOF00, KPF00, KSF00, KUF00, KWF00, LBF00, LCF00, LEF00, LIF00, LMF00, LOF00, LQF00, LRF00, LTF00, LUF00, LVF00, LWF00, LXF00, LYF00, MAF00, MBF00, MJF00, MKF00, MQF00, MVF00, MYF00, NAF00, NBF00, NDF00, NEF00, NGF00, NIF00, NJF00, NLF00, NMF00, NOF00, NQF00, NSF00, NUF00, NVF00, NWF00, NYF00, OAF00, OBF00, ODF00, OEF00, OHF00, OJF00, OKF00, OLF00, OMF00, OOF00, OPF00, OQF00, ORF00, OSF00, OTF00, OUF00, OVF00, OWF00, OXF00, OYF00, OZF00, PAF00, PBF00, PCF00, PDF00, PEF00, PFF00, PGF00, PHF00, PIF00, PJF00, PKF00, PLF00, PMF00, PNF00, PPF00, PQF00, PRF00, PSF00, PTF00, PUF00, PVF00, PWF00, PXF00, PYF00, PZF00, QAF00, QBF00, QCF00, QDF00, QEF00, QFF00, QGF00, QHF00, QIF00, QJF00, QKF00, QLF00, QMF00, QNF00, QOF00, QPF00, QQF00, QRF00, QSF00, QTF00, QUF00, QVF00, QWF00, QXF00, QYF00, QZF00, RAF00, RBF00, RCF00, RDF00, REF00, RFF00, RGF00, RIF00, RJF00, RKF00, RLF00, RMF00, RNF00, ROF00, RPF00, RQF00, RRF00, RSF00, RUF00, RVF00, RWF00, RXF00, RYF00, RZF00, SAF00, SBF00, SCF00, SDF00, SEF00, SFF00, SGF00, SIF00, SJF00, SKF00, SLF00, SMF00, SNF00, SQF00, SRF00, SSF00, SUF00, SVF00, SWF00, SYF00, SZF00, UAF00, UBF00, UCF00, UEF00, UFF00, UGF00, UHF00, UIF00, UJF00, UKF00, ULF00, UMF00, UOF00, UPF00, UQF00, URF00, USF00, UTF00, UUF00, UVF00, UWF00, 0050, 0056, 006205, 006206, 00636, 00639, 00643, 00679B, 00687B, 00719B, 00757, 00772B, 00878, 00885, 00893, 00919, 00923, 00929, 00937B, 00940, 1101, 1102, 1210, 1216, 1301, 1303, 1312, 1314, 1319, 1326, 1402, 1440, 1476, 1477, 1503, 1504, 1513, 1536, 1565, 1590, 1605, 1609, 1707, 1717, 1718, 1722, 1795, 1802, 1904, 1905, 1907, 1909, 2002, 2006, 2014, 2027, 2049, 2059, 2105, 2201, 2231, 2301, 2303, 2308, 2312, 2313, 2317, 2323, 2324, 2327, 2328, 2330, 2331, 2332, 2337, 2338, 2340, 2344, 2345, 2347, 2352, 2353, 2354, 2355, 2356, 2357, 2360, 2368, 2371, 2376, 2377, 2379, 2382, 2383, 2385, 2388, 2392, 2393, 2401, 2404, 2408, 2409, 2412, 2439, 2441, 2449, 2454, 2455, 2457, 2458, 2474, 2481, 2485, 2486, 2489, 2492, 2498, 2515, 2520, 2542, 2548, 2603, 2605, 2606, 2609, 2610, 2615, 2618, 2633, 2634, 2801, 2834, 2880, 2881, 2882, 2883, 2884, 2885, 2886, 2887, 2888, 2890, 2891, 2892, 2913, 2915, 3005, 3006, 3008, 3017, 3019, 3034, 3035, 3036, 3037, 3042, 3044, 3045, 3078, 3081, 3105, 3152, 3189, 3227, 3231, 3260, 3264, 3293, 3324, 3374, 3376, 3380, 3406, 3443, 3481, 3529, 3532, 3533, 3552, 3653, 3661, 3673, 3680, 3691, 3702, 3706, 3711, 3714, 4123, 4128, 4162, 4736, 4743, 4904, 4919, 4938, 4958, 5009, 5269, 5274, 5347, 5371, 5388, 5425, 5457, 5483, 5534, 5871, 5876, 5880, 5904, 6005, 6116, 6121, 6139, 6147, 6153, 6173, 6176, 6182, 6188, 6213, 6223, 6239, 6245, 6257, 6269, 6271, 6274, 6278, 6279, 6282, 6285, 6414, 6443, 6472, 6488, 6505, 6510, 6526, 6547, 6669, 6757, 6770, 8039, 8044, 8046, 8069, 8086, 8112, 8150, 8163, 8299, 8358, 8436, 8454, 9904, 9914, 9938, 9939, 9945, 9958, TSE, TSE23, TSE28, TWMC)
[24652] 2025/11/20 10:43:58.645 Divide StockNo {CAF00}
[24652] 2025/11/20 10:43:58.645 Add Basket MarketNo：2 StockIdx：704
[24652] 2025/11/20 10:43:58.645 Divide StockNo {CBF00}
[24652] 2025/11/20 10:43:58.645 Add Basket MarketNo：2 StockIdx：710
[24652] 2025/11/20 10:43:58.645 Divide StockNo {CCF00}
[24652] 2025/11/20 10:43:58.645 Add Basket MarketNo：2 StockIdx：120
[24652] 2025/11/20 10:43:58.645 Divide StockNo {CDF00}
[24652] 2025/11/20 10:43:58.645 Add Basket MarketNo：2 StockIdx：126
[24652] 2025/11/20 10:43:58.645 Divide StockNo {CEF00}
[24652] 2025/11/20 10:43:58.645 Add Basket MarketNo：2 StockIdx：728
[24652] 2025/11/20 10:43:58.645 Divide StockNo {CFF00}
[24652] 2025/11/20 10:43:58.645 Add Basket MarketNo：2 StockIdx：736
[24652] 2025/11/20 10:43:58.645 Divide StockNo {CGF00}
[24652] 2025/11/20 10:43:58.645 Add Basket MarketNo：2 StockIdx：742
[24652] 2025/11/20 10:43:58.645 Divide StockNo {CHF00}
[24652] 2025/11/20 10:43:58.645 Add Basket MarketNo：2 StockIdx：748
[24652] 2025/11/20 10:43:58.645 Divide StockNo {CJF00}
[24652] 2025/11/20 10:43:58.645 Add Basket MarketNo：2 StockIdx：754
[24652] 2025/11/20 10:43:58.645 Divide StockNo {CKF00}
[24652] 2025/11/20 10:43:58.645 Add Basket MarketNo：2 StockIdx：760
[24652] 2025/11/20 10:43:58.645 Divide StockNo {CLF00}
[24652] 2025/11/20 10:43:58.645 Add Basket MarketNo：2 StockIdx：766
[24652] 2025/11/20 10:43:58.645 Divide StockNo {CMF00}
[24652] 2025/11/20 10:43:58.645 Add Basket MarketNo：2 StockIdx：772
[24652] 2025/11/20 10:43:58.645 Divide StockNo {CNF00}
[24652] 2025/11/20 10:43:58.645 Add Basket MarketNo：2 StockIdx：778
[24652] 2025/11/20 10:43:58.645 Divide StockNo {CQF00}
[24652] 2025/11/20 10:43:58.645 Add Basket MarketNo：2 StockIdx：784
[24652] 2025/11/20 10:43:58.645 Divide StockNo {CRF00}
[24652] 2025/11/20 10:43:58.645 Add Basket MarketNo：2 StockIdx：790
[24652] 2025/11/20 10:43:58.645 Divide StockNo {CSF00}
[24652] 2025/11/20 10:43:58.645 Add Basket MarketNo：2 StockIdx：796
[24652] 2025/11/20 10:43:58.645 Divide StockNo {CUF00}
[24652] 2025/11/20 10:43:58.645 Add Basket MarketNo：2 StockIdx：802
[24652] 2025/11/20 10:43:58.645 Divide StockNo {CWF00}
[24652] 2025/11/20 10:43:58.645 Add Basket MarketNo：2 StockIdx：808
[24652] 2025/11/20 10:43:58.645 Divide StockNo {CXF00}
[24652] 2025/11/20 10:43:58.645 Add Basket MarketNo：2 StockIdx：816
[24652] 2025/11/20 10:43:58.645 Divide StockNo {CYF00}
[24652] 2025/11/20 10:43:58.645 Add Basket MarketNo：2 StockIdx：822
[24652] 2025/11/20 10:43:58.645 Divide StockNo {CZF00}
[24652] 2025/11/20 10:43:58.645 Add Basket MarketNo：2 StockIdx：828
[24652] 2025/11/20 10:43:58.646 Divide StockNo {DAF00}
[24652] 2025/11/20 10:43:58.646 Add Basket MarketNo：2 StockIdx：834
[24652] 2025/11/20 10:43:58.646 Divide StockNo {DBF00}
[24652] 2025/11/20 10:43:58.646 Add Basket MarketNo：2 StockIdx：840
[24652] 2025/11/20 10:43:58.646 Divide StockNo {DCF00}
[24652] 2025/11/20 10:43:58.646 Add Basket MarketNo：2 StockIdx：846
[24652] 2025/11/20 10:43:58.646 Divide StockNo {DEF00}
[24652] 2025/11/20 10:43:58.646 Add Basket MarketNo：2 StockIdx：854
[24652] 2025/11/20 10:43:58.646 Divide StockNo {DFF00}
[24652] 2025/11/20 10:43:58.646 Add Basket MarketNo：2 StockIdx：863
[24652] 2025/11/20 10:43:58.646 Divide StockNo {DGF00}
[24652] 2025/11/20 10:43:58.646 Add Basket MarketNo：2 StockIdx：869
[24652] 2025/11/20 10:43:58.646 Divide StockNo {DHF00}
[24652] 2025/11/20 10:43:58.646 Add Basket MarketNo：2 StockIdx：875
[24652] 2025/11/20 10:43:58.646 Divide StockNo {DIF00}
[24652] 2025/11/20 10:43:58.646 Add Basket MarketNo：2 StockIdx：881
[24652] 2025/11/20 10:43:58.646 Divide StockNo {DJF00}
[24652] 2025/11/20 10:43:58.646 Add Basket MarketNo：2 StockIdx：887
[24652] 2025/11/20 10:43:58.646 Divide StockNo {DKF00}
[24652] 2025/11/20 10:43:58.646 Add Basket MarketNo：2 StockIdx：893
[24652] 2025/11/20 10:43:58.646 Divide StockNo {DLF00}
[24652] 2025/11/20 10:43:58.646 Add Basket MarketNo：2 StockIdx：899
[24652] 2025/11/20 10:43:58.646 Divide StockNo {DNF00}
[24652] 2025/11/20 10:43:58.646 Add Basket MarketNo：2 StockIdx：905
[24652] 2025/11/20 10:43:58.646 Divide StockNo {DOF00}
[24652] 2025/11/20 10:43:58.646 Add Basket MarketNo：2 StockIdx：913
[24652] 2025/11/20 10:43:58.646 Divide StockNo {DPF00}
[24652] 2025/11/20 10:43:58.646 Add Basket MarketNo：2 StockIdx：919
[24652] 2025/11/20 10:43:58.646 Divide StockNo {DQF00}
[24652] 2025/11/20 10:43:58.646 Add Basket MarketNo：2 StockIdx：925
[24652] 2025/11/20 10:43:58.646 Divide StockNo {DSF00}
[24652] 2025/11/20 10:43:58.646 Add Basket MarketNo：2 StockIdx：931
[24652] 2025/11/20 10:43:58.646 Divide StockNo {DVF00}
[24652] 2025/11/20 10:43:58.646 Add Basket MarketNo：2 StockIdx：937
[24652] 2025/11/20 10:43:58.646 Divide StockNo {DWF00}
[24652] 2025/11/20 10:43:58.646 Add Basket MarketNo：2 StockIdx：943
[24652] 2025/11/20 10:43:58.646 Divide StockNo {DXF00}
[24652] 2025/11/20 10:43:58.646 Add Basket MarketNo：2 StockIdx：949
[24652] 2025/11/20 10:43:58.646 Divide StockNo {DYF00}
[24652] 2025/11/20 10:43:58.646 Add Basket MarketNo：2 StockIdx：955
[24652] 2025/11/20 10:43:58.646 Divide StockNo {DZF00}
[24652] 2025/11/20 10:43:58.646 Add Basket MarketNo：2 StockIdx：961
[24652] 2025/11/20 10:43:58.646 Divide StockNo {EEF00}
[24652] 2025/11/20 10:43:58.646 Add Basket MarketNo：2 StockIdx：967
[24652] 2025/11/20 10:43:58.646 Divide StockNo {EGF00}
[24652] 2025/11/20 10:43:58.646 Add Basket MarketNo：2 StockIdx：973
[24652] 2025/11/20 10:43:58.646 Divide StockNo {EHF00}
[24652] 2025/11/20 10:43:58.646 Add Basket MarketNo：2 StockIdx：979
[24652] 2025/11/20 10:43:58.646 Divide StockNo {EKF00}
[24652] 2025/11/20 10:43:58.646 Add Basket MarketNo：2 StockIdx：985
[24652] 2025/11/20 10:43:58.646 Divide StockNo {EMF00}
[24652] 2025/11/20 10:43:58.646 Add Basket MarketNo：2 StockIdx：991
[24652] 2025/11/20 10:43:58.646 Divide StockNo {EPF00}
[24652] 2025/11/20 10:43:58.646 Add Basket MarketNo：2 StockIdx：997
[24652] 2025/11/20 10:43:58.646 Divide StockNo {EYF00}
[24652] 2025/11/20 10:43:58.646 Add Basket MarketNo：2 StockIdx：1003
[24652] 2025/11/20 10:43:58.646 Divide StockNo {EZF00}
[24652] 2025/11/20 10:43:58.646 Add Basket MarketNo：2 StockIdx：1009
[24652] 2025/11/20 10:43:58.646 Divide StockNo {FBF00}
[24652] 2025/11/20 10:43:58.646 Add Basket MarketNo：2 StockIdx：1015
[24652] 2025/11/20 10:43:58.646 Divide StockNo {FCF00}
[24652] 2025/11/20 10:43:58.646 Add Basket MarketNo：2 StockIdx：1021
[24652] 2025/11/20 10:43:58.646 Divide StockNo {FEF00}
[24652] 2025/11/20 10:43:58.646 Add Basket MarketNo：2 StockIdx：1025
[24652] 2025/11/20 10:43:58.647 Divide StockNo {FFF00}
[24652] 2025/11/20 10:43:58.647 Add Basket MarketNo：2 StockIdx：1033
[24652] 2025/11/20 10:43:58.647 Divide StockNo {FGF00}
[24652] 2025/11/20 10:43:58.647 Add Basket MarketNo：2 StockIdx：1039
[24652] 2025/11/20 10:43:58.647 Divide StockNo {FKF00}
[24652] 2025/11/20 10:43:58.647 Add Basket MarketNo：2 StockIdx：1045
[24652] 2025/11/20 10:43:58.647 Divide StockNo {FNF00}
[24652] 2025/11/20 10:43:58.647 Add Basket MarketNo：2 StockIdx：1051
[24652] 2025/11/20 10:43:58.647 Divide StockNo {FQF00}
[24652] 2025/11/20 10:43:58.647 Add Basket MarketNo：2 StockIdx：1057
[24652] 2025/11/20 10:43:58.647 Divide StockNo {FRF00}
[24652] 2025/11/20 10:43:58.647 Add Basket MarketNo：2 StockIdx：1063
[24652] 2025/11/20 10:43:58.647 Divide StockNo {FSF00}
[24652] 2025/11/20 10:43:58.647 Add Basket MarketNo：2 StockIdx：1069
[24652] 2025/11/20 10:43:58.647 Divide StockNo {FTF00}
[24652] 2025/11/20 10:43:58.647 Add Basket MarketNo：2 StockIdx：1075
[24652] 2025/11/20 10:43:58.647 Divide StockNo {FVF00}
[24652] 2025/11/20 10:43:58.647 Add Basket MarketNo：2 StockIdx：1081
[24652] 2025/11/20 10:43:58.647 Divide StockNo {FWF00}
[24652] 2025/11/20 10:43:58.647 Add Basket MarketNo：2 StockIdx：1087
[24652] 2025/11/20 10:43:58.647 Divide StockNo {FYF00}
[24652] 2025/11/20 10:43:58.647 Add Basket MarketNo：2 StockIdx：1093
[24652] 2025/11/20 10:43:58.647 Divide StockNo {FZF00}
[24652] 2025/11/20 10:43:58.647 Add Basket MarketNo：2 StockIdx：1099
[24652] 2025/11/20 10:43:58.647 Divide StockNo {GAF00}
[24652] 2025/11/20 10:43:58.647 Add Basket MarketNo：2 StockIdx：1105
[24652] 2025/11/20 10:43:58.647 Divide StockNo {GCF00}
[24652] 2025/11/20 10:43:58.647 Add Basket MarketNo：2 StockIdx：1111
[24652] 2025/11/20 10:43:58.647 Divide StockNo {GHF00}
[24652] 2025/11/20 10:43:58.647 Add Basket MarketNo：2 StockIdx：1117
[24652] 2025/11/20 10:43:58.647 Divide StockNo {GIF00}
[24652] 2025/11/20 10:43:58.647 Add Basket MarketNo：2 StockIdx：1123
[24652] 2025/11/20 10:43:58.647 Divide StockNo {GJF00}
[24652] 2025/11/20 10:43:58.647 Add Basket MarketNo：2 StockIdx：1129
[24652] 2025/11/20 10:43:58.647 Divide StockNo {GKF00}
[24652] 2025/11/20 10:43:58.647 Add Basket MarketNo：2 StockIdx：1135
[24652] 2025/11/20 10:43:58.647 Divide StockNo {GLF00}
[24652] 2025/11/20 10:43:58.647 Add Basket MarketNo：2 StockIdx：1141
[24652] 2025/11/20 10:43:58.647 Divide StockNo {GMF00}
[24652] 2025/11/20 10:43:58.647 Add Basket MarketNo：2 StockIdx：1147
[24652] 2025/11/20 10:43:58.647 Divide StockNo {GNF00}
[24652] 2025/11/20 10:43:58.647 Add Basket MarketNo：2 StockIdx：1153
[24652] 2025/11/20 10:43:58.647 Divide StockNo {GOF00}
[24652] 2025/11/20 10:43:58.647 Add Basket MarketNo：2 StockIdx：1159
[24652] 2025/11/20 10:43:58.647 Divide StockNo {GRF00}
[24652] 2025/11/20 10:43:58.647 Add Basket MarketNo：2 StockIdx：1165
[24652] 2025/11/20 10:43:58.647 Divide StockNo {GUF00}
[24652] 2025/11/20 10:43:58.647 Add Basket MarketNo：2 StockIdx：1171
[24652] 2025/11/20 10:43:58.647 Divide StockNo {GVF00}
[24652] 2025/11/20 10:43:58.647 Add Basket MarketNo：2 StockIdx：1177
[24652] 2025/11/20 10:43:58.647 Divide StockNo {GWF00}
[24652] 2025/11/20 10:43:58.647 Add Basket MarketNo：2 StockIdx：1183
[24652] 2025/11/20 10:43:58.647 Divide StockNo {GXF00}
[24652] 2025/11/20 10:43:58.647 Add Basket MarketNo：2 StockIdx：1189
[24652] 2025/11/20 10:43:58.647 Divide StockNo {GYF00}
[24652] 2025/11/20 10:43:58.647 Add Basket MarketNo：2 StockIdx：1195
[24652] 2025/11/20 10:43:58.647 Divide StockNo {GZF00}
[24652] 2025/11/20 10:43:58.647 Add Basket MarketNo：2 StockIdx：1201
[24652] 2025/11/20 10:43:58.647 Divide StockNo {HAF00}
[24652] 2025/11/20 10:43:58.647 Add Basket MarketNo：2 StockIdx：1207
[24652] 2025/11/20 10:43:58.648 Divide StockNo {HBF00}
[24652] 2025/11/20 10:43:58.648 Add Basket MarketNo：2 StockIdx：1217
[24652] 2025/11/20 10:43:58.648 Divide StockNo {HCF00}
[24652] 2025/11/20 10:43:58.648 Add Basket MarketNo：2 StockIdx：1223
[24652] 2025/11/20 10:43:58.648 Divide StockNo {HHF00}
[24652] 2025/11/20 10:43:58.648 Add Basket MarketNo：2 StockIdx：1229
[24652] 2025/11/20 10:43:58.648 Divide StockNo {HIF00}
[24652] 2025/11/20 10:43:58.648 Add Basket MarketNo：2 StockIdx：1239
[24652] 2025/11/20 10:43:58.648 Divide StockNo {HLF00}
[24652] 2025/11/20 10:43:58.648 Add Basket MarketNo：2 StockIdx：1245
[24652] 2025/11/20 10:43:58.648 Divide StockNo {HOF00}
[24652] 2025/11/20 10:43:58.648 Add Basket MarketNo：2 StockIdx：1255
[24652] 2025/11/20 10:43:58.648 Divide StockNo {HQF00}
[24652] 2025/11/20 10:43:58.648 Add Basket MarketNo：2 StockIdx：1261
[24652] 2025/11/20 10:43:58.648 Divide StockNo {HSF00}
[24652] 2025/11/20 10:43:58.648 Add Basket MarketNo：2 StockIdx：1267
[24652] 2025/11/20 10:43:58.648 Divide StockNo {IAF00}
[24652] 2025/11/20 10:43:58.648 Add Basket MarketNo：2 StockIdx：1273
[24652] 2025/11/20 10:43:58.648 Divide StockNo {IHF00}
[24652] 2025/11/20 10:43:58.648 Add Basket MarketNo：2 StockIdx：1282
[24652] 2025/11/20 10:43:58.648 Divide StockNo {IIF00}
[24652] 2025/11/20 10:43:58.648 Add Basket MarketNo：2 StockIdx：1288
[24652] 2025/11/20 10:43:58.648 Divide StockNo {IJF00}
[24652] 2025/11/20 10:43:58.648 Add Basket MarketNo：2 StockIdx：1294
[24652] 2025/11/20 10:43:58.648 Divide StockNo {IMF00}
[24652] 2025/11/20 10:43:58.648 Add Basket MarketNo：2 StockIdx：1300
[24652] 2025/11/20 10:43:58.648 Divide StockNo {IOF00}
[24652] 2025/11/20 10:43:58.648 Add Basket MarketNo：2 StockIdx：1306
[24652] 2025/11/20 10:43:58.648 Divide StockNo {IPF00}
[24652] 2025/11/20 10:43:58.648 Add Basket MarketNo：2 StockIdx：1312
[24652] 2025/11/20 10:43:58.648 Divide StockNo {IQF00}
[24652] 2025/11/20 10:43:58.648 Add Basket MarketNo：2 StockIdx：1318
[24652] 2025/11/20 10:43:58.648 Divide StockNo {IRF00}
[24652] 2025/11/20 10:43:58.648 Add Basket MarketNo：2 StockIdx：1324
[24652] 2025/11/20 10:43:58.648 Divide StockNo {ITF00}
[24652] 2025/11/20 10:43:58.648 Add Basket MarketNo：2 StockIdx：1334
[24652] 2025/11/20 10:43:58.648 Divide StockNo {IXF00}
[24652] 2025/11/20 10:43:58.648 Add Basket MarketNo：2 StockIdx：1340
[24652] 2025/11/20 10:43:58.648 Divide StockNo {IYF00}
[24652] 2025/11/20 10:43:58.648 Add Basket MarketNo：2 StockIdx：1346
[24652] 2025/11/20 10:43:58.648 Divide StockNo {IZF00}
[24652] 2025/11/20 10:43:58.648 Add Basket MarketNo：2 StockIdx：1352
[24652] 2025/11/20 10:43:58.648 Divide StockNo {JBF00}
[24652] 2025/11/20 10:43:58.648 Add Basket MarketNo：2 StockIdx：1358
[24652] 2025/11/20 10:43:58.648 Divide StockNo {JFF00}
[24652] 2025/11/20 10:43:58.648 Add Basket MarketNo：2 StockIdx：1364
[24652] 2025/11/20 10:43:58.648 Divide StockNo {JMF00}
[24652] 2025/11/20 10:43:58.648 Add Basket MarketNo：2 StockIdx：1370
[24652] 2025/11/20 10:43:58.648 Divide StockNo {JNF00}
[24652] 2025/11/20 10:43:58.648 Add Basket MarketNo：2 StockIdx：1376
[24652] 2025/11/20 10:43:58.648 Divide StockNo {JPF00}
[24652] 2025/11/20 10:43:58.648 Add Basket MarketNo：2 StockIdx：1382
[24652] 2025/11/20 10:43:58.648 Divide StockNo {JSF00}
[24652] 2025/11/20 10:43:58.648 Add Basket MarketNo：2 StockIdx：1388
[24652] 2025/11/20 10:43:58.648 Divide StockNo {JWF00}
[24652] 2025/11/20 10:43:58.648 Add Basket MarketNo：2 StockIdx：1394
[24652] 2025/11/20 10:43:58.648 Divide StockNo {JXF00}
[24652] 2025/11/20 10:43:58.648 Add Basket MarketNo：2 StockIdx：1400
[24652] 2025/11/20 10:43:58.648 Divide StockNo {JZF00}
[24652] 2025/11/20 10:43:58.648 Add Basket MarketNo：2 StockIdx：1406
[24652] 2025/11/20 10:43:58.648 Divide StockNo {KAF00}
[24652] 2025/11/20 10:43:58.648 Add Basket MarketNo：2 StockIdx：1412
[24652] 2025/11/20 10:43:58.648 Divide StockNo {KBF00}
[24652] 2025/11/20 10:43:58.648 Add Basket MarketNo：2 StockIdx：1418
[24652] 2025/11/20 10:43:58.648 Divide StockNo {KCF00}
[24652] 2025/11/20 10:43:58.648 Add Basket MarketNo：2 StockIdx：1424
[24652] 2025/11/20 10:43:58.649 Divide StockNo {KDF00}
[24652] 2025/11/20 10:43:58.649 Add Basket MarketNo：2 StockIdx：1430
[24652] 2025/11/20 10:43:58.649 Divide StockNo {KEF00}
[24652] 2025/11/20 10:43:58.649 Add Basket MarketNo：2 StockIdx：1436
[24652] 2025/11/20 10:43:58.649 Divide StockNo {KFF00}
[24652] 2025/11/20 10:43:58.649 Add Basket MarketNo：2 StockIdx：1442
[24652] 2025/11/20 10:43:58.649 Divide StockNo {KGF00}
[24652] 2025/11/20 10:43:58.649 Add Basket MarketNo：2 StockIdx：1448
[24652] 2025/11/20 10:43:58.649 Divide StockNo {KIF00}
[24652] 2025/11/20 10:43:58.649 Add Basket MarketNo：2 StockIdx：1454
[24652] 2025/11/20 10:43:58.649 Divide StockNo {KKF00}
[24652] 2025/11/20 10:43:58.649 Add Basket MarketNo：2 StockIdx：1460
[24652] 2025/11/20 10:43:58.649 Divide StockNo {KLF00}
[24652] 2025/11/20 10:43:58.649 Add Basket MarketNo：2 StockIdx：1466
[24652] 2025/11/20 10:43:58.649 Divide StockNo {KOF00}
[24652] 2025/11/20 10:43:58.649 Add Basket MarketNo：2 StockIdx：1472
[24652] 2025/11/20 10:43:58.649 Divide StockNo {KPF00}
[24652] 2025/11/20 10:43:58.649 Add Basket MarketNo：2 StockIdx：1478
[24652] 2025/11/20 10:43:58.649 Divide StockNo {KSF00}
[24652] 2025/11/20 10:43:58.649 Add Basket MarketNo：2 StockIdx：1484
[24652] 2025/11/20 10:43:58.649 Divide StockNo {KUF00}
[24652] 2025/11/20 10:43:58.649 Add Basket MarketNo：2 StockIdx：1490
[24652] 2025/11/20 10:43:58.649 Divide StockNo {KWF00}
[24652] 2025/11/20 10:43:58.649 Add Basket MarketNo：2 StockIdx：1496
[24652] 2025/11/20 10:43:58.649 Divide StockNo {LBF00}
[24652] 2025/11/20 10:43:58.649 Add Basket MarketNo：2 StockIdx：1502
[24652] 2025/11/20 10:43:58.649 Divide StockNo {LCF00}
[24652] 2025/11/20 10:43:58.649 Add Basket MarketNo：2 StockIdx：1508
[24652] 2025/11/20 10:43:58.649 Divide StockNo {LEF00}
[24652] 2025/11/20 10:43:58.649 Add Basket MarketNo：2 StockIdx：1514
[24652] 2025/11/20 10:43:58.649 Divide StockNo {LIF00}
[24652] 2025/11/20 10:43:58.649 Add Basket MarketNo：2 StockIdx：1520
[24652] 2025/11/20 10:43:58.649 Divide StockNo {LMF00}
[24652] 2025/11/20 10:43:58.649 Add Basket MarketNo：2 StockIdx：1526
[24652] 2025/11/20 10:43:58.649 Divide StockNo {LOF00}
[24652] 2025/11/20 10:43:58.649 Add Basket MarketNo：2 StockIdx：1532
[24652] 2025/11/20 10:43:58.649 Divide StockNo {LQF00}
[24652] 2025/11/20 10:43:58.649 Add Basket MarketNo：2 StockIdx：1538
[24652] 2025/11/20 10:43:58.649 Divide StockNo {LRF00}
[24652] 2025/11/20 10:43:58.649 Add Basket MarketNo：2 StockIdx：1544
[24652] 2025/11/20 10:43:58.649 Divide StockNo {LTF00}
[24652] 2025/11/20 10:43:58.649 Add Basket MarketNo：2 StockIdx：1553
[24652] 2025/11/20 10:43:58.649 Divide StockNo {LUF00}
[24652] 2025/11/20 10:43:58.649 Add Basket MarketNo：2 StockIdx：1559
[24652] 2025/11/20 10:43:58.649 Divide StockNo {LVF00}
[24652] 2025/11/20 10:43:58.649 Add Basket MarketNo：2 StockIdx：1565
[24652] 2025/11/20 10:43:58.649 Divide StockNo {LWF00}
[24652] 2025/11/20 10:43:58.649 Add Basket MarketNo：2 StockIdx：1574
[24652] 2025/11/20 10:43:58.649 Divide StockNo {LXF00}
[24652] 2025/11/20 10:43:58.649 Add Basket MarketNo：2 StockIdx：1580
[24652] 2025/11/20 10:43:58.649 Divide StockNo {LYF00}
[24652] 2025/11/20 10:43:58.649 Add Basket MarketNo：2 StockIdx：1587
[24652] 2025/11/20 10:43:58.649 Divide StockNo {MAF00}
[24652] 2025/11/20 10:43:58.649 Add Basket MarketNo：2 StockIdx：1593
[24652] 2025/11/20 10:43:58.649 Divide StockNo {MBF00}
[24652] 2025/11/20 10:43:58.649 Add Basket MarketNo：2 StockIdx：1596
[24652] 2025/11/20 10:43:58.649 Divide StockNo {MJF00}
[24652] 2025/11/20 10:43:58.649 Add Basket MarketNo：2 StockIdx：1602
[24652] 2025/11/20 10:43:58.649 Divide StockNo {MKF00}
[24652] 2025/11/20 10:43:58.649 Add Basket MarketNo：2 StockIdx：1608
[24652] 2025/11/20 10:43:58.649 Divide StockNo {MQF00}
[24652] 2025/11/20 10:43:58.649 Add Basket MarketNo：2 StockIdx：1614
[24652] 2025/11/20 10:43:58.649 Divide StockNo {MVF00}
[24652] 2025/11/20 10:43:58.649 Add Basket MarketNo：2 StockIdx：1620
[24652] 2025/11/20 10:43:58.649 Divide StockNo {MYF00}
[24652] 2025/11/20 10:43:58.650 Add Basket MarketNo：2 StockIdx：1626
[24652] 2025/11/20 10:43:58.650 Divide StockNo {NAF00}
[24652] 2025/11/20 10:43:58.650 Add Basket MarketNo：2 StockIdx：1632
[24652] 2025/11/20 10:43:58.650 Divide StockNo {NBF00}
[24652] 2025/11/20 10:43:58.650 Add Basket MarketNo：2 StockIdx：1638
[24652] 2025/11/20 10:43:58.650 Divide StockNo {NDF00}
[24652] 2025/11/20 10:43:58.650 Add Basket MarketNo：2 StockIdx：1644
[24652] 2025/11/20 10:43:58.650 Divide StockNo {NEF00}
[24652] 2025/11/20 10:43:58.650 Add Basket MarketNo：2 StockIdx：1650
[24652] 2025/11/20 10:43:58.650 Divide StockNo {NGF00}
[24652] 2025/11/20 10:43:58.650 Add Basket MarketNo：2 StockIdx：1656
[24652] 2025/11/20 10:43:58.650 Divide StockNo {NIF00}
[24652] 2025/11/20 10:43:58.650 Add Basket MarketNo：2 StockIdx：1662
[24652] 2025/11/20 10:43:58.650 Divide StockNo {NJF00}
[24652] 2025/11/20 10:43:58.650 Add Basket MarketNo：2 StockIdx：1668
[24652] 2025/11/20 10:43:58.650 Divide StockNo {NLF00}
[24652] 2025/11/20 10:43:58.650 Add Basket MarketNo：2 StockIdx：1674
[24652] 2025/11/20 10:43:58.650 Divide StockNo {NMF00}
[24652] 2025/11/20 10:43:58.650 Add Basket MarketNo：2 StockIdx：1680
[24652] 2025/11/20 10:43:58.650 Divide StockNo {NOF00}
[24652] 2025/11/20 10:43:58.650 Add Basket MarketNo：2 StockIdx：1686
[24652] 2025/11/20 10:43:58.650 Divide StockNo {NQF00}
[24652] 2025/11/20 10:43:58.650 Add Basket MarketNo：2 StockIdx：1692
[24652] 2025/11/20 10:43:58.650 Divide StockNo {NSF00}
[24652] 2025/11/20 10:43:58.650 Add Basket MarketNo：2 StockIdx：1698
[24652] 2025/11/20 10:43:58.650 Divide StockNo {NUF00}
[24652] 2025/11/20 10:43:58.650 Add Basket MarketNo：2 StockIdx：1704
[24652] 2025/11/20 10:43:58.650 Divide StockNo {NVF00}
[24652] 2025/11/20 10:43:58.650 Add Basket MarketNo：2 StockIdx：1710
[24652] 2025/11/20 10:43:58.650 Divide StockNo {NWF00}
[24652] 2025/11/20 10:43:58.650 Add Basket MarketNo：2 StockIdx：1716
[24652] 2025/11/20 10:43:58.650 Divide StockNo {NYF00}
[24652] 2025/11/20 10:43:58.650 Add Basket MarketNo：2 StockIdx：132
[24652] 2025/11/20 10:43:58.650 Divide StockNo {OAF00}
[24652] 2025/11/20 10:43:58.650 Add Basket MarketNo：2 StockIdx：1728
[24652] 2025/11/20 10:43:58.650 Divide StockNo {OBF00}
[24652] 2025/11/20 10:43:58.650 Add Basket MarketNo：2 StockIdx：1734
[24652] 2025/11/20 10:43:58.650 Divide StockNo {ODF00}
[24652] 2025/11/20 10:43:58.650 Add Basket MarketNo：2 StockIdx：1740
[24652] 2025/11/20 10:43:58.650 Divide StockNo {OEF00}
[24652] 2025/11/20 10:43:58.650 Add Basket MarketNo：2 StockIdx：1746
[24652] 2025/11/20 10:43:58.650 Divide StockNo {OHF00}
[24652] 2025/11/20 10:43:58.650 Add Basket MarketNo：2 StockIdx：1752
[24652] 2025/11/20 10:43:58.650 Divide StockNo {OJF00}
[24652] 2025/11/20 10:43:58.650 Add Basket MarketNo：2 StockIdx：1758
[24652] 2025/11/20 10:43:58.650 Divide StockNo {OKF00}
[24652] 2025/11/20 10:43:58.650 Add Basket MarketNo：2 StockIdx：1764
[24652] 2025/11/20 10:43:58.650 Divide StockNo {OLF00}
[24652] 2025/11/20 10:43:58.650 Add Basket MarketNo：2 StockIdx：1770
[24652] 2025/11/20 10:43:58.650 Divide StockNo {OMF00}
[24652] 2025/11/20 10:43:58.650 Add Basket MarketNo：2 StockIdx：1776
[24652] 2025/11/20 10:43:58.650 Divide StockNo {OOF00}
[24652] 2025/11/20 10:43:58.650 Add Basket MarketNo：2 StockIdx：1782
[24652] 2025/11/20 10:43:58.650 Divide StockNo {OPF00}
[24652] 2025/11/20 10:43:58.650 Add Basket MarketNo：2 StockIdx：1788
[24652] 2025/11/20 10:43:58.650 Divide StockNo {OQF00}
[24652] 2025/11/20 10:43:58.650 Add Basket MarketNo：2 StockIdx：1794
[24652] 2025/11/20 10:43:58.650 Divide StockNo {ORF00}
[24652] 2025/11/20 10:43:58.650 Add Basket MarketNo：2 StockIdx：1800
[24652] 2025/11/20 10:43:58.650 Divide StockNo {OSF00}
[24652] 2025/11/20 10:43:58.651 Add Basket MarketNo：2 StockIdx：1806
[24652] 2025/11/20 10:43:58.651 Divide StockNo {OTF00}
[24652] 2025/11/20 10:43:58.651 Add Basket MarketNo：2 StockIdx：1812
[24652] 2025/11/20 10:43:58.651 Divide StockNo {OUF00}
[24652] 2025/11/20 10:43:58.651 Add Basket MarketNo：2 StockIdx：1818
[24652] 2025/11/20 10:43:58.651 Divide StockNo {OVF00}
[24652] 2025/11/20 10:43:58.651 Add Basket MarketNo：2 StockIdx：1824
[24652] 2025/11/20 10:43:58.651 Divide StockNo {OWF00}
[24652] 2025/11/20 10:43:58.651 Add Basket MarketNo：2 StockIdx：1830
[24652] 2025/11/20 10:43:58.651 Divide StockNo {OXF00}
[24652] 2025/11/20 10:43:58.651 Add Basket MarketNo：2 StockIdx：1836
[24652] 2025/11/20 10:43:58.651 Divide StockNo {OYF00}
[24652] 2025/11/20 10:43:58.651 Add Basket MarketNo：2 StockIdx：1842
[24652] 2025/11/20 10:43:58.651 Divide StockNo {OZF00}
[24652] 2025/11/20 10:43:58.651 Add Basket MarketNo：2 StockIdx：1848
[24652] 2025/11/20 10:43:58.651 Divide StockNo {PAF00}
[24652] 2025/11/20 10:43:58.651 Add Basket MarketNo：2 StockIdx：1854
[24652] 2025/11/20 10:43:58.651 Divide StockNo {PBF00}
[24652] 2025/11/20 10:43:58.651 Add Basket MarketNo：2 StockIdx：1860
[24652] 2025/11/20 10:43:58.651 Divide StockNo {PCF00}
[24652] 2025/11/20 10:43:58.651 Add Basket MarketNo：2 StockIdx：1866
[24652] 2025/11/20 10:43:58.651 Divide StockNo {PDF00}
[24652] 2025/11/20 10:43:58.651 Add Basket MarketNo：2 StockIdx：1872
[24652] 2025/11/20 10:43:58.651 Divide StockNo {PEF00}
[24652] 2025/11/20 10:43:58.651 Add Basket MarketNo：2 StockIdx：1878
[24652] 2025/11/20 10:43:58.651 Divide StockNo {PFF00}
[24652] 2025/11/20 10:43:58.651 Add Basket MarketNo：2 StockIdx：1884
[24652] 2025/11/20 10:43:58.651 Divide StockNo {PGF00}
[24652] 2025/11/20 10:43:58.651 Add Basket MarketNo：2 StockIdx：1890
[24652] 2025/11/20 10:43:58.651 Divide StockNo {PHF00}
[24652] 2025/11/20 10:43:58.651 Add Basket MarketNo：2 StockIdx：1896
[24652] 2025/11/20 10:43:58.651 Divide StockNo {PIF00}
[24652] 2025/11/20 10:43:58.651 Add Basket MarketNo：2 StockIdx：1902
[24652] 2025/11/20 10:43:58.651 Divide StockNo {PJF00}
[24652] 2025/11/20 10:43:58.651 Add Basket MarketNo：2 StockIdx：1908
[24652] 2025/11/20 10:43:58.651 Divide StockNo {PKF00}
[24652] 2025/11/20 10:43:58.651 Add Basket MarketNo：2 StockIdx：1914
[24652] 2025/11/20 10:43:58.651 Divide StockNo {PLF00}
[24652] 2025/11/20 10:43:58.651 Add Basket MarketNo：2 StockIdx：1920
[24652] 2025/11/20 10:43:58.651 Divide StockNo {PMF00}
[24652] 2025/11/20 10:43:58.651 Add Basket MarketNo：2 StockIdx：1926
[24652] 2025/11/20 10:43:58.651 Divide StockNo {PNF00}
[24652] 2025/11/20 10:43:58.651 Add Basket MarketNo：2 StockIdx：1932
[24652] 2025/11/20 10:43:58.651 Divide StockNo {PPF00}
[24652] 2025/11/20 10:43:58.651 Add Basket MarketNo：2 StockIdx：1938
[24652] 2025/11/20 10:43:58.651 Divide StockNo {PQF00}
[24652] 2025/11/20 10:43:58.651 Add Basket MarketNo：2 StockIdx：1944
[24652] 2025/11/20 10:43:58.651 Divide StockNo {PRF00}
[24652] 2025/11/20 10:43:58.651 Add Basket MarketNo：2 StockIdx：1950
[24652] 2025/11/20 10:43:58.651 Divide StockNo {PSF00}
[24652] 2025/11/20 10:43:58.651 Add Basket MarketNo：2 StockIdx：1956
[24652] 2025/11/20 10:43:58.651 Divide StockNo {PTF00}
[24652] 2025/11/20 10:43:58.651 Add Basket MarketNo：2 StockIdx：1964
[24652] 2025/11/20 10:43:58.651 Divide StockNo {PUF00}
[24652] 2025/11/20 10:43:58.651 Add Basket MarketNo：2 StockIdx：1970
[24652] 2025/11/20 10:43:58.651 Divide StockNo {PVF00}
[24652] 2025/11/20 10:43:58.651 Add Basket MarketNo：2 StockIdx：1976
[24652] 2025/11/20 10:43:58.651 Divide StockNo {PWF00}
[24652] 2025/11/20 10:43:58.651 Add Basket MarketNo：2 StockIdx：1982
[24652] 2025/11/20 10:43:58.652 Divide StockNo {PXF00}
[24652] 2025/11/20 10:43:58.652 Add Basket MarketNo：2 StockIdx：1988
[24652] 2025/11/20 10:43:58.652 Divide StockNo {PYF00}
[24652] 2025/11/20 10:43:58.652 Add Basket MarketNo：2 StockIdx：1994
[24652] 2025/11/20 10:43:58.652 Divide StockNo {PZF00}
[24652] 2025/11/20 10:43:58.652 Add Basket MarketNo：2 StockIdx：2000
[24652] 2025/11/20 10:43:58.652 Divide StockNo {QAF00}
[24652] 2025/11/20 10:43:58.652 Add Basket MarketNo：2 StockIdx：2006
[24652] 2025/11/20 10:43:58.652 Divide StockNo {QBF00}
[24652] 2025/11/20 10:43:58.652 Add Basket MarketNo：2 StockIdx：2012
[24652] 2025/11/20 10:43:58.652 Divide StockNo {QCF00}
[24652] 2025/11/20 10:43:58.652 Add Basket MarketNo：2 StockIdx：2018
[24652] 2025/11/20 10:43:58.652 Divide StockNo {QDF00}
[24652] 2025/11/20 10:43:58.652 Add Basket MarketNo：2 StockIdx：2024
[24652] 2025/11/20 10:43:58.652 Divide StockNo {QEF00}
[24652] 2025/11/20 10:43:58.652 Add Basket MarketNo：2 StockIdx：2030
[24652] 2025/11/20 10:43:58.652 Divide StockNo {QFF00}
[24652] 2025/11/20 10:43:58.652 Add Basket MarketNo：2 StockIdx：138
[24652] 2025/11/20 10:43:58.652 Divide StockNo {QGF00}
[24652] 2025/11/20 10:43:58.652 Add Basket MarketNo：2 StockIdx：2044
[24652] 2025/11/20 10:43:58.652 Divide StockNo {QHF00}
[24652] 2025/11/20 10:43:58.652 Add Basket MarketNo：2 StockIdx：2050
[24652] 2025/11/20 10:43:58.652 Divide StockNo {QIF00}
[24652] 2025/11/20 10:43:58.652 Add Basket MarketNo：2 StockIdx：2056
[24652] 2025/11/20 10:43:58.652 Divide StockNo {QJF00}
[24652] 2025/11/20 10:43:58.652 Add Basket MarketNo：2 StockIdx：2060
[24652] 2025/11/20 10:43:58.652 Divide StockNo {QKF00}
[24652] 2025/11/20 10:43:58.652 Add Basket MarketNo：2 StockIdx：2066
[24652] 2025/11/20 10:43:58.652 Divide StockNo {QLF00}
[24652] 2025/11/20 10:43:58.652 Add Basket MarketNo：2 StockIdx：2072
[24652] 2025/11/20 10:43:58.652 Divide StockNo {QMF00}
[24652] 2025/11/20 10:43:58.652 Add Basket MarketNo：2 StockIdx：2078
[24652] 2025/11/20 10:43:58.652 Divide StockNo {QNF00}
[24652] 2025/11/20 10:43:58.652 Add Basket MarketNo：2 StockIdx：2084
[24652] 2025/11/20 10:43:58.652 Divide StockNo {QOF00}
[24652] 2025/11/20 10:43:58.652 Add Basket MarketNo：2 StockIdx：2090
[24652] 2025/11/20 10:43:58.652 Divide StockNo {QPF00}
[24652] 2025/11/20 10:43:58.652 Add Basket MarketNo：2 StockIdx：2096
[24652] 2025/11/20 10:43:58.652 Divide StockNo {QQF00}
[24652] 2025/11/20 10:43:58.652 Add Basket MarketNo：2 StockIdx：2102
[24652] 2025/11/20 10:43:58.652 Divide StockNo {QRF00}
[24652] 2025/11/20 10:43:58.652 Add Basket MarketNo：2 StockIdx：2108
[24652] 2025/11/20 10:43:58.652 Divide StockNo {QSF00}
[24652] 2025/11/20 10:43:58.652 Add Basket MarketNo：2 StockIdx：2114
[24652] 2025/11/20 10:43:58.652 Divide StockNo {QTF00}
[24652] 2025/11/20 10:43:58.652 Add Basket MarketNo：2 StockIdx：2120
[24652] 2025/11/20 10:43:58.652 Divide StockNo {QUF00}
[24652] 2025/11/20 10:43:58.652 Add Basket MarketNo：2 StockIdx：2126
[24652] 2025/11/20 10:43:58.652 Divide StockNo {QVF00}
[24652] 2025/11/20 10:43:58.652 Add Basket MarketNo：2 StockIdx：2132
[24652] 2025/11/20 10:43:58.652 Divide StockNo {QWF00}
[24652] 2025/11/20 10:43:58.652 Add Basket MarketNo：2 StockIdx：2138
[24652] 2025/11/20 10:43:58.652 Divide StockNo {QXF00}
[24652] 2025/11/20 10:43:58.652 Add Basket MarketNo：2 StockIdx：2144
[24652] 2025/11/20 10:43:58.652 Divide StockNo {QYF00}
[24652] 2025/11/20 10:43:58.652 Add Basket MarketNo：2 StockIdx：2150
[24652] 2025/11/20 10:43:58.652 Divide StockNo {QZF00}
[24652] 2025/11/20 10:43:58.652 Add Basket MarketNo：2 StockIdx：2156
[24652] 2025/11/20 10:43:58.652 Divide StockNo {RAF00}
[24652] 2025/11/20 10:43:58.652 Add Basket MarketNo：2 StockIdx：2162
[24652] 2025/11/20 10:43:58.652 Divide StockNo {RBF00}
[24652] 2025/11/20 10:43:58.652 Add Basket MarketNo：2 StockIdx：2168
[24652] 2025/11/20 10:43:58.652 Divide StockNo {RCF00}
[24652] 2025/11/20 10:43:58.652 Add Basket MarketNo：2 StockIdx：2174
[24652] 2025/11/20 10:43:58.652 Divide StockNo {RDF00}
[24652] 2025/11/20 10:43:58.652 Add Basket MarketNo：2 StockIdx：2180
[24652] 2025/11/20 10:43:58.653 Divide StockNo {REF00}
[24652] 2025/11/20 10:43:58.653 Add Basket MarketNo：2 StockIdx：2186
[24652] 2025/11/20 10:43:58.653 Divide StockNo {RFF00}
[24652] 2025/11/20 10:43:58.653 Add Basket MarketNo：2 StockIdx：2192
[24652] 2025/11/20 10:43:58.653 Divide StockNo {RGF00}
[24652] 2025/11/20 10:43:58.653 Add Basket MarketNo：2 StockIdx：2198
[24652] 2025/11/20 10:43:58.653 Divide StockNo {RIF00}
[24652] 2025/11/20 10:43:58.653 Add Basket MarketNo：2 StockIdx：2204
[24652] 2025/11/20 10:43:58.653 Divide StockNo {RJF00}
[24652] 2025/11/20 10:43:58.653 Add Basket MarketNo：2 StockIdx：2210
[24652] 2025/11/20 10:43:58.653 Divide StockNo {RKF00}
[24652] 2025/11/20 10:43:58.653 Add Basket MarketNo：2 StockIdx：2216
[24652] 2025/11/20 10:43:58.653 Divide StockNo {RLF00}
[24652] 2025/11/20 10:43:58.653 Add Basket MarketNo：2 StockIdx：2222
[24652] 2025/11/20 10:43:58.653 Divide StockNo {RMF00}
[24652] 2025/11/20 10:43:58.653 Stock Is Not Exist 
[24652] 2025/11/20 10:43:58.653 Divide StockNo {RNF00}
[24652] 2025/11/20 10:43:58.653 Add Basket MarketNo：2 StockIdx：2228
[24652] 2025/11/20 10:43:58.653 Divide StockNo {ROF00}
[24652] 2025/11/20 10:43:58.653 Add Basket MarketNo：2 StockIdx：2234
[24652] 2025/11/20 10:43:58.653 Divide StockNo {RPF00}
[24652] 2025/11/20 10:43:58.653 Add Basket MarketNo：2 StockIdx：2240
[24652] 2025/11/20 10:43:58.653 Divide StockNo {RQF00}
[24652] 2025/11/20 10:43:58.653 Stock Is Not Exist 
[24652] 2025/11/20 10:43:58.653 Divide StockNo {RRF00}
[24652] 2025/11/20 10:43:58.653 Add Basket MarketNo：2 StockIdx：2248
[24652] 2025/11/20 10:43:58.653 Divide StockNo {RSF00}
[24652] 2025/11/20 10:43:58.653 Add Basket MarketNo：2 StockIdx：2254
[24652] 2025/11/20 10:43:58.653 Divide StockNo {RUF00}
[24652] 2025/11/20 10:43:58.653 Add Basket MarketNo：2 StockIdx：2260
[24652] 2025/11/20 10:43:58.653 Divide StockNo {RVF00}
[24652] 2025/11/20 10:43:58.653 Add Basket MarketNo：2 StockIdx：2266
[24652] 2025/11/20 10:43:58.653 Divide StockNo {RWF00}
[24652] 2025/11/20 10:43:58.653 Add Basket MarketNo：2 StockIdx：2272
[24652] 2025/11/20 10:43:58.653 Divide StockNo {RXF00}
[24652] 2025/11/20 10:43:58.653 Add Basket MarketNo：2 StockIdx：2278
[24652] 2025/11/20 10:43:58.653 Divide StockNo {RYF00}
[24652] 2025/11/20 10:43:58.653 Add Basket MarketNo：2 StockIdx：2284
[24652] 2025/11/20 10:43:58.653 Divide StockNo {RZF00}
[24652] 2025/11/20 10:43:58.653 Add Basket MarketNo：2 StockIdx：144
[24652] 2025/11/20 10:43:58.653 Divide StockNo {SAF00}
[24652] 2025/11/20 10:43:58.653 Add Basket MarketNo：2 StockIdx：2296
[24652] 2025/11/20 10:43:58.653 Divide StockNo {SBF00}
[24652] 2025/11/20 10:43:58.653 Add Basket MarketNo：2 StockIdx：2302
[24652] 2025/11/20 10:43:58.653 Divide StockNo {SCF00}
[24652] 2025/11/20 10:43:58.653 Add Basket MarketNo：2 StockIdx：2308
[24652] 2025/11/20 10:43:58.653 Divide StockNo {SDF00}
[24652] 2025/11/20 10:43:58.653 Add Basket MarketNo：2 StockIdx：2314
[24652] 2025/11/20 10:43:58.653 Divide StockNo {SEF00}
[24652] 2025/11/20 10:43:58.653 Add Basket MarketNo：2 StockIdx：2320
[24652] 2025/11/20 10:43:58.653 Divide StockNo {SFF00}
[24652] 2025/11/20 10:43:58.653 Add Basket MarketNo：2 StockIdx：2326
[24652] 2025/11/20 10:43:58.653 Divide StockNo {SGF00}
[24652] 2025/11/20 10:43:58.653 Add Basket MarketNo：2 StockIdx：2332
[24652] 2025/11/20 10:43:58.653 Divide StockNo {SIF00}
[24652] 2025/11/20 10:43:58.654 Add Basket MarketNo：2 StockIdx：2338
[24652] 2025/11/20 10:43:58.654 Divide StockNo {SJF00}
[24652] 2025/11/20 10:43:58.654 Add Basket MarketNo：2 StockIdx：2344
[24652] 2025/11/20 10:43:58.654 Divide StockNo {SKF00}
[24652] 2025/11/20 10:43:58.654 Add Basket MarketNo：2 StockIdx：2350
[24652] 2025/11/20 10:43:58.654 Divide StockNo {SLF00}
[24652] 2025/11/20 10:43:58.654 Add Basket MarketNo：2 StockIdx：2356
[24652] 2025/11/20 10:43:58.654 Divide StockNo {SMF00}
[24652] 2025/11/20 10:43:58.654 Add Basket MarketNo：2 StockIdx：2362
[24652] 2025/11/20 10:43:58.654 Divide StockNo {SNF00}
[24652] 2025/11/20 10:43:58.654 Add Basket MarketNo：2 StockIdx：2368
[24652] 2025/11/20 10:43:58.654 Divide StockNo {SQF00}
[24652] 2025/11/20 10:43:58.654 Add Basket MarketNo：2 StockIdx：2374
[24652] 2025/11/20 10:43:58.654 Divide StockNo {SRF00}
[24652] 2025/11/20 10:43:58.654 Add Basket MarketNo：2 StockIdx：150
[24652] 2025/11/20 10:43:58.654 Divide StockNo {SSF00}
[24652] 2025/11/20 10:43:58.654 Add Basket MarketNo：2 StockIdx：2388
[24652] 2025/11/20 10:43:58.654 Divide StockNo {SUF00}
[24652] 2025/11/20 10:43:58.654 Add Basket MarketNo：2 StockIdx：2394
[24652] 2025/11/20 10:43:58.654 Divide StockNo {SVF00}
[24652] 2025/11/20 10:43:58.654 Add Basket MarketNo：2 StockIdx：2400
[24652] 2025/11/20 10:43:58.654 Divide StockNo {SWF00}
[24652] 2025/11/20 10:43:58.654 Add Basket MarketNo：2 StockIdx：2406
[24652] 2025/11/20 10:43:58.654 Divide StockNo {SYF00}
[24652] 2025/11/20 10:43:58.654 Add Basket MarketNo：2 StockIdx：2412
[24652] 2025/11/20 10:43:58.654 Divide StockNo {SZF00}
[24652] 2025/11/20 10:43:58.654 Add Basket MarketNo：2 StockIdx：2418
[24652] 2025/11/20 10:43:58.654 Divide StockNo {UAF00}
[24652] 2025/11/20 10:43:58.654 Add Basket MarketNo：2 StockIdx：2424
[24652] 2025/11/20 10:43:58.654 Divide StockNo {UBF00}
[24652] 2025/11/20 10:43:58.654 Add Basket MarketNo：2 StockIdx：2430
[24652] 2025/11/20 10:43:58.654 Divide StockNo {UCF00}
[24652] 2025/11/20 10:43:58.654 Add Basket MarketNo：2 StockIdx：2436
[24652] 2025/11/20 10:43:58.654 Divide StockNo {UEF00}
[24652] 2025/11/20 10:43:58.654 Add Basket MarketNo：2 StockIdx：2442
[24652] 2025/11/20 10:43:58.654 Divide StockNo {UFF00}
[24652] 2025/11/20 10:43:58.654 Add Basket MarketNo：2 StockIdx：2448
[24652] 2025/11/20 10:43:58.654 Divide StockNo {UGF00}
[24652] 2025/11/20 10:43:58.654 Add Basket MarketNo：2 StockIdx：2454
[24652] 2025/11/20 10:43:58.654 Divide StockNo {UHF00}
[24652] 2025/11/20 10:43:58.654 Add Basket MarketNo：2 StockIdx：2460
[24652] 2025/11/20 10:43:58.654 Divide StockNo {UIF00}
[24652] 2025/11/20 10:43:58.654 Add Basket MarketNo：2 StockIdx：2466
[24652] 2025/11/20 10:43:58.654 Divide StockNo {UJF00}
[24652] 2025/11/20 10:43:58.654 Add Basket MarketNo：2 StockIdx：2472
[24652] 2025/11/20 10:43:58.654 Divide StockNo {UKF00}
[24652] 2025/11/20 10:43:58.654 Add Basket MarketNo：2 StockIdx：2478
[24652] 2025/11/20 10:43:58.654 Divide StockNo {ULF00}
[24652] 2025/11/20 10:43:58.654 Add Basket MarketNo：2 StockIdx：2484
[24652] 2025/11/20 10:43:58.654 Divide StockNo {UMF00}
[24652] 2025/11/20 10:43:58.654 Add Basket MarketNo：2 StockIdx：2490
[24652] 2025/11/20 10:43:58.654 Divide StockNo {UOF00}
[24652] 2025/11/20 10:43:58.654 Add Basket MarketNo：2 StockIdx：2496
[24652] 2025/11/20 10:43:58.654 Divide StockNo {UPF00}
[24652] 2025/11/20 10:43:58.654 Add Basket MarketNo：2 StockIdx：2502
[24652] 2025/11/20 10:43:58.655 Divide StockNo {UQF00}
[24652] 2025/11/20 10:43:58.655 Add Basket MarketNo：2 StockIdx：2508
[24652] 2025/11/20 10:43:58.655 Divide StockNo {URF00}
[24652] 2025/11/20 10:43:58.655 Add Basket MarketNo：2 StockIdx：2516
[24652] 2025/11/20 10:43:58.655 Divide StockNo {USF00}
[24652] 2025/11/20 10:43:58.655 Add Basket MarketNo：2 StockIdx：2522
[24652] 2025/11/20 10:43:58.655 Divide StockNo {UTF00}
[24652] 2025/11/20 10:43:58.655 Add Basket MarketNo：2 StockIdx：2528
[24652] 2025/11/20 10:43:58.655 Divide StockNo {UUF00}
[24652] 2025/11/20 10:43:58.655 Add Basket MarketNo：2 StockIdx：2534
[24652] 2025/11/20 10:43:58.655 Divide StockNo {UVF00}
[24652] 2025/11/20 10:43:58.655 Add Basket MarketNo：2 StockIdx：2540
[24652] 2025/11/20 10:43:58.655 Divide StockNo {UWF00}
[24652] 2025/11/20 10:43:58.655 Add Basket MarketNo：2 StockIdx：2546
[24652] 2025/11/20 10:43:58.655 Divide StockNo {0050}
[24652] 2025/11/20 10:43:58.655 Add Basket MarketNo：0 StockIdx：0
[24652] 2025/11/20 10:43:58.655 Divide StockNo {0056}
[24652] 2025/11/20 10:43:58.655 Add Basket MarketNo：0 StockIdx：4
[24652] 2025/11/20 10:43:58.655 Divide StockNo {006205}
[24652] 2025/11/20 10:43:58.655 Add Basket MarketNo：0 StockIdx：9
[24652] 2025/11/20 10:43:58.655 Divide StockNo {006206}
[24652] 2025/11/20 10:43:58.655 Add Basket MarketNo：0 StockIdx：10
[24652] 2025/11/20 10:43:58.655 Divide StockNo {00636}
[24652] 2025/11/20 10:43:58.655 Add Basket MarketNo：0 StockIdx：19
[24652] 2025/11/20 10:43:58.655 Divide StockNo {00639}
[24652] 2025/11/20 10:43:58.655 Add Basket MarketNo：0 StockIdx：23
[24652] 2025/11/20 10:43:58.655 Divide StockNo {00643}
[24652] 2025/11/20 10:43:58.655 Add Basket MarketNo：0 StockIdx：27
[24652] 2025/11/20 10:43:58.655 Divide StockNo {00679B}
[24652] 2025/11/20 10:43:58.655 Add Basket MarketNo：1 StockIdx：1
[24652] 2025/11/20 10:43:58.655 Divide StockNo {00687B}
[24652] 2025/11/20 10:43:58.655 Add Basket MarketNo：1 StockIdx：2
[24652] 2025/11/20 10:43:58.655 Divide StockNo {00719B}
[24652] 2025/11/20 10:43:58.655 Add Basket MarketNo：1 StockIdx：8
[24652] 2025/11/20 10:43:58.655 Divide StockNo {00757}
[24652] 2025/11/20 10:43:58.655 Add Basket MarketNo：0 StockIdx：97
[24652] 2025/11/20 10:43:58.655 Divide StockNo {00772B}
[24652] 2025/11/20 10:43:58.655 Add Basket MarketNo：1 StockIdx：32
[24652] 2025/11/20 10:43:58.655 Divide StockNo {00878}
[24652] 2025/11/20 10:43:58.655 Add Basket MarketNo：0 StockIdx：112
[24652] 2025/11/20 10:43:58.655 Divide StockNo {00885}
[24652] 2025/11/20 10:43:58.655 Add Basket MarketNo：0 StockIdx：115
[24652] 2025/11/20 10:43:58.655 Divide StockNo {00893}
[24652] 2025/11/20 10:43:58.655 Add Basket MarketNo：0 StockIdx：118
[24652] 2025/11/20 10:43:58.655 Divide StockNo {00919}
[24652] 2025/11/20 10:43:58.655 Add Basket MarketNo：0 StockIdx：142
[24652] 2025/11/20 10:43:58.655 Divide StockNo {00923}
[24652] 2025/11/20 10:43:58.655 Add Basket MarketNo：0 StockIdx：146
[24652] 2025/11/20 10:43:58.655 Divide StockNo {00929}
[24652] 2025/11/20 10:43:58.655 Add Basket MarketNo：0 StockIdx：150
[24652] 2025/11/20 10:43:58.655 Divide StockNo {00937B}
[24652] 2025/11/20 10:43:58.655 Add Basket MarketNo：1 StockIdx：82
[24652] 2025/11/20 10:43:58.655 Divide StockNo {00940}
[24652] 2025/11/20 10:43:58.655 Add Basket MarketNo：0 StockIdx：158
[24652] 2025/11/20 10:43:58.655 Divide StockNo {1101}
[24652] 2025/11/20 10:43:58.655 Add Basket MarketNo：0 StockIdx：33628
[24652] 2025/11/20 10:43:58.655 Divide StockNo {1102}
[24652] 2025/11/20 10:43:58.656 Add Basket MarketNo：0 StockIdx：33630
[24652] 2025/11/20 10:43:58.656 Divide StockNo {1210}
[24652] 2025/11/20 10:43:58.656 Add Basket MarketNo：0 StockIdx：33638
[24652] 2025/11/20 10:43:58.656 Divide StockNo {1216}
[24652] 2025/11/20 10:43:58.656 Add Basket MarketNo：0 StockIdx：33641
[24652] 2025/11/20 10:43:58.656 Divide StockNo {1301}
[24652] 2025/11/20 10:43:58.656 Add Basket MarketNo：0 StockIdx：33656
[24652] 2025/11/20 10:43:58.656 Divide StockNo {1303}
[24652] 2025/11/20 10:43:58.656 Add Basket MarketNo：0 StockIdx：33657
[24652] 2025/11/20 10:43:58.656 Divide StockNo {1312}
[24652] 2025/11/20 10:43:58.656 Add Basket MarketNo：0 StockIdx：33664
[24652] 2025/11/20 10:43:58.656 Divide StockNo {1314}
[24652] 2025/11/20 10:43:58.656 Add Basket MarketNo：0 StockIdx：33667
[24652] 2025/11/20 10:43:58.656 Divide StockNo {1319}
[24652] 2025/11/20 10:43:58.656 Add Basket MarketNo：0 StockIdx：33670
[24652] 2025/11/20 10:43:58.656 Divide StockNo {1326}
[24652] 2025/11/20 10:43:58.656 Add Basket MarketNo：0 StockIdx：33675
[24652] 2025/11/20 10:43:58.656 Divide StockNo {1402}
[24652] 2025/11/20 10:43:58.656 Add Basket MarketNo：0 StockIdx：33682
[24652] 2025/11/20 10:43:58.656 Divide StockNo {1440}
[24652] 2025/11/20 10:43:58.656 Add Basket MarketNo：0 StockIdx：33699
[24652] 2025/11/20 10:43:58.656 Divide StockNo {1476}
[24652] 2025/11/20 10:43:58.656 Add Basket MarketNo：0 StockIdx：33729
[24652] 2025/11/20 10:43:58.656 Divide StockNo {1477}
[24652] 2025/11/20 10:43:58.656 Add Basket MarketNo：0 StockIdx：33730
[24652] 2025/11/20 10:43:58.656 Divide StockNo {1503}
[24652] 2025/11/20 10:43:58.656 Add Basket MarketNo：0 StockIdx：33731
[24652] 2025/11/20 10:43:58.656 Divide StockNo {1504}
[24652] 2025/11/20 10:43:58.656 Add Basket MarketNo：0 StockIdx：33732
[24652] 2025/11/20 10:43:58.656 Divide StockNo {1513}
[24652] 2025/11/20 10:43:58.656 Add Basket MarketNo：0 StockIdx：33735
[24652] 2025/11/20 10:43:58.656 Divide StockNo {1536}
[24652] 2025/11/20 10:43:58.656 Add Basket MarketNo：0 StockIdx：33755
[24652] 2025/11/20 10:43:58.656 Divide StockNo {1565}
[24652] 2025/11/20 10:43:58.656 Add Basket MarketNo：1 StockIdx：140
[24652] 2025/11/20 10:43:58.656 Divide StockNo {1590}
[24652] 2025/11/20 10:43:58.656 Add Basket MarketNo：0 StockIdx：33769
[24652] 2025/11/20 10:43:58.656 Divide StockNo {1605}
[24652] 2025/11/20 10:43:58.656 Add Basket MarketNo：0 StockIdx：33774
[24652] 2025/11/20 10:43:58.656 Divide StockNo {1609}
[24652] 2025/11/20 10:43:58.656 Add Basket MarketNo：0 StockIdx：33776
[24652] 2025/11/20 10:43:58.656 Divide StockNo {1707}
[24652] 2025/11/20 10:43:58.656 Add Basket MarketNo：0 StockIdx：33786
[24652] 2025/11/20 10:43:58.656 Divide StockNo {1717}
[24652] 2025/11/20 10:43:58.656 Add Basket MarketNo：0 StockIdx：33794
[24652] 2025/11/20 10:43:58.656 Divide StockNo {1718}
[24652] 2025/11/20 10:43:58.656 Add Basket MarketNo：0 StockIdx：33795
[24652] 2025/11/20 10:43:58.656 Divide StockNo {1722}
[24652] 2025/11/20 10:43:58.656 Add Basket MarketNo：0 StockIdx：33798
[24652] 2025/11/20 10:43:58.656 Divide StockNo {1795}
[24652] 2025/11/20 10:43:58.656 Add Basket MarketNo：0 StockIdx：33819
[24652] 2025/11/20 10:43:58.656 Divide StockNo {1802}
[24652] 2025/11/20 10:43:58.656 Add Basket MarketNo：0 StockIdx：33820
[24652] 2025/11/20 10:43:58.656 Divide StockNo {1904}
[24652] 2025/11/20 10:43:58.656 Add Basket MarketNo：0 StockIdx：33827
[24652] 2025/11/20 10:43:58.656 Divide StockNo {1905}
[24652] 2025/11/20 10:43:58.656 Add Basket MarketNo：0 StockIdx：33828
[24652] 2025/11/20 10:43:58.656 Divide StockNo {1907}
[24652] 2025/11/20 10:43:58.656 Add Basket MarketNo：0 StockIdx：33830
[24652] 2025/11/20 10:43:58.656 Divide StockNo {1909}
[24652] 2025/11/20 10:43:58.656 Add Basket MarketNo：0 StockIdx：33831
[24652] 2025/11/20 10:43:58.656 Divide StockNo {2002}
[24652] 2025/11/20 10:43:58.656 Add Basket MarketNo：0 StockIdx：33832
[24652] 2025/11/20 10:43:58.656 Divide StockNo {2006}
[24652] 2025/11/20 10:43:58.657 Add Basket MarketNo：0 StockIdx：33834
[24652] 2025/11/20 10:43:58.657 Divide StockNo {2014}
[24652] 2025/11/20 10:43:58.657 Add Basket MarketNo：0 StockIdx：33841
[24652] 2025/11/20 10:43:58.657 Divide StockNo {2027}
[24652] 2025/11/20 10:43:58.657 Add Basket MarketNo：0 StockIdx：33849
[24652] 2025/11/20 10:43:58.657 Divide StockNo {2049}
[24652] 2025/11/20 10:43:58.657 Add Basket MarketNo：0 StockIdx：33858
[24652] 2025/11/20 10:43:58.657 Divide StockNo {2059}
[24652] 2025/11/20 10:43:58.657 Add Basket MarketNo：0 StockIdx：33859
[24652] 2025/11/20 10:43:58.657 Divide StockNo {2105}
[24652] 2025/11/20 10:43:58.657 Add Basket MarketNo：0 StockIdx：33866
[24652] 2025/11/20 10:43:58.657 Divide StockNo {2201}
[24652] 2025/11/20 10:43:58.657 Add Basket MarketNo：0 StockIdx：33873
[24652] 2025/11/20 10:43:58.657 Divide StockNo {2231}
[24652] 2025/11/20 10:43:58.657 Add Basket MarketNo：0 StockIdx：33881
[24652] 2025/11/20 10:43:58.657 Divide StockNo {2301}
[24652] 2025/11/20 10:43:58.657 Add Basket MarketNo：0 StockIdx：33892
[24652] 2025/11/20 10:43:58.657 Divide StockNo {2303}
[24652] 2025/11/20 10:43:58.657 Add Basket MarketNo：0 StockIdx：33894
[24652] 2025/11/20 10:43:58.657 Divide StockNo {2308}
[24652] 2025/11/20 10:43:58.657 Add Basket MarketNo：0 StockIdx：33896
[24652] 2025/11/20 10:43:58.657 Divide StockNo {2312}
[24652] 2025/11/20 10:43:58.657 Add Basket MarketNo：0 StockIdx：33897
[24652] 2025/11/20 10:43:58.657 Divide StockNo {2313}
[24652] 2025/11/20 10:43:58.657 Add Basket MarketNo：0 StockIdx：33898
[24652] 2025/11/20 10:43:58.657 Divide StockNo {2317}
[24652] 2025/11/20 10:43:58.657 Add Basket MarketNo：0 StockIdx：33901
[24652] 2025/11/20 10:43:58.657 Divide StockNo {2323}
[24652] 2025/11/20 10:43:58.657 Add Basket MarketNo：0 StockIdx：33903
[24652] 2025/11/20 10:43:58.657 Divide StockNo {2324}
[24652] 2025/11/20 10:43:58.657 Add Basket MarketNo：0 StockIdx：33904
[24652] 2025/11/20 10:43:58.657 Divide StockNo {2327}
[24652] 2025/11/20 10:43:58.657 Add Basket MarketNo：0 StockIdx：33905
[24652] 2025/11/20 10:43:58.657 Divide StockNo {2328}
[24652] 2025/11/20 10:43:58.657 Add Basket MarketNo：0 StockIdx：33906
[24652] 2025/11/20 10:43:58.657 Divide StockNo {2330}
[24652] 2025/11/20 10:43:58.657 Add Basket MarketNo：0 StockIdx：33908
[24652] 2025/11/20 10:43:58.657 Divide StockNo {2331}
[24652] 2025/11/20 10:43:58.657 Add Basket MarketNo：0 StockIdx：33909
[24652] 2025/11/20 10:43:58.657 Divide StockNo {2332}
[24652] 2025/11/20 10:43:58.657 Add Basket MarketNo：0 StockIdx：33910
[24652] 2025/11/20 10:43:58.657 Divide StockNo {2337}
[24652] 2025/11/20 10:43:58.657 Add Basket MarketNo：0 StockIdx：33911
[24652] 2025/11/20 10:43:58.657 Divide StockNo {2338}
[24652] 2025/11/20 10:43:58.657 Add Basket MarketNo：0 StockIdx：33912
[24652] 2025/11/20 10:43:58.657 Divide StockNo {2340}
[24652] 2025/11/20 10:43:58.657 Add Basket MarketNo：0 StockIdx：33913
[24652] 2025/11/20 10:43:58.657 Divide StockNo {2344}
[24652] 2025/11/20 10:43:58.657 Add Basket MarketNo：0 StockIdx：33915
[24652] 2025/11/20 10:43:58.657 Divide StockNo {2345}
[24652] 2025/11/20 10:43:58.657 Add Basket MarketNo：0 StockIdx：33916
[24652] 2025/11/20 10:43:58.657 Divide StockNo {2347}
[24652] 2025/11/20 10:43:58.657 Add Basket MarketNo：0 StockIdx：33917
[24652] 2025/11/20 10:43:58.657 Divide StockNo {2352}
[24652] 2025/11/20 10:43:58.657 Add Basket MarketNo：0 StockIdx：33922
[24652] 2025/11/20 10:43:58.657 Divide StockNo {2353}
[24652] 2025/11/20 10:43:58.657 Add Basket MarketNo：0 StockIdx：33923
[24652] 2025/11/20 10:43:58.657 Divide StockNo {2354}
[24652] 2025/11/20 10:43:58.657 Add Basket MarketNo：0 StockIdx：33924
[24652] 2025/11/20 10:43:58.657 Divide StockNo {2355}
[24652] 2025/11/20 10:43:58.657 Add Basket MarketNo：0 StockIdx：33925
[24652] 2025/11/20 10:43:58.657 Divide StockNo {2356}
[24652] 2025/11/20 10:43:58.657 Add Basket MarketNo：0 StockIdx：33926
[24652] 2025/11/20 10:43:58.658 Divide StockNo {2357}
[24652] 2025/11/20 10:43:58.658 Add Basket MarketNo：0 StockIdx：33927
[24652] 2025/11/20 10:43:58.658 Divide StockNo {2360}
[24652] 2025/11/20 10:43:58.658 Add Basket MarketNo：0 StockIdx：33929
[24652] 2025/11/20 10:43:58.658 Divide StockNo {2368}
[24652] 2025/11/20 10:43:58.658 Add Basket MarketNo：0 StockIdx：33935
[24652] 2025/11/20 10:43:58.658 Divide StockNo {2371}
[24652] 2025/11/20 10:43:58.658 Add Basket MarketNo：0 StockIdx：33937
[24652] 2025/11/20 10:43:58.658 Divide StockNo {2376}
[24652] 2025/11/20 10:43:58.658 Add Basket MarketNo：0 StockIdx：33941
[24652] 2025/11/20 10:43:58.658 Divide StockNo {2377}
[24652] 2025/11/20 10:43:58.658 Add Basket MarketNo：0 StockIdx：33942
[24652] 2025/11/20 10:43:58.658 Divide StockNo {2379}
[24652] 2025/11/20 10:43:58.658 Add Basket MarketNo：0 StockIdx：33943
[24652] 2025/11/20 10:43:58.658 Divide StockNo {2382}
[24652] 2025/11/20 10:43:58.658 Add Basket MarketNo：0 StockIdx：33945
[24652] 2025/11/20 10:43:58.658 Divide StockNo {2383}
[24652] 2025/11/20 10:43:58.658 Add Basket MarketNo：0 StockIdx：33946
[24652] 2025/11/20 10:43:58.658 Divide StockNo {2385}
[24652] 2025/11/20 10:43:58.658 Add Basket MarketNo：0 StockIdx：33947
[24652] 2025/11/20 10:43:58.658 Divide StockNo {2388}
[24652] 2025/11/20 10:43:58.658 Add Basket MarketNo：0 StockIdx：33949
[24652] 2025/11/20 10:43:58.658 Divide StockNo {2392}
[24652] 2025/11/20 10:43:58.658 Add Basket MarketNo：0 StockIdx：33951
[24652] 2025/11/20 10:43:58.658 Divide StockNo {2393}
[24652] 2025/11/20 10:43:58.658 Add Basket MarketNo：0 StockIdx：33952
[24652] 2025/11/20 10:43:58.658 Divide StockNo {2401}
[24652] 2025/11/20 10:43:58.658 Add Basket MarketNo：0 StockIdx：33956
[24652] 2025/11/20 10:43:58.658 Divide StockNo {2404}
[24652] 2025/11/20 10:43:58.658 Add Basket MarketNo：0 StockIdx：33958
[24652] 2025/11/20 10:43:58.658 Divide StockNo {2408}
[24652] 2025/11/20 10:43:58.658 Add Basket MarketNo：0 StockIdx：33961
[24652] 2025/11/20 10:43:58.658 Divide StockNo {2409}
[24652] 2025/11/20 10:43:58.658 Add Basket MarketNo：0 StockIdx：33962
[24652] 2025/11/20 10:43:58.658 Divide StockNo {2412}
[24652] 2025/11/20 10:43:58.658 Add Basket MarketNo：0 StockIdx：33963
[24652] 2025/11/20 10:43:58.658 Divide StockNo {2439}
[24652] 2025/11/20 10:43:58.658 Add Basket MarketNo：0 StockIdx：33985
[24652] 2025/11/20 10:43:58.658 Divide StockNo {2441}
[24652] 2025/11/20 10:43:58.658 Add Basket MarketNo：0 StockIdx：33987
[24652] 2025/11/20 10:43:58.658 Divide StockNo {2449}
[24652] 2025/11/20 10:43:58.658 Add Basket MarketNo：0 StockIdx：33990
[24652] 2025/11/20 10:43:58.658 Divide StockNo {2454}
[24652] 2025/11/20 10:43:58.658 Add Basket MarketNo：0 StockIdx：33994
[24652] 2025/11/20 10:43:58.658 Divide StockNo {2455}
[24652] 2025/11/20 10:43:58.658 Add Basket MarketNo：0 StockIdx：33995
[24652] 2025/11/20 10:43:58.658 Divide StockNo {2457}
[24652] 2025/11/20 10:43:58.658 Add Basket MarketNo：0 StockIdx：33996
[24652] 2025/11/20 10:43:58.658 Divide StockNo {2458}
[24652] 2025/11/20 10:43:58.658 Add Basket MarketNo：0 StockIdx：33997
[24652] 2025/11/20 10:43:58.658 Divide StockNo {2474}
[24652] 2025/11/20 10:43:58.658 Add Basket MarketNo：0 StockIdx：34009
[24652] 2025/11/20 10:43:58.658 Divide StockNo {2481}
[24652] 2025/11/20 10:43:58.658 Add Basket MarketNo：0 StockIdx：34014
[24652] 2025/11/20 10:43:58.658 Divide StockNo {2485}
[24652] 2025/11/20 10:43:58.658 Add Basket MarketNo：0 StockIdx：34018
[24652] 2025/11/20 10:43:58.658 Divide StockNo {2486}
[24652] 2025/11/20 10:43:58.658 Add Basket MarketNo：0 StockIdx：34019
[24652] 2025/11/20 10:43:58.658 Divide StockNo {2489}
[24652] 2025/11/20 10:43:58.658 Add Basket MarketNo：0 StockIdx：34021
[24652] 2025/11/20 10:43:58.658 Divide StockNo {2492}
[24652] 2025/11/20 10:43:58.658 Add Basket MarketNo：0 StockIdx：34023
[24652] 2025/11/20 10:43:58.658 Divide StockNo {2498}
[24652] 2025/11/20 10:43:58.658 Add Basket MarketNo：0 StockIdx：34028
[24652] 2025/11/20 10:43:58.658 Divide StockNo {2515}
[24652] 2025/11/20 10:43:58.658 Add Basket MarketNo：0 StockIdx：34036
[24652] 2025/11/20 10:43:58.658 Divide StockNo {2520}
[24652] 2025/11/20 10:43:58.659 Add Basket MarketNo：0 StockIdx：34038
[24652] 2025/11/20 10:43:58.659 Divide StockNo {2542}
[24652] 2025/11/20 10:43:58.659 Add Basket MarketNo：0 StockIdx：34050
[24652] 2025/11/20 10:43:58.659 Divide StockNo {2548}
[24652] 2025/11/20 10:43:58.659 Add Basket MarketNo：0 StockIdx：34055
[24652] 2025/11/20 10:43:58.659 Divide StockNo {2603}
[24652] 2025/11/20 10:43:58.659 Add Basket MarketNo：0 StockIdx：34058
[24652] 2025/11/20 10:43:58.659 Divide StockNo {2605}
[24652] 2025/11/20 10:43:58.659 Add Basket MarketNo：0 StockIdx：34059
[24652] 2025/11/20 10:43:58.659 Divide StockNo {2606}
[24652] 2025/11/20 10:43:58.659 Add Basket MarketNo：0 StockIdx：34060
[24652] 2025/11/20 10:43:58.659 Divide StockNo {2609}
[24652] 2025/11/20 10:43:58.659 Add Basket MarketNo：0 StockIdx：34063
[24652] 2025/11/20 10:43:58.659 Divide StockNo {2610}
[24652] 2025/11/20 10:43:58.659 Add Basket MarketNo：0 StockIdx：34064
[24652] 2025/11/20 10:43:58.659 Divide StockNo {2615}
[24652] 2025/11/20 10:43:58.659 Add Basket MarketNo：0 StockIdx：34069
[24652] 2025/11/20 10:43:58.659 Divide StockNo {2618}
[24652] 2025/11/20 10:43:58.659 Add Basket MarketNo：0 StockIdx：34072
[24652] 2025/11/20 10:43:58.659 Divide StockNo {2633}
[24652] 2025/11/20 10:43:58.659 Add Basket MarketNo：0 StockIdx：34074
[24652] 2025/11/20 10:43:58.659 Divide StockNo {2634}
[24652] 2025/11/20 10:43:58.659 Add Basket MarketNo：0 StockIdx：34075
[24652] 2025/11/20 10:43:58.659 Divide StockNo {2801}
[24652] 2025/11/20 10:43:58.659 Add Basket MarketNo：0 StockIdx：34096
[24652] 2025/11/20 10:43:58.659 Divide StockNo {2834}
[24652] 2025/11/20 10:43:58.659 Add Basket MarketNo：0 StockIdx：34101
[24652] 2025/11/20 10:43:58.659 Divide StockNo {2880}
[24652] 2025/11/20 10:43:58.659 Add Basket MarketNo：0 StockIdx：34113
[24652] 2025/11/20 10:43:58.659 Divide StockNo {2881}
[24652] 2025/11/20 10:43:58.659 Add Basket MarketNo：0 StockIdx：34114
[24652] 2025/11/20 10:43:58.659 Divide StockNo {2882}
[24652] 2025/11/20 10:43:58.659 Add Basket MarketNo：0 StockIdx：34118
[24652] 2025/11/20 10:43:58.659 Divide StockNo {2883}
[24652] 2025/11/20 10:43:58.659 Add Basket MarketNo：0 StockIdx：34121
[24652] 2025/11/20 10:43:58.659 Divide StockNo {2884}
[24652] 2025/11/20 10:43:58.659 Add Basket MarketNo：0 StockIdx：34123
[24652] 2025/11/20 10:43:58.659 Divide StockNo {2885}
[24652] 2025/11/20 10:43:58.659 Add Basket MarketNo：0 StockIdx：34124
[24652] 2025/11/20 10:43:58.659 Divide StockNo {2886}
[24652] 2025/11/20 10:43:58.659 Add Basket MarketNo：0 StockIdx：34125
[24652] 2025/11/20 10:43:58.659 Divide StockNo {2887}
[24652] 2025/11/20 10:43:58.659 Add Basket MarketNo：0 StockIdx：34126
[24652] 2025/11/20 10:43:58.659 Divide StockNo {2888}
[24652] 2025/11/20 10:43:58.659 Stock Is Not Exist 
[24652] 2025/11/20 10:43:58.659 Divide StockNo {2890}
[24652] 2025/11/20 10:43:58.659 Add Basket MarketNo：0 StockIdx：34134
[24652] 2025/11/20 10:43:58.659 Divide StockNo {2891}
[24652] 2025/11/20 10:43:58.659 Add Basket MarketNo：0 StockIdx：34135
[24652] 2025/11/20 10:43:58.659 Divide StockNo {2892}
[24652] 2025/11/20 10:43:58.659 Add Basket MarketNo：0 StockIdx：34138
[24652] 2025/11/20 10:43:58.659 Divide StockNo {2913}
[24652] 2025/11/20 10:43:58.659 Add Basket MarketNo：0 StockIdx：34150
[24652] 2025/11/20 10:43:58.659 Divide StockNo {2915}
[24652] 2025/11/20 10:43:58.659 Add Basket MarketNo：0 StockIdx：34151
[24652] 2025/11/20 10:43:58.659 Divide StockNo {3005}
[24652] 2025/11/20 10:43:58.659 Add Basket MarketNo：0 StockIdx：34159
[24652] 2025/11/20 10:43:58.659 Divide StockNo {3006}
[24652] 2025/11/20 10:43:58.659 Add Basket MarketNo：0 StockIdx：34160
[24652] 2025/11/20 10:43:58.659 Divide StockNo {3008}
[24652] 2025/11/20 10:43:58.659 Add Basket MarketNo：0 StockIdx：34161
[24652] 2025/11/20 10:43:58.659 Divide StockNo {3017}
[24652] 2025/11/20 10:43:58.659 Add Basket MarketNo：0 StockIdx：34168
[24652] 2025/11/20 10:43:58.659 Divide StockNo {3019}
[24652] 2025/11/20 10:43:58.659 Add Basket MarketNo：0 StockIdx：34170
[24652] 2025/11/20 10:43:58.659 Divide StockNo {3034}
[24652] 2025/11/20 10:43:58.660 Add Basket MarketNo：0 StockIdx：34184
[24652] 2025/11/20 10:43:58.660 Divide StockNo {3035}
[24652] 2025/11/20 10:43:58.660 Add Basket MarketNo：0 StockIdx：34185
[24652] 2025/11/20 10:43:58.660 Divide StockNo {3036}
[24652] 2025/11/20 10:43:58.660 Add Basket MarketNo：0 StockIdx：34186
[24652] 2025/11/20 10:43:58.660 Divide StockNo {3037}
[24652] 2025/11/20 10:43:58.660 Add Basket MarketNo：0 StockIdx：34188
[24652] 2025/11/20 10:43:58.660 Divide StockNo {3042}
[24652] 2025/11/20 10:43:58.660 Add Basket MarketNo：0 StockIdx：34192
[24652] 2025/11/20 10:43:58.660 Divide StockNo {3044}
[24652] 2025/11/20 10:43:58.660 Add Basket MarketNo：0 StockIdx：34194
[24652] 2025/11/20 10:43:58.660 Divide StockNo {3045}
[24652] 2025/11/20 10:43:58.660 Add Basket MarketNo：0 StockIdx：34195
[24652] 2025/11/20 10:43:58.660 Divide StockNo {3078}
[24652] 2025/11/20 10:43:58.660 Add Basket MarketNo：1 StockIdx：270
[24652] 2025/11/20 10:43:58.660 Divide StockNo {3081}
[24652] 2025/11/20 10:43:58.660 Add Basket MarketNo：1 StockIdx：271
[24652] 2025/11/20 10:43:58.660 Divide StockNo {3105}
[24652] 2025/11/20 10:43:58.660 Add Basket MarketNo：1 StockIdx：281
[24652] 2025/11/20 10:43:58.660 Divide StockNo {3152}
[24652] 2025/11/20 10:43:58.660 Add Basket MarketNo：1 StockIdx：296
[24652] 2025/11/20 10:43:58.660 Divide StockNo {3189}
[24652] 2025/11/20 10:43:58.660 Add Basket MarketNo：0 StockIdx：34222
[24652] 2025/11/20 10:43:58.660 Divide StockNo {3227}
[24652] 2025/11/20 10:43:58.660 Add Basket MarketNo：1 StockIdx：320
[24652] 2025/11/20 10:43:58.660 Divide StockNo {3231}
[24652] 2025/11/20 10:43:58.660 Add Basket MarketNo：0 StockIdx：34225
[24652] 2025/11/20 10:43:58.660 Divide StockNo {3260}
[24652] 2025/11/20 10:43:58.660 Add Basket MarketNo：1 StockIdx：329
[24652] 2025/11/20 10:43:58.660 Divide StockNo {3264}
[24652] 2025/11/20 10:43:58.660 Add Basket MarketNo：1 StockIdx：330
[24652] 2025/11/20 10:43:58.660 Divide StockNo {3293}
[24652] 2025/11/20 10:43:58.660 Add Basket MarketNo：1 StockIdx：343
[24652] 2025/11/20 10:43:58.660 Divide StockNo {3324}
[24652] 2025/11/20 10:43:58.660 Add Basket MarketNo：1 StockIdx：359
[24652] 2025/11/20 10:43:58.660 Divide StockNo {3374}
[24652] 2025/11/20 10:43:58.660 Add Basket MarketNo：1 StockIdx：376
[24652] 2025/11/20 10:43:58.660 Divide StockNo {3376}
[24652] 2025/11/20 10:43:58.660 Add Basket MarketNo：0 StockIdx：34237
[24652] 2025/11/20 10:43:58.660 Divide StockNo {3380}
[24652] 2025/11/20 10:43:58.660 Add Basket MarketNo：0 StockIdx：34238
[24652] 2025/11/20 10:43:58.660 Divide StockNo {3406}
[24652] 2025/11/20 10:43:58.660 Add Basket MarketNo：0 StockIdx：34239
[24652] 2025/11/20 10:43:58.660 Divide StockNo {3443}
[24652] 2025/11/20 10:43:58.660 Add Basket MarketNo：0 StockIdx：34245
[24652] 2025/11/20 10:43:58.660 Divide StockNo {3481}
[24652] 2025/11/20 10:43:58.660 Add Basket MarketNo：0 StockIdx：34249
[24652] 2025/11/20 10:43:58.660 Divide StockNo {3529}
[24652] 2025/11/20 10:43:58.660 Add Basket MarketNo：1 StockIdx：424
[24652] 2025/11/20 10:43:58.660 Divide StockNo {3532}
[24652] 2025/11/20 10:43:58.660 Add Basket MarketNo：0 StockIdx：34257
[24652] 2025/11/20 10:43:58.660 Divide StockNo {3533}
[24652] 2025/11/20 10:43:58.660 Add Basket MarketNo：0 StockIdx：34258
[24652] 2025/11/20 10:43:58.660 Divide StockNo {3552}
[24652] 2025/11/20 10:43:58.660 Add Basket MarketNo：1 StockIdx：435
[24652] 2025/11/20 10:43:58.660 Divide StockNo {3653}
[24652] 2025/11/20 10:43:58.660 Add Basket MarketNo：0 StockIdx：34278
[24652] 2025/11/20 10:43:58.660 Divide StockNo {3661}
[24652] 2025/11/20 10:43:58.660 Add Basket MarketNo：0 StockIdx：34279
[24652] 2025/11/20 10:43:58.660 Divide StockNo {3673}
[24652] 2025/11/20 10:43:58.660 Add Basket MarketNo：0 StockIdx：34282
[24652] 2025/11/20 10:43:58.660 Divide StockNo {3680}
[24652] 2025/11/20 10:43:58.660 Add Basket MarketNo：1 StockIdx：474
[24652] 2025/11/20 10:43:58.660 Divide StockNo {3691}
[24652] 2025/11/20 10:43:58.660 Add Basket MarketNo：1 StockIdx：484
[24652] 2025/11/20 10:43:58.660 Divide StockNo {3702}
[24652] 2025/11/20 10:43:58.661 Add Basket MarketNo：0 StockIdx：34287
[24652] 2025/11/20 10:43:58.661 Divide StockNo {3706}
[24652] 2025/11/20 10:43:58.661 Add Basket MarketNo：0 StockIdx：34291
[24652] 2025/11/20 10:43:58.661 Divide StockNo {3711}
[24652] 2025/11/20 10:43:58.661 Add Basket MarketNo：0 StockIdx：34293
[24652] 2025/11/20 10:43:58.661 Divide StockNo {3714}
[24652] 2025/11/20 10:43:58.661 Add Basket MarketNo：0 StockIdx：34295
[24652] 2025/11/20 10:43:58.661 Divide StockNo {4123}
[24652] 2025/11/20 10:43:58.661 Add Basket MarketNo：1 StockIdx：509
[24652] 2025/11/20 10:43:58.661 Divide StockNo {4128}
[24652] 2025/11/20 10:43:58.661 Add Basket MarketNo：1 StockIdx：514
[24652] 2025/11/20 10:43:58.661 Divide StockNo {4162}
[24652] 2025/11/20 10:43:58.661 Add Basket MarketNo：1 StockIdx：528
[24652] 2025/11/20 10:43:58.661 Divide StockNo {4736}
[24652] 2025/11/20 10:43:58.661 Add Basket MarketNo：0 StockIdx：34340
[24652] 2025/11/20 10:43:58.661 Divide StockNo {4743}
[24652] 2025/11/20 10:43:58.661 Add Basket MarketNo：1 StockIdx：619
[24652] 2025/11/20 10:43:58.661 Divide StockNo {4904}
[24652] 2025/11/20 10:43:58.661 Add Basket MarketNo：0 StockIdx：34351
[24652] 2025/11/20 10:43:58.661 Divide StockNo {4919}
[24652] 2025/11/20 10:43:58.661 Add Basket MarketNo：0 StockIdx：34356
[24652] 2025/11/20 10:43:58.661 Divide StockNo {4938}
[24652] 2025/11/20 10:43:58.661 Add Basket MarketNo：0 StockIdx：34361
[24652] 2025/11/20 10:43:58.661 Divide StockNo {4958}
[24652] 2025/11/20 10:43:58.661 Add Basket MarketNo：0 StockIdx：34367
[24652] 2025/11/20 10:43:58.661 Divide StockNo {5009}
[24652] 2025/11/20 10:43:58.661 Add Basket MarketNo：1 StockIdx：661
[24652] 2025/11/20 10:43:58.661 Divide StockNo {5269}
[24652] 2025/11/20 10:43:58.661 Add Basket MarketNo：0 StockIdx：34386
[24652] 2025/11/20 10:43:58.661 Divide StockNo {5274}
[24652] 2025/11/20 10:43:58.661 Add Basket MarketNo：1 StockIdx：695
[24652] 2025/11/20 10:43:58.661 Divide StockNo {5347}
[24652] 2025/11/20 10:43:58.661 Add Basket MarketNo：1 StockIdx：718
[24652] 2025/11/20 10:43:58.661 Divide StockNo {5371}
[24652] 2025/11/20 10:43:58.661 Add Basket MarketNo：1 StockIdx：725
[24652] 2025/11/20 10:43:58.661 Divide StockNo {5388}
[24652] 2025/11/20 10:43:58.661 Add Basket MarketNo：0 StockIdx：34393
[24652] 2025/11/20 10:43:58.661 Divide StockNo {5425}
[24652] 2025/11/20 10:43:58.661 Add Basket MarketNo：1 StockIdx：733
[24652] 2025/11/20 10:43:58.661 Divide StockNo {5457}
[24652] 2025/11/20 10:43:58.661 Add Basket MarketNo：1 StockIdx：745
[24652] 2025/11/20 10:43:58.661 Divide StockNo {5483}
[24652] 2025/11/20 10:43:58.661 Add Basket MarketNo：1 StockIdx：755
[24652] 2025/11/20 10:43:58.661 Divide StockNo {5534}
[24652] 2025/11/20 10:43:58.661 Add Basket MarketNo：0 StockIdx：34405
[24652] 2025/11/20 10:43:58.661 Divide StockNo {5871}
[24652] 2025/11/20 10:43:58.661 Add Basket MarketNo：0 StockIdx：34411
[24652] 2025/11/20 10:43:58.661 Divide StockNo {5876}
[24652] 2025/11/20 10:43:58.661 Add Basket MarketNo：0 StockIdx：34413
[24652] 2025/11/20 10:43:58.661 Divide StockNo {5880}
[24652] 2025/11/20 10:43:58.661 Add Basket MarketNo：0 StockIdx：34414
[24652] 2025/11/20 10:43:58.661 Divide StockNo {5904}
[24652] 2025/11/20 10:43:58.661 Add Basket MarketNo：1 StockIdx：789
[24652] 2025/11/20 10:43:58.661 Divide StockNo {6005}
[24652] 2025/11/20 10:43:58.661 Add Basket MarketNo：0 StockIdx：34417
[24652] 2025/11/20 10:43:58.661 Divide StockNo {6116}
[24652] 2025/11/20 10:43:58.661 Add Basket MarketNo：0 StockIdx：34422
[24652] 2025/11/20 10:43:58.661 Divide StockNo {6121}
[24652] 2025/11/20 10:43:58.661 Add Basket MarketNo：1 StockIdx：812
[24652] 2025/11/20 10:43:58.661 Divide StockNo {6139}
[24652] 2025/11/20 10:43:58.661 Add Basket MarketNo：0 StockIdx：34428
[24652] 2025/11/20 10:43:58.661 Divide StockNo {6147}
[24652] 2025/11/20 10:43:58.661 Add Basket MarketNo：1 StockIdx：830
[24652] 2025/11/20 10:43:58.661 Divide StockNo {6153}
[24652] 2025/11/20 10:43:58.661 Add Basket MarketNo：0 StockIdx：34432
[24652] 2025/11/20 10:43:58.661 Divide StockNo {6173}
[24652] 2025/11/20 10:43:58.662 Add Basket MarketNo：1 StockIdx：847
[24652] 2025/11/20 10:43:58.662 Divide StockNo {6176}
[24652] 2025/11/20 10:43:58.662 Add Basket MarketNo：0 StockIdx：34438
[24652] 2025/11/20 10:43:58.662 Divide StockNo {6182}
[24652] 2025/11/20 10:43:58.662 Add Basket MarketNo：1 StockIdx：855
[24652] 2025/11/20 10:43:58.662 Divide StockNo {6188}
[24652] 2025/11/20 10:43:58.662 Add Basket MarketNo：1 StockIdx：863
[24652] 2025/11/20 10:43:58.662 Divide StockNo {6213}
[24652] 2025/11/20 10:43:58.662 Add Basket MarketNo：0 StockIdx：34452
[24652] 2025/11/20 10:43:58.662 Divide StockNo {6223}
[24652] 2025/11/20 10:43:58.662 Add Basket MarketNo：1 StockIdx：889
[24652] 2025/11/20 10:43:58.662 Divide StockNo {6239}
[24652] 2025/11/20 10:43:58.662 Add Basket MarketNo：0 StockIdx：34461
[24652] 2025/11/20 10:43:58.662 Divide StockNo {6245}
[24652] 2025/11/20 10:43:58.662 Add Basket MarketNo：1 StockIdx：904
[24652] 2025/11/20 10:43:58.662 Divide StockNo {6257}
[24652] 2025/11/20 10:43:58.662 Add Basket MarketNo：0 StockIdx：34463
[24652] 2025/11/20 10:43:58.662 Divide StockNo {6269}
[24652] 2025/11/20 10:43:58.662 Add Basket MarketNo：0 StockIdx：34464
[24652] 2025/11/20 10:43:58.662 Divide StockNo {6271}
[24652] 2025/11/20 10:43:58.662 Add Basket MarketNo：0 StockIdx：34465
[24652] 2025/11/20 10:43:58.662 Divide StockNo {6274}
[24652] 2025/11/20 10:43:58.662 Add Basket MarketNo：1 StockIdx：916
[24652] 2025/11/20 10:43:58.662 Divide StockNo {6278}
[24652] 2025/11/20 10:43:58.662 Add Basket MarketNo：0 StockIdx：34467
[24652] 2025/11/20 10:43:58.662 Divide StockNo {6279}
[24652] 2025/11/20 10:43:58.662 Add Basket MarketNo：1 StockIdx：921
[24652] 2025/11/20 10:43:58.662 Divide StockNo {6282}
[24652] 2025/11/20 10:43:58.662 Add Basket MarketNo：0 StockIdx：34469
[24652] 2025/11/20 10:43:58.662 Divide StockNo {6285}
[24652] 2025/11/20 10:43:58.662 Add Basket MarketNo：0 StockIdx：34471
[24652] 2025/11/20 10:43:58.662 Divide StockNo {6414}
[24652] 2025/11/20 10:43:58.662 Add Basket MarketNo：0 StockIdx：34475
[24652] 2025/11/20 10:43:58.662 Divide StockNo {6443}
[24652] 2025/11/20 10:43:58.662 Add Basket MarketNo：0 StockIdx：34483
[24652] 2025/11/20 10:43:58.662 Divide StockNo {6472}
[24652] 2025/11/20 10:43:58.662 Add Basket MarketNo：0 StockIdx：34489
[24652] 2025/11/20 10:43:58.662 Divide StockNo {6488}
[24652] 2025/11/20 10:43:58.662 Add Basket MarketNo：1 StockIdx：956
[24652] 2025/11/20 10:43:58.662 Divide StockNo {6505}
[24652] 2025/11/20 10:43:58.662 Add Basket MarketNo：0 StockIdx：34493
[24652] 2025/11/20 10:43:58.662 Divide StockNo {6510}
[24652] 2025/11/20 10:43:58.662 Add Basket MarketNo：1 StockIdx：966
[24652] 2025/11/20 10:43:58.662 Divide StockNo {6526}
[24652] 2025/11/20 10:43:58.662 Add Basket MarketNo：0 StockIdx：34496
[24652] 2025/11/20 10:43:58.662 Divide StockNo {6547}
[24652] 2025/11/20 10:43:58.662 Add Basket MarketNo：1 StockIdx：981
[24652] 2025/11/20 10:43:58.662 Divide StockNo {6669}
[24652] 2025/11/20 10:43:58.662 Add Basket MarketNo：0 StockIdx：34525
[24652] 2025/11/20 10:43:58.662 Divide StockNo {6757}
[24652] 2025/11/20 10:43:58.662 Add Basket MarketNo：0 StockIdx：34542
[24652] 2025/11/20 10:43:58.662 Divide StockNo {6770}
[24652] 2025/11/20 10:43:58.662 Add Basket MarketNo：0 StockIdx：34544
[24652] 2025/11/20 10:43:58.662 Divide StockNo {8039}
[24652] 2025/11/20 10:43:58.662 Add Basket MarketNo：0 StockIdx：34621
[24652] 2025/11/20 10:43:58.662 Divide StockNo {8044}
[24652] 2025/11/20 10:43:58.662 Add Basket MarketNo：1 StockIdx：12473
[24652] 2025/11/20 10:43:58.662 Divide StockNo {8046}
[24652] 2025/11/20 10:43:58.662 Add Basket MarketNo：0 StockIdx：34623
[24652] 2025/11/20 10:43:58.662 Divide StockNo {8069}
[24652] 2025/11/20 10:43:58.662 Add Basket MarketNo：1 StockIdx：12485
[24652] 2025/11/20 10:43:58.662 Divide StockNo {8086}
[24652] 2025/11/20 10:43:58.662 Add Basket MarketNo：1 StockIdx：12494
[24652] 2025/11/20 10:43:58.662 Divide StockNo {8112}
[24652] 2025/11/20 10:43:58.662 Add Basket MarketNo：0 StockIdx：34632
[24652] 2025/11/20 10:43:58.663 Divide StockNo {8150}
[24652] 2025/11/20 10:43:58.663 Add Basket MarketNo：0 StockIdx：34636
[24652] 2025/11/20 10:43:58.663 Divide StockNo {8163}
[24652] 2025/11/20 10:43:58.663 Add Basket MarketNo：0 StockIdx：34638
[24652] 2025/11/20 10:43:58.663 Divide StockNo {8299}
[24652] 2025/11/20 10:43:58.663 Add Basket MarketNo：1 StockIdx：12533
[24652] 2025/11/20 10:43:58.663 Divide StockNo {8358}
[24652] 2025/11/20 10:43:58.663 Add Basket MarketNo：1 StockIdx：12539
[24652] 2025/11/20 10:43:58.663 Divide StockNo {8436}
[24652] 2025/11/20 10:43:58.663 Add Basket MarketNo：1 StockIdx：12564
[24652] 2025/11/20 10:43:58.663 Divide StockNo {8454}
[24652] 2025/11/20 10:43:58.663 Add Basket MarketNo：0 StockIdx：34657
[24652] 2025/11/20 10:43:58.663 Divide StockNo {9904}
[24652] 2025/11/20 10:43:58.663 Add Basket MarketNo：0 StockIdx：34686
[24652] 2025/11/20 10:43:58.663 Divide StockNo {9914}
[24652] 2025/11/20 10:43:58.663 Add Basket MarketNo：0 StockIdx：34694
[24652] 2025/11/20 10:43:58.663 Divide StockNo {9938}
[24652] 2025/11/20 10:43:58.663 Add Basket MarketNo：0 StockIdx：34710
[24652] 2025/11/20 10:43:58.663 Divide StockNo {9939}
[24652] 2025/11/20 10:43:58.663 Add Basket MarketNo：0 StockIdx：34711
[24652] 2025/11/20 10:43:58.663 Divide StockNo {9945}
[24652] 2025/11/20 10:43:58.663 Add Basket MarketNo：0 StockIdx：34718
[24652] 2025/11/20 10:43:58.663 Divide StockNo {9958}
[24652] 2025/11/20 10:43:58.663 Add Basket MarketNo：0 StockIdx：34721
[24652] 2025/11/20 10:43:58.663 Divide StockNo {TSE}
[24652] 2025/11/20 10:43:58.663 Stock Is Not Exist 
[24652] 2025/11/20 10:43:58.663 Divide StockNo {TSE23}
[24652] 2025/11/20 10:43:58.663 Add Basket MarketNo：0 StockIdx：35038
[24652] 2025/11/20 10:43:58.663 Divide StockNo {TSE28}
[24652] 2025/11/20 10:43:58.663 Add Basket MarketNo：0 StockIdx：35043
[24652] 2025/11/20 10:43:58.663 Divide StockNo {TWMC}
[24652] 2025/11/20 10:43:58.663 Stock Is Not Exist 
[24652] 2025/11/20 10:43:58.663 Return PageNo： 1 
[5992] 2025/11/20 10:46:01.943 Precheck/DistributedServer Query result is 000,分配成功
[5992] 2025/11/20 10:46:01.943 >> Host srvsolace-tp2.capital.com.tw
[5992] 2025/11/20 10:46:01.948 SKQuoteLib_EnterMonitor IP：srvsolace-tp2.capital.com.tw
[5992] 2025/11/20 10:46:02.070 OnSessionConnect，Code: 3001, Error Code:0.
[5992] 2025/11/20 10:46:02.122 SKQuoteLib_EnterMonitorLONG starting
[5992] 2025/11/20 10:46:02.124 OnConnection ( 3001 , 0 ) 
[5992] 2025/11/20 10:46:02.848 Market Info is OK!
[5992] 2025/11/20 10:46:03.122 Catalog info is OK!
[5992] 2025/11/20 10:46:07.229 Solace RequestInitializeData (TO_S_19,S_1F)
[5992] 2025/11/20 10:46:07.229 Solace RequestInitializeData (TO_S_19,S_1F)
[5992] 2025/11/20 10:46:07.230 OnConnection ( 3003 , 0 ) 
[5992] 2025/11/20 10:46:09.170 SKQuoteLib_RequestStocks (1 , CAF00, CBF00, CCF00, CDF00, CEF00, CFF00, CGF00, CHF00, CJF00, CKF00, CLF00, CMF00, CNF00, CQF00, CRF00, CSF00, CUF00, CWF00, CXF00, CYF00, CZF00, DAF00, DBF00, DCF00, DEF00, DFF00, DGF00, DHF00, DIF00, DJF00, DKF00, DLF00, DNF00, DOF00, DPF00, DQF00, DSF00, DVF00, DWF00, DXF00, DYF00, DZF00, EEF00, EGF00, EHF00, EKF00, EMF00, EPF00, EYF00, EZF00, FBF00, FCF00, FEF00, FFF00, FGF00, FKF00, FNF00, FQF00, FRF00, FSF00, FTF00, FVF00, FWF00, FYF00, FZF00, GAF00, GCF00, GHF00, GIF00, GJF00, GKF00, GLF00, GMF00, GNF00, GOF00, GRF00, GUF00, GVF00, GWF00, GXF00, GYF00, GZF00, HAF00, HBF00, HCF00, HHF00, HIF00, HLF00, HOF00, HQF00, HSF00, IAF00, IHF00, IIF00, IJF00, IMF00, IOF00, IPF00, IQF00, IRF00, ITF00, IXF00, IYF00, IZF00, JBF00, JFF00, JMF00, JNF00, JPF00, JSF00, JWF00, JXF00, JZF00, KAF00, KBF00, KCF00, KDF00, KEF00, KFF00, KGF00, KIF00, KKF00, KLF00, KOF00, KPF00, KSF00, KUF00, KWF00, LBF00, LCF00, LEF00, LIF00, LMF00, LOF00, LQF00, LRF00, LTF00, LUF00, LVF00, LWF00, LXF00, LYF00, MAF00, MBF00, MJF00, MKF00, MQF00, MVF00, MYF00, NAF00, NBF00, NDF00, NEF00, NGF00, NIF00, NJF00, NLF00, NMF00, NOF00, NQF00, NSF00, NUF00, NVF00, NWF00, NYF00, OAF00, OBF00, ODF00, OEF00, OHF00, OJF00, OKF00, OLF00, OMF00, OOF00, OPF00, OQF00, ORF00, OSF00, OTF00, OUF00, OVF00, OWF00, OXF00, OYF00, OZF00, PAF00, PBF00, PCF00, PDF00, PEF00, PFF00, PGF00, PHF00, PIF00, PJF00, PKF00, PLF00, PMF00, PNF00, PPF00, PQF00, PRF00, PSF00, PTF00, PUF00, PVF00, PWF00, PXF00, PYF00, PZF00, QAF00, QBF00, QCF00, QDF00, QEF00, QFF00, QGF00, QHF00, QIF00, QJF00, QKF00, QLF00, QMF00, QNF00, QOF00, QPF00, QQF00, QRF00, QSF00, QTF00, QUF00, QVF00, QWF00, QXF00, QYF00, QZF00, RAF00, RBF00, RCF00, RDF00, REF00, RFF00, RGF00, RIF00, RJF00, RKF00, RLF00, RMF00, RNF00, ROF00, RPF00, RQF00, RRF00, RSF00, RUF00, RVF00, RWF00, RXF00, RYF00, RZF00, SAF00, SBF00, SCF00, SDF00, SEF00, SFF00, SGF00, SIF00, SJF00, SKF00, SLF00, SMF00, SNF00, SQF00, SRF00, SSF00, SUF00, SVF00, SWF00, SYF00, SZF00, UAF00, UBF00, UCF00, UEF00, UFF00, UGF00, UHF00, UIF00, UJF00, UKF00, ULF00, UMF00, UOF00, UPF00, UQF00, URF00, USF00, UTF00, UUF00, UVF00, UWF00, 0050, 0056, 006205, 006206, 00636, 00639, 00643, 00679B, 00687B, 00719B, 00757, 00772B, 00878, 00885, 00893, 00919, 00923, 00929, 00937B, 00940, 1101, 1102, 1210, 1216, 1301, 1303, 1312, 1314, 1319, 1326, 1402, 1440, 1476, 1477, 1503, 1504, 1513, 1536, 1565, 1590, 1605, 1609, 1707, 1717, 1718, 1722, 1795, 1802, 1904, 1905, 1907, 1909, 2002, 2006, 2014, 2027, 2049, 2059, 2105, 2201, 2231, 2301, 2303, 2308, 2312, 2313, 2317, 2323, 2324, 2327, 2328, 2330, 2331, 2332, 2337, 2338, 2340, 2344, 2345, 2347, 2352, 2353, 2354, 2355, 2356, 2357, 2360, 2368, 2371, 2376, 2377, 2379, 2382, 2383, 2385, 2388, 2392, 2393, 2401, 2404, 2408, 2409, 2412, 2439, 2441, 2449, 2454, 2455, 2457, 2458, 2474, 2481, 2485, 2486, 2489, 2492, 2498, 2515, 2520, 2542, 2548, 2603, 2605, 2606, 2609, 2610, 2615, 2618, 2633, 2634, 2801, 2834, 2880, 2881, 2882, 2883, 2884, 2885, 2886, 2887, 2888, 2890, 2891, 2892, 2913, 2915, 3005, 3006, 3008, 3017, 3019, 3034, 3035, 3036, 3037, 3042, 3044, 3045, 3078, 3081, 3105, 3152, 3189, 3227, 3231, 3260, 3264, 3293, 3324, 3374, 3376, 3380, 3406, 3443, 3481, 3529, 3532, 3533, 3552, 3653, 3661, 3673, 3680, 3691, 3702, 3706, 3711, 3714, 4123, 4128, 4162, 4736, 4743, 4904, 4919, 4938, 4958, 5009, 5269, 5274, 5347, 5371, 5388, 5425, 5457, 5483, 5534, 5871, 5876, 5880, 5904, 6005, 6116, 6121, 6139, 6147, 6153, 6173, 6176, 6182, 6188, 6213, 6223, 6239, 6245, 6257, 6269, 6271, 6274, 6278, 6279, 6282, 6285, 6414, 6443, 6472, 6488, 6505, 6510, 6526, 6547, 6669, 6757, 6770, 8039, 8044, 8046, 8069, 8086, 8112, 8150, 8163, 8299, 8358, 8436, 8454, 9904, 9914, 9938, 9939, 9945, 9958, TSE, TSE23, TSE28, TWMC)
[5992] 2025/11/20 10:46:09.173 Divide StockNo {CAF00}
[5992] 2025/11/20 10:46:09.173 Add Basket MarketNo：2 StockIdx：704
[5992] 2025/11/20 10:46:09.173 Divide StockNo {CBF00}
[5992] 2025/11/20 10:46:09.173 Add Basket MarketNo：2 StockIdx：710
[5992] 2025/11/20 10:46:09.173 Divide StockNo {CCF00}
[5992] 2025/11/20 10:46:09.173 Add Basket MarketNo：2 StockIdx：120
[5992] 2025/11/20 10:46:09.173 Divide StockNo {CDF00}
[5992] 2025/11/20 10:46:09.173 Add Basket MarketNo：2 StockIdx：126
[5992] 2025/11/20 10:46:09.173 Divide StockNo {CEF00}
[5992] 2025/11/20 10:46:09.173 Add Basket MarketNo：2 StockIdx：728
[5992] 2025/11/20 10:46:09.173 Divide StockNo {CFF00}
[5992] 2025/11/20 10:46:09.173 Add Basket MarketNo：2 StockIdx：736
[5992] 2025/11/20 10:46:09.173 Divide StockNo {CGF00}
[5992] 2025/11/20 10:46:09.173 Add Basket MarketNo：2 StockIdx：742
[5992] 2025/11/20 10:46:09.173 Divide StockNo {CHF00}
[5992] 2025/11/20 10:46:09.173 Add Basket MarketNo：2 StockIdx：748
[5992] 2025/11/20 10:46:09.173 Divide StockNo {CJF00}
[5992] 2025/11/20 10:46:09.173 Add Basket MarketNo：2 StockIdx：754
[5992] 2025/11/20 10:46:09.173 Divide StockNo {CKF00}
[5992] 2025/11/20 10:46:09.173 Add Basket MarketNo：2 StockIdx：760
[5992] 2025/11/20 10:46:09.173 Divide StockNo {CLF00}
[5992] 2025/11/20 10:46:09.173 Add Basket MarketNo：2 StockIdx：766
[5992] 2025/11/20 10:46:09.173 Divide StockNo {CMF00}
[5992] 2025/11/20 10:46:09.173 Add Basket MarketNo：2 StockIdx：772
[5992] 2025/11/20 10:46:09.173 Divide StockNo {CNF00}
[5992] 2025/11/20 10:46:09.173 Add Basket MarketNo：2 StockIdx：778
[5992] 2025/11/20 10:46:09.173 Divide StockNo {CQF00}
[5992] 2025/11/20 10:46:09.173 Add Basket MarketNo：2 StockIdx：784
[5992] 2025/11/20 10:46:09.173 Divide StockNo {CRF00}
[5992] 2025/11/20 10:46:09.173 Add Basket MarketNo：2 StockIdx：790
[5992] 2025/11/20 10:46:09.173 Divide StockNo {CSF00}
[5992] 2025/11/20 10:46:09.173 Add Basket MarketNo：2 StockIdx：796
[5992] 2025/11/20 10:46:09.173 Divide StockNo {CUF00}
[5992] 2025/11/20 10:46:09.173 Add Basket MarketNo：2 StockIdx：802
[5992] 2025/11/20 10:46:09.173 Divide StockNo {CWF00}
[5992] 2025/11/20 10:46:09.174 Add Basket MarketNo：2 StockIdx：808
[5992] 2025/11/20 10:46:09.174 Divide StockNo {CXF00}
[5992] 2025/11/20 10:46:09.174 Add Basket MarketNo：2 StockIdx：816
[5992] 2025/11/20 10:46:09.174 Divide StockNo {CYF00}
[5992] 2025/11/20 10:46:09.174 Add Basket MarketNo：2 StockIdx：822
[5992] 2025/11/20 10:46:09.174 Divide StockNo {CZF00}
[5992] 2025/11/20 10:46:09.174 Add Basket MarketNo：2 StockIdx：828
[5992] 2025/11/20 10:46:09.174 Divide StockNo {DAF00}
[5992] 2025/11/20 10:46:09.174 Add Basket MarketNo：2 StockIdx：834
[5992] 2025/11/20 10:46:09.174 Divide StockNo {DBF00}
[5992] 2025/11/20 10:46:09.174 Add Basket MarketNo：2 StockIdx：840
[5992] 2025/11/20 10:46:09.174 Divide StockNo {DCF00}
[5992] 2025/11/20 10:46:09.174 Add Basket MarketNo：2 StockIdx：846
[5992] 2025/11/20 10:46:09.174 Divide StockNo {DEF00}
[5992] 2025/11/20 10:46:09.174 Add Basket MarketNo：2 StockIdx：854
[5992] 2025/11/20 10:46:09.174 Divide StockNo {DFF00}
[5992] 2025/11/20 10:46:09.174 Add Basket MarketNo：2 StockIdx：863
[5992] 2025/11/20 10:46:09.174 Divide StockNo {DGF00}
[5992] 2025/11/20 10:46:09.174 Add Basket MarketNo：2 StockIdx：869
[5992] 2025/11/20 10:46:09.174 Divide StockNo {DHF00}
[5992] 2025/11/20 10:46:09.174 Add Basket MarketNo：2 StockIdx：875
[5992] 2025/11/20 10:46:09.174 Divide StockNo {DIF00}
[5992] 2025/11/20 10:46:09.174 Add Basket MarketNo：2 StockIdx：881
[5992] 2025/11/20 10:46:09.174 Divide StockNo {DJF00}
[5992] 2025/11/20 10:46:09.174 Add Basket MarketNo：2 StockIdx：887
[5992] 2025/11/20 10:46:09.174 Divide StockNo {DKF00}
[5992] 2025/11/20 10:46:09.174 Add Basket MarketNo：2 StockIdx：893
[5992] 2025/11/20 10:46:09.174 Divide StockNo {DLF00}
[5992] 2025/11/20 10:46:09.174 Add Basket MarketNo：2 StockIdx：899
[5992] 2025/11/20 10:46:09.174 Divide StockNo {DNF00}
[5992] 2025/11/20 10:46:09.174 Add Basket MarketNo：2 StockIdx：905
[5992] 2025/11/20 10:46:09.174 Divide StockNo {DOF00}
[5992] 2025/11/20 10:46:09.174 Add Basket MarketNo：2 StockIdx：913
[5992] 2025/11/20 10:46:09.174 Divide StockNo {DPF00}
[5992] 2025/11/20 10:46:09.174 Add Basket MarketNo：2 StockIdx：919
[5992] 2025/11/20 10:46:09.174 Divide StockNo {DQF00}
[5992] 2025/11/20 10:46:09.174 Add Basket MarketNo：2 StockIdx：925
[5992] 2025/11/20 10:46:09.174 Divide StockNo {DSF00}
[5992] 2025/11/20 10:46:09.174 Add Basket MarketNo：2 StockIdx：931
[5992] 2025/11/20 10:46:09.174 Divide StockNo {DVF00}
[5992] 2025/11/20 10:46:09.174 Add Basket MarketNo：2 StockIdx：937
[5992] 2025/11/20 10:46:09.174 Divide StockNo {DWF00}
[5992] 2025/11/20 10:46:09.174 Add Basket MarketNo：2 StockIdx：943
[5992] 2025/11/20 10:46:09.174 Divide StockNo {DXF00}
[5992] 2025/11/20 10:46:09.174 Add Basket MarketNo：2 StockIdx：949
[5992] 2025/11/20 10:46:09.174 Divide StockNo {DYF00}
[5992] 2025/11/20 10:46:09.174 Add Basket MarketNo：2 StockIdx：955
[5992] 2025/11/20 10:46:09.174 Divide StockNo {DZF00}
[5992] 2025/11/20 10:46:09.174 Add Basket MarketNo：2 StockIdx：961
[5992] 2025/11/20 10:46:09.174 Divide StockNo {EEF00}
[5992] 2025/11/20 10:46:09.174 Add Basket MarketNo：2 StockIdx：967
[5992] 2025/11/20 10:46:09.174 Divide StockNo {EGF00}
[5992] 2025/11/20 10:46:09.174 Add Basket MarketNo：2 StockIdx：973
[5992] 2025/11/20 10:46:09.174 Divide StockNo {EHF00}
[5992] 2025/11/20 10:46:09.174 Add Basket MarketNo：2 StockIdx：979
[5992] 2025/11/20 10:46:09.174 Divide StockNo {EKF00}
[5992] 2025/11/20 10:46:09.174 Add Basket MarketNo：2 StockIdx：985
[5992] 2025/11/20 10:46:09.174 Divide StockNo {EMF00}
[5992] 2025/11/20 10:46:09.174 Add Basket MarketNo：2 StockIdx：991
[5992] 2025/11/20 10:46:09.174 Divide StockNo {EPF00}
[5992] 2025/11/20 10:46:09.174 Add Basket MarketNo：2 StockIdx：997
[5992] 2025/11/20 10:46:09.174 Divide StockNo {EYF00}
[5992] 2025/11/20 10:46:09.174 Add Basket MarketNo：2 StockIdx：1003
[5992] 2025/11/20 10:46:09.174 Divide StockNo {EZF00}
[5992] 2025/11/20 10:46:09.174 Add Basket MarketNo：2 StockIdx：1009
[5992] 2025/11/20 10:46:09.174 Divide StockNo {FBF00}
[5992] 2025/11/20 10:46:09.174 Add Basket MarketNo：2 StockIdx：1015
[5992] 2025/11/20 10:46:09.175 Divide StockNo {FCF00}
[5992] 2025/11/20 10:46:09.175 Add Basket MarketNo：2 StockIdx：1021
[5992] 2025/11/20 10:46:09.175 Divide StockNo {FEF00}
[5992] 2025/11/20 10:46:09.175 Add Basket MarketNo：2 StockIdx：1025
[5992] 2025/11/20 10:46:09.175 Divide StockNo {FFF00}
[5992] 2025/11/20 10:46:09.175 Add Basket MarketNo：2 StockIdx：1033
[5992] 2025/11/20 10:46:09.175 Divide StockNo {FGF00}
[5992] 2025/11/20 10:46:09.175 Add Basket MarketNo：2 StockIdx：1039
[5992] 2025/11/20 10:46:09.175 Divide StockNo {FKF00}
[5992] 2025/11/20 10:46:09.175 Add Basket MarketNo：2 StockIdx：1045
[5992] 2025/11/20 10:46:09.175 Divide StockNo {FNF00}
[5992] 2025/11/20 10:46:09.175 Add Basket MarketNo：2 StockIdx：1051
[5992] 2025/11/20 10:46:09.175 Divide StockNo {FQF00}
[5992] 2025/11/20 10:46:09.175 Add Basket MarketNo：2 StockIdx：1057
[5992] 2025/11/20 10:46:09.175 Divide StockNo {FRF00}
[5992] 2025/11/20 10:46:09.175 Add Basket MarketNo：2 StockIdx：1063
[5992] 2025/11/20 10:46:09.175 Divide StockNo {FSF00}
[5992] 2025/11/20 10:46:09.175 Add Basket MarketNo：2 StockIdx：1069
[5992] 2025/11/20 10:46:09.175 Divide StockNo {FTF00}
[5992] 2025/11/20 10:46:09.175 Add Basket MarketNo：2 StockIdx：1075
[5992] 2025/11/20 10:46:09.175 Divide StockNo {FVF00}
[5992] 2025/11/20 10:46:09.175 Add Basket MarketNo：2 StockIdx：1081
[5992] 2025/11/20 10:46:09.175 Divide StockNo {FWF00}
[5992] 2025/11/20 10:46:09.175 Add Basket MarketNo：2 StockIdx：1087
[5992] 2025/11/20 10:46:09.175 Divide StockNo {FYF00}
[5992] 2025/11/20 10:46:09.175 Add Basket MarketNo：2 StockIdx：1093
[5992] 2025/11/20 10:46:09.175 Divide StockNo {FZF00}
[5992] 2025/11/20 10:46:09.175 Add Basket MarketNo：2 StockIdx：1099
[5992] 2025/11/20 10:46:09.175 Divide StockNo {GAF00}
[5992] 2025/11/20 10:46:09.175 Add Basket MarketNo：2 StockIdx：1105
[5992] 2025/11/20 10:46:09.175 Divide StockNo {GCF00}
[5992] 2025/11/20 10:46:09.175 Add Basket MarketNo：2 StockIdx：1111
[5992] 2025/11/20 10:46:09.175 Divide StockNo {GHF00}
[5992] 2025/11/20 10:46:09.175 Add Basket MarketNo：2 StockIdx：1117
[5992] 2025/11/20 10:46:09.175 Divide StockNo {GIF00}
[5992] 2025/11/20 10:46:09.175 Add Basket MarketNo：2 StockIdx：1123
[5992] 2025/11/20 10:46:09.175 Divide StockNo {GJF00}
[5992] 2025/11/20 10:46:09.175 Add Basket MarketNo：2 StockIdx：1129
[5992] 2025/11/20 10:46:09.175 Divide StockNo {GKF00}
[5992] 2025/11/20 10:46:09.175 Add Basket MarketNo：2 StockIdx：1135
[5992] 2025/11/20 10:46:09.175 Divide StockNo {GLF00}
[5992] 2025/11/20 10:46:09.175 Add Basket MarketNo：2 StockIdx：1141
[5992] 2025/11/20 10:46:09.175 Divide StockNo {GMF00}
[5992] 2025/11/20 10:46:09.175 Add Basket MarketNo：2 StockIdx：1147
[5992] 2025/11/20 10:46:09.175 Divide StockNo {GNF00}
[5992] 2025/11/20 10:46:09.175 Add Basket MarketNo：2 StockIdx：1153
[5992] 2025/11/20 10:46:09.175 Divide StockNo {GOF00}
[5992] 2025/11/20 10:46:09.175 Add Basket MarketNo：2 StockIdx：1159
[5992] 2025/11/20 10:46:09.175 Divide StockNo {GRF00}
[5992] 2025/11/20 10:46:09.175 Add Basket MarketNo：2 StockIdx：1165
[5992] 2025/11/20 10:46:09.175 Divide StockNo {GUF00}
[5992] 2025/11/20 10:46:09.175 Add Basket MarketNo：2 StockIdx：1171
[5992] 2025/11/20 10:46:09.175 Divide StockNo {GVF00}
[5992] 2025/11/20 10:46:09.175 Add Basket MarketNo：2 StockIdx：1177
[5992] 2025/11/20 10:46:09.175 Divide StockNo {GWF00}
[5992] 2025/11/20 10:46:09.175 Add Basket MarketNo：2 StockIdx：1183
[5992] 2025/11/20 10:46:09.175 Divide StockNo {GXF00}
[5992] 2025/11/20 10:46:09.175 Add Basket MarketNo：2 StockIdx：1189
[5992] 2025/11/20 10:46:09.175 Divide StockNo {GYF00}
[5992] 2025/11/20 10:46:09.175 Add Basket MarketNo：2 StockIdx：1195
[5992] 2025/11/20 10:46:09.175 Divide StockNo {GZF00}
[5992] 2025/11/20 10:46:09.175 Add Basket MarketNo：2 StockIdx：1201
[5992] 2025/11/20 10:46:09.175 Divide StockNo {HAF00}
[5992] 2025/11/20 10:46:09.175 Add Basket MarketNo：2 StockIdx：1207
[5992] 2025/11/20 10:46:09.175 Divide StockNo {HBF00}
[5992] 2025/11/20 10:46:09.175 Add Basket MarketNo：2 StockIdx：1217
[5992] 2025/11/20 10:46:09.175 Divide StockNo {HCF00}
[5992] 2025/11/20 10:46:09.176 Add Basket MarketNo：2 StockIdx：1223
[5992] 2025/11/20 10:46:09.176 Divide StockNo {HHF00}
[5992] 2025/11/20 10:46:09.176 Add Basket MarketNo：2 StockIdx：1229
[5992] 2025/11/20 10:46:09.176 Divide StockNo {HIF00}
[5992] 2025/11/20 10:46:09.176 Add Basket MarketNo：2 StockIdx：1239
[5992] 2025/11/20 10:46:09.176 Divide StockNo {HLF00}
[5992] 2025/11/20 10:46:09.176 Add Basket MarketNo：2 StockIdx：1245
[5992] 2025/11/20 10:46:09.176 Divide StockNo {HOF00}
[5992] 2025/11/20 10:46:09.176 Add Basket MarketNo：2 StockIdx：1255
[5992] 2025/11/20 10:46:09.176 Divide StockNo {HQF00}
[5992] 2025/11/20 10:46:09.176 Add Basket MarketNo：2 StockIdx：1261
[5992] 2025/11/20 10:46:09.176 Divide StockNo {HSF00}
[5992] 2025/11/20 10:46:09.176 Add Basket MarketNo：2 StockIdx：1267
[5992] 2025/11/20 10:46:09.176 Divide StockNo {IAF00}
[5992] 2025/11/20 10:46:09.176 Add Basket MarketNo：2 StockIdx：1273
[5992] 2025/11/20 10:46:09.176 Divide StockNo {IHF00}
[5992] 2025/11/20 10:46:09.176 Add Basket MarketNo：2 StockIdx：1282
[5992] 2025/11/20 10:46:09.176 Divide StockNo {IIF00}
[5992] 2025/11/20 10:46:09.176 Add Basket MarketNo：2 StockIdx：1288
[5992] 2025/11/20 10:46:09.176 Divide StockNo {IJF00}
[5992] 2025/11/20 10:46:09.176 Add Basket MarketNo：2 StockIdx：1294
[5992] 2025/11/20 10:46:09.176 Divide StockNo {IMF00}
[5992] 2025/11/20 10:46:09.176 Add Basket MarketNo：2 StockIdx：1300
[5992] 2025/11/20 10:46:09.176 Divide StockNo {IOF00}
[5992] 2025/11/20 10:46:09.176 Add Basket MarketNo：2 StockIdx：1306
[5992] 2025/11/20 10:46:09.176 Divide StockNo {IPF00}
[5992] 2025/11/20 10:46:09.176 Add Basket MarketNo：2 StockIdx：1312
[5992] 2025/11/20 10:46:09.176 Divide StockNo {IQF00}
[5992] 2025/11/20 10:46:09.176 Add Basket MarketNo：2 StockIdx：1318
[5992] 2025/11/20 10:46:09.176 Divide StockNo {IRF00}
[5992] 2025/11/20 10:46:09.176 Add Basket MarketNo：2 StockIdx：1324
[5992] 2025/11/20 10:46:09.176 Divide StockNo {ITF00}
[5992] 2025/11/20 10:46:09.176 Add Basket MarketNo：2 StockIdx：1334
[5992] 2025/11/20 10:46:09.176 Divide StockNo {IXF00}
[5992] 2025/11/20 10:46:09.176 Add Basket MarketNo：2 StockIdx：1340
[5992] 2025/11/20 10:46:09.176 Divide StockNo {IYF00}
[5992] 2025/11/20 10:46:09.176 Add Basket MarketNo：2 StockIdx：1346
[5992] 2025/11/20 10:46:09.176 Divide StockNo {IZF00}
[5992] 2025/11/20 10:46:09.176 Add Basket MarketNo：2 StockIdx：1352
[5992] 2025/11/20 10:46:09.176 Divide StockNo {JBF00}
[5992] 2025/11/20 10:46:09.176 Add Basket MarketNo：2 StockIdx：1358
[5992] 2025/11/20 10:46:09.176 Divide StockNo {JFF00}
[5992] 2025/11/20 10:46:09.176 Add Basket MarketNo：2 StockIdx：1364
[5992] 2025/11/20 10:46:09.176 Divide StockNo {JMF00}
[5992] 2025/11/20 10:46:09.176 Add Basket MarketNo：2 StockIdx：1370
[5992] 2025/11/20 10:46:09.176 Divide StockNo {JNF00}
[5992] 2025/11/20 10:46:09.176 Add Basket MarketNo：2 StockIdx：1376
[5992] 2025/11/20 10:46:09.176 Divide StockNo {JPF00}
[5992] 2025/11/20 10:46:09.176 Add Basket MarketNo：2 StockIdx：1382
[5992] 2025/11/20 10:46:09.176 Divide StockNo {JSF00}
[5992] 2025/11/20 10:46:09.176 Add Basket MarketNo：2 StockIdx：1388
[5992] 2025/11/20 10:46:09.176 Divide StockNo {JWF00}
[5992] 2025/11/20 10:46:09.176 Add Basket MarketNo：2 StockIdx：1394
[5992] 2025/11/20 10:46:09.176 Divide StockNo {JXF00}
[5992] 2025/11/20 10:46:09.176 Add Basket MarketNo：2 StockIdx：1400
[5992] 2025/11/20 10:46:09.176 Divide StockNo {JZF00}
[5992] 2025/11/20 10:46:09.176 Add Basket MarketNo：2 StockIdx：1406
[5992] 2025/11/20 10:46:09.176 Divide StockNo {KAF00}
[5992] 2025/11/20 10:46:09.176 Add Basket MarketNo：2 StockIdx：1412
[5992] 2025/11/20 10:46:09.176 Divide StockNo {KBF00}
[5992] 2025/11/20 10:46:09.176 Add Basket MarketNo：2 StockIdx：1418
[5992] 2025/11/20 10:46:09.176 Divide StockNo {KCF00}
[5992] 2025/11/20 10:46:09.176 Add Basket MarketNo：2 StockIdx：1424
[5992] 2025/11/20 10:46:09.176 Divide StockNo {KDF00}
[5992] 2025/11/20 10:46:09.176 Add Basket MarketNo：2 StockIdx：1430
[5992] 2025/11/20 10:46:09.177 Divide StockNo {KEF00}
[5992] 2025/11/20 10:46:09.177 Add Basket MarketNo：2 StockIdx：1436
[5992] 2025/11/20 10:46:09.177 Divide StockNo {KFF00}
[5992] 2025/11/20 10:46:09.177 Add Basket MarketNo：2 StockIdx：1442
[5992] 2025/11/20 10:46:09.177 Divide StockNo {KGF00}
[5992] 2025/11/20 10:46:09.177 Add Basket MarketNo：2 StockIdx：1448
[5992] 2025/11/20 10:46:09.177 Divide StockNo {KIF00}
[5992] 2025/11/20 10:46:09.177 Add Basket MarketNo：2 StockIdx：1454
[5992] 2025/11/20 10:46:09.177 Divide StockNo {KKF00}
[5992] 2025/11/20 10:46:09.177 Add Basket MarketNo：2 StockIdx：1460
[5992] 2025/11/20 10:46:09.177 Divide StockNo {KLF00}
[5992] 2025/11/20 10:46:09.177 Add Basket MarketNo：2 StockIdx：1466
[5992] 2025/11/20 10:46:09.177 Divide StockNo {KOF00}
[5992] 2025/11/20 10:46:09.177 Add Basket MarketNo：2 StockIdx：1472
[5992] 2025/11/20 10:46:09.177 Divide StockNo {KPF00}
[5992] 2025/11/20 10:46:09.177 Add Basket MarketNo：2 StockIdx：1478
[5992] 2025/11/20 10:46:09.177 Divide StockNo {KSF00}
[5992] 2025/11/20 10:46:09.177 Add Basket MarketNo：2 StockIdx：1484
[5992] 2025/11/20 10:46:09.177 Divide StockNo {KUF00}
[5992] 2025/11/20 10:46:09.177 Add Basket MarketNo：2 StockIdx：1490
[5992] 2025/11/20 10:46:09.177 Divide StockNo {KWF00}
[5992] 2025/11/20 10:46:09.177 Add Basket MarketNo：2 StockIdx：1496
[5992] 2025/11/20 10:46:09.177 Divide StockNo {LBF00}
[5992] 2025/11/20 10:46:09.177 Add Basket MarketNo：2 StockIdx：1502
[5992] 2025/11/20 10:46:09.177 Divide StockNo {LCF00}
[5992] 2025/11/20 10:46:09.177 Add Basket MarketNo：2 StockIdx：1508
[5992] 2025/11/20 10:46:09.177 Divide StockNo {LEF00}
[5992] 2025/11/20 10:46:09.177 Add Basket MarketNo：2 StockIdx：1514
[5992] 2025/11/20 10:46:09.177 Divide StockNo {LIF00}
[5992] 2025/11/20 10:46:09.177 Add Basket MarketNo：2 StockIdx：1520
[5992] 2025/11/20 10:46:09.177 Divide StockNo {LMF00}
[5992] 2025/11/20 10:46:09.177 Add Basket MarketNo：2 StockIdx：1526
[5992] 2025/11/20 10:46:09.177 Divide StockNo {LOF00}
[5992] 2025/11/20 10:46:09.177 Add Basket MarketNo：2 StockIdx：1532
[5992] 2025/11/20 10:46:09.177 Divide StockNo {LQF00}
[5992] 2025/11/20 10:46:09.177 Add Basket MarketNo：2 StockIdx：1538
[5992] 2025/11/20 10:46:09.177 Divide StockNo {LRF00}
[5992] 2025/11/20 10:46:09.177 Add Basket MarketNo：2 StockIdx：1544
[5992] 2025/11/20 10:46:09.177 Divide StockNo {LTF00}
[5992] 2025/11/20 10:46:09.177 Add Basket MarketNo：2 StockIdx：1553
[5992] 2025/11/20 10:46:09.177 Divide StockNo {LUF00}
[5992] 2025/11/20 10:46:09.177 Add Basket MarketNo：2 StockIdx：1559
[5992] 2025/11/20 10:46:09.177 Divide StockNo {LVF00}
[5992] 2025/11/20 10:46:09.177 Add Basket MarketNo：2 StockIdx：1565
[5992] 2025/11/20 10:46:09.177 Divide StockNo {LWF00}
[5992] 2025/11/20 10:46:09.177 Add Basket MarketNo：2 StockIdx：1574
[5992] 2025/11/20 10:46:09.177 Divide StockNo {LXF00}
[5992] 2025/11/20 10:46:09.177 Add Basket MarketNo：2 StockIdx：1580
[5992] 2025/11/20 10:46:09.177 Divide StockNo {LYF00}
[5992] 2025/11/20 10:46:09.177 Add Basket MarketNo：2 StockIdx：1587
[5992] 2025/11/20 10:46:09.177 Divide StockNo {MAF00}
[5992] 2025/11/20 10:46:09.177 Add Basket MarketNo：2 StockIdx：1593
[5992] 2025/11/20 10:46:09.177 Divide StockNo {MBF00}
[5992] 2025/11/20 10:46:09.177 Add Basket MarketNo：2 StockIdx：1596
[5992] 2025/11/20 10:46:09.177 Divide StockNo {MJF00}
[5992] 2025/11/20 10:46:09.177 Add Basket MarketNo：2 StockIdx：1602
[5992] 2025/11/20 10:46:09.177 Divide StockNo {MKF00}
[5992] 2025/11/20 10:46:09.177 Add Basket MarketNo：2 StockIdx：1608
[5992] 2025/11/20 10:46:09.177 Divide StockNo {MQF00}
[5992] 2025/11/20 10:46:09.177 Add Basket MarketNo：2 StockIdx：1614
[5992] 2025/11/20 10:46:09.177 Divide StockNo {MVF00}
[5992] 2025/11/20 10:46:09.177 Add Basket MarketNo：2 StockIdx：1620
[5992] 2025/11/20 10:46:09.177 Divide StockNo {MYF00}
[5992] 2025/11/20 10:46:09.177 Add Basket MarketNo：2 StockIdx：1626
[5992] 2025/11/20 10:46:09.177 Divide StockNo {NAF00}
[5992] 2025/11/20 10:46:09.177 Add Basket MarketNo：2 StockIdx：1632
[5992] 2025/11/20 10:46:09.177 Divide StockNo {NBF00}
[5992] 2025/11/20 10:46:09.177 Add Basket MarketNo：2 StockIdx：1638
[5992] 2025/11/20 10:46:09.178 Divide StockNo {NDF00}
[5992] 2025/11/20 10:46:09.178 Add Basket MarketNo：2 StockIdx：1644
[5992] 2025/11/20 10:46:09.178 Divide StockNo {NEF00}
[5992] 2025/11/20 10:46:09.178 Add Basket MarketNo：2 StockIdx：1650
[5992] 2025/11/20 10:46:09.178 Divide StockNo {NGF00}
[5992] 2025/11/20 10:46:09.178 Add Basket MarketNo：2 StockIdx：1656
[5992] 2025/11/20 10:46:09.178 Divide StockNo {NIF00}
[5992] 2025/11/20 10:46:09.178 Add Basket MarketNo：2 StockIdx：1662
[5992] 2025/11/20 10:46:09.178 Divide StockNo {NJF00}
[5992] 2025/11/20 10:46:09.178 Add Basket MarketNo：2 StockIdx：1668
[5992] 2025/11/20 10:46:09.178 Divide StockNo {NLF00}
[5992] 2025/11/20 10:46:09.178 Add Basket MarketNo：2 StockIdx：1674
[5992] 2025/11/20 10:46:09.178 Divide StockNo {NMF00}
[5992] 2025/11/20 10:46:09.178 Add Basket MarketNo：2 StockIdx：1680
[5992] 2025/11/20 10:46:09.178 Divide StockNo {NOF00}
[5992] 2025/11/20 10:46:09.178 Add Basket MarketNo：2 StockIdx：1686
[5992] 2025/11/20 10:46:09.178 Divide StockNo {NQF00}
[5992] 2025/11/20 10:46:09.178 Add Basket MarketNo：2 StockIdx：1692
[5992] 2025/11/20 10:46:09.178 Divide StockNo {NSF00}
[5992] 2025/11/20 10:46:09.178 Add Basket MarketNo：2 StockIdx：1698
[5992] 2025/11/20 10:46:09.178 Divide StockNo {NUF00}
[5992] 2025/11/20 10:46:09.178 Add Basket MarketNo：2 StockIdx：1704
[5992] 2025/11/20 10:46:09.178 Divide StockNo {NVF00}
[5992] 2025/11/20 10:46:09.178 Add Basket MarketNo：2 StockIdx：1710
[5992] 2025/11/20 10:46:09.178 Divide StockNo {NWF00}
[5992] 2025/11/20 10:46:09.178 Add Basket MarketNo：2 StockIdx：1716
[5992] 2025/11/20 10:46:09.178 Divide StockNo {NYF00}
[5992] 2025/11/20 10:46:09.178 Add Basket MarketNo：2 StockIdx：132
[5992] 2025/11/20 10:46:09.178 Divide StockNo {OAF00}
[5992] 2025/11/20 10:46:09.178 Add Basket MarketNo：2 StockIdx：1728
[5992] 2025/11/20 10:46:09.178 Divide StockNo {OBF00}
[5992] 2025/11/20 10:46:09.178 Add Basket MarketNo：2 StockIdx：1734
[5992] 2025/11/20 10:46:09.178 Divide StockNo {ODF00}
[5992] 2025/11/20 10:46:09.178 Add Basket MarketNo：2 StockIdx：1740
[5992] 2025/11/20 10:46:09.178 Divide StockNo {OEF00}
[5992] 2025/11/20 10:46:09.178 Add Basket MarketNo：2 StockIdx：1746
[5992] 2025/11/20 10:46:09.178 Divide StockNo {OHF00}
[5992] 2025/11/20 10:46:09.178 Add Basket MarketNo：2 StockIdx：1752
[5992] 2025/11/20 10:46:09.178 Divide StockNo {OJF00}
[5992] 2025/11/20 10:46:09.178 Add Basket MarketNo：2 StockIdx：1758
[5992] 2025/11/20 10:46:09.178 Divide StockNo {OKF00}
[5992] 2025/11/20 10:46:09.178 Add Basket MarketNo：2 StockIdx：1764
[5992] 2025/11/20 10:46:09.178 Divide StockNo {OLF00}
[5992] 2025/11/20 10:46:09.178 Add Basket MarketNo：2 StockIdx：1770
[5992] 2025/11/20 10:46:09.178 Divide StockNo {OMF00}
[5992] 2025/11/20 10:46:09.178 Add Basket MarketNo：2 StockIdx：1776
[5992] 2025/11/20 10:46:09.178 Divide StockNo {OOF00}
[5992] 2025/11/20 10:46:09.178 Add Basket MarketNo：2 StockIdx：1782
[5992] 2025/11/20 10:46:09.178 Divide StockNo {OPF00}
[5992] 2025/11/20 10:46:09.178 Add Basket MarketNo：2 StockIdx：1788
[5992] 2025/11/20 10:46:09.178 Divide StockNo {OQF00}
[5992] 2025/11/20 10:46:09.178 Add Basket MarketNo：2 StockIdx：1794
[5992] 2025/11/20 10:46:09.178 Divide StockNo {ORF00}
[5992] 2025/11/20 10:46:09.178 Add Basket MarketNo：2 StockIdx：1800
[5992] 2025/11/20 10:46:09.178 Divide StockNo {OSF00}
[5992] 2025/11/20 10:46:09.178 Add Basket MarketNo：2 StockIdx：1806
[5992] 2025/11/20 10:46:09.178 Divide StockNo {OTF00}
[5992] 2025/11/20 10:46:09.178 Add Basket MarketNo：2 StockIdx：1812
[5992] 2025/11/20 10:46:09.178 Divide StockNo {OUF00}
[5992] 2025/11/20 10:46:09.178 Add Basket MarketNo：2 StockIdx：1818
[5992] 2025/11/20 10:46:09.178 Divide StockNo {OVF00}
[5992] 2025/11/20 10:46:09.178 Add Basket MarketNo：2 StockIdx：1824
[5992] 2025/11/20 10:46:09.178 Divide StockNo {OWF00}
[5992] 2025/11/20 10:46:09.178 Add Basket MarketNo：2 StockIdx：1830
[5992] 2025/11/20 10:46:09.178 Divide StockNo {OXF00}
[5992] 2025/11/20 10:46:09.178 Add Basket MarketNo：2 StockIdx：1836
[5992] 2025/11/20 10:46:09.178 Divide StockNo {OYF00}
[5992] 2025/11/20 10:46:09.178 Add Basket MarketNo：2 StockIdx：1842
[5992] 2025/11/20 10:46:09.179 Divide StockNo {OZF00}
[5992] 2025/11/20 10:46:09.179 Add Basket MarketNo：2 StockIdx：1848
[5992] 2025/11/20 10:46:09.179 Divide StockNo {PAF00}
[5992] 2025/11/20 10:46:09.179 Add Basket MarketNo：2 StockIdx：1854
[5992] 2025/11/20 10:46:09.179 Divide StockNo {PBF00}
[5992] 2025/11/20 10:46:09.179 Add Basket MarketNo：2 StockIdx：1860
[5992] 2025/11/20 10:46:09.179 Divide StockNo {PCF00}
[5992] 2025/11/20 10:46:09.179 Add Basket MarketNo：2 StockIdx：1866
[5992] 2025/11/20 10:46:09.179 Divide StockNo {PDF00}
[5992] 2025/11/20 10:46:09.179 Add Basket MarketNo：2 StockIdx：1872
[5992] 2025/11/20 10:46:09.179 Divide StockNo {PEF00}
[5992] 2025/11/20 10:46:09.179 Add Basket MarketNo：2 StockIdx：1878
[5992] 2025/11/20 10:46:09.179 Divide StockNo {PFF00}
[5992] 2025/11/20 10:46:09.179 Add Basket MarketNo：2 StockIdx：1884
[5992] 2025/11/20 10:46:09.179 Divide StockNo {PGF00}
[5992] 2025/11/20 10:46:09.179 Add Basket MarketNo：2 StockIdx：1890
[5992] 2025/11/20 10:46:09.179 Divide StockNo {PHF00}
[5992] 2025/11/20 10:46:09.179 Add Basket MarketNo：2 StockIdx：1896
[5992] 2025/11/20 10:46:09.179 Divide StockNo {PIF00}
[5992] 2025/11/20 10:46:09.179 Add Basket MarketNo：2 StockIdx：1902
[5992] 2025/11/20 10:46:09.179 Divide StockNo {PJF00}
[5992] 2025/11/20 10:46:09.179 Add Basket MarketNo：2 StockIdx：1908
[5992] 2025/11/20 10:46:09.179 Divide StockNo {PKF00}
[5992] 2025/11/20 10:46:09.179 Add Basket MarketNo：2 StockIdx：1914
[5992] 2025/11/20 10:46:09.179 Divide StockNo {PLF00}
[5992] 2025/11/20 10:46:09.179 Add Basket MarketNo：2 StockIdx：1920
[5992] 2025/11/20 10:46:09.179 Divide StockNo {PMF00}
[5992] 2025/11/20 10:46:09.179 Add Basket MarketNo：2 StockIdx：1926
[5992] 2025/11/20 10:46:09.179 Divide StockNo {PNF00}
[5992] 2025/11/20 10:46:09.179 Add Basket MarketNo：2 StockIdx：1932
[5992] 2025/11/20 10:46:09.179 Divide StockNo {PPF00}
[5992] 2025/11/20 10:46:09.179 Add Basket MarketNo：2 StockIdx：1938
[5992] 2025/11/20 10:46:09.179 Divide StockNo {PQF00}
[5992] 2025/11/20 10:46:09.179 Add Basket MarketNo：2 StockIdx：1944
[5992] 2025/11/20 10:46:09.179 Divide StockNo {PRF00}
[5992] 2025/11/20 10:46:09.179 Add Basket MarketNo：2 StockIdx：1950
[5992] 2025/11/20 10:46:09.179 Divide StockNo {PSF00}
[5992] 2025/11/20 10:46:09.179 Add Basket MarketNo：2 StockIdx：1956
[5992] 2025/11/20 10:46:09.179 Divide StockNo {PTF00}
[5992] 2025/11/20 10:46:09.179 Add Basket MarketNo：2 StockIdx：1964
[5992] 2025/11/20 10:46:09.179 Divide StockNo {PUF00}
[5992] 2025/11/20 10:46:09.179 Add Basket MarketNo：2 StockIdx：1970
[5992] 2025/11/20 10:46:09.179 Divide StockNo {PVF00}
[5992] 2025/11/20 10:46:09.179 Add Basket MarketNo：2 StockIdx：1976
[5992] 2025/11/20 10:46:09.179 Divide StockNo {PWF00}
[5992] 2025/11/20 10:46:09.179 Add Basket MarketNo：2 StockIdx：1982
[5992] 2025/11/20 10:46:09.179 Divide StockNo {PXF00}
[5992] 2025/11/20 10:46:09.179 Add Basket MarketNo：2 StockIdx：1988
[5992] 2025/11/20 10:46:09.179 Divide StockNo {PYF00}
[5992] 2025/11/20 10:46:09.179 Add Basket MarketNo：2 StockIdx：1994
[5992] 2025/11/20 10:46:09.179 Divide StockNo {PZF00}
[5992] 2025/11/20 10:46:09.179 Add Basket MarketNo：2 StockIdx：2000
[5992] 2025/11/20 10:46:09.179 Divide StockNo {QAF00}
[5992] 2025/11/20 10:46:09.179 Add Basket MarketNo：2 StockIdx：2006
[5992] 2025/11/20 10:46:09.179 Divide StockNo {QBF00}
[5992] 2025/11/20 10:46:09.179 Add Basket MarketNo：2 StockIdx：2012
[5992] 2025/11/20 10:46:09.179 Divide StockNo {QCF00}
[5992] 2025/11/20 10:46:09.179 Add Basket MarketNo：2 StockIdx：2018
[5992] 2025/11/20 10:46:09.179 Divide StockNo {QDF00}
[5992] 2025/11/20 10:46:09.179 Add Basket MarketNo：2 StockIdx：2024
[5992] 2025/11/20 10:46:09.179 Divide StockNo {QEF00}
[5992] 2025/11/20 10:46:09.179 Add Basket MarketNo：2 StockIdx：2030
[5992] 2025/11/20 10:46:09.179 Divide StockNo {QFF00}
[5992] 2025/11/20 10:46:09.179 Add Basket MarketNo：2 StockIdx：138
[5992] 2025/11/20 10:46:09.179 Divide StockNo {QGF00}
[5992] 2025/11/20 10:46:09.179 Add Basket MarketNo：2 StockIdx：2044
[5992] 2025/11/20 10:46:09.179 Divide StockNo {QHF00}
[5992] 2025/11/20 10:46:09.180 Add Basket MarketNo：2 StockIdx：2050
[5992] 2025/11/20 10:46:09.180 Divide StockNo {QIF00}
[5992] 2025/11/20 10:46:09.180 Add Basket MarketNo：2 StockIdx：2056
[5992] 2025/11/20 10:46:09.180 Divide StockNo {QJF00}
[5992] 2025/11/20 10:46:09.180 Add Basket MarketNo：2 StockIdx：2060
[5992] 2025/11/20 10:46:09.180 Divide StockNo {QKF00}
[5992] 2025/11/20 10:46:09.180 Add Basket MarketNo：2 StockIdx：2066
[5992] 2025/11/20 10:46:09.180 Divide StockNo {QLF00}
[5992] 2025/11/20 10:46:09.180 Add Basket MarketNo：2 StockIdx：2072
[5992] 2025/11/20 10:46:09.180 Divide StockNo {QMF00}
[5992] 2025/11/20 10:46:09.180 Add Basket MarketNo：2 StockIdx：2078
[5992] 2025/11/20 10:46:09.180 Divide StockNo {QNF00}
[5992] 2025/11/20 10:46:09.180 Add Basket MarketNo：2 StockIdx：2084
[5992] 2025/11/20 10:46:09.180 Divide StockNo {QOF00}
[5992] 2025/11/20 10:46:09.180 Add Basket MarketNo：2 StockIdx：2090
[5992] 2025/11/20 10:46:09.180 Divide StockNo {QPF00}
[5992] 2025/11/20 10:46:09.180 Add Basket MarketNo：2 StockIdx：2096
[5992] 2025/11/20 10:46:09.180 Divide StockNo {QQF00}
[5992] 2025/11/20 10:46:09.180 Add Basket MarketNo：2 StockIdx：2102
[5992] 2025/11/20 10:46:09.180 Divide StockNo {QRF00}
[5992] 2025/11/20 10:46:09.180 Add Basket MarketNo：2 StockIdx：2108
[5992] 2025/11/20 10:46:09.180 Divide StockNo {QSF00}
[5992] 2025/11/20 10:46:09.180 Add Basket MarketNo：2 StockIdx：2114
[5992] 2025/11/20 10:46:09.180 Divide StockNo {QTF00}
[5992] 2025/11/20 10:46:09.180 Add Basket MarketNo：2 StockIdx：2120
[5992] 2025/11/20 10:46:09.180 Divide StockNo {QUF00}
[5992] 2025/11/20 10:46:09.180 Add Basket MarketNo：2 StockIdx：2126
[5992] 2025/11/20 10:46:09.180 Divide StockNo {QVF00}
[5992] 2025/11/20 10:46:09.180 Add Basket MarketNo：2 StockIdx：2132
[5992] 2025/11/20 10:46:09.180 Divide StockNo {QWF00}
[5992] 2025/11/20 10:46:09.180 Add Basket MarketNo：2 StockIdx：2138
[5992] 2025/11/20 10:46:09.180 Divide StockNo {QXF00}
[5992] 2025/11/20 10:46:09.180 Add Basket MarketNo：2 StockIdx：2144
[5992] 2025/11/20 10:46:09.180 Divide StockNo {QYF00}
[5992] 2025/11/20 10:46:09.180 Add Basket MarketNo：2 StockIdx：2150
[5992] 2025/11/20 10:46:09.180 Divide StockNo {QZF00}
[5992] 2025/11/20 10:46:09.180 Add Basket MarketNo：2 StockIdx：2156
[5992] 2025/11/20 10:46:09.180 Divide StockNo {RAF00}
[5992] 2025/11/20 10:46:09.180 Add Basket MarketNo：2 StockIdx：2162
[5992] 2025/11/20 10:46:09.180 Divide StockNo {RBF00}
[5992] 2025/11/20 10:46:09.180 Add Basket MarketNo：2 StockIdx：2168
[5992] 2025/11/20 10:46:09.180 Divide StockNo {RCF00}
[5992] 2025/11/20 10:46:09.180 Add Basket MarketNo：2 StockIdx：2174
[5992] 2025/11/20 10:46:09.180 Divide StockNo {RDF00}
[5992] 2025/11/20 10:46:09.180 Add Basket MarketNo：2 StockIdx：2180
[5992] 2025/11/20 10:46:09.180 Divide StockNo {REF00}
[5992] 2025/11/20 10:46:09.180 Add Basket MarketNo：2 StockIdx：2186
[5992] 2025/11/20 10:46:09.180 Divide StockNo {RFF00}
[5992] 2025/11/20 10:46:09.180 Add Basket MarketNo：2 StockIdx：2192
[5992] 2025/11/20 10:46:09.180 Divide StockNo {RGF00}
[5992] 2025/11/20 10:46:09.180 Add Basket MarketNo：2 StockIdx：2198
[5992] 2025/11/20 10:46:09.180 Divide StockNo {RIF00}
[5992] 2025/11/20 10:46:09.180 Add Basket MarketNo：2 StockIdx：2204
[5992] 2025/11/20 10:46:09.180 Divide StockNo {RJF00}
[5992] 2025/11/20 10:46:09.180 Add Basket MarketNo：2 StockIdx：2210
[5992] 2025/11/20 10:46:09.180 Divide StockNo {RKF00}
[5992] 2025/11/20 10:46:09.180 Add Basket MarketNo：2 StockIdx：2216
[5992] 2025/11/20 10:46:09.180 Divide StockNo {RLF00}
[5992] 2025/11/20 10:46:09.180 Add Basket MarketNo：2 StockIdx：2222
[5992] 2025/11/20 10:46:09.180 Divide StockNo {RMF00}
[5992] 2025/11/20 10:46:09.180 Stock Is Not Exist 
[5992] 2025/11/20 10:46:09.180 Divide StockNo {RNF00}
[5992] 2025/11/20 10:46:09.180 Add Basket MarketNo：2 StockIdx：2228
[5992] 2025/11/20 10:46:09.180 Divide StockNo {ROF00}
[5992] 2025/11/20 10:46:09.181 Add Basket MarketNo：2 StockIdx：2234
[5992] 2025/11/20 10:46:09.181 Divide StockNo {RPF00}
[5992] 2025/11/20 10:46:09.181 Add Basket MarketNo：2 StockIdx：2240
[5992] 2025/11/20 10:46:09.181 Divide StockNo {RQF00}
[5992] 2025/11/20 10:46:09.181 Stock Is Not Exist 
[5992] 2025/11/20 10:46:09.181 Divide StockNo {RRF00}
[5992] 2025/11/20 10:46:09.181 Add Basket MarketNo：2 StockIdx：2248
[5992] 2025/11/20 10:46:09.181 Divide StockNo {RSF00}
[5992] 2025/11/20 10:46:09.181 Add Basket MarketNo：2 StockIdx：2254
[5992] 2025/11/20 10:46:09.181 Divide StockNo {RUF00}
[5992] 2025/11/20 10:46:09.181 Add Basket MarketNo：2 StockIdx：2260
[5992] 2025/11/20 10:46:09.181 Divide StockNo {RVF00}
[5992] 2025/11/20 10:46:09.181 Add Basket MarketNo：2 StockIdx：2266
[5992] 2025/11/20 10:46:09.181 Divide StockNo {RWF00}
[5992] 2025/11/20 10:46:09.181 Add Basket MarketNo：2 StockIdx：2272
[5992] 2025/11/20 10:46:09.181 Divide StockNo {RXF00}
[5992] 2025/11/20 10:46:09.181 Add Basket MarketNo：2 StockIdx：2278
[5992] 2025/11/20 10:46:09.181 Divide StockNo {RYF00}
[5992] 2025/11/20 10:46:09.181 Add Basket MarketNo：2 StockIdx：2284
[5992] 2025/11/20 10:46:09.181 Divide StockNo {RZF00}
[5992] 2025/11/20 10:46:09.181 Add Basket MarketNo：2 StockIdx：144
[5992] 2025/11/20 10:46:09.181 Divide StockNo {SAF00}
[5992] 2025/11/20 10:46:09.181 Add Basket MarketNo：2 StockIdx：2296
[5992] 2025/11/20 10:46:09.181 Divide StockNo {SBF00}
[5992] 2025/11/20 10:46:09.181 Add Basket MarketNo：2 StockIdx：2302
[5992] 2025/11/20 10:46:09.181 Divide StockNo {SCF00}
[5992] 2025/11/20 10:46:09.181 Add Basket MarketNo：2 StockIdx：2308
[5992] 2025/11/20 10:46:09.181 Divide StockNo {SDF00}
[5992] 2025/11/20 10:46:09.181 Add Basket MarketNo：2 StockIdx：2314
[5992] 2025/11/20 10:46:09.181 Divide StockNo {SEF00}
[5992] 2025/11/20 10:46:09.181 Add Basket MarketNo：2 StockIdx：2320
[5992] 2025/11/20 10:46:09.181 Divide StockNo {SFF00}
[5992] 2025/11/20 10:46:09.181 Add Basket MarketNo：2 StockIdx：2326
[5992] 2025/11/20 10:46:09.181 Divide StockNo {SGF00}
[5992] 2025/11/20 10:46:09.181 Add Basket MarketNo：2 StockIdx：2332
[5992] 2025/11/20 10:46:09.181 Divide StockNo {SIF00}
[5992] 2025/11/20 10:46:09.181 Add Basket MarketNo：2 StockIdx：2338
[5992] 2025/11/20 10:46:09.181 Divide StockNo {SJF00}
[5992] 2025/11/20 10:46:09.181 Add Basket MarketNo：2 StockIdx：2344
[5992] 2025/11/20 10:46:09.181 Divide StockNo {SKF00}
[5992] 2025/11/20 10:46:09.181 Add Basket MarketNo：2 StockIdx：2350
[5992] 2025/11/20 10:46:09.181 Divide StockNo {SLF00}
[5992] 2025/11/20 10:46:09.181 Add Basket MarketNo：2 StockIdx：2356
[5992] 2025/11/20 10:46:09.181 Divide StockNo {SMF00}
[5992] 2025/11/20 10:46:09.181 Add Basket MarketNo：2 StockIdx：2362
[5992] 2025/11/20 10:46:09.181 Divide StockNo {SNF00}
[5992] 2025/11/20 10:46:09.181 Add Basket MarketNo：2 StockIdx：2368
[5992] 2025/11/20 10:46:09.181 Divide StockNo {SQF00}
[5992] 2025/11/20 10:46:09.181 Add Basket MarketNo：2 StockIdx：2374
[5992] 2025/11/20 10:46:09.181 Divide StockNo {SRF00}
[5992] 2025/11/20 10:46:09.181 Add Basket MarketNo：2 StockIdx：150
[5992] 2025/11/20 10:46:09.181 Divide StockNo {SSF00}
[5992] 2025/11/20 10:46:09.181 Add Basket MarketNo：2 StockIdx：2388
[5992] 2025/11/20 10:46:09.181 Divide StockNo {SUF00}
[5992] 2025/11/20 10:46:09.181 Add Basket MarketNo：2 StockIdx：2394
[5992] 2025/11/20 10:46:09.181 Divide StockNo {SVF00}
[5992] 2025/11/20 10:46:09.181 Add Basket MarketNo：2 StockIdx：2400
[5992] 2025/11/20 10:46:09.181 Divide StockNo {SWF00}
[5992] 2025/11/20 10:46:09.181 Add Basket MarketNo：2 StockIdx：2406
[5992] 2025/11/20 10:46:09.181 Divide StockNo {SYF00}
[5992] 2025/11/20 10:46:09.181 Add Basket MarketNo：2 StockIdx：2412
[5992] 2025/11/20 10:46:09.181 Divide StockNo {SZF00}
[5992] 2025/11/20 10:46:09.181 Add Basket MarketNo：2 StockIdx：2418
[5992] 2025/11/20 10:46:09.181 Divide StockNo {UAF00}
[5992] 2025/11/20 10:46:09.181 Add Basket MarketNo：2 StockIdx：2424
[5992] 2025/11/20 10:46:09.181 Divide StockNo {UBF00}
[5992] 2025/11/20 10:46:09.182 Add Basket MarketNo：2 StockIdx：2430
[5992] 2025/11/20 10:46:09.182 Divide StockNo {UCF00}
[5992] 2025/11/20 10:46:09.182 Add Basket MarketNo：2 StockIdx：2436
[5992] 2025/11/20 10:46:09.182 Divide StockNo {UEF00}
[5992] 2025/11/20 10:46:09.182 Add Basket MarketNo：2 StockIdx：2442
[5992] 2025/11/20 10:46:09.182 Divide StockNo {UFF00}
[5992] 2025/11/20 10:46:09.182 Add Basket MarketNo：2 StockIdx：2448
[5992] 2025/11/20 10:46:09.182 Divide StockNo {UGF00}
[5992] 2025/11/20 10:46:09.182 Add Basket MarketNo：2 StockIdx：2454
[5992] 2025/11/20 10:46:09.182 Divide StockNo {UHF00}
[5992] 2025/11/20 10:46:09.182 Add Basket MarketNo：2 StockIdx：2460
[5992] 2025/11/20 10:46:09.182 Divide StockNo {UIF00}
[5992] 2025/11/20 10:46:09.182 Add Basket MarketNo：2 StockIdx：2466
[5992] 2025/11/20 10:46:09.182 Divide StockNo {UJF00}
[5992] 2025/11/20 10:46:09.182 Add Basket MarketNo：2 StockIdx：2472
[5992] 2025/11/20 10:46:09.182 Divide StockNo {UKF00}
[5992] 2025/11/20 10:46:09.182 Add Basket MarketNo：2 StockIdx：2478
[5992] 2025/11/20 10:46:09.182 Divide StockNo {ULF00}
[5992] 2025/11/20 10:46:09.182 Add Basket MarketNo：2 StockIdx：2484
[5992] 2025/11/20 10:46:09.182 Divide StockNo {UMF00}
[5992] 2025/11/20 10:46:09.182 Add Basket MarketNo：2 StockIdx：2490
[5992] 2025/11/20 10:46:09.182 Divide StockNo {UOF00}
[5992] 2025/11/20 10:46:09.182 Add Basket MarketNo：2 StockIdx：2496
[5992] 2025/11/20 10:46:09.182 Divide StockNo {UPF00}
[5992] 2025/11/20 10:46:09.182 Add Basket MarketNo：2 StockIdx：2502
[5992] 2025/11/20 10:46:09.182 Divide StockNo {UQF00}
[5992] 2025/11/20 10:46:09.182 Add Basket MarketNo：2 StockIdx：2508
[5992] 2025/11/20 10:46:09.182 Divide StockNo {URF00}
[5992] 2025/11/20 10:46:09.182 Add Basket MarketNo：2 StockIdx：2516
[5992] 2025/11/20 10:46:09.182 Divide StockNo {USF00}
[5992] 2025/11/20 10:46:09.182 Add Basket MarketNo：2 StockIdx：2522
[5992] 2025/11/20 10:46:09.182 Divide StockNo {UTF00}
[5992] 2025/11/20 10:46:09.182 Add Basket MarketNo：2 StockIdx：2528
[5992] 2025/11/20 10:46:09.182 Divide StockNo {UUF00}
[5992] 2025/11/20 10:46:09.182 Add Basket MarketNo：2 StockIdx：2534
[5992] 2025/11/20 10:46:09.182 Divide StockNo {UVF00}
[5992] 2025/11/20 10:46:09.182 Add Basket MarketNo：2 StockIdx：2540
[5992] 2025/11/20 10:46:09.182 Divide StockNo {UWF00}
[5992] 2025/11/20 10:46:09.182 Add Basket MarketNo：2 StockIdx：2546
[5992] 2025/11/20 10:46:09.182 Divide StockNo {0050}
[5992] 2025/11/20 10:46:09.182 Add Basket MarketNo：0 StockIdx：0
[5992] 2025/11/20 10:46:09.182 Divide StockNo {0056}
[5992] 2025/11/20 10:46:09.182 Add Basket MarketNo：0 StockIdx：4
[5992] 2025/11/20 10:46:09.182 Divide StockNo {006205}
[5992] 2025/11/20 10:46:09.182 Add Basket MarketNo：0 StockIdx：9
[5992] 2025/11/20 10:46:09.182 Divide StockNo {006206}
[5992] 2025/11/20 10:46:09.182 Add Basket MarketNo：0 StockIdx：10
[5992] 2025/11/20 10:46:09.182 Divide StockNo {00636}
[5992] 2025/11/20 10:46:09.182 Add Basket MarketNo：0 StockIdx：19
[5992] 2025/11/20 10:46:09.182 Divide StockNo {00639}
[5992] 2025/11/20 10:46:09.182 Add Basket MarketNo：0 StockIdx：23
[5992] 2025/11/20 10:46:09.182 Divide StockNo {00643}
[5992] 2025/11/20 10:46:09.182 Add Basket MarketNo：0 StockIdx：27
[5992] 2025/11/20 10:46:09.182 Divide StockNo {00679B}
[5992] 2025/11/20 10:46:09.182 Add Basket MarketNo：1 StockIdx：1
[5992] 2025/11/20 10:46:09.182 Divide StockNo {00687B}
[5992] 2025/11/20 10:46:09.182 Add Basket MarketNo：1 StockIdx：2
[5992] 2025/11/20 10:46:09.183 Divide StockNo {00719B}
[5992] 2025/11/20 10:46:09.183 Add Basket MarketNo：1 StockIdx：8
[5992] 2025/11/20 10:46:09.183 Divide StockNo {00757}
[5992] 2025/11/20 10:46:09.183 Add Basket MarketNo：0 StockIdx：97
[5992] 2025/11/20 10:46:09.183 Divide StockNo {00772B}
[5992] 2025/11/20 10:46:09.183 Add Basket MarketNo：1 StockIdx：32
[5992] 2025/11/20 10:46:09.183 Divide StockNo {00878}
[5992] 2025/11/20 10:46:09.183 Add Basket MarketNo：0 StockIdx：112
[5992] 2025/11/20 10:46:09.183 Divide StockNo {00885}
[5992] 2025/11/20 10:46:09.183 Add Basket MarketNo：0 StockIdx：115
[5992] 2025/11/20 10:46:09.183 Divide StockNo {00893}
[5992] 2025/11/20 10:46:09.183 Add Basket MarketNo：0 StockIdx：118
[5992] 2025/11/20 10:46:09.183 Divide StockNo {00919}
[5992] 2025/11/20 10:46:09.183 Add Basket MarketNo：0 StockIdx：142
[5992] 2025/11/20 10:46:09.183 Divide StockNo {00923}
[5992] 2025/11/20 10:46:09.183 Add Basket MarketNo：0 StockIdx：146
[5992] 2025/11/20 10:46:09.183 Divide StockNo {00929}
[5992] 2025/11/20 10:46:09.183 Add Basket MarketNo：0 StockIdx：150
[5992] 2025/11/20 10:46:09.183 Divide StockNo {00937B}
[5992] 2025/11/20 10:46:09.183 Add Basket MarketNo：1 StockIdx：82
[5992] 2025/11/20 10:46:09.183 Divide StockNo {00940}
[5992] 2025/11/20 10:46:09.183 Add Basket MarketNo：0 StockIdx：158
[5992] 2025/11/20 10:46:09.183 Divide StockNo {1101}
[5992] 2025/11/20 10:46:09.183 Add Basket MarketNo：0 StockIdx：33628
[5992] 2025/11/20 10:46:09.183 Divide StockNo {1102}
[5992] 2025/11/20 10:46:09.183 Add Basket MarketNo：0 StockIdx：33630
[5992] 2025/11/20 10:46:09.183 Divide StockNo {1210}
[5992] 2025/11/20 10:46:09.183 Add Basket MarketNo：0 StockIdx：33638
[5992] 2025/11/20 10:46:09.183 Divide StockNo {1216}
[5992] 2025/11/20 10:46:09.183 Add Basket MarketNo：0 StockIdx：33641
[5992] 2025/11/20 10:46:09.183 Divide StockNo {1301}
[5992] 2025/11/20 10:46:09.183 Add Basket MarketNo：0 StockIdx：33656
[5992] 2025/11/20 10:46:09.183 Divide StockNo {1303}
[5992] 2025/11/20 10:46:09.183 Add Basket MarketNo：0 StockIdx：33657
[5992] 2025/11/20 10:46:09.183 Divide StockNo {1312}
[5992] 2025/11/20 10:46:09.183 Add Basket MarketNo：0 StockIdx：33664
[5992] 2025/11/20 10:46:09.183 Divide StockNo {1314}
[5992] 2025/11/20 10:46:09.183 Add Basket MarketNo：0 StockIdx：33667
[5992] 2025/11/20 10:46:09.184 Divide StockNo {1319}
[5992] 2025/11/20 10:46:09.184 Add Basket MarketNo：0 StockIdx：33670
[5992] 2025/11/20 10:46:09.184 Divide StockNo {1326}
[5992] 2025/11/20 10:46:09.184 Add Basket MarketNo：0 StockIdx：33675
[5992] 2025/11/20 10:46:09.184 Divide StockNo {1402}
[5992] 2025/11/20 10:46:09.184 Add Basket MarketNo：0 StockIdx：33682
[5992] 2025/11/20 10:46:09.184 Divide StockNo {1440}
[5992] 2025/11/20 10:46:09.184 Add Basket MarketNo：0 StockIdx：33699
[5992] 2025/11/20 10:46:09.184 Divide StockNo {1476}
[5992] 2025/11/20 10:46:09.184 Add Basket MarketNo：0 StockIdx：33729
[5992] 2025/11/20 10:46:09.184 Divide StockNo {1477}
[5992] 2025/11/20 10:46:09.184 Add Basket MarketNo：0 StockIdx：33730
[5992] 2025/11/20 10:46:09.184 Divide StockNo {1503}
[5992] 2025/11/20 10:46:09.184 Add Basket MarketNo：0 StockIdx：33731
[5992] 2025/11/20 10:46:09.184 Divide StockNo {1504}
[5992] 2025/11/20 10:46:09.184 Add Basket MarketNo：0 StockIdx：33732
[5992] 2025/11/20 10:46:09.184 Divide StockNo {1513}
[5992] 2025/11/20 10:46:09.184 Add Basket MarketNo：0 StockIdx：33735
[5992] 2025/11/20 10:46:09.184 Divide StockNo {1536}
[5992] 2025/11/20 10:46:09.184 Add Basket MarketNo：0 StockIdx：33755
[5992] 2025/11/20 10:46:09.184 Divide StockNo {1565}
[5992] 2025/11/20 10:46:09.184 Add Basket MarketNo：1 StockIdx：140
[5992] 2025/11/20 10:46:09.184 Divide StockNo {1590}
[5992] 2025/11/20 10:46:09.184 Add Basket MarketNo：0 StockIdx：33769
[5992] 2025/11/20 10:46:09.184 Divide StockNo {1605}
[5992] 2025/11/20 10:46:09.184 Add Basket MarketNo：0 StockIdx：33774
[5992] 2025/11/20 10:46:09.184 Divide StockNo {1609}
[5992] 2025/11/20 10:46:09.184 Add Basket MarketNo：0 StockIdx：33776
[5992] 2025/11/20 10:46:09.184 Divide StockNo {1707}
[5992] 2025/11/20 10:46:09.184 Add Basket MarketNo：0 StockIdx：33786
[5992] 2025/11/20 10:46:09.184 Divide StockNo {1717}
[5992] 2025/11/20 10:46:09.184 Add Basket MarketNo：0 StockIdx：33794
[5992] 2025/11/20 10:46:09.184 Divide StockNo {1718}
[5992] 2025/11/20 10:46:09.184 Add Basket MarketNo：0 StockIdx：33795
[5992] 2025/11/20 10:46:09.184 Divide StockNo {1722}
[5992] 2025/11/20 10:46:09.184 Add Basket MarketNo：0 StockIdx：33798
[5992] 2025/11/20 10:46:09.184 Divide StockNo {1795}
[5992] 2025/11/20 10:46:09.184 Add Basket MarketNo：0 StockIdx：33819
[5992] 2025/11/20 10:46:09.184 Divide StockNo {1802}
[5992] 2025/11/20 10:46:09.184 Add Basket MarketNo：0 StockIdx：33820
[5992] 2025/11/20 10:46:09.184 Divide StockNo {1904}
[5992] 2025/11/20 10:46:09.184 Add Basket MarketNo：0 StockIdx：33827
[5992] 2025/11/20 10:46:09.184 Divide StockNo {1905}
[5992] 2025/11/20 10:46:09.184 Add Basket MarketNo：0 StockIdx：33828
[5992] 2025/11/20 10:46:09.184 Divide StockNo {1907}
[5992] 2025/11/20 10:46:09.184 Add Basket MarketNo：0 StockIdx：33830
[5992] 2025/11/20 10:46:09.184 Divide StockNo {1909}
[5992] 2025/11/20 10:46:09.184 Add Basket MarketNo：0 StockIdx：33831
[5992] 2025/11/20 10:46:09.184 Divide StockNo {2002}
[5992] 2025/11/20 10:46:09.184 Add Basket MarketNo：0 StockIdx：33832
[5992] 2025/11/20 10:46:09.184 Divide StockNo {2006}
[5992] 2025/11/20 10:46:09.184 Add Basket MarketNo：0 StockIdx：33834
[5992] 2025/11/20 10:46:09.184 Divide StockNo {2014}
[5992] 2025/11/20 10:46:09.184 Add Basket MarketNo：0 StockIdx：33841
[5992] 2025/11/20 10:46:09.184 Divide StockNo {2027}
[5992] 2025/11/20 10:46:09.184 Add Basket MarketNo：0 StockIdx：33849
[5992] 2025/11/20 10:46:09.184 Divide StockNo {2049}
[5992] 2025/11/20 10:46:09.184 Add Basket MarketNo：0 StockIdx：33858
[5992] 2025/11/20 10:46:09.184 Divide StockNo {2059}
[5992] 2025/11/20 10:46:09.184 Add Basket MarketNo：0 StockIdx：33859
[5992] 2025/11/20 10:46:09.184 Divide StockNo {2105}
[5992] 2025/11/20 10:46:09.184 Add Basket MarketNo：0 StockIdx：33866
[5992] 2025/11/20 10:46:09.184 Divide StockNo {2201}
[5992] 2025/11/20 10:46:09.184 Add Basket MarketNo：0 StockIdx：33873
[5992] 2025/11/20 10:46:09.184 Divide StockNo {2231}
[5992] 2025/11/20 10:46:09.184 Add Basket MarketNo：0 StockIdx：33881
[5992] 2025/11/20 10:46:09.185 Divide StockNo {2301}
[5992] 2025/11/20 10:46:09.185 Add Basket MarketNo：0 StockIdx：33892
[5992] 2025/11/20 10:46:09.185 Divide StockNo {2303}
[5992] 2025/11/20 10:46:09.185 Add Basket MarketNo：0 StockIdx：33894
[5992] 2025/11/20 10:46:09.185 Divide StockNo {2308}
[5992] 2025/11/20 10:46:09.185 Add Basket MarketNo：0 StockIdx：33896
[5992] 2025/11/20 10:46:09.185 Divide StockNo {2312}
[5992] 2025/11/20 10:46:09.185 Add Basket MarketNo：0 StockIdx：33897
[5992] 2025/11/20 10:46:09.185 Divide StockNo {2313}
[5992] 2025/11/20 10:46:09.185 Add Basket MarketNo：0 StockIdx：33898
[5992] 2025/11/20 10:46:09.185 Divide StockNo {2317}
[5992] 2025/11/20 10:46:09.185 Add Basket MarketNo：0 StockIdx：33901
[5992] 2025/11/20 10:46:09.185 Divide StockNo {2323}
[5992] 2025/11/20 10:46:09.185 Add Basket MarketNo：0 StockIdx：33903
[5992] 2025/11/20 10:46:09.185 Divide StockNo {2324}
[5992] 2025/11/20 10:46:09.185 Add Basket MarketNo：0 StockIdx：33904
[5992] 2025/11/20 10:46:09.185 Divide StockNo {2327}
[5992] 2025/11/20 10:46:09.185 Add Basket MarketNo：0 StockIdx：33905
[5992] 2025/11/20 10:46:09.185 Divide StockNo {2328}
[5992] 2025/11/20 10:46:09.185 Add Basket MarketNo：0 StockIdx：33906
[5992] 2025/11/20 10:46:09.185 Divide StockNo {2330}
[5992] 2025/11/20 10:46:09.185 Add Basket MarketNo：0 StockIdx：33908
[5992] 2025/11/20 10:46:09.185 Divide StockNo {2331}
[5992] 2025/11/20 10:46:09.185 Add Basket MarketNo：0 StockIdx：33909
[5992] 2025/11/20 10:46:09.185 Divide StockNo {2332}
[5992] 2025/11/20 10:46:09.185 Add Basket MarketNo：0 StockIdx：33910
[5992] 2025/11/20 10:46:09.185 Divide StockNo {2337}
[5992] 2025/11/20 10:46:09.185 Add Basket MarketNo：0 StockIdx：33911
[5992] 2025/11/20 10:46:09.185 Divide StockNo {2338}
[5992] 2025/11/20 10:46:09.185 Add Basket MarketNo：0 StockIdx：33912
[5992] 2025/11/20 10:46:09.185 Divide StockNo {2340}
[5992] 2025/11/20 10:46:09.185 Add Basket MarketNo：0 StockIdx：33913
[5992] 2025/11/20 10:46:09.185 Divide StockNo {2344}
[5992] 2025/11/20 10:46:09.185 Add Basket MarketNo：0 StockIdx：33915
[5992] 2025/11/20 10:46:09.185 Divide StockNo {2345}
[5992] 2025/11/20 10:46:09.185 Add Basket MarketNo：0 StockIdx：33916
[5992] 2025/11/20 10:46:09.185 Divide StockNo {2347}
[5992] 2025/11/20 10:46:09.185 Add Basket MarketNo：0 StockIdx：33917
[5992] 2025/11/20 10:46:09.185 Divide StockNo {2352}
[5992] 2025/11/20 10:46:09.185 Add Basket MarketNo：0 StockIdx：33922
[5992] 2025/11/20 10:46:09.185 Divide StockNo {2353}
[5992] 2025/11/20 10:46:09.185 Add Basket MarketNo：0 StockIdx：33923
[5992] 2025/11/20 10:46:09.185 Divide StockNo {2354}
[5992] 2025/11/20 10:46:09.185 Add Basket MarketNo：0 StockIdx：33924
[5992] 2025/11/20 10:46:09.185 Divide StockNo {2355}
[5992] 2025/11/20 10:46:09.185 Add Basket MarketNo：0 StockIdx：33925
[5992] 2025/11/20 10:46:09.185 Divide StockNo {2356}
[5992] 2025/11/20 10:46:09.185 Add Basket MarketNo：0 StockIdx：33926
[5992] 2025/11/20 10:46:09.185 Divide StockNo {2357}
[5992] 2025/11/20 10:46:09.185 Add Basket MarketNo：0 StockIdx：33927
[5992] 2025/11/20 10:46:09.185 Divide StockNo {2360}
[5992] 2025/11/20 10:46:09.185 Add Basket MarketNo：0 StockIdx：33929
[5992] 2025/11/20 10:46:09.185 Divide StockNo {2368}
[5992] 2025/11/20 10:46:09.185 Add Basket MarketNo：0 StockIdx：33935
[5992] 2025/11/20 10:46:09.185 Divide StockNo {2371}
[5992] 2025/11/20 10:46:09.185 Add Basket MarketNo：0 StockIdx：33937
[5992] 2025/11/20 10:46:09.185 Divide StockNo {2376}
[5992] 2025/11/20 10:46:09.185 Add Basket MarketNo：0 StockIdx：33941
[5992] 2025/11/20 10:46:09.185 Divide StockNo {2377}
[5992] 2025/11/20 10:46:09.185 Add Basket MarketNo：0 StockIdx：33942
[5992] 2025/11/20 10:46:09.185 Divide StockNo {2379}
[5992] 2025/11/20 10:46:09.185 Add Basket MarketNo：0 StockIdx：33943
[5992] 2025/11/20 10:46:09.185 Divide StockNo {2382}
[5992] 2025/11/20 10:46:09.185 Add Basket MarketNo：0 StockIdx：33945
[5992] 2025/11/20 10:46:09.185 Divide StockNo {2383}
[5992] 2025/11/20 10:46:09.185 Add Basket MarketNo：0 StockIdx：33946
[5992] 2025/11/20 10:46:09.185 Divide StockNo {2385}
[5992] 2025/11/20 10:46:09.185 Add Basket MarketNo：0 StockIdx：33947
[5992] 2025/11/20 10:46:09.185 Divide StockNo {2388}
[5992] 2025/11/20 10:46:09.185 Add Basket MarketNo：0 StockIdx：33949
[5992] 2025/11/20 10:46:09.185 Divide StockNo {2392}
[5992] 2025/11/20 10:46:09.186 Add Basket MarketNo：0 StockIdx：33951
[5992] 2025/11/20 10:46:09.186 Divide StockNo {2393}
[5992] 2025/11/20 10:46:09.186 Add Basket MarketNo：0 StockIdx：33952
[5992] 2025/11/20 10:46:09.186 Divide StockNo {2401}
[5992] 2025/11/20 10:46:09.186 Add Basket MarketNo：0 StockIdx：33956
[5992] 2025/11/20 10:46:09.186 Divide StockNo {2404}
[5992] 2025/11/20 10:46:09.186 Add Basket MarketNo：0 StockIdx：33958
[5992] 2025/11/20 10:46:09.186 Divide StockNo {2408}
[5992] 2025/11/20 10:46:09.186 Add Basket MarketNo：0 StockIdx：33961
[5992] 2025/11/20 10:46:09.186 Divide StockNo {2409}
[5992] 2025/11/20 10:46:09.186 Add Basket MarketNo：0 StockIdx：33962
[5992] 2025/11/20 10:46:09.186 Divide StockNo {2412}
[5992] 2025/11/20 10:46:09.186 Add Basket MarketNo：0 StockIdx：33963
[5992] 2025/11/20 10:46:09.186 Divide StockNo {2439}
[5992] 2025/11/20 10:46:09.186 Add Basket MarketNo：0 StockIdx：33985
[5992] 2025/11/20 10:46:09.186 Divide StockNo {2441}
[5992] 2025/11/20 10:46:09.186 Add Basket MarketNo：0 StockIdx：33987
[5992] 2025/11/20 10:46:09.186 Divide StockNo {2449}
[5992] 2025/11/20 10:46:09.186 Add Basket MarketNo：0 StockIdx：33990
[5992] 2025/11/20 10:46:09.186 Divide StockNo {2454}
[5992] 2025/11/20 10:46:09.186 Add Basket MarketNo：0 StockIdx：33994
[5992] 2025/11/20 10:46:09.186 Divide StockNo {2455}
[5992] 2025/11/20 10:46:09.186 Add Basket MarketNo：0 StockIdx：33995
[5992] 2025/11/20 10:46:09.186 Divide StockNo {2457}
[5992] 2025/11/20 10:46:09.186 Add Basket MarketNo：0 StockIdx：33996
[5992] 2025/11/20 10:46:09.186 Divide StockNo {2458}
[5992] 2025/11/20 10:46:09.186 Add Basket MarketNo：0 StockIdx：33997
[5992] 2025/11/20 10:46:09.186 Divide StockNo {2474}
[5992] 2025/11/20 10:46:09.186 Add Basket MarketNo：0 StockIdx：34009
[5992] 2025/11/20 10:46:09.186 Divide StockNo {2481}
[5992] 2025/11/20 10:46:09.186 Add Basket MarketNo：0 StockIdx：34014
[5992] 2025/11/20 10:46:09.186 Divide StockNo {2485}
[5992] 2025/11/20 10:46:09.186 Add Basket MarketNo：0 StockIdx：34018
[5992] 2025/11/20 10:46:09.186 Divide StockNo {2486}
[5992] 2025/11/20 10:46:09.186 Add Basket MarketNo：0 StockIdx：34019
[5992] 2025/11/20 10:46:09.186 Divide StockNo {2489}
[5992] 2025/11/20 10:46:09.186 Add Basket MarketNo：0 StockIdx：34021
[5992] 2025/11/20 10:46:09.186 Divide StockNo {2492}
[5992] 2025/11/20 10:46:09.186 Add Basket MarketNo：0 StockIdx：34023
[5992] 2025/11/20 10:46:09.186 Divide StockNo {2498}
[5992] 2025/11/20 10:46:09.186 Add Basket MarketNo：0 StockIdx：34028
[5992] 2025/11/20 10:46:09.186 Divide StockNo {2515}
[5992] 2025/11/20 10:46:09.186 Add Basket MarketNo：0 StockIdx：34036
[5992] 2025/11/20 10:46:09.186 Divide StockNo {2520}
[5992] 2025/11/20 10:46:09.186 Add Basket MarketNo：0 StockIdx：34038
[5992] 2025/11/20 10:46:09.186 Divide StockNo {2542}
[5992] 2025/11/20 10:46:09.186 Add Basket MarketNo：0 StockIdx：34050
[5992] 2025/11/20 10:46:09.186 Divide StockNo {2548}
[5992] 2025/11/20 10:46:09.186 Add Basket MarketNo：0 StockIdx：34055
[5992] 2025/11/20 10:46:09.186 Divide StockNo {2603}
[5992] 2025/11/20 10:46:09.186 Add Basket MarketNo：0 StockIdx：34058
[5992] 2025/11/20 10:46:09.186 Divide StockNo {2605}
[5992] 2025/11/20 10:46:09.186 Add Basket MarketNo：0 StockIdx：34059
[5992] 2025/11/20 10:46:09.186 Divide StockNo {2606}
[5992] 2025/11/20 10:46:09.186 Add Basket MarketNo：0 StockIdx：34060
[5992] 2025/11/20 10:46:09.186 Divide StockNo {2609}
[5992] 2025/11/20 10:46:09.186 Add Basket MarketNo：0 StockIdx：34063
[5992] 2025/11/20 10:46:09.186 Divide StockNo {2610}
[5992] 2025/11/20 10:46:09.186 Add Basket MarketNo：0 StockIdx：34064
[5992] 2025/11/20 10:46:09.186 Divide StockNo {2615}
[5992] 2025/11/20 10:46:09.186 Add Basket MarketNo：0 StockIdx：34069
[5992] 2025/11/20 10:46:09.186 Divide StockNo {2618}
[5992] 2025/11/20 10:46:09.186 Add Basket MarketNo：0 StockIdx：34072
[5992] 2025/11/20 10:46:09.186 Divide StockNo {2633}
[5992] 2025/11/20 10:46:09.186 Add Basket MarketNo：0 StockIdx：34074
[5992] 2025/11/20 10:46:09.186 Divide StockNo {2634}
[5992] 2025/11/20 10:46:09.186 Add Basket MarketNo：0 StockIdx：34075
[5992] 2025/11/20 10:46:09.186 Divide StockNo {2801}
[5992] 2025/11/20 10:46:09.186 Add Basket MarketNo：0 StockIdx：34096
[5992] 2025/11/20 10:46:09.187 Divide StockNo {2834}
[5992] 2025/11/20 10:46:09.187 Add Basket MarketNo：0 StockIdx：34101
[5992] 2025/11/20 10:46:09.187 Divide StockNo {2880}
[5992] 2025/11/20 10:46:09.187 Add Basket MarketNo：0 StockIdx：34113
[5992] 2025/11/20 10:46:09.187 Divide StockNo {2881}
[5992] 2025/11/20 10:46:09.187 Add Basket MarketNo：0 StockIdx：34114
[5992] 2025/11/20 10:46:09.187 Divide StockNo {2882}
[5992] 2025/11/20 10:46:09.187 Add Basket MarketNo：0 StockIdx：34118
[5992] 2025/11/20 10:46:09.187 Divide StockNo {2883}
[5992] 2025/11/20 10:46:09.187 Add Basket MarketNo：0 StockIdx：34121
[5992] 2025/11/20 10:46:09.187 Divide StockNo {2884}
[5992] 2025/11/20 10:46:09.187 Add Basket MarketNo：0 StockIdx：34123
[5992] 2025/11/20 10:46:09.187 Divide StockNo {2885}
[5992] 2025/11/20 10:46:09.187 Add Basket MarketNo：0 StockIdx：34124
[5992] 2025/11/20 10:46:09.187 Divide StockNo {2886}
[5992] 2025/11/20 10:46:09.187 Add Basket MarketNo：0 StockIdx：34125
[5992] 2025/11/20 10:46:09.187 Divide StockNo {2887}
[5992] 2025/11/20 10:46:09.187 Add Basket MarketNo：0 StockIdx：34126
[5992] 2025/11/20 10:46:09.187 Divide StockNo {2888}
[5992] 2025/11/20 10:46:09.187 Stock Is Not Exist 
[5992] 2025/11/20 10:46:09.187 Divide StockNo {2890}
[5992] 2025/11/20 10:46:09.187 Add Basket MarketNo：0 StockIdx：34134
[5992] 2025/11/20 10:46:09.187 Divide StockNo {2891}
[5992] 2025/11/20 10:46:09.187 Add Basket MarketNo：0 StockIdx：34135
[5992] 2025/11/20 10:46:09.187 Divide StockNo {2892}
[5992] 2025/11/20 10:46:09.187 Add Basket MarketNo：0 StockIdx：34138
[5992] 2025/11/20 10:46:09.187 Divide StockNo {2913}
[5992] 2025/11/20 10:46:09.187 Add Basket MarketNo：0 StockIdx：34150
[5992] 2025/11/20 10:46:09.187 Divide StockNo {2915}
[5992] 2025/11/20 10:46:09.187 Add Basket MarketNo：0 StockIdx：34151
[5992] 2025/11/20 10:46:09.187 Divide StockNo {3005}
[5992] 2025/11/20 10:46:09.187 Add Basket MarketNo：0 StockIdx：34159
[5992] 2025/11/20 10:46:09.187 Divide StockNo {3006}
[5992] 2025/11/20 10:46:09.187 Add Basket MarketNo：0 StockIdx：34160
[5992] 2025/11/20 10:46:09.187 Divide StockNo {3008}
[5992] 2025/11/20 10:46:09.187 Add Basket MarketNo：0 StockIdx：34161
[5992] 2025/11/20 10:46:09.187 Divide StockNo {3017}
[5992] 2025/11/20 10:46:09.187 Add Basket MarketNo：0 StockIdx：34168
[5992] 2025/11/20 10:46:09.187 Divide StockNo {3019}
[5992] 2025/11/20 10:46:09.187 Add Basket MarketNo：0 StockIdx：34170
[5992] 2025/11/20 10:46:09.187 Divide StockNo {3034}
[5992] 2025/11/20 10:46:09.187 Add Basket MarketNo：0 StockIdx：34184
[5992] 2025/11/20 10:46:09.187 Divide StockNo {3035}
[5992] 2025/11/20 10:46:09.187 Add Basket MarketNo：0 StockIdx：34185
[5992] 2025/11/20 10:46:09.187 Divide StockNo {3036}
[5992] 2025/11/20 10:46:09.187 Add Basket MarketNo：0 StockIdx：34186
[5992] 2025/11/20 10:46:09.187 Divide StockNo {3037}
[5992] 2025/11/20 10:46:09.187 Add Basket MarketNo：0 StockIdx：34188
[5992] 2025/11/20 10:46:09.187 Divide StockNo {3042}
[5992] 2025/11/20 10:46:09.187 Add Basket MarketNo：0 StockIdx：34192
[5992] 2025/11/20 10:46:09.187 Divide StockNo {3044}
[5992] 2025/11/20 10:46:09.187 Add Basket MarketNo：0 StockIdx：34194
[5992] 2025/11/20 10:46:09.187 Divide StockNo {3045}
[5992] 2025/11/20 10:46:09.187 Add Basket MarketNo：0 StockIdx：34195
[5992] 2025/11/20 10:46:09.187 Divide StockNo {3078}
[5992] 2025/11/20 10:46:09.187 Add Basket MarketNo：1 StockIdx：270
[5992] 2025/11/20 10:46:09.187 Divide StockNo {3081}
[5992] 2025/11/20 10:46:09.187 Add Basket MarketNo：1 StockIdx：271
[5992] 2025/11/20 10:46:09.187 Divide StockNo {3105}
[5992] 2025/11/20 10:46:09.187 Add Basket MarketNo：1 StockIdx：281
[5992] 2025/11/20 10:46:09.187 Divide StockNo {3152}
[5992] 2025/11/20 10:46:09.187 Add Basket MarketNo：1 StockIdx：296
[5992] 2025/11/20 10:46:09.187 Divide StockNo {3189}
[5992] 2025/11/20 10:46:09.187 Add Basket MarketNo：0 StockIdx：34222
[5992] 2025/11/20 10:46:09.187 Divide StockNo {3227}
[5992] 2025/11/20 10:46:09.187 Add Basket MarketNo：1 StockIdx：320
[5992] 2025/11/20 10:46:09.187 Divide StockNo {3231}
[5992] 2025/11/20 10:46:09.187 Add Basket MarketNo：0 StockIdx：34225
[5992] 2025/11/20 10:46:09.188 Divide StockNo {3260}
[5992] 2025/11/20 10:46:09.188 Add Basket MarketNo：1 StockIdx：329
[5992] 2025/11/20 10:46:09.188 Divide StockNo {3264}
[5992] 2025/11/20 10:46:09.188 Add Basket MarketNo：1 StockIdx：330
[5992] 2025/11/20 10:46:09.188 Divide StockNo {3293}
[5992] 2025/11/20 10:46:09.188 Add Basket MarketNo：1 StockIdx：343
[5992] 2025/11/20 10:46:09.188 Divide StockNo {3324}
[5992] 2025/11/20 10:46:09.188 Add Basket MarketNo：1 StockIdx：359
[5992] 2025/11/20 10:46:09.188 Divide StockNo {3374}
[5992] 2025/11/20 10:46:09.188 Add Basket MarketNo：1 StockIdx：376
[5992] 2025/11/20 10:46:09.188 Divide StockNo {3376}
[5992] 2025/11/20 10:46:09.188 Add Basket MarketNo：0 StockIdx：34237
[5992] 2025/11/20 10:46:09.188 Divide StockNo {3380}
[5992] 2025/11/20 10:46:09.188 Add Basket MarketNo：0 StockIdx：34238
[5992] 2025/11/20 10:46:09.188 Divide StockNo {3406}
[5992] 2025/11/20 10:46:09.188 Add Basket MarketNo：0 StockIdx：34239
[5992] 2025/11/20 10:46:09.188 Divide StockNo {3443}
[5992] 2025/11/20 10:46:09.188 Add Basket MarketNo：0 StockIdx：34245
[5992] 2025/11/20 10:46:09.188 Divide StockNo {3481}
[5992] 2025/11/20 10:46:09.188 Add Basket MarketNo：0 StockIdx：34249
[5992] 2025/11/20 10:46:09.188 Divide StockNo {3529}
[5992] 2025/11/20 10:46:09.188 Add Basket MarketNo：1 StockIdx：424
[5992] 2025/11/20 10:46:09.188 Divide StockNo {3532}
[5992] 2025/11/20 10:46:09.188 Add Basket MarketNo：0 StockIdx：34257
[5992] 2025/11/20 10:46:09.188 Divide StockNo {3533}
[5992] 2025/11/20 10:46:09.188 Add Basket MarketNo：0 StockIdx：34258
[5992] 2025/11/20 10:46:09.188 Divide StockNo {3552}
[5992] 2025/11/20 10:46:09.188 Add Basket MarketNo：1 StockIdx：435
[5992] 2025/11/20 10:46:09.188 Divide StockNo {3653}
[5992] 2025/11/20 10:46:09.188 Add Basket MarketNo：0 StockIdx：34278
[5992] 2025/11/20 10:46:09.188 Divide StockNo {3661}
[5992] 2025/11/20 10:46:09.188 Add Basket MarketNo：0 StockIdx：34279
[5992] 2025/11/20 10:46:09.188 Divide StockNo {3673}
[5992] 2025/11/20 10:46:09.188 Add Basket MarketNo：0 StockIdx：34282
[5992] 2025/11/20 10:46:09.188 Divide StockNo {3680}
[5992] 2025/11/20 10:46:09.188 Add Basket MarketNo：1 StockIdx：474
[5992] 2025/11/20 10:46:09.188 Divide StockNo {3691}
[5992] 2025/11/20 10:46:09.188 Add Basket MarketNo：1 StockIdx：484
[5992] 2025/11/20 10:46:09.188 Divide StockNo {3702}
[5992] 2025/11/20 10:46:09.188 Add Basket MarketNo：0 StockIdx：34287
[5992] 2025/11/20 10:46:09.188 Divide StockNo {3706}
[5992] 2025/11/20 10:46:09.188 Add Basket MarketNo：0 StockIdx：34291
[5992] 2025/11/20 10:46:09.188 Divide StockNo {3711}
[5992] 2025/11/20 10:46:09.188 Add Basket MarketNo：0 StockIdx：34293
[5992] 2025/11/20 10:46:09.188 Divide StockNo {3714}
[5992] 2025/11/20 10:46:09.188 Add Basket MarketNo：0 StockIdx：34295
[5992] 2025/11/20 10:46:09.188 Divide StockNo {4123}
[5992] 2025/11/20 10:46:09.188 Add Basket MarketNo：1 StockIdx：509
[5992] 2025/11/20 10:46:09.188 Divide StockNo {4128}
[5992] 2025/11/20 10:46:09.188 Add Basket MarketNo：1 StockIdx：514
[5992] 2025/11/20 10:46:09.188 Divide StockNo {4162}
[5992] 2025/11/20 10:46:09.188 Add Basket MarketNo：1 StockIdx：528
[5992] 2025/11/20 10:46:09.188 Divide StockNo {4736}
[5992] 2025/11/20 10:46:09.188 Add Basket MarketNo：0 StockIdx：34340
[5992] 2025/11/20 10:46:09.188 Divide StockNo {4743}
[5992] 2025/11/20 10:46:09.188 Add Basket MarketNo：1 StockIdx：619
[5992] 2025/11/20 10:46:09.188 Divide StockNo {4904}
[5992] 2025/11/20 10:46:09.188 Add Basket MarketNo：0 StockIdx：34351
[5992] 2025/11/20 10:46:09.188 Divide StockNo {4919}
[5992] 2025/11/20 10:46:09.188 Add Basket MarketNo：0 StockIdx：34356
[5992] 2025/11/20 10:46:09.188 Divide StockNo {4938}
[5992] 2025/11/20 10:46:09.188 Add Basket MarketNo：0 StockIdx：34361
[5992] 2025/11/20 10:46:09.188 Divide StockNo {4958}
[5992] 2025/11/20 10:46:09.188 Add Basket MarketNo：0 StockIdx：34367
[5992] 2025/11/20 10:46:09.188 Divide StockNo {5009}
[5992] 2025/11/20 10:46:09.188 Add Basket MarketNo：1 StockIdx：661
[5992] 2025/11/20 10:46:09.189 Divide StockNo {5269}
[5992] 2025/11/20 10:46:09.189 Add Basket MarketNo：0 StockIdx：34386
[5992] 2025/11/20 10:46:09.189 Divide StockNo {5274}
[5992] 2025/11/20 10:46:09.189 Add Basket MarketNo：1 StockIdx：695
[5992] 2025/11/20 10:46:09.189 Divide StockNo {5347}
[5992] 2025/11/20 10:46:09.189 Add Basket MarketNo：1 StockIdx：718
[5992] 2025/11/20 10:46:09.189 Divide StockNo {5371}
[5992] 2025/11/20 10:46:09.189 Add Basket MarketNo：1 StockIdx：725
[5992] 2025/11/20 10:46:09.189 Divide StockNo {5388}
[5992] 2025/11/20 10:46:09.189 Add Basket MarketNo：0 StockIdx：34393
[5992] 2025/11/20 10:46:09.189 Divide StockNo {5425}
[5992] 2025/11/20 10:46:09.189 Add Basket MarketNo：1 StockIdx：733
[5992] 2025/11/20 10:46:09.189 Divide StockNo {5457}
[5992] 2025/11/20 10:46:09.189 Add Basket MarketNo：1 StockIdx：745
[5992] 2025/11/20 10:46:09.189 Divide StockNo {5483}
[5992] 2025/11/20 10:46:09.189 Add Basket MarketNo：1 StockIdx：755
[5992] 2025/11/20 10:46:09.189 Divide StockNo {5534}
[5992] 2025/11/20 10:46:09.189 Add Basket MarketNo：0 StockIdx：34405
[5992] 2025/11/20 10:46:09.189 Divide StockNo {5871}
[5992] 2025/11/20 10:46:09.189 Add Basket MarketNo：0 StockIdx：34411
[5992] 2025/11/20 10:46:09.189 Divide StockNo {5876}
[5992] 2025/11/20 10:46:09.189 Add Basket MarketNo：0 StockIdx：34413
[5992] 2025/11/20 10:46:09.189 Divide StockNo {5880}
[5992] 2025/11/20 10:46:09.189 Add Basket MarketNo：0 StockIdx：34414
[5992] 2025/11/20 10:46:09.189 Divide StockNo {5904}
[5992] 2025/11/20 10:46:09.189 Add Basket MarketNo：1 StockIdx：789
[5992] 2025/11/20 10:46:09.189 Divide StockNo {6005}
[5992] 2025/11/20 10:46:09.189 Add Basket MarketNo：0 StockIdx：34417
[5992] 2025/11/20 10:46:09.189 Divide StockNo {6116}
[5992] 2025/11/20 10:46:09.189 Add Basket MarketNo：0 StockIdx：34422
[5992] 2025/11/20 10:46:09.189 Divide StockNo {6121}
[5992] 2025/11/20 10:46:09.189 Add Basket MarketNo：1 StockIdx：812
[5992] 2025/11/20 10:46:09.189 Divide StockNo {6139}
[5992] 2025/11/20 10:46:09.189 Add Basket MarketNo：0 StockIdx：34428
[5992] 2025/11/20 10:46:09.189 Divide StockNo {6147}
[5992] 2025/11/20 10:46:09.189 Add Basket MarketNo：1 StockIdx：830
[5992] 2025/11/20 10:46:09.189 Divide StockNo {6153}
[5992] 2025/11/20 10:46:09.189 Add Basket MarketNo：0 StockIdx：34432
[5992] 2025/11/20 10:46:09.189 Divide StockNo {6173}
[5992] 2025/11/20 10:46:09.189 Add Basket MarketNo：1 StockIdx：847
[5992] 2025/11/20 10:46:09.189 Divide StockNo {6176}
[5992] 2025/11/20 10:46:09.189 Add Basket MarketNo：0 StockIdx：34438
[5992] 2025/11/20 10:46:09.189 Divide StockNo {6182}
[5992] 2025/11/20 10:46:09.189 Add Basket MarketNo：1 StockIdx：855
[5992] 2025/11/20 10:46:09.189 Divide StockNo {6188}
[5992] 2025/11/20 10:46:09.189 Add Basket MarketNo：1 StockIdx：863
[5992] 2025/11/20 10:46:09.189 Divide StockNo {6213}
[5992] 2025/11/20 10:46:09.189 Add Basket MarketNo：0 StockIdx：34452
[5992] 2025/11/20 10:46:09.189 Divide StockNo {6223}
[5992] 2025/11/20 10:46:09.189 Add Basket MarketNo：1 StockIdx：889
[5992] 2025/11/20 10:46:09.189 Divide StockNo {6239}
[5992] 2025/11/20 10:46:09.189 Add Basket MarketNo：0 StockIdx：34461
[5992] 2025/11/20 10:46:09.189 Divide StockNo {6245}
[5992] 2025/11/20 10:46:09.189 Add Basket MarketNo：1 StockIdx：904
[5992] 2025/11/20 10:46:09.189 Divide StockNo {6257}
[5992] 2025/11/20 10:46:09.189 Add Basket MarketNo：0 StockIdx：34463
[5992] 2025/11/20 10:46:09.189 Divide StockNo {6269}
[5992] 2025/11/20 10:46:09.189 Add Basket MarketNo：0 StockIdx：34464
[5992] 2025/11/20 10:46:09.189 Divide StockNo {6271}
[5992] 2025/11/20 10:46:09.189 Add Basket MarketNo：0 StockIdx：34465
[5992] 2025/11/20 10:46:09.189 Divide StockNo {6274}
[5992] 2025/11/20 10:46:09.189 Add Basket MarketNo：1 StockIdx：916
[5992] 2025/11/20 10:46:09.189 Divide StockNo {6278}
[5992] 2025/11/20 10:46:09.189 Add Basket MarketNo：0 StockIdx：34467
[5992] 2025/11/20 10:46:09.189 Divide StockNo {6279}
[5992] 2025/11/20 10:46:09.189 Add Basket MarketNo：1 StockIdx：921
[5992] 2025/11/20 10:46:09.189 Divide StockNo {6282}
[5992] 2025/11/20 10:46:09.189 Add Basket MarketNo：0 StockIdx：34469
[5992] 2025/11/20 10:46:09.190 Divide StockNo {6285}
[5992] 2025/11/20 10:46:09.190 Add Basket MarketNo：0 StockIdx：34471
[5992] 2025/11/20 10:46:09.190 Divide StockNo {6414}
[5992] 2025/11/20 10:46:09.190 Add Basket MarketNo：0 StockIdx：34475
[5992] 2025/11/20 10:46:09.190 Divide StockNo {6443}
[5992] 2025/11/20 10:46:09.190 Add Basket MarketNo：0 StockIdx：34483
[5992] 2025/11/20 10:46:09.190 Divide StockNo {6472}
[5992] 2025/11/20 10:46:09.190 Add Basket MarketNo：0 StockIdx：34489
[5992] 2025/11/20 10:46:09.190 Divide StockNo {6488}
[5992] 2025/11/20 10:46:09.190 Add Basket MarketNo：1 StockIdx：956
[5992] 2025/11/20 10:46:09.190 Divide StockNo {6505}
[5992] 2025/11/20 10:46:09.190 Add Basket MarketNo：0 StockIdx：34493
[5992] 2025/11/20 10:46:09.190 Divide StockNo {6510}
[5992] 2025/11/20 10:46:09.190 Add Basket MarketNo：1 StockIdx：966
[5992] 2025/11/20 10:46:09.190 Divide StockNo {6526}
[5992] 2025/11/20 10:46:09.190 Add Basket MarketNo：0 StockIdx：34496
[5992] 2025/11/20 10:46:09.190 Divide StockNo {6547}
[5992] 2025/11/20 10:46:09.190 Add Basket MarketNo：1 StockIdx：981
[5992] 2025/11/20 10:46:09.190 Divide StockNo {6669}
[5992] 2025/11/20 10:46:09.190 Add Basket MarketNo：0 StockIdx：34525
[5992] 2025/11/20 10:46:09.190 Divide StockNo {6757}
[5992] 2025/11/20 10:46:09.190 Add Basket MarketNo：0 StockIdx：34542
[5992] 2025/11/20 10:46:09.190 Divide StockNo {6770}
[5992] 2025/11/20 10:46:09.190 Add Basket MarketNo：0 StockIdx：34544
[5992] 2025/11/20 10:46:09.190 Divide StockNo {8039}
[5992] 2025/11/20 10:46:09.190 Add Basket MarketNo：0 StockIdx：34621
[5992] 2025/11/20 10:46:09.190 Divide StockNo {8044}
[5992] 2025/11/20 10:46:09.190 Add Basket MarketNo：1 StockIdx：12473
[5992] 2025/11/20 10:46:09.190 Divide StockNo {8046}
[5992] 2025/11/20 10:46:09.190 Add Basket MarketNo：0 StockIdx：34623
[5992] 2025/11/20 10:46:09.190 Divide StockNo {8069}
[5992] 2025/11/20 10:46:09.190 Add Basket MarketNo：1 StockIdx：12485
[5992] 2025/11/20 10:46:09.190 Divide StockNo {8086}
[5992] 2025/11/20 10:46:09.190 Add Basket MarketNo：1 StockIdx：12494
[5992] 2025/11/20 10:46:09.190 Divide StockNo {8112}
[5992] 2025/11/20 10:46:09.190 Add Basket MarketNo：0 StockIdx：34632
[5992] 2025/11/20 10:46:09.190 Divide StockNo {8150}
[5992] 2025/11/20 10:46:09.190 Add Basket MarketNo：0 StockIdx：34636
[5992] 2025/11/20 10:46:09.190 Divide StockNo {8163}
[5992] 2025/11/20 10:46:09.190 Add Basket MarketNo：0 StockIdx：34638
[5992] 2025/11/20 10:46:09.190 Divide StockNo {8299}
[5992] 2025/11/20 10:46:09.190 Add Basket MarketNo：1 StockIdx：12533
[5992] 2025/11/20 10:46:09.190 Divide StockNo {8358}
[5992] 2025/11/20 10:46:09.190 Add Basket MarketNo：1 StockIdx：12539
[5992] 2025/11/20 10:46:09.190 Divide StockNo {8436}
[5992] 2025/11/20 10:46:09.190 Add Basket MarketNo：1 StockIdx：12564
[5992] 2025/11/20 10:46:09.190 Divide StockNo {8454}
[5992] 2025/11/20 10:46:09.190 Add Basket MarketNo：0 StockIdx：34657
[5992] 2025/11/20 10:46:09.190 Divide StockNo {9904}
[5992] 2025/11/20 10:46:09.190 Add Basket MarketNo：0 StockIdx：34686
[5992] 2025/11/20 10:46:09.190 Divide StockNo {9914}
[5992] 2025/11/20 10:46:09.190 Add Basket MarketNo：0 StockIdx：34694
[5992] 2025/11/20 10:46:09.190 Divide StockNo {9938}
[5992] 2025/11/20 10:46:09.190 Add Basket MarketNo：0 StockIdx：34710
[5992] 2025/11/20 10:46:09.190 Divide StockNo {9939}
[5992] 2025/11/20 10:46:09.190 Add Basket MarketNo：0 StockIdx：34711
[5992] 2025/11/20 10:46:09.190 Divide StockNo {9945}
[5992] 2025/11/20 10:46:09.190 Add Basket MarketNo：0 StockIdx：34718
[5992] 2025/11/20 10:46:09.190 Divide StockNo {9958}
[5992] 2025/11/20 10:46:09.190 Add Basket MarketNo：0 StockIdx：34721
[5992] 2025/11/20 10:46:09.190 Divide StockNo {TSE}
[5992] 2025/11/20 10:46:09.190 Stock Is Not Exist 
[5992] 2025/11/20 10:46:09.190 Divide StockNo {TSE23}
[5992] 2025/11/20 10:46:09.190 Add Basket MarketNo：0 StockIdx：35038
[5992] 2025/11/20 10:46:09.191 Divide StockNo {TSE28}
[5992] 2025/11/20 10:46:09.191 Add Basket MarketNo：0 StockIdx：35043
[5992] 2025/11/20 10:46:09.191 Divide StockNo {TWMC}
[5992] 2025/11/20 10:46:09.191 Stock Is Not Exist 
[5992] 2025/11/20 10:46:09.191 Return PageNo： 1 
[21220] 2025/11/20 10:55:40.642 Precheck/DistributedServer Query result is 000,分配成功
[21220] 2025/11/20 10:55:40.642 >> Host srvsolace-tp2.capital.com.tw
[21220] 2025/11/20 10:55:40.754 SKQuoteLib_EnterMonitor IP：srvsolace-tp2.capital.com.tw
[21220] 2025/11/20 10:55:40.919 OnSessionConnect，Code: 3001, Error Code:0.
[21220] 2025/11/20 10:55:40.955 SKQuoteLib_EnterMonitorLONG starting
[21220] 2025/11/20 10:55:40.957 OnConnection ( 3001 , 0 ) 
[21220] 2025/11/20 10:55:41.742 Market Info is OK!
[21220] 2025/11/20 10:55:41.835 Catalog info is OK!
[21220] 2025/11/20 10:55:46.096 Solace RequestInitializeData (TO_S_19,S_1F)
[21220] 2025/11/20 10:55:46.097 Solace RequestInitializeData (TO_S_19,S_1F)
[21220] 2025/11/20 10:55:46.098 OnConnection ( 3003 , 0 ) 
[21220] 2025/11/20 10:55:47.758 SKQuoteLib_RequestStocks (1 , CAF00, CBF00, CCF00, CDF00, CEF00, CFF00, CGF00, CHF00, CJF00, CKF00, CLF00, CMF00, CNF00, CQF00, CRF00, CSF00, CUF00, CWF00, CXF00, CYF00, CZF00, DAF00, DBF00, DCF00, DEF00, DFF00, DGF00, DHF00, DIF00, DJF00, DKF00, DLF00, DNF00, DOF00, DPF00, DQF00, DSF00, DVF00, DWF00, DXF00, DYF00, DZF00, EEF00, EGF00, EHF00, EKF00, EMF00, EPF00, EYF00, EZF00, FBF00, FCF00, FEF00, FFF00, FGF00, FKF00, FNF00, FQF00, FRF00, FSF00, FTF00, FVF00, FWF00, FYF00, FZF00, GAF00, GCF00, GHF00, GIF00, GJF00, GKF00, GLF00, GMF00, GNF00, GOF00, GRF00, GUF00, GVF00, GWF00, GXF00, GYF00, GZF00, HAF00, HBF00, HCF00, HHF00, HIF00, HLF00, HOF00, HQF00, HSF00, IAF00, IHF00, IIF00, IJF00, IMF00, IOF00, IPF00, IQF00, IRF00, ITF00, IXF00, IYF00, IZF00, JBF00, JFF00, JMF00, JNF00, JPF00, JSF00, JWF00, JXF00, JZF00, KAF00, KBF00, KCF00, KDF00, KEF00, KFF00, KGF00, KIF00, KKF00, KLF00, KOF00, KPF00, KSF00, KUF00, KWF00, LBF00, LCF00, LEF00, LIF00, LMF00, LOF00, LQF00, LRF00, LTF00, LUF00, LVF00, LWF00, LXF00, LYF00, MAF00, MBF00, MJF00, MKF00, MQF00, MVF00, MYF00, NAF00, NBF00, NDF00, NEF00, NGF00, NIF00, NJF00, NLF00, NMF00, NOF00, NQF00, NSF00, NUF00, NVF00, NWF00, NYF00, OAF00, OBF00, ODF00, OEF00, OHF00, OJF00, OKF00, OLF00, OMF00, OOF00, OPF00, OQF00, ORF00, OSF00, OTF00, OUF00, OVF00, OWF00, OXF00, OYF00, OZF00, PAF00, PBF00, PCF00, PDF00, PEF00, PFF00, PGF00, PHF00, PIF00, PJF00, PKF00, PLF00, PMF00, PNF00, PPF00, PQF00, PRF00, PSF00, PTF00, PUF00, PVF00, PWF00, PXF00, PYF00, PZF00, QAF00, QBF00, QCF00, QDF00, QEF00, QFF00, QGF00, QHF00, QIF00, QJF00, QKF00, QLF00, QMF00, QNF00, QOF00, QPF00, QQF00, QRF00, QSF00, QTF00, QUF00, QVF00, QWF00, QXF00, QYF00, QZF00, RAF00, RBF00, RCF00, RDF00, REF00, RFF00, RGF00, RIF00, RJF00, RKF00, RLF00, RMF00, RNF00, ROF00, RPF00, RQF00, RRF00, RSF00, RUF00, RVF00, RWF00, RXF00, RYF00, RZF00, SAF00, SBF00, SCF00, SDF00, SEF00, SFF00, SGF00, SIF00, SJF00, SKF00, SLF00, SMF00, SNF00, SQF00, SRF00, SSF00, SUF00, SVF00, SWF00, SYF00, SZF00, UAF00, UBF00, UCF00, UEF00, UFF00, UGF00, UHF00, UIF00, UJF00, UKF00, ULF00, UMF00, UOF00, UPF00, UQF00, URF00, USF00, UTF00, UUF00, UVF00, UWF00, 0050, 0056, 006205, 006206, 00636, 00639, 00643, 00679B, 00687B, 00719B, 00757, 00772B, 00878, 00885, 00893, 00919, 00923, 00929, 00937B, 00940, 1101, 1102, 1210, 1216, 1301, 1303, 1312, 1314, 1319, 1326, 1402, 1440, 1476, 1477, 1503, 1504, 1513, 1536, 1565, 1590, 1605, 1609, 1707, 1717, 1718, 1722, 1795, 1802, 1904, 1905, 1907, 1909, 2002, 2006, 2014, 2027, 2049, 2059, 2105, 2201, 2231, 2301, 2303, 2308, 2312, 2313, 2317, 2323, 2324, 2327, 2328, 2330, 2331, 2332, 2337, 2338, 2340, 2344, 2345, 2347, 2352, 2353, 2354, 2355, 2356, 2357, 2360, 2368, 2371, 2376, 2377, 2379, 2382, 2383, 2385, 2388, 2392, 2393, 2401, 2404, 2408, 2409, 2412, 2439, 2441, 2449, 2454, 2455, 2457, 2458, 2474, 2481, 2485, 2486, 2489, 2492, 2498, 2515, 2520, 2542, 2548, 2603, 2605, 2606, 2609, 2610, 2615, 2618, 2633, 2634, 2801, 2834, 2880, 2881, 2882, 2883, 2884, 2885, 2886, 2887, 2888, 2890, 2891, 2892, 2913, 2915, 3005, 3006, 3008, 3017, 3019, 3034, 3035, 3036, 3037, 3042, 3044, 3045, 3078, 3081, 3105, 3152, 3189, 3227, 3231, 3260, 3264, 3293, 3324, 3374, 3376, 3380, 3406, 3443, 3481, 3529, 3532, 3533, 3552, 3653, 3661, 3673, 3680, 3691, 3702, 3706, 3711, 3714, 4123, 4128, 4162, 4736, 4743, 4904, 4919, 4938, 4958, 5009, 5269, 5274, 5347, 5371, 5388, 5425, 5457, 5483, 5534, 5871, 5876, 5880, 5904, 6005, 6116, 6121, 6139, 6147, 6153, 6173, 6176, 6182, 6188, 6213, 6223, 6239, 6245, 6257, 6269, 6271, 6274, 6278, 6279, 6282, 6285, 6414, 6443, 6472, 6488, 6505, 6510, 6526, 6547, 6669, 6757, 6770, 8039, 8044, 8046, 8069, 8086, 8112, 8150, 8163, 8299, 8358, 8436, 8454, 9904, 9914, 9938, 9939, 9945, 9958, TSE, TSE23, TSE28, TWMC)
[21220] 2025/11/20 10:55:47.763 Divide StockNo {CAF00}
[21220] 2025/11/20 10:55:47.763 Add Basket MarketNo：2 StockIdx：704
[21220] 2025/11/20 10:55:47.763 Divide StockNo {CBF00}
[21220] 2025/11/20 10:55:47.763 Add Basket MarketNo：2 StockIdx：710
[21220] 2025/11/20 10:55:47.763 Divide StockNo {CCF00}
[21220] 2025/11/20 10:55:47.763 Add Basket MarketNo：2 StockIdx：120
[21220] 2025/11/20 10:55:47.763 Divide StockNo {CDF00}
[21220] 2025/11/20 10:55:47.763 Add Basket MarketNo：2 StockIdx：126
[21220] 2025/11/20 10:55:47.763 Divide StockNo {CEF00}
[21220] 2025/11/20 10:55:47.763 Add Basket MarketNo：2 StockIdx：728
[21220] 2025/11/20 10:55:47.763 Divide StockNo {CFF00}
[21220] 2025/11/20 10:55:47.763 Add Basket MarketNo：2 StockIdx：736
[21220] 2025/11/20 10:55:47.763 Divide StockNo {CGF00}
[21220] 2025/11/20 10:55:47.763 Add Basket MarketNo：2 StockIdx：742
[21220] 2025/11/20 10:55:47.763 Divide StockNo {CHF00}
[21220] 2025/11/20 10:55:47.763 Add Basket MarketNo：2 StockIdx：748
[21220] 2025/11/20 10:55:47.763 Divide StockNo {CJF00}
[21220] 2025/11/20 10:55:47.763 Add Basket MarketNo：2 StockIdx：754
[21220] 2025/11/20 10:55:47.764 Divide StockNo {CKF00}
[21220] 2025/11/20 10:55:47.764 Add Basket MarketNo：2 StockIdx：760
[21220] 2025/11/20 10:55:47.764 Divide StockNo {CLF00}
[21220] 2025/11/20 10:55:47.764 Add Basket MarketNo：2 StockIdx：766
[21220] 2025/11/20 10:55:47.764 Divide StockNo {CMF00}
[21220] 2025/11/20 10:55:47.764 Add Basket MarketNo：2 StockIdx：772
[21220] 2025/11/20 10:55:47.764 Divide StockNo {CNF00}
[21220] 2025/11/20 10:55:47.764 Add Basket MarketNo：2 StockIdx：778
[21220] 2025/11/20 10:55:47.764 Divide StockNo {CQF00}
[21220] 2025/11/20 10:55:47.764 Add Basket MarketNo：2 StockIdx：784
[21220] 2025/11/20 10:55:47.764 Divide StockNo {CRF00}
[21220] 2025/11/20 10:55:47.764 Add Basket MarketNo：2 StockIdx：790
[21220] 2025/11/20 10:55:47.764 Divide StockNo {CSF00}
[21220] 2025/11/20 10:55:47.764 Add Basket MarketNo：2 StockIdx：796
[21220] 2025/11/20 10:55:47.764 Divide StockNo {CUF00}
[21220] 2025/11/20 10:55:47.764 Add Basket MarketNo：2 StockIdx：802
[21220] 2025/11/20 10:55:47.764 Divide StockNo {CWF00}
[21220] 2025/11/20 10:55:47.764 Add Basket MarketNo：2 StockIdx：808
[21220] 2025/11/20 10:55:47.764 Divide StockNo {CXF00}
[21220] 2025/11/20 10:55:47.764 Add Basket MarketNo：2 StockIdx：816
[21220] 2025/11/20 10:55:47.764 Divide StockNo {CYF00}
[21220] 2025/11/20 10:55:47.764 Add Basket MarketNo：2 StockIdx：822
[21220] 2025/11/20 10:55:47.764 Divide StockNo {CZF00}
[21220] 2025/11/20 10:55:47.764 Add Basket MarketNo：2 StockIdx：828
[21220] 2025/11/20 10:55:47.764 Divide StockNo {DAF00}
[21220] 2025/11/20 10:55:47.764 Add Basket MarketNo：2 StockIdx：834
[21220] 2025/11/20 10:55:47.765 Divide StockNo {DBF00}
[21220] 2025/11/20 10:55:47.765 Add Basket MarketNo：2 StockIdx：840
[21220] 2025/11/20 10:55:47.765 Divide StockNo {DCF00}
[21220] 2025/11/20 10:55:47.765 Add Basket MarketNo：2 StockIdx：846
[21220] 2025/11/20 10:55:47.765 Divide StockNo {DEF00}
[21220] 2025/11/20 10:55:47.765 Add Basket MarketNo：2 StockIdx：854
[21220] 2025/11/20 10:55:47.765 Divide StockNo {DFF00}
[21220] 2025/11/20 10:55:47.765 Add Basket MarketNo：2 StockIdx：863
[21220] 2025/11/20 10:55:47.765 Divide StockNo {DGF00}
[21220] 2025/11/20 10:55:47.765 Add Basket MarketNo：2 StockIdx：869
[21220] 2025/11/20 10:55:47.765 Divide StockNo {DHF00}
[21220] 2025/11/20 10:55:47.765 Add Basket MarketNo：2 StockIdx：875
[21220] 2025/11/20 10:55:47.765 Divide StockNo {DIF00}
[21220] 2025/11/20 10:55:47.765 Add Basket MarketNo：2 StockIdx：881
[21220] 2025/11/20 10:55:47.765 Divide StockNo {DJF00}
[21220] 2025/11/20 10:55:47.765 Add Basket MarketNo：2 StockIdx：887
[21220] 2025/11/20 10:55:47.765 Divide StockNo {DKF00}
[21220] 2025/11/20 10:55:47.765 Add Basket MarketNo：2 StockIdx：893
[21220] 2025/11/20 10:55:47.765 Divide StockNo {DLF00}
[21220] 2025/11/20 10:55:47.765 Add Basket MarketNo：2 StockIdx：899
[21220] 2025/11/20 10:55:47.765 Divide StockNo {DNF00}
[21220] 2025/11/20 10:55:47.765 Add Basket MarketNo：2 StockIdx：905
[21220] 2025/11/20 10:55:47.765 Divide StockNo {DOF00}
[21220] 2025/11/20 10:55:47.765 Add Basket MarketNo：2 StockIdx：913
[21220] 2025/11/20 10:55:47.765 Divide StockNo {DPF00}
[21220] 2025/11/20 10:55:47.765 Add Basket MarketNo：2 StockIdx：919
[21220] 2025/11/20 10:55:47.765 Divide StockNo {DQF00}
[21220] 2025/11/20 10:55:47.765 Add Basket MarketNo：2 StockIdx：925
[21220] 2025/11/20 10:55:47.765 Divide StockNo {DSF00}
[21220] 2025/11/20 10:55:47.765 Add Basket MarketNo：2 StockIdx：931
[21220] 2025/11/20 10:55:47.765 Divide StockNo {DVF00}
[21220] 2025/11/20 10:55:47.765 Add Basket MarketNo：2 StockIdx：937
[21220] 2025/11/20 10:55:47.765 Divide StockNo {DWF00}
[21220] 2025/11/20 10:55:47.765 Add Basket MarketNo：2 StockIdx：943
[21220] 2025/11/20 10:55:47.765 Divide StockNo {DXF00}
[21220] 2025/11/20 10:55:47.765 Add Basket MarketNo：2 StockIdx：949
[21220] 2025/11/20 10:55:47.765 Divide StockNo {DYF00}
[21220] 2025/11/20 10:55:47.765 Add Basket MarketNo：2 StockIdx：955
[21220] 2025/11/20 10:55:47.765 Divide StockNo {DZF00}
[21220] 2025/11/20 10:55:47.765 Add Basket MarketNo：2 StockIdx：961
[21220] 2025/11/20 10:55:47.765 Divide StockNo {EEF00}
[21220] 2025/11/20 10:55:47.765 Add Basket MarketNo：2 StockIdx：967
[21220] 2025/11/20 10:55:47.765 Divide StockNo {EGF00}
[21220] 2025/11/20 10:55:47.765 Add Basket MarketNo：2 StockIdx：973
[21220] 2025/11/20 10:55:47.765 Divide StockNo {EHF00}
[21220] 2025/11/20 10:55:47.765 Add Basket MarketNo：2 StockIdx：979
[21220] 2025/11/20 10:55:47.765 Divide StockNo {EKF00}
[21220] 2025/11/20 10:55:47.765 Add Basket MarketNo：2 StockIdx：985
[21220] 2025/11/20 10:55:47.765 Divide StockNo {EMF00}
[21220] 2025/11/20 10:55:47.765 Add Basket MarketNo：2 StockIdx：991
[21220] 2025/11/20 10:55:47.765 Divide StockNo {EPF00}
[21220] 2025/11/20 10:55:47.765 Add Basket MarketNo：2 StockIdx：997
[21220] 2025/11/20 10:55:47.765 Divide StockNo {EYF00}
[21220] 2025/11/20 10:55:47.765 Add Basket MarketNo：2 StockIdx：1003
[21220] 2025/11/20 10:55:47.765 Divide StockNo {EZF00}
[21220] 2025/11/20 10:55:47.765 Add Basket MarketNo：2 StockIdx：1009
[21220] 2025/11/20 10:55:47.765 Divide StockNo {FBF00}
[21220] 2025/11/20 10:55:47.765 Add Basket MarketNo：2 StockIdx：1015
[21220] 2025/11/20 10:55:47.765 Divide StockNo {FCF00}
[21220] 2025/11/20 10:55:47.765 Add Basket MarketNo：2 StockIdx：1021
[21220] 2025/11/20 10:55:47.765 Divide StockNo {FEF00}
[21220] 2025/11/20 10:55:47.766 Add Basket MarketNo：2 StockIdx：1025
[21220] 2025/11/20 10:55:47.766 Divide StockNo {FFF00}
[21220] 2025/11/20 10:55:47.766 Add Basket MarketNo：2 StockIdx：1033
[21220] 2025/11/20 10:55:47.766 Divide StockNo {FGF00}
[21220] 2025/11/20 10:55:47.766 Add Basket MarketNo：2 StockIdx：1039
[21220] 2025/11/20 10:55:47.766 Divide StockNo {FKF00}
[21220] 2025/11/20 10:55:47.766 Add Basket MarketNo：2 StockIdx：1045
[21220] 2025/11/20 10:55:47.766 Divide StockNo {FNF00}
[21220] 2025/11/20 10:55:47.766 Add Basket MarketNo：2 StockIdx：1051
[21220] 2025/11/20 10:55:47.766 Divide StockNo {FQF00}
[21220] 2025/11/20 10:55:47.766 Add Basket MarketNo：2 StockIdx：1057
[21220] 2025/11/20 10:55:47.766 Divide StockNo {FRF00}
[21220] 2025/11/20 10:55:47.766 Add Basket MarketNo：2 StockIdx：1063
[21220] 2025/11/20 10:55:47.766 Divide StockNo {FSF00}
[21220] 2025/11/20 10:55:47.766 Add Basket MarketNo：2 StockIdx：1069
[21220] 2025/11/20 10:55:47.766 Divide StockNo {FTF00}
[21220] 2025/11/20 10:55:47.766 Add Basket MarketNo：2 StockIdx：1075
[21220] 2025/11/20 10:55:47.766 Divide StockNo {FVF00}
[21220] 2025/11/20 10:55:47.766 Add Basket MarketNo：2 StockIdx：1081
[21220] 2025/11/20 10:55:47.766 Divide StockNo {FWF00}
[21220] 2025/11/20 10:55:47.766 Add Basket MarketNo：2 StockIdx：1087
[21220] 2025/11/20 10:55:47.766 Divide StockNo {FYF00}
[21220] 2025/11/20 10:55:47.766 Add Basket MarketNo：2 StockIdx：1093
[21220] 2025/11/20 10:55:47.766 Divide StockNo {FZF00}
[21220] 2025/11/20 10:55:47.766 Add Basket MarketNo：2 StockIdx：1099
[21220] 2025/11/20 10:55:47.766 Divide StockNo {GAF00}
[21220] 2025/11/20 10:55:47.766 Add Basket MarketNo：2 StockIdx：1105
[21220] 2025/11/20 10:55:47.766 Divide StockNo {GCF00}
[21220] 2025/11/20 10:55:47.766 Add Basket MarketNo：2 StockIdx：1111
[21220] 2025/11/20 10:55:47.766 Divide StockNo {GHF00}
[21220] 2025/11/20 10:55:47.766 Add Basket MarketNo：2 StockIdx：1117
[21220] 2025/11/20 10:55:47.766 Divide StockNo {GIF00}
[21220] 2025/11/20 10:55:47.766 Add Basket MarketNo：2 StockIdx：1123
[21220] 2025/11/20 10:55:47.766 Divide StockNo {GJF00}
[21220] 2025/11/20 10:55:47.766 Add Basket MarketNo：2 StockIdx：1129
[21220] 2025/11/20 10:55:47.767 Divide StockNo {GKF00}
[21220] 2025/11/20 10:55:47.767 Add Basket MarketNo：2 StockIdx：1135
[21220] 2025/11/20 10:55:47.767 Divide StockNo {GLF00}
[21220] 2025/11/20 10:55:47.767 Add Basket MarketNo：2 StockIdx：1141
[21220] 2025/11/20 10:55:47.767 Divide StockNo {GMF00}
[21220] 2025/11/20 10:55:47.767 Add Basket MarketNo：2 StockIdx：1147
[21220] 2025/11/20 10:55:47.767 Divide StockNo {GNF00}
[21220] 2025/11/20 10:55:47.767 Add Basket MarketNo：2 StockIdx：1153
[21220] 2025/11/20 10:55:47.767 Divide StockNo {GOF00}
[21220] 2025/11/20 10:55:47.767 Add Basket MarketNo：2 StockIdx：1159
[21220] 2025/11/20 10:55:47.767 Divide StockNo {GRF00}
[21220] 2025/11/20 10:55:47.767 Add Basket MarketNo：2 StockIdx：1165
[21220] 2025/11/20 10:55:47.767 Divide StockNo {GUF00}
[21220] 2025/11/20 10:55:47.767 Add Basket MarketNo：2 StockIdx：1171
[21220] 2025/11/20 10:55:47.767 Divide StockNo {GVF00}
[21220] 2025/11/20 10:55:47.767 Add Basket MarketNo：2 StockIdx：1177
[21220] 2025/11/20 10:55:47.767 Divide StockNo {GWF00}
[21220] 2025/11/20 10:55:47.767 Add Basket MarketNo：2 StockIdx：1183
[21220] 2025/11/20 10:55:47.767 Divide StockNo {GXF00}
[21220] 2025/11/20 10:55:47.767 Add Basket MarketNo：2 StockIdx：1189
[21220] 2025/11/20 10:55:47.767 Divide StockNo {GYF00}
[21220] 2025/11/20 10:55:47.767 Add Basket MarketNo：2 StockIdx：1195
[21220] 2025/11/20 10:55:47.767 Divide StockNo {GZF00}
[21220] 2025/11/20 10:55:47.767 Add Basket MarketNo：2 StockIdx：1201
[21220] 2025/11/20 10:55:47.767 Divide StockNo {HAF00}
[21220] 2025/11/20 10:55:47.767 Add Basket MarketNo：2 StockIdx：1207
[21220] 2025/11/20 10:55:47.767 Divide StockNo {HBF00}
[21220] 2025/11/20 10:55:47.767 Add Basket MarketNo：2 StockIdx：1217
[21220] 2025/11/20 10:55:47.767 Divide StockNo {HCF00}
[21220] 2025/11/20 10:55:47.767 Add Basket MarketNo：2 StockIdx：1223
[21220] 2025/11/20 10:55:47.767 Divide StockNo {HHF00}
[21220] 2025/11/20 10:55:47.767 Add Basket MarketNo：2 StockIdx：1229
[21220] 2025/11/20 10:55:47.767 Divide StockNo {HIF00}
[21220] 2025/11/20 10:55:47.767 Add Basket MarketNo：2 StockIdx：1239
[21220] 2025/11/20 10:55:47.767 Divide StockNo {HLF00}
[21220] 2025/11/20 10:55:47.767 Add Basket MarketNo：2 StockIdx：1245
[21220] 2025/11/20 10:55:47.767 Divide StockNo {HOF00}
[21220] 2025/11/20 10:55:47.767 Add Basket MarketNo：2 StockIdx：1255
[21220] 2025/11/20 10:55:47.767 Divide StockNo {HQF00}
[21220] 2025/11/20 10:55:47.767 Add Basket MarketNo：2 StockIdx：1261
[21220] 2025/11/20 10:55:47.767 Divide StockNo {HSF00}
[21220] 2025/11/20 10:55:47.767 Add Basket MarketNo：2 StockIdx：1267
[21220] 2025/11/20 10:55:47.767 Divide StockNo {IAF00}
[21220] 2025/11/20 10:55:47.767 Add Basket MarketNo：2 StockIdx：1273
[21220] 2025/11/20 10:55:47.767 Divide StockNo {IHF00}
[21220] 2025/11/20 10:55:47.767 Add Basket MarketNo：2 StockIdx：1282
[21220] 2025/11/20 10:55:47.767 Divide StockNo {IIF00}
[21220] 2025/11/20 10:55:47.767 Add Basket MarketNo：2 StockIdx：1288
[21220] 2025/11/20 10:55:47.767 Divide StockNo {IJF00}
[21220] 2025/11/20 10:55:47.767 Add Basket MarketNo：2 StockIdx：1294
[21220] 2025/11/20 10:55:47.768 Divide StockNo {IMF00}
[21220] 2025/11/20 10:55:47.768 Add Basket MarketNo：2 StockIdx：1300
[21220] 2025/11/20 10:55:47.768 Divide StockNo {IOF00}
[21220] 2025/11/20 10:55:47.768 Add Basket MarketNo：2 StockIdx：1306
[21220] 2025/11/20 10:55:47.768 Divide StockNo {IPF00}
[21220] 2025/11/20 10:55:47.768 Add Basket MarketNo：2 StockIdx：1312
[21220] 2025/11/20 10:55:47.768 Divide StockNo {IQF00}
[21220] 2025/11/20 10:55:47.768 Add Basket MarketNo：2 StockIdx：1318
[21220] 2025/11/20 10:55:47.768 Divide StockNo {IRF00}
[21220] 2025/11/20 10:55:47.768 Add Basket MarketNo：2 StockIdx：1324
[21220] 2025/11/20 10:55:47.768 Divide StockNo {ITF00}
[21220] 2025/11/20 10:55:47.768 Add Basket MarketNo：2 StockIdx：1334
[21220] 2025/11/20 10:55:47.768 Divide StockNo {IXF00}
[21220] 2025/11/20 10:55:47.768 Add Basket MarketNo：2 StockIdx：1340
[21220] 2025/11/20 10:55:47.768 Divide StockNo {IYF00}
[21220] 2025/11/20 10:55:47.768 Add Basket MarketNo：2 StockIdx：1346
[21220] 2025/11/20 10:55:47.768 Divide StockNo {IZF00}
[21220] 2025/11/20 10:55:47.768 Add Basket MarketNo：2 StockIdx：1352
[21220] 2025/11/20 10:55:47.768 Divide StockNo {JBF00}
[21220] 2025/11/20 10:55:47.768 Add Basket MarketNo：2 StockIdx：1358
[21220] 2025/11/20 10:55:47.768 Divide StockNo {JFF00}
[21220] 2025/11/20 10:55:47.768 Add Basket MarketNo：2 StockIdx：1364
[21220] 2025/11/20 10:55:47.768 Divide StockNo {JMF00}
[21220] 2025/11/20 10:55:47.768 Add Basket MarketNo：2 StockIdx：1370
[21220] 2025/11/20 10:55:47.768 Divide StockNo {JNF00}
[21220] 2025/11/20 10:55:47.768 Add Basket MarketNo：2 StockIdx：1376
[21220] 2025/11/20 10:55:47.768 Divide StockNo {JPF00}
[21220] 2025/11/20 10:55:47.768 Add Basket MarketNo：2 StockIdx：1382
[21220] 2025/11/20 10:55:47.768 Divide StockNo {JSF00}
[21220] 2025/11/20 10:55:47.768 Add Basket MarketNo：2 StockIdx：1388
[21220] 2025/11/20 10:55:47.768 Divide StockNo {JWF00}
[21220] 2025/11/20 10:55:47.768 Add Basket MarketNo：2 StockIdx：1394
[21220] 2025/11/20 10:55:47.768 Divide StockNo {JXF00}
[21220] 2025/11/20 10:55:47.768 Add Basket MarketNo：2 StockIdx：1400
[21220] 2025/11/20 10:55:47.768 Divide StockNo {JZF00}
[21220] 2025/11/20 10:55:47.768 Add Basket MarketNo：2 StockIdx：1406
[21220] 2025/11/20 10:55:47.768 Divide StockNo {KAF00}
[21220] 2025/11/20 10:55:47.768 Add Basket MarketNo：2 StockIdx：1412
[21220] 2025/11/20 10:55:47.768 Divide StockNo {KBF00}
[21220] 2025/11/20 10:55:47.768 Add Basket MarketNo：2 StockIdx：1418
[21220] 2025/11/20 10:55:47.768 Divide StockNo {KCF00}
[21220] 2025/11/20 10:55:47.768 Add Basket MarketNo：2 StockIdx：1424
[21220] 2025/11/20 10:55:47.768 Divide StockNo {KDF00}
[21220] 2025/11/20 10:55:47.768 Add Basket MarketNo：2 StockIdx：1430
[21220] 2025/11/20 10:55:47.768 Divide StockNo {KEF00}
[21220] 2025/11/20 10:55:47.768 Add Basket MarketNo：2 StockIdx：1436
[21220] 2025/11/20 10:55:47.768 Divide StockNo {KFF00}
[21220] 2025/11/20 10:55:47.768 Add Basket MarketNo：2 StockIdx：1442
[21220] 2025/11/20 10:55:47.768 Divide StockNo {KGF00}
[21220] 2025/11/20 10:55:47.768 Add Basket MarketNo：2 StockIdx：1448
[21220] 2025/11/20 10:55:47.768 Divide StockNo {KIF00}
[21220] 2025/11/20 10:55:47.768 Add Basket MarketNo：2 StockIdx：1454
[21220] 2025/11/20 10:55:47.768 Divide StockNo {KKF00}
[21220] 2025/11/20 10:55:47.768 Add Basket MarketNo：2 StockIdx：1460
[21220] 2025/11/20 10:55:47.768 Divide StockNo {KLF00}
[21220] 2025/11/20 10:55:47.768 Add Basket MarketNo：2 StockIdx：1466
[21220] 2025/11/20 10:55:47.768 Divide StockNo {KOF00}
[21220] 2025/11/20 10:55:47.768 Add Basket MarketNo：2 StockIdx：1472
[21220] 2025/11/20 10:55:47.768 Divide StockNo {KPF00}
[21220] 2025/11/20 10:55:47.768 Add Basket MarketNo：2 StockIdx：1478
[21220] 2025/11/20 10:55:47.768 Divide StockNo {KSF00}
[21220] 2025/11/20 10:55:47.768 Add Basket MarketNo：2 StockIdx：1484
[21220] 2025/11/20 10:55:47.768 Divide StockNo {KUF00}
[21220] 2025/11/20 10:55:47.768 Add Basket MarketNo：2 StockIdx：1490
[21220] 2025/11/20 10:55:47.768 Divide StockNo {KWF00}
[21220] 2025/11/20 10:55:47.769 Add Basket MarketNo：2 StockIdx：1496
[21220] 2025/11/20 10:55:47.769 Divide StockNo {LBF00}
[21220] 2025/11/20 10:55:47.769 Add Basket MarketNo：2 StockIdx：1502
[21220] 2025/11/20 10:55:47.769 Divide StockNo {LCF00}
[21220] 2025/11/20 10:55:47.769 Add Basket MarketNo：2 StockIdx：1508
[21220] 2025/11/20 10:55:47.769 Divide StockNo {LEF00}
[21220] 2025/11/20 10:55:47.769 Add Basket MarketNo：2 StockIdx：1514
[21220] 2025/11/20 10:55:47.769 Divide StockNo {LIF00}
[21220] 2025/11/20 10:55:47.769 Add Basket MarketNo：2 StockIdx：1520
[21220] 2025/11/20 10:55:47.769 Divide StockNo {LMF00}
[21220] 2025/11/20 10:55:47.770 Add Basket MarketNo：2 StockIdx：1526
[21220] 2025/11/20 10:55:47.770 Divide StockNo {LOF00}
[21220] 2025/11/20 10:55:47.770 Add Basket MarketNo：2 StockIdx：1532
[21220] 2025/11/20 10:55:47.770 Divide StockNo {LQF00}
[21220] 2025/11/20 10:55:47.770 Add Basket MarketNo：2 StockIdx：1538
[21220] 2025/11/20 10:55:47.770 Divide StockNo {LRF00}
[21220] 2025/11/20 10:55:47.770 Add Basket MarketNo：2 StockIdx：1544
[21220] 2025/11/20 10:55:47.770 Divide StockNo {LTF00}
[21220] 2025/11/20 10:55:47.770 Add Basket MarketNo：2 StockIdx：1553
[21220] 2025/11/20 10:55:47.770 Divide StockNo {LUF00}
[21220] 2025/11/20 10:55:47.770 Add Basket MarketNo：2 StockIdx：1559
[21220] 2025/11/20 10:55:47.770 Divide StockNo {LVF00}
[21220] 2025/11/20 10:55:47.770 Add Basket MarketNo：2 StockIdx：1565
[21220] 2025/11/20 10:55:47.770 Divide StockNo {LWF00}
[21220] 2025/11/20 10:55:47.770 Add Basket MarketNo：2 StockIdx：1574
[21220] 2025/11/20 10:55:47.770 Divide StockNo {LXF00}
[21220] 2025/11/20 10:55:47.770 Add Basket MarketNo：2 StockIdx：1580
[21220] 2025/11/20 10:55:47.770 Divide StockNo {LYF00}
[21220] 2025/11/20 10:55:47.770 Add Basket MarketNo：2 StockIdx：1587
[21220] 2025/11/20 10:55:47.770 Divide StockNo {MAF00}
[21220] 2025/11/20 10:55:47.770 Add Basket MarketNo：2 StockIdx：1593
[21220] 2025/11/20 10:55:47.770 Divide StockNo {MBF00}
[21220] 2025/11/20 10:55:47.770 Add Basket MarketNo：2 StockIdx：1596
[21220] 2025/11/20 10:55:47.770 Divide StockNo {MJF00}
[21220] 2025/11/20 10:55:47.770 Add Basket MarketNo：2 StockIdx：1602
[21220] 2025/11/20 10:55:47.770 Divide StockNo {MKF00}
[21220] 2025/11/20 10:55:47.770 Add Basket MarketNo：2 StockIdx：1608
[21220] 2025/11/20 10:55:47.770 Divide StockNo {MQF00}
[21220] 2025/11/20 10:55:47.770 Add Basket MarketNo：2 StockIdx：1614
[21220] 2025/11/20 10:55:47.770 Divide StockNo {MVF00}
[21220] 2025/11/20 10:55:47.770 Add Basket MarketNo：2 StockIdx：1620
[21220] 2025/11/20 10:55:47.770 Divide StockNo {MYF00}
[21220] 2025/11/20 10:55:47.770 Add Basket MarketNo：2 StockIdx：1626
[21220] 2025/11/20 10:55:47.770 Divide StockNo {NAF00}
[21220] 2025/11/20 10:55:47.770 Add Basket MarketNo：2 StockIdx：1632
[21220] 2025/11/20 10:55:47.770 Divide StockNo {NBF00}
[21220] 2025/11/20 10:55:47.770 Add Basket MarketNo：2 StockIdx：1638
[21220] 2025/11/20 10:55:47.770 Divide StockNo {NDF00}
[21220] 2025/11/20 10:55:47.770 Add Basket MarketNo：2 StockIdx：1644
[21220] 2025/11/20 10:55:47.770 Divide StockNo {NEF00}
[21220] 2025/11/20 10:55:47.770 Add Basket MarketNo：2 StockIdx：1650
[21220] 2025/11/20 10:55:47.770 Divide StockNo {NGF00}
[21220] 2025/11/20 10:55:47.770 Add Basket MarketNo：2 StockIdx：1656
[21220] 2025/11/20 10:55:47.770 Divide StockNo {NIF00}
[21220] 2025/11/20 10:55:47.770 Add Basket MarketNo：2 StockIdx：1662
[21220] 2025/11/20 10:55:47.770 Divide StockNo {NJF00}
[21220] 2025/11/20 10:55:47.770 Add Basket MarketNo：2 StockIdx：1668
[21220] 2025/11/20 10:55:47.770 Divide StockNo {NLF00}
[21220] 2025/11/20 10:55:47.770 Add Basket MarketNo：2 StockIdx：1674
[21220] 2025/11/20 10:55:47.771 Divide StockNo {NMF00}
[21220] 2025/11/20 10:55:47.771 Add Basket MarketNo：2 StockIdx：1680
[21220] 2025/11/20 10:55:47.771 Divide StockNo {NOF00}
[21220] 2025/11/20 10:55:47.771 Add Basket MarketNo：2 StockIdx：1686
[21220] 2025/11/20 10:55:47.771 Divide StockNo {NQF00}
[21220] 2025/11/20 10:55:47.771 Add Basket MarketNo：2 StockIdx：1692
[21220] 2025/11/20 10:55:47.771 Divide StockNo {NSF00}
[21220] 2025/11/20 10:55:47.771 Add Basket MarketNo：2 StockIdx：1698
[21220] 2025/11/20 10:55:47.771 Divide StockNo {NUF00}
[21220] 2025/11/20 10:55:47.771 Add Basket MarketNo：2 StockIdx：1704
[21220] 2025/11/20 10:55:47.771 Divide StockNo {NVF00}
[21220] 2025/11/20 10:55:47.771 Add Basket MarketNo：2 StockIdx：1710
[21220] 2025/11/20 10:55:47.771 Divide StockNo {NWF00}
[21220] 2025/11/20 10:55:47.771 Add Basket MarketNo：2 StockIdx：1716
[21220] 2025/11/20 10:55:47.771 Divide StockNo {NYF00}
[21220] 2025/11/20 10:55:47.771 Add Basket MarketNo：2 StockIdx：132
[21220] 2025/11/20 10:55:47.771 Divide StockNo {OAF00}
[21220] 2025/11/20 10:55:47.771 Add Basket MarketNo：2 StockIdx：1728
[21220] 2025/11/20 10:55:47.771 Divide StockNo {OBF00}
[21220] 2025/11/20 10:55:47.771 Add Basket MarketNo：2 StockIdx：1734
[21220] 2025/11/20 10:55:47.771 Divide StockNo {ODF00}
[21220] 2025/11/20 10:55:47.771 Add Basket MarketNo：2 StockIdx：1740
[21220] 2025/11/20 10:55:47.771 Divide StockNo {OEF00}
[21220] 2025/11/20 10:55:47.771 Add Basket MarketNo：2 StockIdx：1746
[21220] 2025/11/20 10:55:47.771 Divide StockNo {OHF00}
[21220] 2025/11/20 10:55:47.771 Add Basket MarketNo：2 StockIdx：1752
[21220] 2025/11/20 10:55:47.771 Divide StockNo {OJF00}
[21220] 2025/11/20 10:55:47.771 Add Basket MarketNo：2 StockIdx：1758
[21220] 2025/11/20 10:55:47.771 Divide StockNo {OKF00}
[21220] 2025/11/20 10:55:47.771 Add Basket MarketNo：2 StockIdx：1764
[21220] 2025/11/20 10:55:47.771 Divide StockNo {OLF00}
[21220] 2025/11/20 10:55:47.771 Add Basket MarketNo：2 StockIdx：1770
[21220] 2025/11/20 10:55:47.771 Divide StockNo {OMF00}
[21220] 2025/11/20 10:55:47.771 Add Basket MarketNo：2 StockIdx：1776
[21220] 2025/11/20 10:55:47.771 Divide StockNo {OOF00}
[21220] 2025/11/20 10:55:47.771 Add Basket MarketNo：2 StockIdx：1782
[21220] 2025/11/20 10:55:47.771 Divide StockNo {OPF00}
[21220] 2025/11/20 10:55:47.771 Add Basket MarketNo：2 StockIdx：1788
[21220] 2025/11/20 10:55:47.771 Divide StockNo {OQF00}
[21220] 2025/11/20 10:55:47.771 Add Basket MarketNo：2 StockIdx：1794
[21220] 2025/11/20 10:55:47.772 Divide StockNo {ORF00}
[21220] 2025/11/20 10:55:47.772 Add Basket MarketNo：2 StockIdx：1800
[21220] 2025/11/20 10:55:47.772 Divide StockNo {OSF00}
[21220] 2025/11/20 10:55:47.772 Add Basket MarketNo：2 StockIdx：1806
[21220] 2025/11/20 10:55:47.772 Divide StockNo {OTF00}
[21220] 2025/11/20 10:55:47.772 Add Basket MarketNo：2 StockIdx：1812
[21220] 2025/11/20 10:55:47.772 Divide StockNo {OUF00}
[21220] 2025/11/20 10:55:47.772 Add Basket MarketNo：2 StockIdx：1818
[21220] 2025/11/20 10:55:47.772 Divide StockNo {OVF00}
[21220] 2025/11/20 10:55:47.772 Add Basket MarketNo：2 StockIdx：1824
[21220] 2025/11/20 10:55:47.772 Divide StockNo {OWF00}
[21220] 2025/11/20 10:55:47.772 Add Basket MarketNo：2 StockIdx：1830
[21220] 2025/11/20 10:55:47.772 Divide StockNo {OXF00}
[21220] 2025/11/20 10:55:47.772 Add Basket MarketNo：2 StockIdx：1836
[21220] 2025/11/20 10:55:47.772 Divide StockNo {OYF00}
[21220] 2025/11/20 10:55:47.772 Add Basket MarketNo：2 StockIdx：1842
[21220] 2025/11/20 10:55:47.772 Divide StockNo {OZF00}
[21220] 2025/11/20 10:55:47.772 Add Basket MarketNo：2 StockIdx：1848
[21220] 2025/11/20 10:55:47.772 Divide StockNo {PAF00}
[21220] 2025/11/20 10:55:47.772 Add Basket MarketNo：2 StockIdx：1854
[21220] 2025/11/20 10:55:47.772 Divide StockNo {PBF00}
[21220] 2025/11/20 10:55:47.772 Add Basket MarketNo：2 StockIdx：1860
[21220] 2025/11/20 10:55:47.772 Divide StockNo {PCF00}
[21220] 2025/11/20 10:55:47.772 Add Basket MarketNo：2 StockIdx：1866
[21220] 2025/11/20 10:55:47.772 Divide StockNo {PDF00}
[21220] 2025/11/20 10:55:47.772 Add Basket MarketNo：2 StockIdx：1872
[21220] 2025/11/20 10:55:47.772 Divide StockNo {PEF00}
[21220] 2025/11/20 10:55:47.772 Add Basket MarketNo：2 StockIdx：1878
[21220] 2025/11/20 10:55:47.772 Divide StockNo {PFF00}
[21220] 2025/11/20 10:55:47.772 Add Basket MarketNo：2 StockIdx：1884
[21220] 2025/11/20 10:55:47.772 Divide StockNo {PGF00}
[21220] 2025/11/20 10:55:47.772 Add Basket MarketNo：2 StockIdx：1890
[21220] 2025/11/20 10:55:47.772 Divide StockNo {PHF00}
[21220] 2025/11/20 10:55:47.772 Add Basket MarketNo：2 StockIdx：1896
[21220] 2025/11/20 10:55:47.772 Divide StockNo {PIF00}
[21220] 2025/11/20 10:55:47.772 Add Basket MarketNo：2 StockIdx：1902
[21220] 2025/11/20 10:55:47.772 Divide StockNo {PJF00}
[21220] 2025/11/20 10:55:47.773 Add Basket MarketNo：2 StockIdx：1908
[21220] 2025/11/20 10:55:47.773 Divide StockNo {PKF00}
[21220] 2025/11/20 10:55:47.773 Add Basket MarketNo：2 StockIdx：1914
[21220] 2025/11/20 10:55:47.773 Divide StockNo {PLF00}
[21220] 2025/11/20 10:55:47.773 Add Basket MarketNo：2 StockIdx：1920
[21220] 2025/11/20 10:55:47.773 Divide StockNo {PMF00}
[21220] 2025/11/20 10:55:47.773 Add Basket MarketNo：2 StockIdx：1926
[21220] 2025/11/20 10:55:47.773 Divide StockNo {PNF00}
[21220] 2025/11/20 10:55:47.773 Add Basket MarketNo：2 StockIdx：1932
[21220] 2025/11/20 10:55:47.773 Divide StockNo {PPF00}
[21220] 2025/11/20 10:55:47.773 Add Basket MarketNo：2 StockIdx：1938
[21220] 2025/11/20 10:55:47.773 Divide StockNo {PQF00}
[21220] 2025/11/20 10:55:47.773 Add Basket MarketNo：2 StockIdx：1944
[21220] 2025/11/20 10:55:47.773 Divide StockNo {PRF00}
[21220] 2025/11/20 10:55:47.773 Add Basket MarketNo：2 StockIdx：1950
[21220] 2025/11/20 10:55:47.773 Divide StockNo {PSF00}
[21220] 2025/11/20 10:55:47.773 Add Basket MarketNo：2 StockIdx：1956
[21220] 2025/11/20 10:55:47.773 Divide StockNo {PTF00}
[21220] 2025/11/20 10:55:47.773 Add Basket MarketNo：2 StockIdx：1964
[21220] 2025/11/20 10:55:47.773 Divide StockNo {PUF00}
[21220] 2025/11/20 10:55:47.773 Add Basket MarketNo：2 StockIdx：1970
[21220] 2025/11/20 10:55:47.773 Divide StockNo {PVF00}
[21220] 2025/11/20 10:55:47.773 Add Basket MarketNo：2 StockIdx：1976
[21220] 2025/11/20 10:55:47.773 Divide StockNo {PWF00}
[21220] 2025/11/20 10:55:47.773 Add Basket MarketNo：2 StockIdx：1982
[21220] 2025/11/20 10:55:47.773 Divide StockNo {PXF00}
[21220] 2025/11/20 10:55:47.773 Add Basket MarketNo：2 StockIdx：1988
[21220] 2025/11/20 10:55:47.773 Divide StockNo {PYF00}
[21220] 2025/11/20 10:55:47.773 Add Basket MarketNo：2 StockIdx：1994
[21220] 2025/11/20 10:55:47.773 Divide StockNo {PZF00}
[21220] 2025/11/20 10:55:47.773 Add Basket MarketNo：2 StockIdx：2000
[21220] 2025/11/20 10:55:47.773 Divide StockNo {QAF00}
[21220] 2025/11/20 10:55:47.773 Add Basket MarketNo：2 StockIdx：2006
[21220] 2025/11/20 10:55:47.773 Divide StockNo {QBF00}
[21220] 2025/11/20 10:55:47.773 Add Basket MarketNo：2 StockIdx：2012
[21220] 2025/11/20 10:55:47.773 Divide StockNo {QCF00}
[21220] 2025/11/20 10:55:47.773 Add Basket MarketNo：2 StockIdx：2018
[21220] 2025/11/20 10:55:47.773 Divide StockNo {QDF00}
[21220] 2025/11/20 10:55:47.773 Add Basket MarketNo：2 StockIdx：2024
[21220] 2025/11/20 10:55:47.773 Divide StockNo {QEF00}
[21220] 2025/11/20 10:55:47.773 Add Basket MarketNo：2 StockIdx：2030
[21220] 2025/11/20 10:55:47.773 Divide StockNo {QFF00}
[21220] 2025/11/20 10:55:47.774 Add Basket MarketNo：2 StockIdx：138
[21220] 2025/11/20 10:55:47.774 Divide StockNo {QGF00}
[21220] 2025/11/20 10:55:47.774 Add Basket MarketNo：2 StockIdx：2044
[21220] 2025/11/20 10:55:47.774 Divide StockNo {QHF00}
[21220] 2025/11/20 10:55:47.774 Add Basket MarketNo：2 StockIdx：2050
[21220] 2025/11/20 10:55:47.774 Divide StockNo {QIF00}
[21220] 2025/11/20 10:55:47.774 Add Basket MarketNo：2 StockIdx：2056
[21220] 2025/11/20 10:55:47.774 Divide StockNo {QJF00}
[21220] 2025/11/20 10:55:47.774 Add Basket MarketNo：2 StockIdx：2060
[21220] 2025/11/20 10:55:47.774 Divide StockNo {QKF00}
[21220] 2025/11/20 10:55:47.774 Add Basket MarketNo：2 StockIdx：2066
[21220] 2025/11/20 10:55:47.774 Divide StockNo {QLF00}
[21220] 2025/11/20 10:55:47.774 Add Basket MarketNo：2 StockIdx：2072
[21220] 2025/11/20 10:55:47.774 Divide StockNo {QMF00}
[21220] 2025/11/20 10:55:47.774 Add Basket MarketNo：2 StockIdx：2078
[21220] 2025/11/20 10:55:47.774 Divide StockNo {QNF00}
[21220] 2025/11/20 10:55:47.774 Add Basket MarketNo：2 StockIdx：2084
[21220] 2025/11/20 10:55:47.774 Divide StockNo {QOF00}
[21220] 2025/11/20 10:55:47.774 Add Basket MarketNo：2 StockIdx：2090
[21220] 2025/11/20 10:55:47.774 Divide StockNo {QPF00}
[21220] 2025/11/20 10:55:47.774 Add Basket MarketNo：2 StockIdx：2096
[21220] 2025/11/20 10:55:47.774 Divide StockNo {QQF00}
[21220] 2025/11/20 10:55:47.774 Add Basket MarketNo：2 StockIdx：2102
[21220] 2025/11/20 10:55:47.774 Divide StockNo {QRF00}
[21220] 2025/11/20 10:55:47.774 Add Basket MarketNo：2 StockIdx：2108
[21220] 2025/11/20 10:55:47.774 Divide StockNo {QSF00}
[21220] 2025/11/20 10:55:47.774 Add Basket MarketNo：2 StockIdx：2114
[21220] 2025/11/20 10:55:47.774 Divide StockNo {QTF00}
[21220] 2025/11/20 10:55:47.774 Add Basket MarketNo：2 StockIdx：2120
[21220] 2025/11/20 10:55:47.774 Divide StockNo {QUF00}
[21220] 2025/11/20 10:55:47.774 Add Basket MarketNo：2 StockIdx：2126
[21220] 2025/11/20 10:55:47.774 Divide StockNo {QVF00}
[21220] 2025/11/20 10:55:47.774 Add Basket MarketNo：2 StockIdx：2132
[21220] 2025/11/20 10:55:47.774 Divide StockNo {QWF00}
[21220] 2025/11/20 10:55:47.774 Add Basket MarketNo：2 StockIdx：2138
[21220] 2025/11/20 10:55:47.774 Divide StockNo {QXF00}
[21220] 2025/11/20 10:55:47.774 Add Basket MarketNo：2 StockIdx：2144
[21220] 2025/11/20 10:55:47.774 Divide StockNo {QYF00}
[21220] 2025/11/20 10:55:47.774 Add Basket MarketNo：2 StockIdx：2150
[21220] 2025/11/20 10:55:47.774 Divide StockNo {QZF00}
[21220] 2025/11/20 10:55:47.774 Add Basket MarketNo：2 StockIdx：2156
[21220] 2025/11/20 10:55:47.774 Divide StockNo {RAF00}
[21220] 2025/11/20 10:55:47.774 Add Basket MarketNo：2 StockIdx：2162
[21220] 2025/11/20 10:55:47.774 Divide StockNo {RBF00}
[21220] 2025/11/20 10:55:47.774 Add Basket MarketNo：2 StockIdx：2168
[21220] 2025/11/20 10:55:47.774 Divide StockNo {RCF00}
[21220] 2025/11/20 10:55:47.774 Add Basket MarketNo：2 StockIdx：2174
[21220] 2025/11/20 10:55:47.774 Divide StockNo {RDF00}
[21220] 2025/11/20 10:55:47.774 Add Basket MarketNo：2 StockIdx：2180
[21220] 2025/11/20 10:55:47.774 Divide StockNo {REF00}
[21220] 2025/11/20 10:55:47.774 Add Basket MarketNo：2 StockIdx：2186
[21220] 2025/11/20 10:55:47.775 Divide StockNo {RFF00}
[21220] 2025/11/20 10:55:47.775 Add Basket MarketNo：2 StockIdx：2192
[21220] 2025/11/20 10:55:47.775 Divide StockNo {RGF00}
[21220] 2025/11/20 10:55:47.775 Add Basket MarketNo：2 StockIdx：2198
[21220] 2025/11/20 10:55:47.775 Divide StockNo {RIF00}
[21220] 2025/11/20 10:55:47.775 Add Basket MarketNo：2 StockIdx：2204
[21220] 2025/11/20 10:55:47.775 Divide StockNo {RJF00}
[21220] 2025/11/20 10:55:47.775 Add Basket MarketNo：2 StockIdx：2210
[21220] 2025/11/20 10:55:47.775 Divide StockNo {RKF00}
[21220] 2025/11/20 10:55:47.775 Add Basket MarketNo：2 StockIdx：2216
[21220] 2025/11/20 10:55:47.775 Divide StockNo {RLF00}
[21220] 2025/11/20 10:55:47.775 Add Basket MarketNo：2 StockIdx：2222
[21220] 2025/11/20 10:55:47.775 Divide StockNo {RMF00}
[21220] 2025/11/20 10:55:47.775 Stock Is Not Exist 
[21220] 2025/11/20 10:55:47.775 Divide StockNo {RNF00}
[21220] 2025/11/20 10:55:47.775 Add Basket MarketNo：2 StockIdx：2228
[21220] 2025/11/20 10:55:47.775 Divide StockNo {ROF00}
[21220] 2025/11/20 10:55:47.775 Add Basket MarketNo：2 StockIdx：2234
[21220] 2025/11/20 10:55:47.775 Divide StockNo {RPF00}
[21220] 2025/11/20 10:55:47.775 Add Basket MarketNo：2 StockIdx：2240
[21220] 2025/11/20 10:55:47.775 Divide StockNo {RQF00}
[21220] 2025/11/20 10:55:47.775 Stock Is Not Exist 
[21220] 2025/11/20 10:55:47.775 Divide StockNo {RRF00}
[21220] 2025/11/20 10:55:47.775 Add Basket MarketNo：2 StockIdx：2248
[21220] 2025/11/20 10:55:47.775 Divide StockNo {RSF00}
[21220] 2025/11/20 10:55:47.775 Add Basket MarketNo：2 StockIdx：2254
[21220] 2025/11/20 10:55:47.775 Divide StockNo {RUF00}
[21220] 2025/11/20 10:55:47.775 Add Basket MarketNo：2 StockIdx：2260
[21220] 2025/11/20 10:55:47.775 Divide StockNo {RVF00}
[21220] 2025/11/20 10:55:47.775 Add Basket MarketNo：2 StockIdx：2266
[21220] 2025/11/20 10:55:47.775 Divide StockNo {RWF00}
[21220] 2025/11/20 10:55:47.775 Add Basket MarketNo：2 StockIdx：2272
[21220] 2025/11/20 10:55:47.775 Divide StockNo {RXF00}
[21220] 2025/11/20 10:55:47.775 Add Basket MarketNo：2 StockIdx：2278
[21220] 2025/11/20 10:55:47.775 Divide StockNo {RYF00}
[21220] 2025/11/20 10:55:47.775 Add Basket MarketNo：2 StockIdx：2284
[21220] 2025/11/20 10:55:47.775 Divide StockNo {RZF00}
[21220] 2025/11/20 10:55:47.775 Add Basket MarketNo：2 StockIdx：144
[21220] 2025/11/20 10:55:47.775 Divide StockNo {SAF00}
[21220] 2025/11/20 10:55:47.775 Add Basket MarketNo：2 StockIdx：2296
[21220] 2025/11/20 10:55:47.775 Divide StockNo {SBF00}
[21220] 2025/11/20 10:55:47.775 Add Basket MarketNo：2 StockIdx：2302
[21220] 2025/11/20 10:55:47.775 Divide StockNo {SCF00}
[21220] 2025/11/20 10:55:47.775 Add Basket MarketNo：2 StockIdx：2308
[21220] 2025/11/20 10:55:47.775 Divide StockNo {SDF00}
[21220] 2025/11/20 10:55:47.775 Add Basket MarketNo：2 StockIdx：2314
[21220] 2025/11/20 10:55:47.775 Divide StockNo {SEF00}
[21220] 2025/11/20 10:55:47.775 Add Basket MarketNo：2 StockIdx：2320
[21220] 2025/11/20 10:55:47.775 Divide StockNo {SFF00}
[21220] 2025/11/20 10:55:47.775 Add Basket MarketNo：2 StockIdx：2326
[21220] 2025/11/20 10:55:47.775 Divide StockNo {SGF00}
[21220] 2025/11/20 10:55:47.775 Add Basket MarketNo：2 StockIdx：2332
[21220] 2025/11/20 10:55:47.775 Divide StockNo {SIF00}
[21220] 2025/11/20 10:55:47.775 Add Basket MarketNo：2 StockIdx：2338
[21220] 2025/11/20 10:55:47.775 Divide StockNo {SJF00}
[21220] 2025/11/20 10:55:47.775 Add Basket MarketNo：2 StockIdx：2344
[21220] 2025/11/20 10:55:47.775 Divide StockNo {SKF00}
[21220] 2025/11/20 10:55:47.775 Add Basket MarketNo：2 StockIdx：2350
[21220] 2025/11/20 10:55:47.775 Divide StockNo {SLF00}
[21220] 2025/11/20 10:55:47.776 Add Basket MarketNo：2 StockIdx：2356
[21220] 2025/11/20 10:55:47.776 Divide StockNo {SMF00}
[21220] 2025/11/20 10:55:47.776 Add Basket MarketNo：2 StockIdx：2362
[21220] 2025/11/20 10:55:47.776 Divide StockNo {SNF00}
[21220] 2025/11/20 10:55:47.776 Add Basket MarketNo：2 StockIdx：2368
[21220] 2025/11/20 10:55:47.776 Divide StockNo {SQF00}
[21220] 2025/11/20 10:55:47.776 Add Basket MarketNo：2 StockIdx：2374
[21220] 2025/11/20 10:55:47.776 Divide StockNo {SRF00}
[21220] 2025/11/20 10:55:47.776 Add Basket MarketNo：2 StockIdx：150
[21220] 2025/11/20 10:55:47.776 Divide StockNo {SSF00}
[21220] 2025/11/20 10:55:47.776 Add Basket MarketNo：2 StockIdx：2388
[21220] 2025/11/20 10:55:47.776 Divide StockNo {SUF00}
[21220] 2025/11/20 10:55:47.776 Add Basket MarketNo：2 StockIdx：2394
[21220] 2025/11/20 10:55:47.776 Divide StockNo {SVF00}
[21220] 2025/11/20 10:55:47.776 Add Basket MarketNo：2 StockIdx：2400
[21220] 2025/11/20 10:55:47.776 Divide StockNo {SWF00}
[21220] 2025/11/20 10:55:47.776 Add Basket MarketNo：2 StockIdx：2406
[21220] 2025/11/20 10:55:47.776 Divide StockNo {SYF00}
[21220] 2025/11/20 10:55:47.776 Add Basket MarketNo：2 StockIdx：2412
[21220] 2025/11/20 10:55:47.776 Divide StockNo {SZF00}
[21220] 2025/11/20 10:55:47.776 Add Basket MarketNo：2 StockIdx：2418
[21220] 2025/11/20 10:55:47.776 Divide StockNo {UAF00}
[21220] 2025/11/20 10:55:47.776 Add Basket MarketNo：2 StockIdx：2424
[21220] 2025/11/20 10:55:47.776 Divide StockNo {UBF00}
[21220] 2025/11/20 10:55:47.776 Add Basket MarketNo：2 StockIdx：2430
[21220] 2025/11/20 10:55:47.776 Divide StockNo {UCF00}
[21220] 2025/11/20 10:55:47.776 Add Basket MarketNo：2 StockIdx：2436
[21220] 2025/11/20 10:55:47.776 Divide StockNo {UEF00}
[21220] 2025/11/20 10:55:47.776 Add Basket MarketNo：2 StockIdx：2442
[21220] 2025/11/20 10:55:47.776 Divide StockNo {UFF00}
[21220] 2025/11/20 10:55:47.776 Add Basket MarketNo：2 StockIdx：2448
[21220] 2025/11/20 10:55:47.776 Divide StockNo {UGF00}
[21220] 2025/11/20 10:55:47.776 Add Basket MarketNo：2 StockIdx：2454
[21220] 2025/11/20 10:55:47.776 Divide StockNo {UHF00}
[21220] 2025/11/20 10:55:47.776 Add Basket MarketNo：2 StockIdx：2460
[21220] 2025/11/20 10:55:47.776 Divide StockNo {UIF00}
[21220] 2025/11/20 10:55:47.776 Add Basket MarketNo：2 StockIdx：2466
[21220] 2025/11/20 10:55:47.776 Divide StockNo {UJF00}
[21220] 2025/11/20 10:55:47.776 Add Basket MarketNo：2 StockIdx：2472
[21220] 2025/11/20 10:55:47.776 Divide StockNo {UKF00}
[21220] 2025/11/20 10:55:47.776 Add Basket MarketNo：2 StockIdx：2478
[21220] 2025/11/20 10:55:47.776 Divide StockNo {ULF00}
[21220] 2025/11/20 10:55:47.776 Add Basket MarketNo：2 StockIdx：2484
[21220] 2025/11/20 10:55:47.776 Divide StockNo {UMF00}
[21220] 2025/11/20 10:55:47.776 Add Basket MarketNo：2 StockIdx：2490
[21220] 2025/11/20 10:55:47.776 Divide StockNo {UOF00}
[21220] 2025/11/20 10:55:47.776 Add Basket MarketNo：2 StockIdx：2496
[21220] 2025/11/20 10:55:47.776 Divide StockNo {UPF00}
[21220] 2025/11/20 10:55:47.776 Add Basket MarketNo：2 StockIdx：2502
[21220] 2025/11/20 10:55:47.776 Divide StockNo {UQF00}
[21220] 2025/11/20 10:55:47.776 Add Basket MarketNo：2 StockIdx：2508
[21220] 2025/11/20 10:55:47.776 Divide StockNo {URF00}
[21220] 2025/11/20 10:55:47.776 Add Basket MarketNo：2 StockIdx：2516
[21220] 2025/11/20 10:55:47.776 Divide StockNo {USF00}
[21220] 2025/11/20 10:55:47.776 Add Basket MarketNo：2 StockIdx：2522
[21220] 2025/11/20 10:55:47.776 Divide StockNo {UTF00}
[21220] 2025/11/20 10:55:47.776 Add Basket MarketNo：2 StockIdx：2528
[21220] 2025/11/20 10:55:47.776 Divide StockNo {UUF00}
[21220] 2025/11/20 10:55:47.776 Add Basket MarketNo：2 StockIdx：2534
[21220] 2025/11/20 10:55:47.776 Divide StockNo {UVF00}
[21220] 2025/11/20 10:55:47.776 Add Basket MarketNo：2 StockIdx：2540
[21220] 2025/11/20 10:55:47.776 Divide StockNo {UWF00}
[21220] 2025/11/20 10:55:47.776 Add Basket MarketNo：2 StockIdx：2546
[21220] 2025/11/20 10:55:47.776 Divide StockNo {0050}
[21220] 2025/11/20 10:55:47.776 Add Basket MarketNo：0 StockIdx：0
[21220] 2025/11/20 10:55:47.777 Divide StockNo {0056}
[21220] 2025/11/20 10:55:47.777 Add Basket MarketNo：0 StockIdx：4
[21220] 2025/11/20 10:55:47.777 Divide StockNo {006205}
[21220] 2025/11/20 10:55:47.777 Add Basket MarketNo：0 StockIdx：9
[21220] 2025/11/20 10:55:47.777 Divide StockNo {006206}
[21220] 2025/11/20 10:55:47.777 Add Basket MarketNo：0 StockIdx：10
[21220] 2025/11/20 10:55:47.777 Divide StockNo {00636}
[21220] 2025/11/20 10:55:47.777 Add Basket MarketNo：0 StockIdx：19
[21220] 2025/11/20 10:55:47.777 Divide StockNo {00639}
[21220] 2025/11/20 10:55:47.777 Add Basket MarketNo：0 StockIdx：23
[21220] 2025/11/20 10:55:47.777 Divide StockNo {00643}
[21220] 2025/11/20 10:55:47.777 Add Basket MarketNo：0 StockIdx：27
[21220] 2025/11/20 10:55:47.777 Divide StockNo {00679B}
[21220] 2025/11/20 10:55:47.777 Add Basket MarketNo：1 StockIdx：1
[21220] 2025/11/20 10:55:47.777 Divide StockNo {00687B}
[21220] 2025/11/20 10:55:47.777 Add Basket MarketNo：1 StockIdx：2
[21220] 2025/11/20 10:55:47.777 Divide StockNo {00719B}
[21220] 2025/11/20 10:55:47.777 Add Basket MarketNo：1 StockIdx：8
[21220] 2025/11/20 10:55:47.777 Divide StockNo {00757}
[21220] 2025/11/20 10:55:47.777 Add Basket MarketNo：0 StockIdx：97
[21220] 2025/11/20 10:55:47.777 Divide StockNo {00772B}
[21220] 2025/11/20 10:55:47.777 Add Basket MarketNo：1 StockIdx：32
[21220] 2025/11/20 10:55:47.777 Divide StockNo {00878}
[21220] 2025/11/20 10:55:47.777 Add Basket MarketNo：0 StockIdx：112
[21220] 2025/11/20 10:55:47.777 Divide StockNo {00885}
[21220] 2025/11/20 10:55:47.777 Add Basket MarketNo：0 StockIdx：115
[21220] 2025/11/20 10:55:47.777 Divide StockNo {00893}
[21220] 2025/11/20 10:55:47.777 Add Basket MarketNo：0 StockIdx：118
[21220] 2025/11/20 10:55:47.777 Divide StockNo {00919}
[21220] 2025/11/20 10:55:47.777 Add Basket MarketNo：0 StockIdx：142
[21220] 2025/11/20 10:55:47.777 Divide StockNo {00923}
[21220] 2025/11/20 10:55:47.777 Add Basket MarketNo：0 StockIdx：146
[21220] 2025/11/20 10:55:47.777 Divide StockNo {00929}
[21220] 2025/11/20 10:55:47.777 Add Basket MarketNo：0 StockIdx：150
[21220] 2025/11/20 10:55:47.777 Divide StockNo {00937B}
[21220] 2025/11/20 10:55:47.777 Add Basket MarketNo：1 StockIdx：82
[21220] 2025/11/20 10:55:47.777 Divide StockNo {00940}
[21220] 2025/11/20 10:55:47.777 Add Basket MarketNo：0 StockIdx：158
[21220] 2025/11/20 10:55:47.777 Divide StockNo {1101}
[21220] 2025/11/20 10:55:47.777 Add Basket MarketNo：0 StockIdx：33628
[21220] 2025/11/20 10:55:47.777 Divide StockNo {1102}
[21220] 2025/11/20 10:55:47.777 Add Basket MarketNo：0 StockIdx：33630
[21220] 2025/11/20 10:55:47.777 Divide StockNo {1210}
[21220] 2025/11/20 10:55:47.777 Add Basket MarketNo：0 StockIdx：33638
[21220] 2025/11/20 10:55:47.777 Divide StockNo {1216}
[21220] 2025/11/20 10:55:47.777 Add Basket MarketNo：0 StockIdx：33641
[21220] 2025/11/20 10:55:47.777 Divide StockNo {1301}
[21220] 2025/11/20 10:55:47.777 Add Basket MarketNo：0 StockIdx：33656
[21220] 2025/11/20 10:55:47.777 Divide StockNo {1303}
[21220] 2025/11/20 10:55:47.777 Add Basket MarketNo：0 StockIdx：33657
[21220] 2025/11/20 10:55:47.777 Divide StockNo {1312}
[21220] 2025/11/20 10:55:47.777 Add Basket MarketNo：0 StockIdx：33664
[21220] 2025/11/20 10:55:47.777 Divide StockNo {1314}
[21220] 2025/11/20 10:55:47.777 Add Basket MarketNo：0 StockIdx：33667
[21220] 2025/11/20 10:55:47.777 Divide StockNo {1319}
[21220] 2025/11/20 10:55:47.777 Add Basket MarketNo：0 StockIdx：33670
[21220] 2025/11/20 10:55:47.777 Divide StockNo {1326}
[21220] 2025/11/20 10:55:47.777 Add Basket MarketNo：0 StockIdx：33675
[21220] 2025/11/20 10:55:47.777 Divide StockNo {1402}
[21220] 2025/11/20 10:55:47.777 Add Basket MarketNo：0 StockIdx：33682
[21220] 2025/11/20 10:55:47.777 Divide StockNo {1440}
[21220] 2025/11/20 10:55:47.777 Add Basket MarketNo：0 StockIdx：33699
[21220] 2025/11/20 10:55:47.777 Divide StockNo {1476}
[21220] 2025/11/20 10:55:47.777 Add Basket MarketNo：0 StockIdx：33729
[21220] 2025/11/20 10:55:47.777 Divide StockNo {1477}
[21220] 2025/11/20 10:55:47.777 Add Basket MarketNo：0 StockIdx：33730
[21220] 2025/11/20 10:55:47.777 Divide StockNo {1503}
[21220] 2025/11/20 10:55:47.778 Add Basket MarketNo：0 StockIdx：33731
[21220] 2025/11/20 10:55:47.778 Divide StockNo {1504}
[21220] 2025/11/20 10:55:47.778 Add Basket MarketNo：0 StockIdx：33732
[21220] 2025/11/20 10:55:47.778 Divide StockNo {1513}
[21220] 2025/11/20 10:55:47.778 Add Basket MarketNo：0 StockIdx：33735
[21220] 2025/11/20 10:55:47.778 Divide StockNo {1536}
[21220] 2025/11/20 10:55:47.778 Add Basket MarketNo：0 StockIdx：33755
[21220] 2025/11/20 10:55:47.778 Divide StockNo {1565}
[21220] 2025/11/20 10:55:47.778 Add Basket MarketNo：1 StockIdx：140
[21220] 2025/11/20 10:55:47.778 Divide StockNo {1590}
[21220] 2025/11/20 10:55:47.778 Add Basket MarketNo：0 StockIdx：33769
[21220] 2025/11/20 10:55:47.778 Divide StockNo {1605}
[21220] 2025/11/20 10:55:47.778 Add Basket MarketNo：0 StockIdx：33774
[21220] 2025/11/20 10:55:47.778 Divide StockNo {1609}
[21220] 2025/11/20 10:55:47.778 Add Basket MarketNo：0 StockIdx：33776
[21220] 2025/11/20 10:55:47.778 Divide StockNo {1707}
[21220] 2025/11/20 10:55:47.778 Add Basket MarketNo：0 StockIdx：33786
[21220] 2025/11/20 10:55:47.778 Divide StockNo {1717}
[21220] 2025/11/20 10:55:47.778 Add Basket MarketNo：0 StockIdx：33794
[21220] 2025/11/20 10:55:47.778 Divide StockNo {1718}
[21220] 2025/11/20 10:55:47.778 Add Basket MarketNo：0 StockIdx：33795
[21220] 2025/11/20 10:55:47.778 Divide StockNo {1722}
[21220] 2025/11/20 10:55:47.778 Add Basket MarketNo：0 StockIdx：33798
[21220] 2025/11/20 10:55:47.778 Divide StockNo {1795}
[21220] 2025/11/20 10:55:47.778 Add Basket MarketNo：0 StockIdx：33819
[21220] 2025/11/20 10:55:47.778 Divide StockNo {1802}
[21220] 2025/11/20 10:55:47.778 Add Basket MarketNo：0 StockIdx：33820
[21220] 2025/11/20 10:55:47.778 Divide StockNo {1904}
[21220] 2025/11/20 10:55:47.778 Add Basket MarketNo：0 StockIdx：33827
[21220] 2025/11/20 10:55:47.778 Divide StockNo {1905}
[21220] 2025/11/20 10:55:47.778 Add Basket MarketNo：0 StockIdx：33828
[21220] 2025/11/20 10:55:47.778 Divide StockNo {1907}
[21220] 2025/11/20 10:55:47.778 Add Basket MarketNo：0 StockIdx：33830
[21220] 2025/11/20 10:55:47.778 Divide StockNo {1909}
[21220] 2025/11/20 10:55:47.778 Add Basket MarketNo：0 StockIdx：33831
[21220] 2025/11/20 10:55:47.778 Divide StockNo {2002}
[21220] 2025/11/20 10:55:47.778 Add Basket MarketNo：0 StockIdx：33832
[21220] 2025/11/20 10:55:47.778 Divide StockNo {2006}
[21220] 2025/11/20 10:55:47.778 Add Basket MarketNo：0 StockIdx：33834
[21220] 2025/11/20 10:55:47.778 Divide StockNo {2014}
[21220] 2025/11/20 10:55:47.778 Add Basket MarketNo：0 StockIdx：33841
[21220] 2025/11/20 10:55:47.778 Divide StockNo {2027}
[21220] 2025/11/20 10:55:47.778 Add Basket MarketNo：0 StockIdx：33849
[21220] 2025/11/20 10:55:47.778 Divide StockNo {2049}
[21220] 2025/11/20 10:55:47.778 Add Basket MarketNo：0 StockIdx：33858
[21220] 2025/11/20 10:55:47.778 Divide StockNo {2059}
[21220] 2025/11/20 10:55:47.778 Add Basket MarketNo：0 StockIdx：33859
[21220] 2025/11/20 10:55:47.778 Divide StockNo {2105}
[21220] 2025/11/20 10:55:47.778 Add Basket MarketNo：0 StockIdx：33866
[21220] 2025/11/20 10:55:47.778 Divide StockNo {2201}
[21220] 2025/11/20 10:55:47.778 Add Basket MarketNo：0 StockIdx：33873
[21220] 2025/11/20 10:55:47.778 Divide StockNo {2231}
[21220] 2025/11/20 10:55:47.778 Add Basket MarketNo：0 StockIdx：33881
[21220] 2025/11/20 10:55:47.778 Divide StockNo {2301}
[21220] 2025/11/20 10:55:47.778 Add Basket MarketNo：0 StockIdx：33892
[21220] 2025/11/20 10:55:47.778 Divide StockNo {2303}
[21220] 2025/11/20 10:55:47.779 Add Basket MarketNo：0 StockIdx：33894
[21220] 2025/11/20 10:55:47.779 Divide StockNo {2308}
[21220] 2025/11/20 10:55:47.779 Add Basket MarketNo：0 StockIdx：33896
[21220] 2025/11/20 10:55:47.779 Divide StockNo {2312}
[21220] 2025/11/20 10:55:47.779 Add Basket MarketNo：0 StockIdx：33897
[21220] 2025/11/20 10:55:47.779 Divide StockNo {2313}
[21220] 2025/11/20 10:55:47.779 Add Basket MarketNo：0 StockIdx：33898
[21220] 2025/11/20 10:55:47.779 Divide StockNo {2317}
[21220] 2025/11/20 10:55:47.779 Add Basket MarketNo：0 StockIdx：33901
[21220] 2025/11/20 10:55:47.779 Divide StockNo {2323}
[21220] 2025/11/20 10:55:47.779 Add Basket MarketNo：0 StockIdx：33903
[21220] 2025/11/20 10:55:47.779 Divide StockNo {2324}
[21220] 2025/11/20 10:55:47.779 Add Basket MarketNo：0 StockIdx：33904
[21220] 2025/11/20 10:55:47.779 Divide StockNo {2327}
[21220] 2025/11/20 10:55:47.779 Add Basket MarketNo：0 StockIdx：33905
[21220] 2025/11/20 10:55:47.779 Divide StockNo {2328}
[21220] 2025/11/20 10:55:47.779 Add Basket MarketNo：0 StockIdx：33906
[21220] 2025/11/20 10:55:47.779 Divide StockNo {2330}
[21220] 2025/11/20 10:55:47.779 Add Basket MarketNo：0 StockIdx：33908
[21220] 2025/11/20 10:55:47.779 Divide StockNo {2331}
[21220] 2025/11/20 10:55:47.779 Add Basket MarketNo：0 StockIdx：33909
[21220] 2025/11/20 10:55:47.779 Divide StockNo {2332}
[21220] 2025/11/20 10:55:47.779 Add Basket MarketNo：0 StockIdx：33910
[21220] 2025/11/20 10:55:47.779 Divide StockNo {2337}
[21220] 2025/11/20 10:55:47.779 Add Basket MarketNo：0 StockIdx：33911
[21220] 2025/11/20 10:55:47.779 Divide StockNo {2338}
[21220] 2025/11/20 10:55:47.779 Add Basket MarketNo：0 StockIdx：33912
[21220] 2025/11/20 10:55:47.779 Divide StockNo {2340}
[21220] 2025/11/20 10:55:47.779 Add Basket MarketNo：0 StockIdx：33913
[21220] 2025/11/20 10:55:47.779 Divide StockNo {2344}
[21220] 2025/11/20 10:55:47.779 Add Basket MarketNo：0 StockIdx：33915
[21220] 2025/11/20 10:55:47.779 Divide StockNo {2345}
[21220] 2025/11/20 10:55:47.779 Add Basket MarketNo：0 StockIdx：33916
[21220] 2025/11/20 10:55:47.779 Divide StockNo {2347}
[21220] 2025/11/20 10:55:47.779 Add Basket MarketNo：0 StockIdx：33917
[21220] 2025/11/20 10:55:47.779 Divide StockNo {2352}
[21220] 2025/11/20 10:55:47.779 Add Basket MarketNo：0 StockIdx：33922
[21220] 2025/11/20 10:55:47.779 Divide StockNo {2353}
[21220] 2025/11/20 10:55:47.779 Add Basket MarketNo：0 StockIdx：33923
[21220] 2025/11/20 10:55:47.779 Divide StockNo {2354}
[21220] 2025/11/20 10:55:47.779 Add Basket MarketNo：0 StockIdx：33924
[21220] 2025/11/20 10:55:47.779 Divide StockNo {2355}
[21220] 2025/11/20 10:55:47.779 Add Basket MarketNo：0 StockIdx：33925
[21220] 2025/11/20 10:55:47.779 Divide StockNo {2356}
[21220] 2025/11/20 10:55:47.779 Add Basket MarketNo：0 StockIdx：33926
[21220] 2025/11/20 10:55:47.779 Divide StockNo {2357}
[21220] 2025/11/20 10:55:47.779 Add Basket MarketNo：0 StockIdx：33927
[21220] 2025/11/20 10:55:47.779 Divide StockNo {2360}
[21220] 2025/11/20 10:55:47.779 Add Basket MarketNo：0 StockIdx：33929
[21220] 2025/11/20 10:55:47.779 Divide StockNo {2368}
[21220] 2025/11/20 10:55:47.779 Add Basket MarketNo：0 StockIdx：33935
[21220] 2025/11/20 10:55:47.780 Divide StockNo {2371}
[21220] 2025/11/20 10:55:47.780 Add Basket MarketNo：0 StockIdx：33937
[21220] 2025/11/20 10:55:47.780 Divide StockNo {2376}
[21220] 2025/11/20 10:55:47.780 Add Basket MarketNo：0 StockIdx：33941
[21220] 2025/11/20 10:55:47.780 Divide StockNo {2377}
[21220] 2025/11/20 10:55:47.780 Add Basket MarketNo：0 StockIdx：33942
[21220] 2025/11/20 10:55:47.780 Divide StockNo {2379}
[21220] 2025/11/20 10:55:47.780 Add Basket MarketNo：0 StockIdx：33943
[21220] 2025/11/20 10:55:47.780 Divide StockNo {2382}
[21220] 2025/11/20 10:55:47.780 Add Basket MarketNo：0 StockIdx：33945
[21220] 2025/11/20 10:55:47.780 Divide StockNo {2383}
[21220] 2025/11/20 10:55:47.780 Add Basket MarketNo：0 StockIdx：33946
[21220] 2025/11/20 10:55:47.780 Divide StockNo {2385}
[21220] 2025/11/20 10:55:47.780 Add Basket MarketNo：0 StockIdx：33947
[21220] 2025/11/20 10:55:47.780 Divide StockNo {2388}
[21220] 2025/11/20 10:55:47.780 Add Basket MarketNo：0 StockIdx：33949
[21220] 2025/11/20 10:55:47.780 Divide StockNo {2392}
[21220] 2025/11/20 10:55:47.780 Add Basket MarketNo：0 StockIdx：33951
[21220] 2025/11/20 10:55:47.780 Divide StockNo {2393}
[21220] 2025/11/20 10:55:47.780 Add Basket MarketNo：0 StockIdx：33952
[21220] 2025/11/20 10:55:47.780 Divide StockNo {2401}
[21220] 2025/11/20 10:55:47.780 Add Basket MarketNo：0 StockIdx：33956
[21220] 2025/11/20 10:55:47.780 Divide StockNo {2404}
[21220] 2025/11/20 10:55:47.780 Add Basket MarketNo：0 StockIdx：33958
[21220] 2025/11/20 10:55:47.780 Divide StockNo {2408}
[21220] 2025/11/20 10:55:47.780 Add Basket MarketNo：0 StockIdx：33961
[21220] 2025/11/20 10:55:47.780 Divide StockNo {2409}
[21220] 2025/11/20 10:55:47.780 Add Basket MarketNo：0 StockIdx：33962
[21220] 2025/11/20 10:55:47.780 Divide StockNo {2412}
[21220] 2025/11/20 10:55:47.780 Add Basket MarketNo：0 StockIdx：33963
[21220] 2025/11/20 10:55:47.780 Divide StockNo {2439}
[21220] 2025/11/20 10:55:47.780 Add Basket MarketNo：0 StockIdx：33985
[21220] 2025/11/20 10:55:47.780 Divide StockNo {2441}
[21220] 2025/11/20 10:55:47.780 Add Basket MarketNo：0 StockIdx：33987
[21220] 2025/11/20 10:55:47.780 Divide StockNo {2449}
[21220] 2025/11/20 10:55:47.780 Add Basket MarketNo：0 StockIdx：33990
[21220] 2025/11/20 10:55:47.780 Divide StockNo {2454}
[21220] 2025/11/20 10:55:47.780 Add Basket MarketNo：0 StockIdx：33994
[21220] 2025/11/20 10:55:47.780 Divide StockNo {2455}
[21220] 2025/11/20 10:55:47.780 Add Basket MarketNo：0 StockIdx：33995
[21220] 2025/11/20 10:55:47.780 Divide StockNo {2457}
[21220] 2025/11/20 10:55:47.780 Add Basket MarketNo：0 StockIdx：33996
[21220] 2025/11/20 10:55:47.780 Divide StockNo {2458}
[21220] 2025/11/20 10:55:47.780 Add Basket MarketNo：0 StockIdx：33997
[21220] 2025/11/20 10:55:47.780 Divide StockNo {2474}
[21220] 2025/11/20 10:55:47.780 Add Basket MarketNo：0 StockIdx：34009
[21220] 2025/11/20 10:55:47.780 Divide StockNo {2481}
[21220] 2025/11/20 10:55:47.780 Add Basket MarketNo：0 StockIdx：34014
[21220] 2025/11/20 10:55:47.780 Divide StockNo {2485}
[21220] 2025/11/20 10:55:47.780 Add Basket MarketNo：0 StockIdx：34018
[21220] 2025/11/20 10:55:47.780 Divide StockNo {2486}
[21220] 2025/11/20 10:55:47.780 Add Basket MarketNo：0 StockIdx：34019
[21220] 2025/11/20 10:55:47.780 Divide StockNo {2489}
[21220] 2025/11/20 10:55:47.780 Add Basket MarketNo：0 StockIdx：34021
[21220] 2025/11/20 10:55:47.780 Divide StockNo {2492}
[21220] 2025/11/20 10:55:47.780 Add Basket MarketNo：0 StockIdx：34023
[21220] 2025/11/20 10:55:47.780 Divide StockNo {2498}
[21220] 2025/11/20 10:55:47.780 Add Basket MarketNo：0 StockIdx：34028
[21220] 2025/11/20 10:55:47.780 Divide StockNo {2515}
[21220] 2025/11/20 10:55:47.780 Add Basket MarketNo：0 StockIdx：34036
[21220] 2025/11/20 10:55:47.780 Divide StockNo {2520}
[21220] 2025/11/20 10:55:47.780 Add Basket MarketNo：0 StockIdx：34038
[21220] 2025/11/20 10:55:47.780 Divide StockNo {2542}
[21220] 2025/11/20 10:55:47.780 Add Basket MarketNo：0 StockIdx：34050
[21220] 2025/11/20 10:55:47.781 Divide StockNo {2548}
[21220] 2025/11/20 10:55:47.781 Add Basket MarketNo：0 StockIdx：34055
[21220] 2025/11/20 10:55:47.781 Divide StockNo {2603}
[21220] 2025/11/20 10:55:47.781 Add Basket MarketNo：0 StockIdx：34058
[21220] 2025/11/20 10:55:47.781 Divide StockNo {2605}
[21220] 2025/11/20 10:55:47.781 Add Basket MarketNo：0 StockIdx：34059
[21220] 2025/11/20 10:55:47.781 Divide StockNo {2606}
[21220] 2025/11/20 10:55:47.781 Add Basket MarketNo：0 StockIdx：34060
[21220] 2025/11/20 10:55:47.781 Divide StockNo {2609}
[21220] 2025/11/20 10:55:47.781 Add Basket MarketNo：0 StockIdx：34063
[21220] 2025/11/20 10:55:47.781 Divide StockNo {2610}
[21220] 2025/11/20 10:55:47.781 Add Basket MarketNo：0 StockIdx：34064
[21220] 2025/11/20 10:55:47.781 Divide StockNo {2615}
[21220] 2025/11/20 10:55:47.781 Add Basket MarketNo：0 StockIdx：34069
[21220] 2025/11/20 10:55:47.781 Divide StockNo {2618}
[21220] 2025/11/20 10:55:47.781 Add Basket MarketNo：0 StockIdx：34072
[21220] 2025/11/20 10:55:47.781 Divide StockNo {2633}
[21220] 2025/11/20 10:55:47.781 Add Basket MarketNo：0 StockIdx：34074
[21220] 2025/11/20 10:55:47.781 Divide StockNo {2634}
[21220] 2025/11/20 10:55:47.781 Add Basket MarketNo：0 StockIdx：34075
[21220] 2025/11/20 10:55:47.781 Divide StockNo {2801}
[21220] 2025/11/20 10:55:47.781 Add Basket MarketNo：0 StockIdx：34096
[21220] 2025/11/20 10:55:47.781 Divide StockNo {2834}
[21220] 2025/11/20 10:55:47.781 Add Basket MarketNo：0 StockIdx：34101
[21220] 2025/11/20 10:55:47.781 Divide StockNo {2880}
[21220] 2025/11/20 10:55:47.781 Add Basket MarketNo：0 StockIdx：34113
[21220] 2025/11/20 10:55:47.781 Divide StockNo {2881}
[21220] 2025/11/20 10:55:47.781 Add Basket MarketNo：0 StockIdx：34114
[21220] 2025/11/20 10:55:47.781 Divide StockNo {2882}
[21220] 2025/11/20 10:55:47.781 Add Basket MarketNo：0 StockIdx：34118
[21220] 2025/11/20 10:55:47.781 Divide StockNo {2883}
[21220] 2025/11/20 10:55:47.781 Add Basket MarketNo：0 StockIdx：34121
[21220] 2025/11/20 10:55:47.781 Divide StockNo {2884}
[21220] 2025/11/20 10:55:47.781 Add Basket MarketNo：0 StockIdx：34123
[21220] 2025/11/20 10:55:47.781 Divide StockNo {2885}
[21220] 2025/11/20 10:55:47.781 Add Basket MarketNo：0 StockIdx：34124
[21220] 2025/11/20 10:55:47.781 Divide StockNo {2886}
[21220] 2025/11/20 10:55:47.781 Add Basket MarketNo：0 StockIdx：34125
[21220] 2025/11/20 10:55:47.781 Divide StockNo {2887}
[21220] 2025/11/20 10:55:47.781 Add Basket MarketNo：0 StockIdx：34126
[21220] 2025/11/20 10:55:47.781 Divide StockNo {2888}
[21220] 2025/11/20 10:55:47.781 Stock Is Not Exist 
[21220] 2025/11/20 10:55:47.781 Divide StockNo {2890}
[21220] 2025/11/20 10:55:47.781 Add Basket MarketNo：0 StockIdx：34134
[21220] 2025/11/20 10:55:47.781 Divide StockNo {2891}
[21220] 2025/11/20 10:55:47.781 Add Basket MarketNo：0 StockIdx：34135
[21220] 2025/11/20 10:55:47.781 Divide StockNo {2892}
[21220] 2025/11/20 10:55:47.781 Add Basket MarketNo：0 StockIdx：34138
[21220] 2025/11/20 10:55:47.781 Divide StockNo {2913}
[21220] 2025/11/20 10:55:47.781 Add Basket MarketNo：0 StockIdx：34150
[21220] 2025/11/20 10:55:47.781 Divide StockNo {2915}
[21220] 2025/11/20 10:55:47.781 Add Basket MarketNo：0 StockIdx：34151
[21220] 2025/11/20 10:55:47.781 Divide StockNo {3005}
[21220] 2025/11/20 10:55:47.781 Add Basket MarketNo：0 StockIdx：34159
[21220] 2025/11/20 10:55:47.781 Divide StockNo {3006}
[21220] 2025/11/20 10:55:47.781 Add Basket MarketNo：0 StockIdx：34160
[21220] 2025/11/20 10:55:47.781 Divide StockNo {3008}
[21220] 2025/11/20 10:55:47.781 Add Basket MarketNo：0 StockIdx：34161
[21220] 2025/11/20 10:55:47.781 Divide StockNo {3017}
[21220] 2025/11/20 10:55:47.781 Add Basket MarketNo：0 StockIdx：34168
[21220] 2025/11/20 10:55:47.781 Divide StockNo {3019}
[21220] 2025/11/20 10:55:47.781 Add Basket MarketNo：0 StockIdx：34170
[21220] 2025/11/20 10:55:47.781 Divide StockNo {3034}
[21220] 2025/11/20 10:55:47.781 Add Basket MarketNo：0 StockIdx：34184
[21220] 2025/11/20 10:55:47.781 Divide StockNo {3035}
[21220] 2025/11/20 10:55:47.781 Add Basket MarketNo：0 StockIdx：34185
[21220] 2025/11/20 10:55:47.781 Divide StockNo {3036}
[21220] 2025/11/20 10:55:47.781 Add Basket MarketNo：0 StockIdx：34186
[21220] 2025/11/20 10:55:47.782 Divide StockNo {3037}
[21220] 2025/11/20 10:55:47.782 Add Basket MarketNo：0 StockIdx：34188
[21220] 2025/11/20 10:55:47.782 Divide StockNo {3042}
[21220] 2025/11/20 10:55:47.782 Add Basket MarketNo：0 StockIdx：34192
[21220] 2025/11/20 10:55:47.782 Divide StockNo {3044}
[21220] 2025/11/20 10:55:47.782 Add Basket MarketNo：0 StockIdx：34194
[21220] 2025/11/20 10:55:47.782 Divide StockNo {3045}
[21220] 2025/11/20 10:55:47.782 Add Basket MarketNo：0 StockIdx：34195
[21220] 2025/11/20 10:55:47.782 Divide StockNo {3078}
[21220] 2025/11/20 10:55:47.782 Add Basket MarketNo：1 StockIdx：270
[21220] 2025/11/20 10:55:47.782 Divide StockNo {3081}
[21220] 2025/11/20 10:55:47.782 Add Basket MarketNo：1 StockIdx：271
[21220] 2025/11/20 10:55:47.782 Divide StockNo {3105}
[21220] 2025/11/20 10:55:47.782 Add Basket MarketNo：1 StockIdx：281
[21220] 2025/11/20 10:55:47.782 Divide StockNo {3152}
[21220] 2025/11/20 10:55:47.782 Add Basket MarketNo：1 StockIdx：296
[21220] 2025/11/20 10:55:47.782 Divide StockNo {3189}
[21220] 2025/11/20 10:55:47.782 Add Basket MarketNo：0 StockIdx：34222
[21220] 2025/11/20 10:55:47.782 Divide StockNo {3227}
[21220] 2025/11/20 10:55:47.782 Add Basket MarketNo：1 StockIdx：320
[21220] 2025/11/20 10:55:47.782 Divide StockNo {3231}
[21220] 2025/11/20 10:55:47.782 Add Basket MarketNo：0 StockIdx：34225
[21220] 2025/11/20 10:55:47.782 Divide StockNo {3260}
[21220] 2025/11/20 10:55:47.782 Add Basket MarketNo：1 StockIdx：329
[21220] 2025/11/20 10:55:47.782 Divide StockNo {3264}
[21220] 2025/11/20 10:55:47.782 Add Basket MarketNo：1 StockIdx：330
[21220] 2025/11/20 10:55:47.782 Divide StockNo {3293}
[21220] 2025/11/20 10:55:47.782 Add Basket MarketNo：1 StockIdx：343
[21220] 2025/11/20 10:55:47.782 Divide StockNo {3324}
[21220] 2025/11/20 10:55:47.782 Add Basket MarketNo：1 StockIdx：359
[21220] 2025/11/20 10:55:47.782 Divide StockNo {3374}
[21220] 2025/11/20 10:55:47.782 Add Basket MarketNo：1 StockIdx：376
[21220] 2025/11/20 10:55:47.782 Divide StockNo {3376}
[21220] 2025/11/20 10:55:47.782 Add Basket MarketNo：0 StockIdx：34237
[21220] 2025/11/20 10:55:47.782 Divide StockNo {3380}
[21220] 2025/11/20 10:55:47.782 Add Basket MarketNo：0 StockIdx：34238
[21220] 2025/11/20 10:55:47.782 Divide StockNo {3406}
[21220] 2025/11/20 10:55:47.782 Add Basket MarketNo：0 StockIdx：34239
[21220] 2025/11/20 10:55:47.782 Divide StockNo {3443}
[21220] 2025/11/20 10:55:47.782 Add Basket MarketNo：0 StockIdx：34245
[21220] 2025/11/20 10:55:47.782 Divide StockNo {3481}
[21220] 2025/11/20 10:55:47.782 Add Basket MarketNo：0 StockIdx：34249
[21220] 2025/11/20 10:55:47.782 Divide StockNo {3529}
[21220] 2025/11/20 10:55:47.782 Add Basket MarketNo：1 StockIdx：424
[21220] 2025/11/20 10:55:47.782 Divide StockNo {3532}
[21220] 2025/11/20 10:55:47.782 Add Basket MarketNo：0 StockIdx：34257
[21220] 2025/11/20 10:55:47.782 Divide StockNo {3533}
[21220] 2025/11/20 10:55:47.782 Add Basket MarketNo：0 StockIdx：34258
[21220] 2025/11/20 10:55:47.782 Divide StockNo {3552}
[21220] 2025/11/20 10:55:47.782 Add Basket MarketNo：1 StockIdx：435
[21220] 2025/11/20 10:55:47.782 Divide StockNo {3653}
[21220] 2025/11/20 10:55:47.782 Add Basket MarketNo：0 StockIdx：34278
[21220] 2025/11/20 10:55:47.782 Divide StockNo {3661}
[21220] 2025/11/20 10:55:47.782 Add Basket MarketNo：0 StockIdx：34279
[21220] 2025/11/20 10:55:47.782 Divide StockNo {3673}
[21220] 2025/11/20 10:55:47.782 Add Basket MarketNo：0 StockIdx：34282
[21220] 2025/11/20 10:55:47.782 Divide StockNo {3680}
[21220] 2025/11/20 10:55:47.782 Add Basket MarketNo：1 StockIdx：474
[21220] 2025/11/20 10:55:47.782 Divide StockNo {3691}
[21220] 2025/11/20 10:55:47.782 Add Basket MarketNo：1 StockIdx：484
[21220] 2025/11/20 10:55:47.782 Divide StockNo {3702}
[21220] 2025/11/20 10:55:47.782 Add Basket MarketNo：0 StockIdx：34287
[21220] 2025/11/20 10:55:47.782 Divide StockNo {3706}
[21220] 2025/11/20 10:55:47.783 Add Basket MarketNo：0 StockIdx：34291
[21220] 2025/11/20 10:55:47.783 Divide StockNo {3711}
[21220] 2025/11/20 10:55:47.783 Add Basket MarketNo：0 StockIdx：34293
[21220] 2025/11/20 10:55:47.783 Divide StockNo {3714}
[21220] 2025/11/20 10:55:47.783 Add Basket MarketNo：0 StockIdx：34295
[21220] 2025/11/20 10:55:47.783 Divide StockNo {4123}
[21220] 2025/11/20 10:55:47.783 Add Basket MarketNo：1 StockIdx：509
[21220] 2025/11/20 10:55:47.783 Divide StockNo {4128}
[21220] 2025/11/20 10:55:47.783 Add Basket MarketNo：1 StockIdx：514
[21220] 2025/11/20 10:55:47.783 Divide StockNo {4162}
[21220] 2025/11/20 10:55:47.783 Add Basket MarketNo：1 StockIdx：528
[21220] 2025/11/20 10:55:47.783 Divide StockNo {4736}
[21220] 2025/11/20 10:55:47.783 Add Basket MarketNo：0 StockIdx：34340
[21220] 2025/11/20 10:55:47.783 Divide StockNo {4743}
[21220] 2025/11/20 10:55:47.783 Add Basket MarketNo：1 StockIdx：619
[21220] 2025/11/20 10:55:47.783 Divide StockNo {4904}
[21220] 2025/11/20 10:55:47.783 Add Basket MarketNo：0 StockIdx：34351
[21220] 2025/11/20 10:55:47.783 Divide StockNo {4919}
[21220] 2025/11/20 10:55:47.783 Add Basket MarketNo：0 StockIdx：34356
[21220] 2025/11/20 10:55:47.783 Divide StockNo {4938}
[21220] 2025/11/20 10:55:47.783 Add Basket MarketNo：0 StockIdx：34361
[21220] 2025/11/20 10:55:47.783 Divide StockNo {4958}
[21220] 2025/11/20 10:55:47.783 Add Basket MarketNo：0 StockIdx：34367
[21220] 2025/11/20 10:55:47.783 Divide StockNo {5009}
[21220] 2025/11/20 10:55:47.783 Add Basket MarketNo：1 StockIdx：661
[21220] 2025/11/20 10:55:47.783 Divide StockNo {5269}
[21220] 2025/11/20 10:55:47.783 Add Basket MarketNo：0 StockIdx：34386
[21220] 2025/11/20 10:55:47.783 Divide StockNo {5274}
[21220] 2025/11/20 10:55:47.783 Add Basket MarketNo：1 StockIdx：695
[21220] 2025/11/20 10:55:47.783 Divide StockNo {5347}
[21220] 2025/11/20 10:55:47.783 Add Basket MarketNo：1 StockIdx：718
[21220] 2025/11/20 10:55:47.783 Divide StockNo {5371}
[21220] 2025/11/20 10:55:47.783 Add Basket MarketNo：1 StockIdx：725
[21220] 2025/11/20 10:55:47.783 Divide StockNo {5388}
[21220] 2025/11/20 10:55:47.783 Add Basket MarketNo：0 StockIdx：34393
[21220] 2025/11/20 10:55:47.783 Divide StockNo {5425}
[21220] 2025/11/20 10:55:47.783 Add Basket MarketNo：1 StockIdx：733
[21220] 2025/11/20 10:55:47.783 Divide StockNo {5457}
[21220] 2025/11/20 10:55:47.783 Add Basket MarketNo：1 StockIdx：745
[21220] 2025/11/20 10:55:47.783 Divide StockNo {5483}
[21220] 2025/11/20 10:55:47.783 Add Basket MarketNo：1 StockIdx：755
[21220] 2025/11/20 10:55:47.783 Divide StockNo {5534}
[21220] 2025/11/20 10:55:47.783 Add Basket MarketNo：0 StockIdx：34405
[21220] 2025/11/20 10:55:47.783 Divide StockNo {5871}
[21220] 2025/11/20 10:55:47.783 Add Basket MarketNo：0 StockIdx：34411
[21220] 2025/11/20 10:55:47.783 Divide StockNo {5876}
[21220] 2025/11/20 10:55:47.783 Add Basket MarketNo：0 StockIdx：34413
[21220] 2025/11/20 10:55:47.783 Divide StockNo {5880}
[21220] 2025/11/20 10:55:47.783 Add Basket MarketNo：0 StockIdx：34414
[21220] 2025/11/20 10:55:47.783 Divide StockNo {5904}
[21220] 2025/11/20 10:55:47.783 Add Basket MarketNo：1 StockIdx：789
[21220] 2025/11/20 10:55:47.783 Divide StockNo {6005}
[21220] 2025/11/20 10:55:47.783 Add Basket MarketNo：0 StockIdx：34417
[21220] 2025/11/20 10:55:47.783 Divide StockNo {6116}
[21220] 2025/11/20 10:55:47.783 Add Basket MarketNo：0 StockIdx：34422
[21220] 2025/11/20 10:55:47.783 Divide StockNo {6121}
[21220] 2025/11/20 10:55:47.783 Add Basket MarketNo：1 StockIdx：812
[21220] 2025/11/20 10:55:47.783 Divide StockNo {6139}
[21220] 2025/11/20 10:55:47.783 Add Basket MarketNo：0 StockIdx：34428
[21220] 2025/11/20 10:55:47.783 Divide StockNo {6147}
[21220] 2025/11/20 10:55:47.783 Add Basket MarketNo：1 StockIdx：830
[21220] 2025/11/20 10:55:47.783 Divide StockNo {6153}
[21220] 2025/11/20 10:55:47.783 Add Basket MarketNo：0 StockIdx：34432
[21220] 2025/11/20 10:55:47.783 Divide StockNo {6173}
[21220] 2025/11/20 10:55:47.783 Add Basket MarketNo：1 StockIdx：847
[21220] 2025/11/20 10:55:47.783 Divide StockNo {6176}
[21220] 2025/11/20 10:55:47.783 Add Basket MarketNo：0 StockIdx：34438
[21220] 2025/11/20 10:55:47.784 Divide StockNo {6182}
[21220] 2025/11/20 10:55:47.784 Add Basket MarketNo：1 StockIdx：855
[21220] 2025/11/20 10:55:47.784 Divide StockNo {6188}
[21220] 2025/11/20 10:55:47.784 Add Basket MarketNo：1 StockIdx：863
[21220] 2025/11/20 10:55:47.784 Divide StockNo {6213}
[21220] 2025/11/20 10:55:47.784 Add Basket MarketNo：0 StockIdx：34452
[21220] 2025/11/20 10:55:47.784 Divide StockNo {6223}
[21220] 2025/11/20 10:55:47.784 Add Basket MarketNo：1 StockIdx：889
[21220] 2025/11/20 10:55:47.784 Divide StockNo {6239}
[21220] 2025/11/20 10:55:47.784 Add Basket MarketNo：0 StockIdx：34461
[21220] 2025/11/20 10:55:47.784 Divide StockNo {6245}
[21220] 2025/11/20 10:55:47.784 Add Basket MarketNo：1 StockIdx：904
[21220] 2025/11/20 10:55:47.784 Divide StockNo {6257}
[21220] 2025/11/20 10:55:47.784 Add Basket MarketNo：0 StockIdx：34463
[21220] 2025/11/20 10:55:47.784 Divide StockNo {6269}
[21220] 2025/11/20 10:55:47.784 Add Basket MarketNo：0 StockIdx：34464
[21220] 2025/11/20 10:55:47.784 Divide StockNo {6271}
[21220] 2025/11/20 10:55:47.784 Add Basket MarketNo：0 StockIdx：34465
[21220] 2025/11/20 10:55:47.784 Divide StockNo {6274}
[21220] 2025/11/20 10:55:47.784 Add Basket MarketNo：1 StockIdx：916
[21220] 2025/11/20 10:55:47.784 Divide StockNo {6278}
[21220] 2025/11/20 10:55:47.784 Add Basket MarketNo：0 StockIdx：34467
[21220] 2025/11/20 10:55:47.784 Divide StockNo {6279}
[21220] 2025/11/20 10:55:47.784 Add Basket MarketNo：1 StockIdx：921
[21220] 2025/11/20 10:55:47.784 Divide StockNo {6282}
[21220] 2025/11/20 10:55:47.784 Add Basket MarketNo：0 StockIdx：34469
[21220] 2025/11/20 10:55:47.784 Divide StockNo {6285}
[21220] 2025/11/20 10:55:47.784 Add Basket MarketNo：0 StockIdx：34471
[21220] 2025/11/20 10:55:47.784 Divide StockNo {6414}
[21220] 2025/11/20 10:55:47.784 Add Basket MarketNo：0 StockIdx：34475
[21220] 2025/11/20 10:55:47.784 Divide StockNo {6443}
[21220] 2025/11/20 10:55:47.784 Add Basket MarketNo：0 StockIdx：34483
[21220] 2025/11/20 10:55:47.784 Divide StockNo {6472}
[21220] 2025/11/20 10:55:47.784 Add Basket MarketNo：0 StockIdx：34489
[21220] 2025/11/20 10:55:47.784 Divide StockNo {6488}
[21220] 2025/11/20 10:55:47.784 Add Basket MarketNo：1 StockIdx：956
[21220] 2025/11/20 10:55:47.784 Divide StockNo {6505}
[21220] 2025/11/20 10:55:47.784 Add Basket MarketNo：0 StockIdx：34493
[21220] 2025/11/20 10:55:47.784 Divide StockNo {6510}
[21220] 2025/11/20 10:55:47.784 Add Basket MarketNo：1 StockIdx：966
[21220] 2025/11/20 10:55:47.784 Divide StockNo {6526}
[21220] 2025/11/20 10:55:47.784 Add Basket MarketNo：0 StockIdx：34496
[21220] 2025/11/20 10:55:47.784 Divide StockNo {6547}
[21220] 2025/11/20 10:55:47.784 Add Basket MarketNo：1 StockIdx：981
[21220] 2025/11/20 10:55:47.784 Divide StockNo {6669}
[21220] 2025/11/20 10:55:47.784 Add Basket MarketNo：0 StockIdx：34525
[21220] 2025/11/20 10:55:47.784 Divide StockNo {6757}
[21220] 2025/11/20 10:55:47.784 Add Basket MarketNo：0 StockIdx：34542
[21220] 2025/11/20 10:55:47.784 Divide StockNo {6770}
[21220] 2025/11/20 10:55:47.784 Add Basket MarketNo：0 StockIdx：34544
[21220] 2025/11/20 10:55:47.784 Divide StockNo {8039}
[21220] 2025/11/20 10:55:47.784 Add Basket MarketNo：0 StockIdx：34621
[21220] 2025/11/20 10:55:47.784 Divide StockNo {8044}
[21220] 2025/11/20 10:55:47.784 Add Basket MarketNo：1 StockIdx：12473
[21220] 2025/11/20 10:55:47.784 Divide StockNo {8046}
[21220] 2025/11/20 10:55:47.784 Add Basket MarketNo：0 StockIdx：34623
[21220] 2025/11/20 10:55:47.784 Divide StockNo {8069}
[21220] 2025/11/20 10:55:47.784 Add Basket MarketNo：1 StockIdx：12485
[21220] 2025/11/20 10:55:47.784 Divide StockNo {8086}
[21220] 2025/11/20 10:55:47.784 Add Basket MarketNo：1 StockIdx：12494
[21220] 2025/11/20 10:55:47.784 Divide StockNo {8112}
[21220] 2025/11/20 10:55:47.784 Add Basket MarketNo：0 StockIdx：34632
[21220] 2025/11/20 10:55:47.784 Divide StockNo {8150}
[21220] 2025/11/20 10:55:47.784 Add Basket MarketNo：0 StockIdx：34636
[21220] 2025/11/20 10:55:47.784 Divide StockNo {8163}
[21220] 2025/11/20 10:55:47.784 Add Basket MarketNo：0 StockIdx：34638
[21220] 2025/11/20 10:55:47.784 Divide StockNo {8299}
[21220] 2025/11/20 10:55:47.784 Add Basket MarketNo：1 StockIdx：12533
[21220] 2025/11/20 10:55:47.785 Divide StockNo {8358}
[21220] 2025/11/20 10:55:47.785 Add Basket MarketNo：1 StockIdx：12539
[21220] 2025/11/20 10:55:47.785 Divide StockNo {8436}
[21220] 2025/11/20 10:55:47.785 Add Basket MarketNo：1 StockIdx：12564
[21220] 2025/11/20 10:55:47.785 Divide StockNo {8454}
[21220] 2025/11/20 10:55:47.785 Add Basket MarketNo：0 StockIdx：34657
[21220] 2025/11/20 10:55:47.785 Divide StockNo {9904}
[21220] 2025/11/20 10:55:47.785 Add Basket MarketNo：0 StockIdx：34686
[21220] 2025/11/20 10:55:47.785 Divide StockNo {9914}
[21220] 2025/11/20 10:55:47.785 Add Basket MarketNo：0 StockIdx：34694
[21220] 2025/11/20 10:55:47.785 Divide StockNo {9938}
[21220] 2025/11/20 10:55:47.785 Add Basket MarketNo：0 StockIdx：34710
[21220] 2025/11/20 10:55:47.785 Divide StockNo {9939}
[21220] 2025/11/20 10:55:47.785 Add Basket MarketNo：0 StockIdx：34711
[21220] 2025/11/20 10:55:47.785 Divide StockNo {9945}
[21220] 2025/11/20 10:55:47.785 Add Basket MarketNo：0 StockIdx：34718
[21220] 2025/11/20 10:55:47.785 Divide StockNo {9958}
[21220] 2025/11/20 10:55:47.785 Add Basket MarketNo：0 StockIdx：34721
[21220] 2025/11/20 10:55:47.785 Divide StockNo {TSE}
[21220] 2025/11/20 10:55:47.785 Stock Is Not Exist 
[21220] 2025/11/20 10:55:47.785 Divide StockNo {TSE23}
[21220] 2025/11/20 10:55:47.785 Add Basket MarketNo：0 StockIdx：35038
[21220] 2025/11/20 10:55:47.785 Divide StockNo {TSE28}
[21220] 2025/11/20 10:55:47.785 Add Basket MarketNo：0 StockIdx：35043
[21220] 2025/11/20 10:55:47.785 Divide StockNo {TWMC}
[21220] 2025/11/20 10:55:47.785 Stock Is Not Exist 
[21220] 2025/11/20 10:55:47.785 Return PageNo： 1 
[26700] 2025/11/20 10:59:17.935 Precheck/DistributedServer Query result is 000,分配成功
[26700] 2025/11/20 10:59:17.936 >> Host srvsolace-tp2.capital.com.tw
[26700] 2025/11/20 10:59:17.940 SKQuoteLib_EnterMonitor IP：srvsolace-tp2.capital.com.tw
[26700] 2025/11/20 10:59:19.345 OnSessionConnect，Code: 3001, Error Code:0.
[26700] 2025/11/20 10:59:19.382 SKQuoteLib_EnterMonitorLONG starting
[26700] 2025/11/20 10:59:19.384 OnConnection ( 3001 , 0 ) 
[26700] 2025/11/20 10:59:21.292 Market Info is OK!
[26700] 2025/11/20 10:59:22.579 Catalog info is OK!
[26700] 2025/11/20 10:59:41.630 OnSessionConnect，Code: 3001, Error Code:0.
[26700] 2025/11/20 10:59:41.631 SKQuoteLib_EnterMonitorLONG starting
[26700] 2025/11/20 10:59:41.632 OnConnection ( 3001 , 0 ) 
[4040] 2025/11/20 11:00:24.382 Precheck/DistributedServer Query result is 000,分配成功
[4040] 2025/11/20 11:00:24.382 >> Host srvsolace-tp2.capital.com.tw
[4040] 2025/11/20 11:00:24.387 SKQuoteLib_EnterMonitor IP：srvsolace-tp2.capital.com.tw
[4040] 2025/11/20 11:00:24.590 OnSessionConnect，Code: 3001, Error Code:0.
[4040] 2025/11/20 11:00:24.665 SKQuoteLib_EnterMonitorLONG starting
[4040] 2025/11/20 11:00:24.666 OnConnection ( 3001 , 0 ) 
[4040] 2025/11/20 11:00:26.745 Market Info is OK!
[4040] 2025/11/20 11:00:26.908 Catalog info is OK!
[4040] 2025/11/20 11:01:43.224 OnSessionConnect，Code: 3001, Error Code:0.
[4040] 2025/11/20 11:01:43.225 SKQuoteLib_EnterMonitorLONG starting
[4040] 2025/11/20 11:01:43.226 OnConnection ( 3001 , 0 ) 
[4040] 2025/11/20 11:03:32.603 SKQuoteLib_RequestStocks (1 , CAF00, CBF00, CCF00, CDF00, CEF00, CFF00, CGF00, CHF00, CJF00, CKF00, CLF00, CMF00, CNF00, CQF00, CRF00, CSF00, CUF00, CWF00, CXF00, CYF00, CZF00, DAF00, DBF00, DCF00, DEF00, DFF00, DGF00, DHF00, DIF00, DJF00, DKF00, DLF00, DNF00, DOF00, DPF00, DQF00, DSF00, DVF00, DWF00, DXF00, DYF00, DZF00, EEF00, EGF00, EHF00, EKF00, EMF00, EPF00, EYF00, EZF00, FBF00, FCF00, FEF00, FFF00, FGF00, FKF00, FNF00, FQF00, FRF00, FSF00, FTF00, FVF00, FWF00, FYF00, FZF00, GAF00, GCF00, GHF00, GIF00, GJF00, GKF00, GLF00, GMF00, GNF00, GOF00, GRF00, GUF00, GVF00, GWF00, GXF00, GYF00, GZF00, HAF00, HBF00, HCF00, HHF00, HIF00, HLF00, HOF00, HQF00, HSF00, IAF00, IHF00, IIF00, IJF00, IMF00, IOF00, IPF00, IQF00, IRF00, ITF00, IXF00, IYF00, IZF00, JBF00, JFF00, JMF00, JNF00, JPF00, JSF00, JWF00, JXF00, JZF00, KAF00, KBF00, KCF00, KDF00, KEF00, KFF00, KGF00, KIF00, KKF00, KLF00, KOF00, KPF00, KSF00, KUF00, KWF00, LBF00, LCF00, LEF00, LIF00, LMF00, LOF00, LQF00, LRF00, LTF00, LUF00, LVF00, LWF00, LXF00, LYF00, MAF00, MBF00, MJF00, MKF00, MQF00, MVF00, MYF00, NAF00, NBF00, NDF00, NEF00, NGF00, NIF00, NJF00, NLF00, NMF00, NOF00, NQF00, NSF00, NUF00, NVF00, NWF00, NYF00, OAF00, OBF00, ODF00, OEF00, OHF00, OJF00, OKF00, OLF00, OMF00, OOF00, OPF00, OQF00, ORF00, OSF00, OTF00, OUF00, OVF00, OWF00, OXF00, OYF00, OZF00, PAF00, PBF00, PCF00, PDF00, PEF00, PFF00, PGF00, PHF00, PIF00, PJF00, PKF00, PLF00, PMF00, PNF00, PPF00, PQF00, PRF00, PSF00, PTF00, PUF00, PVF00, PWF00, PXF00, PYF00, PZF00, QAF00, QBF00, QCF00, QDF00, QEF00, QFF00, QGF00, QHF00, QIF00, QJF00, QKF00, QLF00, QMF00, QNF00, QOF00, QPF00, QQF00, QRF00, QSF00, QTF00, QUF00, QVF00, QWF00, QXF00, QYF00, QZF00, RAF00, RBF00, RCF00, RDF00, REF00, RFF00, RGF00, RIF00, RJF00, RKF00, RLF00, RMF00, RNF00, ROF00, RPF00, RQF00, RRF00, RSF00, RUF00, RVF00, RWF00, RXF00, RYF00, RZF00, SAF00, SBF00, SCF00, SDF00, SEF00, SFF00, SGF00, SIF00, SJF00, SKF00, SLF00, SMF00, SNF00, SQF00, SRF00, SSF00, SUF00, SVF00, SWF00, SYF00, SZF00, UAF00, UBF00, UCF00, UEF00, UFF00, UGF00, UHF00, UIF00, UJF00, UKF00, ULF00, UMF00, UOF00, UPF00, UQF00, URF00, USF00, UTF00, UUF00, UVF00, UWF00, 0050, 0056, 006205, 006206, 00636, 00639, 00643, 00679B, 00687B, 00719B, 00757, 00772B, 00878, 00885, 00893, 00919, 00923, 00929, 00937B, 00940, 1101, 1102, 1210, 1216, 1301, 1303, 1312, 1314, 1319, 1326, 1402, 1440, 1476, 1477, 1503, 1504, 1513, 1536, 1565, 1590, 1605, 1609, 1707, 1717, 1718, 1722, 1795, 1802, 1904, 1905, 1907, 1909, 2002, 2006, 2014, 2027, 2049, 2059, 2105, 2201, 2231, 2301, 2303, 2308, 2312, 2313, 2317, 2323, 2324, 2327, 2328, 2330, 2331, 2332, 2337, 2338, 2340, 2344, 2345, 2347, 2352, 2353, 2354, 2355, 2356, 2357, 2360, 2368, 2371, 2376, 2377, 2379, 2382, 2383, 2385, 2388, 2392, 2393, 2401, 2404, 2408, 2409, 2412, 2439, 2441, 2449, 2454, 2455, 2457, 2458, 2474, 2481, 2485, 2486, 2489, 2492, 2498, 2515, 2520, 2542, 2548, 2603, 2605, 2606, 2609, 2610, 2615, 2618, 2633, 2634, 2801, 2834, 2880, 2881, 2882, 2883, 2884, 2885, 2886, 2887, 2888, 2890, 2891, 2892, 2913, 2915, 3005, 3006, 3008, 3017, 3019, 3034, 3035, 3036, 3037, 3042, 3044, 3045, 3078, 3081, 3105, 3152, 3189, 3227, 3231, 3260, 3264, 3293, 3324, 3374, 3376, 3380, 3406, 3443, 3481, 3529, 3532, 3533, 3552, 3653, 3661, 3673, 3680, 3691, 3702, 3706, 3711, 3714, 4123, 4128, 4162, 4736, 4743, 4904, 4919, 4938, 4958, 5009, 5269, 5274, 5347, 5371, 5388, 5425, 5457, 5483, 5534, 5871, 5876, 5880, 5904, 6005, 6116, 6121, 6139, 6147, 6153, 6173, 6176, 6182, 6188, 6213, 6223, 6239, 6245, 6257, 6269, 6271, 6274, 6278, 6279, 6282, 6285, 6414, 6443, 6472, 6488, 6505, 6510, 6526, 6547, 6669, 6757, 6770, 8039, 8044, 8046, 8069, 8086, 8112, 8150, 8163, 8299, 8358, 8436, 8454, 9904, 9914, 9938, 9939, 9945, 9958, TSE, TSE23, TSE28, TWMC)
[4040] 2025/11/20 11:03:32.607 Divide StockNo {CAF00}
[4040] 2025/11/20 11:03:33.108 Add Basket MarketNo：2 StockIdx：162
[4040] 2025/11/20 11:03:33.108 Divide StockNo {CBF00}
[4040] 2025/11/20 11:03:33.184 Add Basket MarketNo：2 StockIdx：168
[4040] 2025/11/20 11:03:33.184 Divide StockNo {CCF00}
[4040] 2025/11/20 11:03:33.257 Add Basket MarketNo：2 StockIdx：174
[4040] 2025/11/20 11:03:33.257 Divide StockNo {CDF00}
[4040] 2025/11/20 11:03:33.314 Add Basket MarketNo：2 StockIdx：180
[4040] 2025/11/20 11:03:33.314 Divide StockNo {CEF00}
[4040] 2025/11/20 11:03:33.377 Add Basket MarketNo：2 StockIdx：186
[4040] 2025/11/20 11:03:33.377 Divide StockNo {CFF00}
[4040] 2025/11/20 11:03:33.439 Add Basket MarketNo：2 StockIdx：194
[4040] 2025/11/20 11:03:33.439 Divide StockNo {CGF00}
[4040] 2025/11/20 11:03:33.525 Add Basket MarketNo：2 StockIdx：200
[4040] 2025/11/20 11:03:33.525 Divide StockNo {CHF00}
[4040] 2025/11/20 11:03:33.581 Add Basket MarketNo：2 StockIdx：206
[4040] 2025/11/20 11:03:33.581 Divide StockNo {CJF00}
[4040] 2025/11/20 11:03:33.638 Add Basket MarketNo：2 StockIdx：212
[4040] 2025/11/20 11:03:33.638 Divide StockNo {CKF00}
[4040] 2025/11/20 11:03:33.747 Add Basket MarketNo：2 StockIdx：218
[4040] 2025/11/20 11:03:33.747 Divide StockNo {CLF00}
[4040] 2025/11/20 11:03:33.903 Add Basket MarketNo：2 StockIdx：224
[4040] 2025/11/20 11:03:33.903 Divide StockNo {CMF00}
[4040] 2025/11/20 11:03:34.011 Add Basket MarketNo：2 StockIdx：230
[4040] 2025/11/20 11:03:34.011 Divide StockNo {CNF00}
[4040] 2025/11/20 11:03:34.157 Add Basket MarketNo：2 StockIdx：236
[4040] 2025/11/20 11:03:34.157 Divide StockNo {CQF00}
[4040] 2025/11/20 11:03:34.252 Add Basket MarketNo：2 StockIdx：242
[4040] 2025/11/20 11:03:34.252 Divide StockNo {CRF00}
[4040] 2025/11/20 11:03:34.356 Add Basket MarketNo：2 StockIdx：248
[4040] 2025/11/20 11:03:34.356 Divide StockNo {CSF00}
[4040] 2025/11/20 11:03:34.463 Add Basket MarketNo：2 StockIdx：254
[4040] 2025/11/20 11:03:34.463 Divide StockNo {CUF00}
[4040] 2025/11/20 11:03:34.561 Add Basket MarketNo：2 StockIdx：260
[4040] 2025/11/20 11:03:34.561 Divide StockNo {CWF00}
[4040] 2025/11/20 11:03:34.636 Add Basket MarketNo：2 StockIdx：266
[4040] 2025/11/20 11:03:34.636 Divide StockNo {CXF00}
[4040] 2025/11/20 11:03:34.743 Add Basket MarketNo：2 StockIdx：274
[4040] 2025/11/20 11:03:34.743 Divide StockNo {CYF00}
[4040] 2025/11/20 11:03:34.833 Add Basket MarketNo：2 StockIdx：280
[4040] 2025/11/20 11:03:34.833 Divide StockNo {CZF00}
[4040] 2025/11/20 11:03:34.919 Add Basket MarketNo：2 StockIdx：286
[4040] 2025/11/20 11:03:34.919 Divide StockNo {DAF00}
[4040] 2025/11/20 11:03:35.079 Add Basket MarketNo：2 StockIdx：292
[4040] 2025/11/20 11:03:35.079 Divide StockNo {DBF00}
[4040] 2025/11/20 11:03:35.268 Add Basket MarketNo：2 StockIdx：298
[4040] 2025/11/20 11:03:35.268 Divide StockNo {DCF00}
[4040] 2025/11/20 11:03:35.431 Add Basket MarketNo：2 StockIdx：304
[4040] 2025/11/20 11:03:35.431 Divide StockNo {DEF00}
[4040] 2025/11/20 11:03:35.550 Add Basket MarketNo：2 StockIdx：312
[4040] 2025/11/20 11:03:35.550 Divide StockNo {DFF00}
[4040] 2025/11/20 11:03:35.663 Add Basket MarketNo：2 StockIdx：321
[4040] 2025/11/20 11:03:35.663 Divide StockNo {DGF00}
[4040] 2025/11/20 11:03:35.822 Add Basket MarketNo：2 StockIdx：327
[4040] 2025/11/20 11:03:35.822 Divide StockNo {DHF00}
[4040] 2025/11/20 11:03:35.890 Add Basket MarketNo：2 StockIdx：333
[4040] 2025/11/20 11:03:35.890 Divide StockNo {DIF00}
[4040] 2025/11/20 11:03:36.104 Add Basket MarketNo：2 StockIdx：339
[4040] 2025/11/20 11:03:36.104 Divide StockNo {DJF00}
[4040] 2025/11/20 11:03:36.197 Add Basket MarketNo：2 StockIdx：345
[4040] 2025/11/20 11:03:36.197 Divide StockNo {DKF00}
[4040] 2025/11/20 11:03:36.331 Add Basket MarketNo：2 StockIdx：351
[4040] 2025/11/20 11:03:36.331 Divide StockNo {DLF00}
[4040] 2025/11/20 11:03:36.392 Add Basket MarketNo：2 StockIdx：357
[4040] 2025/11/20 11:03:36.392 Divide StockNo {DNF00}
[4040] 2025/11/20 11:03:36.464 Add Basket MarketNo：2 StockIdx：363
[4040] 2025/11/20 11:03:36.464 Divide StockNo {DOF00}
[4040] 2025/11/20 11:03:36.572 Add Basket MarketNo：2 StockIdx：371
[4040] 2025/11/20 11:03:36.572 Divide StockNo {DPF00}
[4040] 2025/11/20 11:03:36.661 Add Basket MarketNo：2 StockIdx：377
[4040] 2025/11/20 11:03:36.661 Divide StockNo {DQF00}
[4040] 2025/11/20 11:03:36.732 Add Basket MarketNo：2 StockIdx：383
[4040] 2025/11/20 11:03:36.732 Divide StockNo {DSF00}
[4040] 2025/11/20 11:03:36.782 Add Basket MarketNo：2 StockIdx：389
[4040] 2025/11/20 11:03:36.782 Divide StockNo {DVF00}
[4040] 2025/11/20 11:03:36.880 Add Basket MarketNo：2 StockIdx：395
[4040] 2025/11/20 11:03:36.880 Divide StockNo {DWF00}
[4040] 2025/11/20 11:03:37.185 Add Basket MarketNo：2 StockIdx：401
[4040] 2025/11/20 11:03:37.185 Divide StockNo {DXF00}
[4040] 2025/11/20 11:03:37.436 Add Basket MarketNo：2 StockIdx：407
[4040] 2025/11/20 11:03:37.436 Divide StockNo {DYF00}
[4040] 2025/11/20 11:03:37.604 Add Basket MarketNo：2 StockIdx：413
[4040] 2025/11/20 11:03:37.604 Divide StockNo {DZF00}
[4040] 2025/11/20 11:03:37.810 Add Basket MarketNo：2 StockIdx：419
[4040] 2025/11/20 11:03:37.810 Divide StockNo {EEF00}
[4040] 2025/11/20 11:03:38.050 Add Basket MarketNo：2 StockIdx：425
[4040] 2025/11/20 11:03:38.050 Divide StockNo {EGF00}
[4040] 2025/11/20 11:03:38.401 Add Basket MarketNo：2 StockIdx：431
[4040] 2025/11/20 11:03:38.401 Divide StockNo {EHF00}
[4040] 2025/11/20 11:03:38.545 Add Basket MarketNo：2 StockIdx：437
[4040] 2025/11/20 11:03:38.545 Divide StockNo {EKF00}
[4040] 2025/11/20 11:03:38.702 Add Basket MarketNo：2 StockIdx：443
[4040] 2025/11/20 11:03:38.702 Divide StockNo {EMF00}
[4040] 2025/11/20 11:03:38.849 Add Basket MarketNo：2 StockIdx：449
[4040] 2025/11/20 11:03:38.850 Divide StockNo {EPF00}
[4040] 2025/11/20 11:03:39.024 Add Basket MarketNo：2 StockIdx：455
[4040] 2025/11/20 11:03:39.024 Divide StockNo {EYF00}
[4040] 2025/11/20 11:03:39.153 Add Basket MarketNo：2 StockIdx：461
[4040] 2025/11/20 11:03:39.153 Divide StockNo {EZF00}
[4040] 2025/11/20 11:03:39.295 Add Basket MarketNo：2 StockIdx：467
[4040] 2025/11/20 11:03:39.295 Divide StockNo {FBF00}
[4040] 2025/11/20 11:03:39.349 Add Basket MarketNo：2 StockIdx：473
[4040] 2025/11/20 11:03:39.349 Divide StockNo {FCF00}
[4040] 2025/11/20 11:03:39.484 Add Basket MarketNo：2 StockIdx：479
[4040] 2025/11/20 11:03:39.484 Divide StockNo {FEF00}
[4040] 2025/11/20 11:03:39.641 Add Basket MarketNo：2 StockIdx：483
[4040] 2025/11/20 11:03:39.642 Divide StockNo {FFF00}
[4040] 2025/11/20 11:03:39.761 Add Basket MarketNo：2 StockIdx：491
[4040] 2025/11/20 11:03:39.761 Divide StockNo {FGF00}
[4040] 2025/11/20 11:03:39.931 Add Basket MarketNo：2 StockIdx：497
[4040] 2025/11/20 11:03:39.931 Divide StockNo {FKF00}
[4040] 2025/11/20 11:03:39.987 Add Basket MarketNo：2 StockIdx：503
[4040] 2025/11/20 11:03:39.987 Divide StockNo {FNF00}
[4040] 2025/11/20 11:03:40.097 Add Basket MarketNo：2 StockIdx：509
[4040] 2025/11/20 11:03:40.097 Divide StockNo {FQF00}
[26968] 2025/11/20 11:03:58.368 Precheck/DistributedServer Query result is 000,分配成功
[26968] 2025/11/20 11:03:58.368 >> Host srvsolace-tp2.capital.com.tw
[26968] 2025/11/20 11:03:58.373 SKQuoteLib_EnterMonitor IP：srvsolace-tp2.capital.com.tw
[26968] 2025/11/20 11:03:58.471 OnSessionConnect，Code: 3001, Error Code:0.
[26968] 2025/11/20 11:03:58.521 SKQuoteLib_EnterMonitorLONG starting
[26968] 2025/11/20 11:03:58.522 OnConnection ( 3001 , 0 ) 
[26968] 2025/11/20 11:03:59.187 Market Info is OK!
[26968] 2025/11/20 11:03:59.284 Catalog info is OK!
[26968] 2025/11/20 11:04:02.666 Solace RequestInitializeData (TO_S_19,S_1F)
[26968] 2025/11/20 11:04:02.666 Solace RequestInitializeData (TO_S_19,S_1F)
[26968] 2025/11/20 11:04:02.667 OnConnection ( 3003 , 0 ) 
[26968] 2025/11/20 11:04:05.502 SKQuoteLib_RequestStocks (1 , CAF00, CBF00, CCF00, CDF00, CEF00, CFF00, CGF00, CHF00, CJF00, CKF00, CLF00, CMF00, CNF00, CQF00, CRF00, CSF00, CUF00, CWF00, CXF00, CYF00, CZF00, DAF00, DBF00, DCF00, DEF00, DFF00, DGF00, DHF00, DIF00, DJF00, DKF00, DLF00, DNF00, DOF00, DPF00, DQF00, DSF00, DVF00, DWF00, DXF00, DYF00, DZF00, EEF00, EGF00, EHF00, EKF00, EMF00, EPF00, EYF00, EZF00, FBF00, FCF00, FEF00, FFF00, FGF00, FKF00, FNF00, FQF00, FRF00, FSF00, FTF00, FVF00, FWF00, FYF00, FZF00, GAF00, GCF00, GHF00, GIF00, GJF00, GKF00, GLF00, GMF00, GNF00, GOF00, GRF00, GUF00, GVF00, GWF00, GXF00, GYF00, GZF00, HAF00, HBF00, HCF00, HHF00, HIF00, HLF00, HOF00, HQF00, HSF00, IAF00, IHF00, IIF00, IJF00, IMF00, IOF00, IPF00, IQF00, IRF00, ITF00, IXF00, IYF00, IZF00, JBF00, JFF00, JMF00, JNF00, JPF00, JSF00, JWF00, JXF00, JZF00, KAF00, KBF00, KCF00, KDF00, KEF00, KFF00, KGF00, KIF00, KKF00, KLF00, KOF00, KPF00, KSF00, KUF00, KWF00, LBF00, LCF00, LEF00, LIF00, LMF00, LOF00, LQF00, LRF00, LTF00, LUF00, LVF00, LWF00, LXF00, LYF00, MAF00, MBF00, MJF00, MKF00, MQF00, MVF00, MYF00, NAF00, NBF00, NDF00, NEF00, NGF00, NIF00, NJF00, NLF00, NMF00, NOF00, NQF00, NSF00, NUF00, NVF00, NWF00, NYF00, OAF00, OBF00, ODF00, OEF00, OHF00, OJF00, OKF00, OLF00, OMF00, OOF00, OPF00, OQF00, ORF00, OSF00, OTF00, OUF00, OVF00, OWF00, OXF00, OYF00, OZF00, PAF00, PBF00, PCF00, PDF00, PEF00, PFF00, PGF00, PHF00, PIF00, PJF00, PKF00, PLF00, PMF00, PNF00, PPF00, PQF00, PRF00, PSF00, PTF00, PUF00, PVF00, PWF00, PXF00, PYF00, PZF00, QAF00, QBF00, QCF00, QDF00, QEF00, QFF00, QGF00, QHF00, QIF00, QJF00, QKF00, QLF00, QMF00, QNF00, QOF00, QPF00, QQF00, QRF00, QSF00, QTF00, QUF00, QVF00, QWF00, QXF00, QYF00, QZF00, RAF00, RBF00, RCF00, RDF00, REF00, RFF00, RGF00, RIF00, RJF00, RKF00, RLF00, RMF00, RNF00, ROF00, RPF00, RQF00, RRF00, RSF00, RUF00, RVF00, RWF00, RXF00, RYF00, RZF00, SAF00, SBF00, SCF00, SDF00, SEF00, SFF00, SGF00, SIF00, SJF00, SKF00, SLF00, SMF00, SNF00, SQF00, SRF00, SSF00, SUF00, SVF00, SWF00, SYF00, SZF00, UAF00, UBF00, UCF00, UEF00, UFF00, UGF00, UHF00, UIF00, UJF00, UKF00, ULF00, UMF00, UOF00, UPF00, UQF00, URF00, USF00, UTF00, UUF00, UVF00, UWF00, 0050, 0056, 006205, 006206, 00636, 00639, 00643, 00679B, 00687B, 00719B, 00757, 00772B, 00878, 00885, 00893, 00919, 00923, 00929, 00937B, 00940, 1101, 1102, 1210, 1216, 1301, 1303, 1312, 1314, 1319, 1326, 1402, 1440, 1476, 1477, 1503, 1504, 1513, 1536, 1565, 1590, 1605, 1609, 1707, 1717, 1718, 1722, 1795, 1802, 1904, 1905, 1907, 1909, 2002, 2006, 2014, 2027, 2049, 2059, 2105, 2201, 2231, 2301, 2303, 2308, 2312, 2313, 2317, 2323, 2324, 2327, 2328, 2330, 2331, 2332, 2337, 2338, 2340, 2344, 2345, 2347, 2352, 2353, 2354, 2355, 2356, 2357, 2360, 2368, 2371, 2376, 2377, 2379, 2382, 2383, 2385, 2388, 2392, 2393, 2401, 2404, 2408, 2409, 2412, 2439, 2441, 2449, 2454, 2455, 2457, 2458, 2474, 2481, 2485, 2486, 2489, 2492, 2498, 2515, 2520, 2542, 2548, 2603, 2605, 2606, 2609, 2610, 2615, 2618, 2633, 2634, 2801, 2834, 2880, 2881, 2882, 2883, 2884, 2885, 2886, 2887, 2888, 2890, 2891, 2892, 2913, 2915, 3005, 3006, 3008, 3017, 3019, 3034, 3035, 3036, 3037, 3042, 3044, 3045, 3078, 3081, 3105, 3152, 3189, 3227, 3231, 3260, 3264, 3293, 3324, 3374, 3376, 3380, 3406, 3443, 3481, 3529, 3532, 3533, 3552, 3653, 3661, 3673, 3680, 3691, 3702, 3706, 3711, 3714, 4123, 4128, 4162, 4736, 4743, 4904, 4919, 4938, 4958, 5009, 5269, 5274, 5347, 5371, 5388, 5425, 5457, 5483, 5534, 5871, 5876, 5880, 5904, 6005, 6116, 6121, 6139, 6147, 6153, 6173, 6176, 6182, 6188, 6213, 6223, 6239, 6245, 6257, 6269, 6271, 6274, 6278, 6279, 6282, 6285, 6414, 6443, 6472, 6488, 6505, 6510, 6526, 6547, 6669, 6757, 6770, 8039, 8044, 8046, 8069, 8086, 8112, 8150, 8163, 8299, 8358, 8436, 8454, 9904, 9914, 9938, 9939, 9945, 9958, TSE, TSE23, TSE28, TWMC)
[26968] 2025/11/20 11:04:05.506 Divide StockNo {CAF00}
[26968] 2025/11/20 11:04:05.506 Add Basket MarketNo：2 StockIdx：162
[26968] 2025/11/20 11:04:05.506 Divide StockNo {CBF00}
[26968] 2025/11/20 11:04:05.506 Add Basket MarketNo：2 StockIdx：168
[26968] 2025/11/20 11:04:05.506 Divide StockNo {CCF00}
[26968] 2025/11/20 11:04:05.506 Add Basket MarketNo：2 StockIdx：5660
[26968] 2025/11/20 11:04:05.506 Divide StockNo {CDF00}
[26968] 2025/11/20 11:04:05.506 Add Basket MarketNo：2 StockIdx：5666
[26968] 2025/11/20 11:04:05.506 Divide StockNo {CEF00}
[26968] 2025/11/20 11:04:05.506 Add Basket MarketNo：2 StockIdx：186
[26968] 2025/11/20 11:04:05.506 Divide StockNo {CFF00}
[26968] 2025/11/20 11:04:05.506 Add Basket MarketNo：2 StockIdx：194
[26968] 2025/11/20 11:04:05.506 Divide StockNo {CGF00}
[26968] 2025/11/20 11:04:05.506 Add Basket MarketNo：2 StockIdx：200
[26968] 2025/11/20 11:04:05.506 Divide StockNo {CHF00}
[26968] 2025/11/20 11:04:05.506 Add Basket MarketNo：2 StockIdx：206
[26968] 2025/11/20 11:04:05.506 Divide StockNo {CJF00}
[26968] 2025/11/20 11:04:05.506 Add Basket MarketNo：2 StockIdx：212
[26968] 2025/11/20 11:04:05.506 Divide StockNo {CKF00}
[26968] 2025/11/20 11:04:05.506 Add Basket MarketNo：2 StockIdx：218
[26968] 2025/11/20 11:04:05.506 Divide StockNo {CLF00}
[26968] 2025/11/20 11:04:05.506 Add Basket MarketNo：2 StockIdx：224
[26968] 2025/11/20 11:04:05.506 Divide StockNo {CMF00}
[26968] 2025/11/20 11:04:05.506 Add Basket MarketNo：2 StockIdx：230
[26968] 2025/11/20 11:04:05.506 Divide StockNo {CNF00}
[26968] 2025/11/20 11:04:05.506 Add Basket MarketNo：2 StockIdx：236
[26968] 2025/11/20 11:04:05.506 Divide StockNo {CQF00}
[26968] 2025/11/20 11:04:05.506 Add Basket MarketNo：2 StockIdx：242
[26968] 2025/11/20 11:04:05.506 Divide StockNo {CRF00}
[26968] 2025/11/20 11:04:05.506 Add Basket MarketNo：2 StockIdx：248
[26968] 2025/11/20 11:04:05.506 Divide StockNo {CSF00}
[26968] 2025/11/20 11:04:05.506 Add Basket MarketNo：2 StockIdx：254
[26968] 2025/11/20 11:04:05.506 Divide StockNo {CUF00}
[26968] 2025/11/20 11:04:05.507 Add Basket MarketNo：2 StockIdx：260
[26968] 2025/11/20 11:04:05.507 Divide StockNo {CWF00}
[26968] 2025/11/20 11:04:05.507 Add Basket MarketNo：2 StockIdx：266
[26968] 2025/11/20 11:04:05.507 Divide StockNo {CXF00}
[26968] 2025/11/20 11:04:05.507 Add Basket MarketNo：2 StockIdx：274
[26968] 2025/11/20 11:04:05.507 Divide StockNo {CYF00}
[26968] 2025/11/20 11:04:05.507 Add Basket MarketNo：2 StockIdx：280
[26968] 2025/11/20 11:04:05.507 Divide StockNo {CZF00}
[26968] 2025/11/20 11:04:05.507 Add Basket MarketNo：2 StockIdx：286
[26968] 2025/11/20 11:04:05.507 Divide StockNo {DAF00}
[26968] 2025/11/20 11:04:05.507 Add Basket MarketNo：2 StockIdx：292
[26968] 2025/11/20 11:04:05.507 Divide StockNo {DBF00}
[26968] 2025/11/20 11:04:05.507 Add Basket MarketNo：2 StockIdx：298
[26968] 2025/11/20 11:04:05.507 Divide StockNo {DCF00}
[26968] 2025/11/20 11:04:05.507 Add Basket MarketNo：2 StockIdx：304
[26968] 2025/11/20 11:04:05.507 Divide StockNo {DEF00}
[26968] 2025/11/20 11:04:05.507 Add Basket MarketNo：2 StockIdx：312
[26968] 2025/11/20 11:04:05.507 Divide StockNo {DFF00}
[26968] 2025/11/20 11:04:05.507 Add Basket MarketNo：2 StockIdx：321
[26968] 2025/11/20 11:04:05.507 Divide StockNo {DGF00}
[26968] 2025/11/20 11:04:05.507 Add Basket MarketNo：2 StockIdx：327
[26968] 2025/11/20 11:04:05.507 Divide StockNo {DHF00}
[26968] 2025/11/20 11:04:05.507 Add Basket MarketNo：2 StockIdx：333
[26968] 2025/11/20 11:04:05.507 Divide StockNo {DIF00}
[26968] 2025/11/20 11:04:05.507 Add Basket MarketNo：2 StockIdx：339
[26968] 2025/11/20 11:04:05.507 Divide StockNo {DJF00}
[26968] 2025/11/20 11:04:05.507 Add Basket MarketNo：2 StockIdx：345
[26968] 2025/11/20 11:04:05.507 Divide StockNo {DKF00}
[26968] 2025/11/20 11:04:05.507 Add Basket MarketNo：2 StockIdx：351
[26968] 2025/11/20 11:04:05.507 Divide StockNo {DLF00}
[26968] 2025/11/20 11:04:05.507 Add Basket MarketNo：2 StockIdx：357
[26968] 2025/11/20 11:04:05.507 Divide StockNo {DNF00}
[26968] 2025/11/20 11:04:05.507 Add Basket MarketNo：2 StockIdx：363
[26968] 2025/11/20 11:04:05.507 Divide StockNo {DOF00}
[26968] 2025/11/20 11:04:05.507 Add Basket MarketNo：2 StockIdx：371
[26968] 2025/11/20 11:04:05.507 Divide StockNo {DPF00}
[26968] 2025/11/20 11:04:05.507 Add Basket MarketNo：2 StockIdx：377
[26968] 2025/11/20 11:04:05.507 Divide StockNo {DQF00}
[26968] 2025/11/20 11:04:05.507 Add Basket MarketNo：2 StockIdx：383
[26968] 2025/11/20 11:04:05.507 Divide StockNo {DSF00}
[26968] 2025/11/20 11:04:05.507 Add Basket MarketNo：2 StockIdx：389
[26968] 2025/11/20 11:04:05.507 Divide StockNo {DVF00}
[26968] 2025/11/20 11:04:05.507 Add Basket MarketNo：2 StockIdx：395
[26968] 2025/11/20 11:04:05.507 Divide StockNo {DWF00}
[26968] 2025/11/20 11:04:05.507 Add Basket MarketNo：2 StockIdx：401
[26968] 2025/11/20 11:04:05.507 Divide StockNo {DXF00}
[26968] 2025/11/20 11:04:05.507 Add Basket MarketNo：2 StockIdx：407
[26968] 2025/11/20 11:04:05.507 Divide StockNo {DYF00}
[26968] 2025/11/20 11:04:05.507 Add Basket MarketNo：2 StockIdx：413
[26968] 2025/11/20 11:04:05.507 Divide StockNo {DZF00}
[26968] 2025/11/20 11:04:05.507 Add Basket MarketNo：2 StockIdx：419
[26968] 2025/11/20 11:04:05.507 Divide StockNo {EEF00}
[26968] 2025/11/20 11:04:05.507 Add Basket MarketNo：2 StockIdx：425
[26968] 2025/11/20 11:04:05.507 Divide StockNo {EGF00}
[26968] 2025/11/20 11:04:05.507 Add Basket MarketNo：2 StockIdx：431
[26968] 2025/11/20 11:04:05.507 Divide StockNo {EHF00}
[26968] 2025/11/20 11:04:05.507 Add Basket MarketNo：2 StockIdx：437
[26968] 2025/11/20 11:04:05.507 Divide StockNo {EKF00}
[26968] 2025/11/20 11:04:05.507 Add Basket MarketNo：2 StockIdx：443
[26968] 2025/11/20 11:04:05.507 Divide StockNo {EMF00}
[26968] 2025/11/20 11:04:05.507 Add Basket MarketNo：2 StockIdx：449
[26968] 2025/11/20 11:04:05.508 Divide StockNo {EPF00}
[26968] 2025/11/20 11:04:05.508 Add Basket MarketNo：2 StockIdx：455
[26968] 2025/11/20 11:04:05.508 Divide StockNo {EYF00}
[26968] 2025/11/20 11:04:05.508 Add Basket MarketNo：2 StockIdx：461
[26968] 2025/11/20 11:04:05.508 Divide StockNo {EZF00}
[26968] 2025/11/20 11:04:05.508 Add Basket MarketNo：2 StockIdx：467
[26968] 2025/11/20 11:04:05.508 Divide StockNo {FBF00}
[26968] 2025/11/20 11:04:05.508 Add Basket MarketNo：2 StockIdx：473
[26968] 2025/11/20 11:04:05.508 Divide StockNo {FCF00}
[26968] 2025/11/20 11:04:05.508 Add Basket MarketNo：2 StockIdx：479
[26968] 2025/11/20 11:04:05.508 Divide StockNo {FEF00}
[26968] 2025/11/20 11:04:05.508 Add Basket MarketNo：2 StockIdx：483
[26968] 2025/11/20 11:04:05.508 Divide StockNo {FFF00}
[26968] 2025/11/20 11:04:05.508 Add Basket MarketNo：2 StockIdx：491
[26968] 2025/11/20 11:04:05.508 Divide StockNo {FGF00}
[26968] 2025/11/20 11:04:05.508 Add Basket MarketNo：2 StockIdx：497
[26968] 2025/11/20 11:04:05.508 Divide StockNo {FKF00}
[26968] 2025/11/20 11:04:05.508 Add Basket MarketNo：2 StockIdx：503
[26968] 2025/11/20 11:04:05.508 Divide StockNo {FNF00}
[26968] 2025/11/20 11:04:05.508 Add Basket MarketNo：2 StockIdx：509
[26968] 2025/11/20 11:04:05.508 Divide StockNo {FQF00}
[26968] 2025/11/20 11:04:05.508 Add Basket MarketNo：2 StockIdx：515
[26968] 2025/11/20 11:04:05.508 Divide StockNo {FRF00}
[26968] 2025/11/20 11:04:05.508 Add Basket MarketNo：2 StockIdx：521
[26968] 2025/11/20 11:04:05.508 Divide StockNo {FSF00}
[26968] 2025/11/20 11:04:05.508 Add Basket MarketNo：2 StockIdx：527
[26968] 2025/11/20 11:04:05.508 Divide StockNo {FTF00}
[26968] 2025/11/20 11:04:05.508 Add Basket MarketNo：2 StockIdx：533
[26968] 2025/11/20 11:04:05.508 Divide StockNo {FVF00}
[26968] 2025/11/20 11:04:05.508 Add Basket MarketNo：2 StockIdx：539
[26968] 2025/11/20 11:04:05.508 Divide StockNo {FWF00}
[26968] 2025/11/20 11:04:05.508 Add Basket MarketNo：2 StockIdx：545
[26968] 2025/11/20 11:04:05.508 Divide StockNo {FYF00}
[26968] 2025/11/20 11:04:05.508 Add Basket MarketNo：2 StockIdx：551
[26968] 2025/11/20 11:04:05.508 Divide StockNo {FZF00}
[26968] 2025/11/20 11:04:05.508 Add Basket MarketNo：2 StockIdx：557
[26968] 2025/11/20 11:04:05.508 Divide StockNo {GAF00}
[26968] 2025/11/20 11:04:05.508 Add Basket MarketNo：2 StockIdx：563
[26968] 2025/11/20 11:04:05.508 Divide StockNo {GCF00}
[26968] 2025/11/20 11:04:05.508 Add Basket MarketNo：2 StockIdx：569
[26968] 2025/11/20 11:04:05.508 Divide StockNo {GHF00}
[26968] 2025/11/20 11:04:05.508 Add Basket MarketNo：2 StockIdx：575
[26968] 2025/11/20 11:04:05.508 Divide StockNo {GIF00}
[26968] 2025/11/20 11:04:05.508 Add Basket MarketNo：2 StockIdx：581
[26968] 2025/11/20 11:04:05.508 Divide StockNo {GJF00}
[26968] 2025/11/20 11:04:05.508 Add Basket MarketNo：2 StockIdx：587
[26968] 2025/11/20 11:04:05.508 Divide StockNo {GKF00}
[26968] 2025/11/20 11:04:05.508 Add Basket MarketNo：2 StockIdx：593
[26968] 2025/11/20 11:04:05.508 Divide StockNo {GLF00}
[26968] 2025/11/20 11:04:05.508 Add Basket MarketNo：2 StockIdx：599
[26968] 2025/11/20 11:04:05.508 Divide StockNo {GMF00}
[26968] 2025/11/20 11:04:05.508 Add Basket MarketNo：2 StockIdx：605
[26968] 2025/11/20 11:04:05.508 Divide StockNo {GNF00}
[26968] 2025/11/20 11:04:05.508 Add Basket MarketNo：2 StockIdx：611
[26968] 2025/11/20 11:04:05.508 Divide StockNo {GOF00}
[26968] 2025/11/20 11:04:05.508 Add Basket MarketNo：2 StockIdx：617
[26968] 2025/11/20 11:04:05.508 Divide StockNo {GRF00}
[26968] 2025/11/20 11:04:05.508 Add Basket MarketNo：2 StockIdx：623
[26968] 2025/11/20 11:04:05.508 Divide StockNo {GUF00}
[26968] 2025/11/20 11:04:05.508 Add Basket MarketNo：2 StockIdx：629
[26968] 2025/11/20 11:04:05.508 Divide StockNo {GVF00}
[26968] 2025/11/20 11:04:05.508 Add Basket MarketNo：2 StockIdx：635
[26968] 2025/11/20 11:04:05.508 Divide StockNo {GWF00}
[26968] 2025/11/20 11:04:05.508 Add Basket MarketNo：2 StockIdx：641
[26968] 2025/11/20 11:04:05.508 Divide StockNo {GXF00}
[26968] 2025/11/20 11:04:05.508 Add Basket MarketNo：2 StockIdx：647
[26968] 2025/11/20 11:04:05.508 Divide StockNo {GYF00}
[26968] 2025/11/20 11:04:05.509 Add Basket MarketNo：2 StockIdx：653
[26968] 2025/11/20 11:04:05.509 Divide StockNo {GZF00}
[26968] 2025/11/20 11:04:05.509 Add Basket MarketNo：2 StockIdx：659
[26968] 2025/11/20 11:04:05.509 Divide StockNo {HAF00}
[26968] 2025/11/20 11:04:05.509 Add Basket MarketNo：2 StockIdx：665
[26968] 2025/11/20 11:04:05.509 Divide StockNo {HBF00}
[26968] 2025/11/20 11:04:05.509 Add Basket MarketNo：2 StockIdx：675
[26968] 2025/11/20 11:04:05.509 Divide StockNo {HCF00}
[26968] 2025/11/20 11:04:05.509 Add Basket MarketNo：2 StockIdx：681
[26968] 2025/11/20 11:04:05.509 Divide StockNo {HHF00}
[26968] 2025/11/20 11:04:05.509 Add Basket MarketNo：2 StockIdx：687
[26968] 2025/11/20 11:04:05.509 Divide StockNo {HIF00}
[26968] 2025/11/20 11:04:05.509 Add Basket MarketNo：2 StockIdx：697
[26968] 2025/11/20 11:04:05.509 Divide StockNo {HLF00}
[26968] 2025/11/20 11:04:05.509 Add Basket MarketNo：2 StockIdx：703
[26968] 2025/11/20 11:04:05.509 Divide StockNo {HOF00}
[26968] 2025/11/20 11:04:05.509 Add Basket MarketNo：2 StockIdx：713
[26968] 2025/11/20 11:04:05.509 Divide StockNo {HQF00}
[26968] 2025/11/20 11:04:05.509 Add Basket MarketNo：2 StockIdx：719
[26968] 2025/11/20 11:04:05.509 Divide StockNo {HSF00}
[26968] 2025/11/20 11:04:05.509 Add Basket MarketNo：2 StockIdx：725
[26968] 2025/11/20 11:04:05.509 Divide StockNo {IAF00}
[26968] 2025/11/20 11:04:05.509 Add Basket MarketNo：2 StockIdx：731
[26968] 2025/11/20 11:04:05.509 Divide StockNo {IHF00}
[26968] 2025/11/20 11:04:05.509 Add Basket MarketNo：2 StockIdx：740
[26968] 2025/11/20 11:04:05.509 Divide StockNo {IIF00}
[26968] 2025/11/20 11:04:05.509 Add Basket MarketNo：2 StockIdx：746
[26968] 2025/11/20 11:04:05.509 Divide StockNo {IJF00}
[26968] 2025/11/20 11:04:05.509 Add Basket MarketNo：2 StockIdx：752
[26968] 2025/11/20 11:04:05.509 Divide StockNo {IMF00}
[26968] 2025/11/20 11:04:05.509 Add Basket MarketNo：2 StockIdx：758
[26968] 2025/11/20 11:04:05.509 Divide StockNo {IOF00}
[26968] 2025/11/20 11:04:05.509 Add Basket MarketNo：2 StockIdx：764
[26968] 2025/11/20 11:04:05.509 Divide StockNo {IPF00}
[26968] 2025/11/20 11:04:05.509 Add Basket MarketNo：2 StockIdx：770
[26968] 2025/11/20 11:04:05.509 Divide StockNo {IQF00}
[26968] 2025/11/20 11:04:05.509 Add Basket MarketNo：2 StockIdx：776
[26968] 2025/11/20 11:04:05.509 Divide StockNo {IRF00}
[26968] 2025/11/20 11:04:05.509 Add Basket MarketNo：2 StockIdx：782
[26968] 2025/11/20 11:04:05.509 Divide StockNo {ITF00}
[26968] 2025/11/20 11:04:05.509 Add Basket MarketNo：2 StockIdx：792
[26968] 2025/11/20 11:04:05.509 Divide StockNo {IXF00}
[26968] 2025/11/20 11:04:05.509 Add Basket MarketNo：2 StockIdx：798
[26968] 2025/11/20 11:04:05.509 Divide StockNo {IYF00}
[26968] 2025/11/20 11:04:05.509 Add Basket MarketNo：2 StockIdx：804
[26968] 2025/11/20 11:04:05.509 Divide StockNo {IZF00}
[26968] 2025/11/20 11:04:05.509 Add Basket MarketNo：2 StockIdx：810
[26968] 2025/11/20 11:04:05.509 Divide StockNo {JBF00}
[26968] 2025/11/20 11:04:05.509 Add Basket MarketNo：2 StockIdx：816
[26968] 2025/11/20 11:04:05.509 Divide StockNo {JFF00}
[26968] 2025/11/20 11:04:05.509 Add Basket MarketNo：2 StockIdx：822
[26968] 2025/11/20 11:04:05.509 Divide StockNo {JMF00}
[26968] 2025/11/20 11:04:05.509 Add Basket MarketNo：2 StockIdx：828
[26968] 2025/11/20 11:04:05.509 Divide StockNo {JNF00}
[26968] 2025/11/20 11:04:05.509 Add Basket MarketNo：2 StockIdx：834
[26968] 2025/11/20 11:04:05.509 Divide StockNo {JPF00}
[26968] 2025/11/20 11:04:05.509 Add Basket MarketNo：2 StockIdx：840
[26968] 2025/11/20 11:04:05.509 Divide StockNo {JSF00}
[26968] 2025/11/20 11:04:05.509 Add Basket MarketNo：2 StockIdx：846
[26968] 2025/11/20 11:04:05.509 Divide StockNo {JWF00}
[26968] 2025/11/20 11:04:05.509 Add Basket MarketNo：2 StockIdx：852
[26968] 2025/11/20 11:04:05.509 Divide StockNo {JXF00}
[26968] 2025/11/20 11:04:05.509 Add Basket MarketNo：2 StockIdx：858
[26968] 2025/11/20 11:04:05.509 Divide StockNo {JZF00}
[26968] 2025/11/20 11:04:05.510 Add Basket MarketNo：2 StockIdx：864
[26968] 2025/11/20 11:04:05.510 Divide StockNo {KAF00}
[26968] 2025/11/20 11:04:05.510 Add Basket MarketNo：2 StockIdx：870
[26968] 2025/11/20 11:04:05.510 Divide StockNo {KBF00}
[26968] 2025/11/20 11:04:05.510 Add Basket MarketNo：2 StockIdx：876
[26968] 2025/11/20 11:04:05.510 Divide StockNo {KCF00}
[26968] 2025/11/20 11:04:05.510 Add Basket MarketNo：2 StockIdx：882
[26968] 2025/11/20 11:04:05.510 Divide StockNo {KDF00}
[26968] 2025/11/20 11:04:05.510 Add Basket MarketNo：2 StockIdx：888
[26968] 2025/11/20 11:04:05.510 Divide StockNo {KEF00}
[26968] 2025/11/20 11:04:05.510 Add Basket MarketNo：2 StockIdx：894
[26968] 2025/11/20 11:04:05.510 Divide StockNo {KFF00}
[26968] 2025/11/20 11:04:05.510 Add Basket MarketNo：2 StockIdx：900
[26968] 2025/11/20 11:04:05.510 Divide StockNo {KGF00}
[26968] 2025/11/20 11:04:05.510 Add Basket MarketNo：2 StockIdx：906
[26968] 2025/11/20 11:04:05.510 Divide StockNo {KIF00}
[26968] 2025/11/20 11:04:05.510 Add Basket MarketNo：2 StockIdx：912
[26968] 2025/11/20 11:04:05.510 Divide StockNo {KKF00}
[26968] 2025/11/20 11:04:05.510 Add Basket MarketNo：2 StockIdx：918
[26968] 2025/11/20 11:04:05.510 Divide StockNo {KLF00}
[26968] 2025/11/20 11:04:05.510 Add Basket MarketNo：2 StockIdx：924
[26968] 2025/11/20 11:04:05.510 Divide StockNo {KOF00}
[26968] 2025/11/20 11:04:05.510 Add Basket MarketNo：2 StockIdx：930
[26968] 2025/11/20 11:04:05.510 Divide StockNo {KPF00}
[26968] 2025/11/20 11:04:05.510 Add Basket MarketNo：2 StockIdx：936
[26968] 2025/11/20 11:04:05.510 Divide StockNo {KSF00}
[26968] 2025/11/20 11:04:05.510 Add Basket MarketNo：2 StockIdx：942
[26968] 2025/11/20 11:04:05.510 Divide StockNo {KUF00}
[26968] 2025/11/20 11:04:05.510 Add Basket MarketNo：2 StockIdx：948
[26968] 2025/11/20 11:04:05.510 Divide StockNo {KWF00}
[26968] 2025/11/20 11:04:05.510 Add Basket MarketNo：2 StockIdx：954
[26968] 2025/11/20 11:04:05.510 Divide StockNo {LBF00}
[26968] 2025/11/20 11:04:05.510 Add Basket MarketNo：2 StockIdx：960
[26968] 2025/11/20 11:04:05.510 Divide StockNo {LCF00}
[26968] 2025/11/20 11:04:05.510 Add Basket MarketNo：2 StockIdx：966
[26968] 2025/11/20 11:04:05.510 Divide StockNo {LEF00}
[26968] 2025/11/20 11:04:05.510 Add Basket MarketNo：2 StockIdx：972
[26968] 2025/11/20 11:04:05.510 Divide StockNo {LIF00}
[26968] 2025/11/20 11:04:05.510 Add Basket MarketNo：2 StockIdx：978
[26968] 2025/11/20 11:04:05.510 Divide StockNo {LMF00}
[26968] 2025/11/20 11:04:05.510 Add Basket MarketNo：2 StockIdx：984
[26968] 2025/11/20 11:04:05.510 Divide StockNo {LOF00}
[26968] 2025/11/20 11:04:05.510 Add Basket MarketNo：2 StockIdx：990
[26968] 2025/11/20 11:04:05.510 Divide StockNo {LQF00}
[26968] 2025/11/20 11:04:05.510 Add Basket MarketNo：2 StockIdx：996
[26968] 2025/11/20 11:04:05.510 Divide StockNo {LRF00}
[26968] 2025/11/20 11:04:05.510 Add Basket MarketNo：2 StockIdx：1002
[26968] 2025/11/20 11:04:05.510 Divide StockNo {LTF00}
[26968] 2025/11/20 11:04:05.510 Add Basket MarketNo：2 StockIdx：1011
[26968] 2025/11/20 11:04:05.510 Divide StockNo {LUF00}
[26968] 2025/11/20 11:04:05.510 Add Basket MarketNo：2 StockIdx：1017
[26968] 2025/11/20 11:04:05.510 Divide StockNo {LVF00}
[26968] 2025/11/20 11:04:05.510 Add Basket MarketNo：2 StockIdx：1023
[26968] 2025/11/20 11:04:05.510 Divide StockNo {LWF00}
[26968] 2025/11/20 11:04:05.510 Add Basket MarketNo：2 StockIdx：1032
[26968] 2025/11/20 11:04:05.510 Divide StockNo {LXF00}
[26968] 2025/11/20 11:04:05.510 Add Basket MarketNo：2 StockIdx：1038
[26968] 2025/11/20 11:04:05.510 Divide StockNo {LYF00}
[26968] 2025/11/20 11:04:05.510 Add Basket MarketNo：2 StockIdx：1045
[26968] 2025/11/20 11:04:05.510 Divide StockNo {MAF00}
[26968] 2025/11/20 11:04:05.510 Add Basket MarketNo：2 StockIdx：1051
[26968] 2025/11/20 11:04:05.510 Divide StockNo {MBF00}
[26968] 2025/11/20 11:04:05.510 Add Basket MarketNo：2 StockIdx：1054
[26968] 2025/11/20 11:04:05.510 Divide StockNo {MJF00}
[26968] 2025/11/20 11:04:05.510 Add Basket MarketNo：2 StockIdx：1060
[26968] 2025/11/20 11:04:05.510 Divide StockNo {MKF00}
[26968] 2025/11/20 11:04:05.510 Add Basket MarketNo：2 StockIdx：1066
[26968] 2025/11/20 11:04:05.510 Divide StockNo {MQF00}
[26968] 2025/11/20 11:04:05.510 Add Basket MarketNo：2 StockIdx：1072
[26968] 2025/11/20 11:04:05.511 Divide StockNo {MVF00}
[26968] 2025/11/20 11:04:05.511 Add Basket MarketNo：2 StockIdx：1078
[26968] 2025/11/20 11:04:05.511 Divide StockNo {MYF00}
[26968] 2025/11/20 11:04:05.511 Add Basket MarketNo：2 StockIdx：1084
[26968] 2025/11/20 11:04:05.511 Divide StockNo {NAF00}
[26968] 2025/11/20 11:04:05.511 Add Basket MarketNo：2 StockIdx：1090
[26968] 2025/11/20 11:04:05.511 Divide StockNo {NBF00}
[26968] 2025/11/20 11:04:05.511 Add Basket MarketNo：2 StockIdx：1096
[26968] 2025/11/20 11:04:05.511 Divide StockNo {NDF00}
[26968] 2025/11/20 11:04:05.511 Add Basket MarketNo：2 StockIdx：1102
[26968] 2025/11/20 11:04:05.511 Divide StockNo {NEF00}
[26968] 2025/11/20 11:04:05.511 Add Basket MarketNo：2 StockIdx：1108
[26968] 2025/11/20 11:04:05.511 Divide StockNo {NGF00}
[26968] 2025/11/20 11:04:05.511 Add Basket MarketNo：2 StockIdx：1114
[26968] 2025/11/20 11:04:05.511 Divide StockNo {NIF00}
[26968] 2025/11/20 11:04:05.511 Add Basket MarketNo：2 StockIdx：1120
[26968] 2025/11/20 11:04:05.511 Divide StockNo {NJF00}
[26968] 2025/11/20 11:04:05.511 Add Basket MarketNo：2 StockIdx：1126
[26968] 2025/11/20 11:04:05.511 Divide StockNo {NLF00}
[26968] 2025/11/20 11:04:05.511 Add Basket MarketNo：2 StockIdx：1132
[26968] 2025/11/20 11:04:05.511 Divide StockNo {NMF00}
[26968] 2025/11/20 11:04:05.511 Add Basket MarketNo：2 StockIdx：1138
[26968] 2025/11/20 11:04:05.511 Divide StockNo {NOF00}
[26968] 2025/11/20 11:04:05.511 Add Basket MarketNo：2 StockIdx：1144
[26968] 2025/11/20 11:04:05.511 Divide StockNo {NQF00}
[26968] 2025/11/20 11:04:05.511 Add Basket MarketNo：2 StockIdx：1150
[26968] 2025/11/20 11:04:05.511 Divide StockNo {NSF00}
[26968] 2025/11/20 11:04:05.511 Add Basket MarketNo：2 StockIdx：1156
[26968] 2025/11/20 11:04:05.511 Divide StockNo {NUF00}
[26968] 2025/11/20 11:04:05.511 Add Basket MarketNo：2 StockIdx：1162
[26968] 2025/11/20 11:04:05.511 Divide StockNo {NVF00}
[26968] 2025/11/20 11:04:05.511 Add Basket MarketNo：2 StockIdx：1168
[26968] 2025/11/20 11:04:05.511 Divide StockNo {NWF00}
[26968] 2025/11/20 11:04:05.511 Add Basket MarketNo：2 StockIdx：1174
[26968] 2025/11/20 11:04:05.511 Divide StockNo {NYF00}
[26968] 2025/11/20 11:04:05.511 Add Basket MarketNo：2 StockIdx：5672
[26968] 2025/11/20 11:04:05.511 Divide StockNo {OAF00}
[26968] 2025/11/20 11:04:05.511 Add Basket MarketNo：2 StockIdx：1186
[26968] 2025/11/20 11:04:05.511 Divide StockNo {OBF00}
[26968] 2025/11/20 11:04:05.511 Add Basket MarketNo：2 StockIdx：1192
[26968] 2025/11/20 11:04:05.511 Divide StockNo {ODF00}
[26968] 2025/11/20 11:04:05.511 Add Basket MarketNo：2 StockIdx：1198
[26968] 2025/11/20 11:04:05.511 Divide StockNo {OEF00}
[26968] 2025/11/20 11:04:05.511 Add Basket MarketNo：2 StockIdx：1204
[26968] 2025/11/20 11:04:05.511 Divide StockNo {OHF00}
[26968] 2025/11/20 11:04:05.511 Add Basket MarketNo：2 StockIdx：1210
[26968] 2025/11/20 11:04:05.511 Divide StockNo {OJF00}
[26968] 2025/11/20 11:04:05.511 Add Basket MarketNo：2 StockIdx：1216
[26968] 2025/11/20 11:04:05.511 Divide StockNo {OKF00}
[26968] 2025/11/20 11:04:05.511 Add Basket MarketNo：2 StockIdx：1222
[26968] 2025/11/20 11:04:05.511 Divide StockNo {OLF00}
[26968] 2025/11/20 11:04:05.511 Add Basket MarketNo：2 StockIdx：1228
[26968] 2025/11/20 11:04:05.511 Divide StockNo {OMF00}
[26968] 2025/11/20 11:04:05.511 Add Basket MarketNo：2 StockIdx：1234
[26968] 2025/11/20 11:04:05.511 Divide StockNo {OOF00}
[26968] 2025/11/20 11:04:05.511 Add Basket MarketNo：2 StockIdx：1240
[26968] 2025/11/20 11:04:05.511 Divide StockNo {OPF00}
[26968] 2025/11/20 11:04:05.511 Add Basket MarketNo：2 StockIdx：1246
[26968] 2025/11/20 11:04:05.511 Divide StockNo {OQF00}
[26968] 2025/11/20 11:04:05.511 Add Basket MarketNo：2 StockIdx：1252
[26968] 2025/11/20 11:04:05.511 Divide StockNo {ORF00}
[26968] 2025/11/20 11:04:05.511 Add Basket MarketNo：2 StockIdx：1258
[26968] 2025/11/20 11:04:05.511 Divide StockNo {OSF00}
[26968] 2025/11/20 11:04:05.511 Add Basket MarketNo：2 StockIdx：1264
[26968] 2025/11/20 11:04:05.511 Divide StockNo {OTF00}
[26968] 2025/11/20 11:04:05.511 Add Basket MarketNo：2 StockIdx：1270
[26968] 2025/11/20 11:04:05.511 Divide StockNo {OUF00}
[26968] 2025/11/20 11:04:05.511 Add Basket MarketNo：2 StockIdx：1276
[26968] 2025/11/20 11:04:05.511 Divide StockNo {OVF00}
[26968] 2025/11/20 11:04:05.512 Add Basket MarketNo：2 StockIdx：1282
[26968] 2025/11/20 11:04:05.512 Divide StockNo {OWF00}
[26968] 2025/11/20 11:04:05.512 Add Basket MarketNo：2 StockIdx：1288
[26968] 2025/11/20 11:04:05.512 Divide StockNo {OXF00}
[26968] 2025/11/20 11:04:05.512 Add Basket MarketNo：2 StockIdx：1294
[26968] 2025/11/20 11:04:05.512 Divide StockNo {OYF00}
[26968] 2025/11/20 11:04:05.512 Add Basket MarketNo：2 StockIdx：1300
[26968] 2025/11/20 11:04:05.512 Divide StockNo {OZF00}
[26968] 2025/11/20 11:04:05.512 Add Basket MarketNo：2 StockIdx：1306
[26968] 2025/11/20 11:04:05.512 Divide StockNo {PAF00}
[26968] 2025/11/20 11:04:05.512 Add Basket MarketNo：2 StockIdx：1312
[26968] 2025/11/20 11:04:05.512 Divide StockNo {PBF00}
[26968] 2025/11/20 11:04:05.512 Add Basket MarketNo：2 StockIdx：1318
[26968] 2025/11/20 11:04:05.512 Divide StockNo {PCF00}
[26968] 2025/11/20 11:04:05.512 Add Basket MarketNo：2 StockIdx：1324
[26968] 2025/11/20 11:04:05.512 Divide StockNo {PDF00}
[26968] 2025/11/20 11:04:05.512 Add Basket MarketNo：2 StockIdx：1330
[26968] 2025/11/20 11:04:05.512 Divide StockNo {PEF00}
[26968] 2025/11/20 11:04:05.512 Add Basket MarketNo：2 StockIdx：1336
[26968] 2025/11/20 11:04:05.512 Divide StockNo {PFF00}
[26968] 2025/11/20 11:04:05.512 Add Basket MarketNo：2 StockIdx：1342
[26968] 2025/11/20 11:04:05.512 Divide StockNo {PGF00}
[26968] 2025/11/20 11:04:05.512 Add Basket MarketNo：2 StockIdx：1348
[26968] 2025/11/20 11:04:05.512 Divide StockNo {PHF00}
[26968] 2025/11/20 11:04:05.512 Add Basket MarketNo：2 StockIdx：1354
[26968] 2025/11/20 11:04:05.512 Divide StockNo {PIF00}
[26968] 2025/11/20 11:04:05.512 Add Basket MarketNo：2 StockIdx：1360
[26968] 2025/11/20 11:04:05.512 Divide StockNo {PJF00}
[26968] 2025/11/20 11:04:05.512 Add Basket MarketNo：2 StockIdx：1366
[26968] 2025/11/20 11:04:05.512 Divide StockNo {PKF00}
[26968] 2025/11/20 11:04:05.512 Add Basket MarketNo：2 StockIdx：1372
[26968] 2025/11/20 11:04:05.512 Divide StockNo {PLF00}
[26968] 2025/11/20 11:04:05.512 Add Basket MarketNo：2 StockIdx：1378
[26968] 2025/11/20 11:04:05.512 Divide StockNo {PMF00}
[26968] 2025/11/20 11:04:05.512 Add Basket MarketNo：2 StockIdx：1384
[26968] 2025/11/20 11:04:05.512 Divide StockNo {PNF00}
[26968] 2025/11/20 11:04:05.512 Add Basket MarketNo：2 StockIdx：1390
[26968] 2025/11/20 11:04:05.512 Divide StockNo {PPF00}
[26968] 2025/11/20 11:04:05.512 Add Basket MarketNo：2 StockIdx：1396
[26968] 2025/11/20 11:04:05.512 Divide StockNo {PQF00}
[26968] 2025/11/20 11:04:05.512 Add Basket MarketNo：2 StockIdx：1402
[26968] 2025/11/20 11:04:05.512 Divide StockNo {PRF00}
[26968] 2025/11/20 11:04:05.512 Add Basket MarketNo：2 StockIdx：1408
[26968] 2025/11/20 11:04:05.512 Divide StockNo {PSF00}
[26968] 2025/11/20 11:04:05.512 Add Basket MarketNo：2 StockIdx：1414
[26968] 2025/11/20 11:04:05.512 Divide StockNo {PTF00}
[26968] 2025/11/20 11:04:05.512 Add Basket MarketNo：2 StockIdx：1422
[26968] 2025/11/20 11:04:05.512 Divide StockNo {PUF00}
[26968] 2025/11/20 11:04:05.512 Add Basket MarketNo：2 StockIdx：1428
[26968] 2025/11/20 11:04:05.512 Divide StockNo {PVF00}
[26968] 2025/11/20 11:04:05.512 Add Basket MarketNo：2 StockIdx：1434
[26968] 2025/11/20 11:04:05.512 Divide StockNo {PWF00}
[26968] 2025/11/20 11:04:05.512 Add Basket MarketNo：2 StockIdx：1440
[26968] 2025/11/20 11:04:05.512 Divide StockNo {PXF00}
[26968] 2025/11/20 11:04:05.512 Add Basket MarketNo：2 StockIdx：1446
[26968] 2025/11/20 11:04:05.512 Divide StockNo {PYF00}
[26968] 2025/11/20 11:04:05.512 Add Basket MarketNo：2 StockIdx：1452
[26968] 2025/11/20 11:04:05.512 Divide StockNo {PZF00}
[26968] 2025/11/20 11:04:05.512 Add Basket MarketNo：2 StockIdx：1458
[26968] 2025/11/20 11:04:05.512 Divide StockNo {QAF00}
[26968] 2025/11/20 11:04:05.512 Add Basket MarketNo：2 StockIdx：1464
[26968] 2025/11/20 11:04:05.512 Divide StockNo {QBF00}
[26968] 2025/11/20 11:04:05.512 Add Basket MarketNo：2 StockIdx：1470
[26968] 2025/11/20 11:04:05.512 Divide StockNo {QCF00}
[26968] 2025/11/20 11:04:05.512 Add Basket MarketNo：2 StockIdx：1476
[26968] 2025/11/20 11:04:05.513 Divide StockNo {QDF00}
[26968] 2025/11/20 11:04:05.513 Add Basket MarketNo：2 StockIdx：1482
[26968] 2025/11/20 11:04:05.513 Divide StockNo {QEF00}
[26968] 2025/11/20 11:04:05.513 Add Basket MarketNo：2 StockIdx：1488
[26968] 2025/11/20 11:04:05.513 Divide StockNo {QFF00}
[26968] 2025/11/20 11:04:05.513 Add Basket MarketNo：2 StockIdx：5678
[26968] 2025/11/20 11:04:05.513 Divide StockNo {QGF00}
[26968] 2025/11/20 11:04:05.513 Add Basket MarketNo：2 StockIdx：1502
[26968] 2025/11/20 11:04:05.513 Divide StockNo {QHF00}
[26968] 2025/11/20 11:04:05.513 Add Basket MarketNo：2 StockIdx：1508
[26968] 2025/11/20 11:04:05.513 Divide StockNo {QIF00}
[26968] 2025/11/20 11:04:05.513 Add Basket MarketNo：2 StockIdx：1514
[26968] 2025/11/20 11:04:05.513 Divide StockNo {QJF00}
[26968] 2025/11/20 11:04:05.513 Add Basket MarketNo：2 StockIdx：1518
[26968] 2025/11/20 11:04:05.513 Divide StockNo {QKF00}
[26968] 2025/11/20 11:04:05.513 Add Basket MarketNo：2 StockIdx：1524
[26968] 2025/11/20 11:04:05.513 Divide StockNo {QLF00}
[26968] 2025/11/20 11:04:05.513 Add Basket MarketNo：2 StockIdx：1530
[26968] 2025/11/20 11:04:05.513 Divide StockNo {QMF00}
[26968] 2025/11/20 11:04:05.513 Add Basket MarketNo：2 StockIdx：1536
[26968] 2025/11/20 11:04:05.513 Divide StockNo {QNF00}
[26968] 2025/11/20 11:04:05.513 Add Basket MarketNo：2 StockIdx：1542
[26968] 2025/11/20 11:04:05.513 Divide StockNo {QOF00}
[26968] 2025/11/20 11:04:05.513 Add Basket MarketNo：2 StockIdx：1548
[26968] 2025/11/20 11:04:05.513 Divide StockNo {QPF00}
[26968] 2025/11/20 11:04:05.513 Add Basket MarketNo：2 StockIdx：1554
[26968] 2025/11/20 11:04:05.513 Divide StockNo {QQF00}
[26968] 2025/11/20 11:04:05.513 Add Basket MarketNo：2 StockIdx：1560
[26968] 2025/11/20 11:04:05.513 Divide StockNo {QRF00}
[26968] 2025/11/20 11:04:05.513 Add Basket MarketNo：2 StockIdx：1566
[26968] 2025/11/20 11:04:05.513 Divide StockNo {QSF00}
[26968] 2025/11/20 11:04:05.513 Add Basket MarketNo：2 StockIdx：1572
[26968] 2025/11/20 11:04:05.513 Divide StockNo {QTF00}
[26968] 2025/11/20 11:04:05.513 Add Basket MarketNo：2 StockIdx：1578
[26968] 2025/11/20 11:04:05.513 Divide StockNo {QUF00}
[26968] 2025/11/20 11:04:05.513 Add Basket MarketNo：2 StockIdx：1584
[26968] 2025/11/20 11:04:05.513 Divide StockNo {QVF00}
[26968] 2025/11/20 11:04:05.513 Add Basket MarketNo：2 StockIdx：1590
[26968] 2025/11/20 11:04:05.513 Divide StockNo {QWF00}
[26968] 2025/11/20 11:04:05.513 Add Basket MarketNo：2 StockIdx：1596
[26968] 2025/11/20 11:04:05.513 Divide StockNo {QXF00}
[26968] 2025/11/20 11:04:05.513 Add Basket MarketNo：2 StockIdx：1602
[26968] 2025/11/20 11:04:05.513 Divide StockNo {QYF00}
[26968] 2025/11/20 11:04:05.513 Add Basket MarketNo：2 StockIdx：1608
[26968] 2025/11/20 11:04:05.513 Divide StockNo {QZF00}
[26968] 2025/11/20 11:04:05.513 Add Basket MarketNo：2 StockIdx：1614
[26968] 2025/11/20 11:04:05.513 Divide StockNo {RAF00}
[26968] 2025/11/20 11:04:05.513 Add Basket MarketNo：2 StockIdx：1620
[26968] 2025/11/20 11:04:05.513 Divide StockNo {RBF00}
[26968] 2025/11/20 11:04:05.513 Add Basket MarketNo：2 StockIdx：1626
[26968] 2025/11/20 11:04:05.513 Divide StockNo {RCF00}
[26968] 2025/11/20 11:04:05.513 Add Basket MarketNo：2 StockIdx：1632
[26968] 2025/11/20 11:04:05.513 Divide StockNo {RDF00}
[26968] 2025/11/20 11:04:05.513 Add Basket MarketNo：2 StockIdx：1638
[26968] 2025/11/20 11:04:05.513 Divide StockNo {REF00}
[26968] 2025/11/20 11:04:05.513 Add Basket MarketNo：2 StockIdx：1644
[26968] 2025/11/20 11:04:05.513 Divide StockNo {RFF00}
[26968] 2025/11/20 11:04:05.513 Add Basket MarketNo：2 StockIdx：1650
[26968] 2025/11/20 11:04:05.513 Divide StockNo {RGF00}
[26968] 2025/11/20 11:04:05.513 Add Basket MarketNo：2 StockIdx：1656
[26968] 2025/11/20 11:04:05.514 Divide StockNo {RIF00}
[26968] 2025/11/20 11:04:05.514 Add Basket MarketNo：2 StockIdx：1662
[26968] 2025/11/20 11:04:05.514 Divide StockNo {RJF00}
[26968] 2025/11/20 11:04:05.514 Add Basket MarketNo：2 StockIdx：1668
[26968] 2025/11/20 11:04:05.514 Divide StockNo {RKF00}
[26968] 2025/11/20 11:04:05.514 Add Basket MarketNo：2 StockIdx：1674
[26968] 2025/11/20 11:04:05.514 Divide StockNo {RLF00}
[26968] 2025/11/20 11:04:05.514 Add Basket MarketNo：2 StockIdx：1680
[26968] 2025/11/20 11:04:05.514 Divide StockNo {RMF00}
[26968] 2025/11/20 11:04:05.514 Stock Is Not Exist 
[26968] 2025/11/20 11:04:05.514 Divide StockNo {RNF00}
[26968] 2025/11/20 11:04:05.514 Add Basket MarketNo：2 StockIdx：1686
[26968] 2025/11/20 11:04:05.514 Divide StockNo {ROF00}
[26968] 2025/11/20 11:04:05.514 Add Basket MarketNo：2 StockIdx：1692
[26968] 2025/11/20 11:04:05.514 Divide StockNo {RPF00}
[26968] 2025/11/20 11:04:05.514 Add Basket MarketNo：2 StockIdx：1698
[26968] 2025/11/20 11:04:05.514 Divide StockNo {RQF00}
[26968] 2025/11/20 11:04:05.514 Stock Is Not Exist 
[26968] 2025/11/20 11:04:05.514 Divide StockNo {RRF00}
[26968] 2025/11/20 11:04:05.514 Add Basket MarketNo：2 StockIdx：1706
[26968] 2025/11/20 11:04:05.514 Divide StockNo {RSF00}
[26968] 2025/11/20 11:04:05.514 Add Basket MarketNo：2 StockIdx：1712
[26968] 2025/11/20 11:04:05.514 Divide StockNo {RUF00}
[26968] 2025/11/20 11:04:05.514 Add Basket MarketNo：2 StockIdx：1718
[26968] 2025/11/20 11:04:05.514 Divide StockNo {RVF00}
[26968] 2025/11/20 11:04:05.514 Add Basket MarketNo：2 StockIdx：1724
[26968] 2025/11/20 11:04:05.514 Divide StockNo {RWF00}
[26968] 2025/11/20 11:04:05.514 Add Basket MarketNo：2 StockIdx：1730
[26968] 2025/11/20 11:04:05.514 Divide StockNo {RXF00}
[26968] 2025/11/20 11:04:05.514 Add Basket MarketNo：2 StockIdx：1736
[26968] 2025/11/20 11:04:05.514 Divide StockNo {RYF00}
[26968] 2025/11/20 11:04:05.514 Add Basket MarketNo：2 StockIdx：1742
[26968] 2025/11/20 11:04:05.514 Divide StockNo {RZF00}
[26968] 2025/11/20 11:04:05.514 Add Basket MarketNo：2 StockIdx：5684
[26968] 2025/11/20 11:04:05.514 Divide StockNo {SAF00}
[26968] 2025/11/20 11:04:05.514 Add Basket MarketNo：2 StockIdx：1754
[26968] 2025/11/20 11:04:05.514 Divide StockNo {SBF00}
[26968] 2025/11/20 11:04:05.514 Add Basket MarketNo：2 StockIdx：1760
[26968] 2025/11/20 11:04:05.514 Divide StockNo {SCF00}
[26968] 2025/11/20 11:04:05.514 Add Basket MarketNo：2 StockIdx：1766
[26968] 2025/11/20 11:04:05.514 Divide StockNo {SDF00}
[26968] 2025/11/20 11:04:05.514 Add Basket MarketNo：2 StockIdx：1772
[26968] 2025/11/20 11:04:05.514 Divide StockNo {SEF00}
[26968] 2025/11/20 11:04:05.514 Add Basket MarketNo：2 StockIdx：1778
[26968] 2025/11/20 11:04:05.514 Divide StockNo {SFF00}
[26968] 2025/11/20 11:04:05.514 Add Basket MarketNo：2 StockIdx：1784
[26968] 2025/11/20 11:04:05.514 Divide StockNo {SGF00}
[26968] 2025/11/20 11:04:05.514 Add Basket MarketNo：2 StockIdx：1790
[26968] 2025/11/20 11:04:05.514 Divide StockNo {SIF00}
[26968] 2025/11/20 11:04:05.514 Add Basket MarketNo：2 StockIdx：1796
[26968] 2025/11/20 11:04:05.514 Divide StockNo {SJF00}
[26968] 2025/11/20 11:04:05.514 Add Basket MarketNo：2 StockIdx：1802
[26968] 2025/11/20 11:04:05.514 Divide StockNo {SKF00}
[26968] 2025/11/20 11:04:05.514 Add Basket MarketNo：2 StockIdx：1808
[26968] 2025/11/20 11:04:05.514 Divide StockNo {SLF00}
[26968] 2025/11/20 11:04:05.514 Add Basket MarketNo：2 StockIdx：1814
[26968] 2025/11/20 11:04:05.514 Divide StockNo {SMF00}
[26968] 2025/11/20 11:04:05.514 Add Basket MarketNo：2 StockIdx：1820
[26968] 2025/11/20 11:04:05.514 Divide StockNo {SNF00}
[26968] 2025/11/20 11:04:05.514 Add Basket MarketNo：2 StockIdx：1826
[26968] 2025/11/20 11:04:05.514 Divide StockNo {SQF00}
[26968] 2025/11/20 11:04:05.514 Add Basket MarketNo：2 StockIdx：1832
[26968] 2025/11/20 11:04:05.514 Divide StockNo {SRF00}
[26968] 2025/11/20 11:04:05.515 Add Basket MarketNo：2 StockIdx：5690
[26968] 2025/11/20 11:04:05.515 Divide StockNo {SSF00}
[26968] 2025/11/20 11:04:05.515 Add Basket MarketNo：2 StockIdx：1846
[26968] 2025/11/20 11:04:05.515 Divide StockNo {SUF00}
[26968] 2025/11/20 11:04:05.515 Add Basket MarketNo：2 StockIdx：1852
[26968] 2025/11/20 11:04:05.515 Divide StockNo {SVF00}
[26968] 2025/11/20 11:04:05.515 Add Basket MarketNo：2 StockIdx：1858
[26968] 2025/11/20 11:04:05.515 Divide StockNo {SWF00}
[26968] 2025/11/20 11:04:05.515 Add Basket MarketNo：2 StockIdx：1864
[26968] 2025/11/20 11:04:05.515 Divide StockNo {SYF00}
[26968] 2025/11/20 11:04:05.515 Add Basket MarketNo：2 StockIdx：1870
[26968] 2025/11/20 11:04:05.515 Divide StockNo {SZF00}
[26968] 2025/11/20 11:04:05.515 Add Basket MarketNo：2 StockIdx：1876
[26968] 2025/11/20 11:04:05.515 Divide StockNo {UAF00}
[26968] 2025/11/20 11:04:05.515 Add Basket MarketNo：2 StockIdx：1882
[26968] 2025/11/20 11:04:05.515 Divide StockNo {UBF00}
[26968] 2025/11/20 11:04:05.515 Add Basket MarketNo：2 StockIdx：1888
[26968] 2025/11/20 11:04:05.515 Divide StockNo {UCF00}
[26968] 2025/11/20 11:04:05.515 Add Basket MarketNo：2 StockIdx：1894
[26968] 2025/11/20 11:04:05.515 Divide StockNo {UEF00}
[26968] 2025/11/20 11:04:05.515 Add Basket MarketNo：2 StockIdx：1900
[26968] 2025/11/20 11:04:05.515 Divide StockNo {UFF00}
[26968] 2025/11/20 11:04:05.515 Add Basket MarketNo：2 StockIdx：1906
[26968] 2025/11/20 11:04:05.515 Divide StockNo {UGF00}
[26968] 2025/11/20 11:04:05.515 Add Basket MarketNo：2 StockIdx：1912
[26968] 2025/11/20 11:04:05.515 Divide StockNo {UHF00}
[26968] 2025/11/20 11:04:05.515 Add Basket MarketNo：2 StockIdx：1918
[26968] 2025/11/20 11:04:05.515 Divide StockNo {UIF00}
[26968] 2025/11/20 11:04:05.515 Add Basket MarketNo：2 StockIdx：1924
[26968] 2025/11/20 11:04:05.515 Divide StockNo {UJF00}
[26968] 2025/11/20 11:04:05.515 Add Basket MarketNo：2 StockIdx：1930
[26968] 2025/11/20 11:04:05.515 Divide StockNo {UKF00}
[26968] 2025/11/20 11:04:05.515 Add Basket MarketNo：2 StockIdx：1936
[26968] 2025/11/20 11:04:05.515 Divide StockNo {ULF00}
[26968] 2025/11/20 11:04:05.515 Add Basket MarketNo：2 StockIdx：1942
[26968] 2025/11/20 11:04:05.515 Divide StockNo {UMF00}
[26968] 2025/11/20 11:04:05.515 Add Basket MarketNo：2 StockIdx：1948
[26968] 2025/11/20 11:04:05.515 Divide StockNo {UOF00}
[26968] 2025/11/20 11:04:05.515 Add Basket MarketNo：2 StockIdx：1954
[26968] 2025/11/20 11:04:05.515 Divide StockNo {UPF00}
[26968] 2025/11/20 11:04:05.515 Add Basket MarketNo：2 StockIdx：1960
[26968] 2025/11/20 11:04:05.515 Divide StockNo {UQF00}
[26968] 2025/11/20 11:04:05.515 Add Basket MarketNo：2 StockIdx：1966
[26968] 2025/11/20 11:04:05.515 Divide StockNo {URF00}
[26968] 2025/11/20 11:04:05.515 Add Basket MarketNo：2 StockIdx：1974
[26968] 2025/11/20 11:04:05.515 Divide StockNo {USF00}
[26968] 2025/11/20 11:04:05.515 Add Basket MarketNo：2 StockIdx：1980
[26968] 2025/11/20 11:04:05.515 Divide StockNo {UTF00}
[26968] 2025/11/20 11:04:05.515 Add Basket MarketNo：2 StockIdx：1986
[26968] 2025/11/20 11:04:05.515 Divide StockNo {UUF00}
[26968] 2025/11/20 11:04:05.515 Add Basket MarketNo：2 StockIdx：1992
[26968] 2025/11/20 11:04:05.515 Divide StockNo {UVF00}
[26968] 2025/11/20 11:04:05.515 Add Basket MarketNo：2 StockIdx：1998
[26968] 2025/11/20 11:04:05.515 Divide StockNo {UWF00}
[26968] 2025/11/20 11:04:05.515 Add Basket MarketNo：2 StockIdx：2004
[26968] 2025/11/20 11:04:05.515 Divide StockNo {0050}
[26968] 2025/11/20 11:04:05.516 Add Basket MarketNo：0 StockIdx：0
[26968] 2025/11/20 11:04:05.516 Divide StockNo {0056}
[26968] 2025/11/20 11:04:05.516 Add Basket MarketNo：0 StockIdx：4
[26968] 2025/11/20 11:04:05.516 Divide StockNo {006205}
[26968] 2025/11/20 11:04:05.516 Add Basket MarketNo：0 StockIdx：9
[26968] 2025/11/20 11:04:05.516 Divide StockNo {006206}
[26968] 2025/11/20 11:04:05.516 Add Basket MarketNo：0 StockIdx：10
[26968] 2025/11/20 11:04:05.516 Divide StockNo {00636}
[26968] 2025/11/20 11:04:05.516 Add Basket MarketNo：0 StockIdx：19
[26968] 2025/11/20 11:04:05.516 Divide StockNo {00639}
[26968] 2025/11/20 11:04:05.516 Add Basket MarketNo：0 StockIdx：23
[26968] 2025/11/20 11:04:05.516 Divide StockNo {00643}
[26968] 2025/11/20 11:04:05.516 Add Basket MarketNo：0 StockIdx：27
[26968] 2025/11/20 11:04:05.516 Divide StockNo {00679B}
[26968] 2025/11/20 11:04:05.516 Add Basket MarketNo：1 StockIdx：1
[26968] 2025/11/20 11:04:05.516 Divide StockNo {00687B}
[26968] 2025/11/20 11:04:05.516 Add Basket MarketNo：1 StockIdx：2
[26968] 2025/11/20 11:04:05.516 Divide StockNo {00719B}
[26968] 2025/11/20 11:04:05.516 Add Basket MarketNo：1 StockIdx：8
[26968] 2025/11/20 11:04:05.516 Divide StockNo {00757}
[26968] 2025/11/20 11:04:05.516 Add Basket MarketNo：0 StockIdx：97
[26968] 2025/11/20 11:04:05.516 Divide StockNo {00772B}
[26968] 2025/11/20 11:04:05.516 Add Basket MarketNo：1 StockIdx：32
[26968] 2025/11/20 11:04:05.516 Divide StockNo {00878}
[26968] 2025/11/20 11:04:05.516 Add Basket MarketNo：0 StockIdx：112
[26968] 2025/11/20 11:04:05.516 Divide StockNo {00885}
[26968] 2025/11/20 11:04:05.516 Add Basket MarketNo：0 StockIdx：115
[26968] 2025/11/20 11:04:05.516 Divide StockNo {00893}
[26968] 2025/11/20 11:04:05.516 Add Basket MarketNo：0 StockIdx：118
[26968] 2025/11/20 11:04:05.516 Divide StockNo {00919}
[26968] 2025/11/20 11:04:05.516 Add Basket MarketNo：0 StockIdx：142
[26968] 2025/11/20 11:04:05.516 Divide StockNo {00923}
[26968] 2025/11/20 11:04:05.516 Add Basket MarketNo：0 StockIdx：146
[26968] 2025/11/20 11:04:05.516 Divide StockNo {00929}
[26968] 2025/11/20 11:04:05.516 Add Basket MarketNo：0 StockIdx：150
[26968] 2025/11/20 11:04:05.516 Divide StockNo {00937B}
[26968] 2025/11/20 11:04:05.516 Add Basket MarketNo：1 StockIdx：82
[26968] 2025/11/20 11:04:05.516 Divide StockNo {00940}
[26968] 2025/11/20 11:04:05.516 Add Basket MarketNo：0 StockIdx：158
[26968] 2025/11/20 11:04:05.516 Divide StockNo {1101}
[26968] 2025/11/20 11:04:05.517 Add Basket MarketNo：0 StockIdx：33628
[26968] 2025/11/20 11:04:05.517 Divide StockNo {1102}
[26968] 2025/11/20 11:04:05.517 Add Basket MarketNo：0 StockIdx：33630
[26968] 2025/11/20 11:04:05.517 Divide StockNo {1210}
[26968] 2025/11/20 11:04:05.517 Add Basket MarketNo：0 StockIdx：33638
[26968] 2025/11/20 11:04:05.517 Divide StockNo {1216}
[26968] 2025/11/20 11:04:05.517 Add Basket MarketNo：0 StockIdx：33641
[26968] 2025/11/20 11:04:05.517 Divide StockNo {1301}
[26968] 2025/11/20 11:04:05.517 Add Basket MarketNo：0 StockIdx：33656
[26968] 2025/11/20 11:04:05.517 Divide StockNo {1303}
[26968] 2025/11/20 11:04:05.517 Add Basket MarketNo：0 StockIdx：33657
[26968] 2025/11/20 11:04:05.517 Divide StockNo {1312}
[26968] 2025/11/20 11:04:05.517 Add Basket MarketNo：0 StockIdx：33664
[26968] 2025/11/20 11:04:05.517 Divide StockNo {1314}
[26968] 2025/11/20 11:04:05.517 Add Basket MarketNo：0 StockIdx：33667
[26968] 2025/11/20 11:04:05.517 Divide StockNo {1319}
[26968] 2025/11/20 11:04:05.517 Add Basket MarketNo：0 StockIdx：33670
[26968] 2025/11/20 11:04:05.517 Divide StockNo {1326}
[26968] 2025/11/20 11:04:05.517 Add Basket MarketNo：0 StockIdx：33675
[26968] 2025/11/20 11:04:05.517 Divide StockNo {1402}
[26968] 2025/11/20 11:04:05.517 Add Basket MarketNo：0 StockIdx：33682
[26968] 2025/11/20 11:04:05.517 Divide StockNo {1440}
[26968] 2025/11/20 11:04:05.517 Add Basket MarketNo：0 StockIdx：33699
[26968] 2025/11/20 11:04:05.517 Divide StockNo {1476}
[26968] 2025/11/20 11:04:05.517 Add Basket MarketNo：0 StockIdx：33729
[26968] 2025/11/20 11:04:05.517 Divide StockNo {1477}
[26968] 2025/11/20 11:04:05.517 Add Basket MarketNo：0 StockIdx：33730
[26968] 2025/11/20 11:04:05.517 Divide StockNo {1503}
[26968] 2025/11/20 11:04:05.517 Add Basket MarketNo：0 StockIdx：33731
[26968] 2025/11/20 11:04:05.517 Divide StockNo {1504}
[26968] 2025/11/20 11:04:05.517 Add Basket MarketNo：0 StockIdx：33732
[26968] 2025/11/20 11:04:05.517 Divide StockNo {1513}
[26968] 2025/11/20 11:04:05.517 Add Basket MarketNo：0 StockIdx：33735
[26968] 2025/11/20 11:04:05.517 Divide StockNo {1536}
[26968] 2025/11/20 11:04:05.517 Add Basket MarketNo：0 StockIdx：33755
[26968] 2025/11/20 11:04:05.517 Divide StockNo {1565}
[26968] 2025/11/20 11:04:05.517 Add Basket MarketNo：1 StockIdx：140
[26968] 2025/11/20 11:04:05.517 Divide StockNo {1590}
[26968] 2025/11/20 11:04:05.517 Add Basket MarketNo：0 StockIdx：33769
[26968] 2025/11/20 11:04:05.517 Divide StockNo {1605}
[26968] 2025/11/20 11:04:05.517 Add Basket MarketNo：0 StockIdx：33774
[26968] 2025/11/20 11:04:05.517 Divide StockNo {1609}
[26968] 2025/11/20 11:04:05.517 Add Basket MarketNo：0 StockIdx：33776
[26968] 2025/11/20 11:04:05.517 Divide StockNo {1707}
[26968] 2025/11/20 11:04:05.517 Add Basket MarketNo：0 StockIdx：33786
[26968] 2025/11/20 11:04:05.517 Divide StockNo {1717}
[26968] 2025/11/20 11:04:05.517 Add Basket MarketNo：0 StockIdx：33794
[26968] 2025/11/20 11:04:05.517 Divide StockNo {1718}
[26968] 2025/11/20 11:04:05.517 Add Basket MarketNo：0 StockIdx：33795
[26968] 2025/11/20 11:04:05.517 Divide StockNo {1722}
[26968] 2025/11/20 11:04:05.517 Add Basket MarketNo：0 StockIdx：33798
[26968] 2025/11/20 11:04:05.517 Divide StockNo {1795}
[26968] 2025/11/20 11:04:05.518 Add Basket MarketNo：0 StockIdx：33819
[26968] 2025/11/20 11:04:05.518 Divide StockNo {1802}
[26968] 2025/11/20 11:04:05.518 Add Basket MarketNo：0 StockIdx：33820
[26968] 2025/11/20 11:04:05.518 Divide StockNo {1904}
[26968] 2025/11/20 11:04:05.518 Add Basket MarketNo：0 StockIdx：33827
[26968] 2025/11/20 11:04:05.518 Divide StockNo {1905}
[26968] 2025/11/20 11:04:05.518 Add Basket MarketNo：0 StockIdx：33828
[26968] 2025/11/20 11:04:05.518 Divide StockNo {1907}
[26968] 2025/11/20 11:04:05.518 Add Basket MarketNo：0 StockIdx：33830
[26968] 2025/11/20 11:04:05.518 Divide StockNo {1909}
[26968] 2025/11/20 11:04:05.518 Add Basket MarketNo：0 StockIdx：33831
[26968] 2025/11/20 11:04:05.518 Divide StockNo {2002}
[26968] 2025/11/20 11:04:05.518 Add Basket MarketNo：0 StockIdx：33832
[26968] 2025/11/20 11:04:05.518 Divide StockNo {2006}
[26968] 2025/11/20 11:04:05.518 Add Basket MarketNo：0 StockIdx：33834
[26968] 2025/11/20 11:04:05.518 Divide StockNo {2014}
[26968] 2025/11/20 11:04:05.518 Add Basket MarketNo：0 StockIdx：33841
[26968] 2025/11/20 11:04:05.518 Divide StockNo {2027}
[26968] 2025/11/20 11:04:05.518 Add Basket MarketNo：0 StockIdx：33849
[26968] 2025/11/20 11:04:05.518 Divide StockNo {2049}
[26968] 2025/11/20 11:04:05.518 Add Basket MarketNo：0 StockIdx：33858
[26968] 2025/11/20 11:04:05.518 Divide StockNo {2059}
[26968] 2025/11/20 11:04:05.518 Add Basket MarketNo：0 StockIdx：33859
[26968] 2025/11/20 11:04:05.518 Divide StockNo {2105}
[26968] 2025/11/20 11:04:05.518 Add Basket MarketNo：0 StockIdx：33866
[26968] 2025/11/20 11:04:05.518 Divide StockNo {2201}
[26968] 2025/11/20 11:04:05.518 Add Basket MarketNo：0 StockIdx：33873
[26968] 2025/11/20 11:04:05.518 Divide StockNo {2231}
[26968] 2025/11/20 11:04:05.518 Add Basket MarketNo：0 StockIdx：33881
[26968] 2025/11/20 11:04:05.518 Divide StockNo {2301}
[26968] 2025/11/20 11:04:05.518 Add Basket MarketNo：0 StockIdx：33892
[26968] 2025/11/20 11:04:05.518 Divide StockNo {2303}
[26968] 2025/11/20 11:04:05.518 Add Basket MarketNo：0 StockIdx：33894
[26968] 2025/11/20 11:04:05.518 Divide StockNo {2308}
[26968] 2025/11/20 11:04:05.518 Add Basket MarketNo：0 StockIdx：33896
[26968] 2025/11/20 11:04:05.518 Divide StockNo {2312}
[26968] 2025/11/20 11:04:05.518 Add Basket MarketNo：0 StockIdx：33897
[26968] 2025/11/20 11:04:05.518 Divide StockNo {2313}
[26968] 2025/11/20 11:04:05.518 Add Basket MarketNo：0 StockIdx：33898
[26968] 2025/11/20 11:04:05.518 Divide StockNo {2317}
[26968] 2025/11/20 11:04:05.518 Add Basket MarketNo：0 StockIdx：33901
[26968] 2025/11/20 11:04:05.518 Divide StockNo {2323}
[26968] 2025/11/20 11:04:05.518 Add Basket MarketNo：0 StockIdx：33903
[26968] 2025/11/20 11:04:05.518 Divide StockNo {2324}
[26968] 2025/11/20 11:04:05.518 Add Basket MarketNo：0 StockIdx：33904
[26968] 2025/11/20 11:04:05.518 Divide StockNo {2327}
[26968] 2025/11/20 11:04:05.518 Add Basket MarketNo：0 StockIdx：33905
[26968] 2025/11/20 11:04:05.518 Divide StockNo {2328}
[26968] 2025/11/20 11:04:05.518 Add Basket MarketNo：0 StockIdx：33906
[26968] 2025/11/20 11:04:05.518 Divide StockNo {2330}
[26968] 2025/11/20 11:04:05.518 Add Basket MarketNo：0 StockIdx：33908
[26968] 2025/11/20 11:04:05.518 Divide StockNo {2331}
[26968] 2025/11/20 11:04:05.518 Add Basket MarketNo：0 StockIdx：33909
[26968] 2025/11/20 11:04:05.518 Divide StockNo {2332}
[26968] 2025/11/20 11:04:05.518 Add Basket MarketNo：0 StockIdx：33910
[26968] 2025/11/20 11:04:05.519 Divide StockNo {2337}
[26968] 2025/11/20 11:04:05.519 Add Basket MarketNo：0 StockIdx：33911
[26968] 2025/11/20 11:04:05.519 Divide StockNo {2338}
[26968] 2025/11/20 11:04:05.519 Add Basket MarketNo：0 StockIdx：33912
[26968] 2025/11/20 11:04:05.519 Divide StockNo {2340}
[26968] 2025/11/20 11:04:05.519 Add Basket MarketNo：0 StockIdx：33913
[26968] 2025/11/20 11:04:05.519 Divide StockNo {2344}
[26968] 2025/11/20 11:04:05.519 Add Basket MarketNo：0 StockIdx：33915
[26968] 2025/11/20 11:04:05.519 Divide StockNo {2345}
[26968] 2025/11/20 11:04:05.519 Add Basket MarketNo：0 StockIdx：33916
[26968] 2025/11/20 11:04:05.519 Divide StockNo {2347}
[26968] 2025/11/20 11:04:05.519 Add Basket MarketNo：0 StockIdx：33917
[26968] 2025/11/20 11:04:05.519 Divide StockNo {2352}
[26968] 2025/11/20 11:04:05.519 Add Basket MarketNo：0 StockIdx：33922
[26968] 2025/11/20 11:04:05.519 Divide StockNo {2353}
[26968] 2025/11/20 11:04:05.519 Add Basket MarketNo：0 StockIdx：33923
[26968] 2025/11/20 11:04:05.519 Divide StockNo {2354}
[26968] 2025/11/20 11:04:05.519 Add Basket MarketNo：0 StockIdx：33924
[26968] 2025/11/20 11:04:05.519 Divide StockNo {2355}
[26968] 2025/11/20 11:04:05.519 Add Basket MarketNo：0 StockIdx：33925
[26968] 2025/11/20 11:04:05.519 Divide StockNo {2356}
[26968] 2025/11/20 11:04:05.519 Add Basket MarketNo：0 StockIdx：33926
[26968] 2025/11/20 11:04:05.519 Divide StockNo {2357}
[26968] 2025/11/20 11:04:05.519 Add Basket MarketNo：0 StockIdx：33927
[26968] 2025/11/20 11:04:05.519 Divide StockNo {2360}
[26968] 2025/11/20 11:04:05.519 Add Basket MarketNo：0 StockIdx：33929
[26968] 2025/11/20 11:04:05.519 Divide StockNo {2368}
[26968] 2025/11/20 11:04:05.519 Add Basket MarketNo：0 StockIdx：33935
[26968] 2025/11/20 11:04:05.519 Divide StockNo {2371}
[26968] 2025/11/20 11:04:05.519 Add Basket MarketNo：0 StockIdx：33937
[26968] 2025/11/20 11:04:05.519 Divide StockNo {2376}
[26968] 2025/11/20 11:04:05.519 Add Basket MarketNo：0 StockIdx：33941
[26968] 2025/11/20 11:04:05.519 Divide StockNo {2377}
[26968] 2025/11/20 11:04:05.519 Add Basket MarketNo：0 StockIdx：33942
[26968] 2025/11/20 11:04:05.519 Divide StockNo {2379}
[26968] 2025/11/20 11:04:05.519 Add Basket MarketNo：0 StockIdx：33943
[26968] 2025/11/20 11:04:05.519 Divide StockNo {2382}
[26968] 2025/11/20 11:04:05.519 Add Basket MarketNo：0 StockIdx：33945
[26968] 2025/11/20 11:04:05.519 Divide StockNo {2383}
[26968] 2025/11/20 11:04:05.519 Add Basket MarketNo：0 StockIdx：33946
[26968] 2025/11/20 11:04:05.519 Divide StockNo {2385}
[26968] 2025/11/20 11:04:05.519 Add Basket MarketNo：0 StockIdx：33947
[26968] 2025/11/20 11:04:05.519 Divide StockNo {2388}
[26968] 2025/11/20 11:04:05.519 Add Basket MarketNo：0 StockIdx：33949
[26968] 2025/11/20 11:04:05.519 Divide StockNo {2392}
[26968] 2025/11/20 11:04:05.519 Add Basket MarketNo：0 StockIdx：33951
[26968] 2025/11/20 11:04:05.519 Divide StockNo {2393}
[26968] 2025/11/20 11:04:05.519 Add Basket MarketNo：0 StockIdx：33952
[26968] 2025/11/20 11:04:05.519 Divide StockNo {2401}
[26968] 2025/11/20 11:04:05.519 Add Basket MarketNo：0 StockIdx：33956
[26968] 2025/11/20 11:04:05.519 Divide StockNo {2404}
[26968] 2025/11/20 11:04:05.519 Add Basket MarketNo：0 StockIdx：33958
[26968] 2025/11/20 11:04:05.519 Divide StockNo {2408}
[26968] 2025/11/20 11:04:05.519 Add Basket MarketNo：0 StockIdx：33961
[26968] 2025/11/20 11:04:05.519 Divide StockNo {2409}
[26968] 2025/11/20 11:04:05.519 Add Basket MarketNo：0 StockIdx：33962
[26968] 2025/11/20 11:04:05.519 Divide StockNo {2412}
[26968] 2025/11/20 11:04:05.519 Add Basket MarketNo：0 StockIdx：33963
[26968] 2025/11/20 11:04:05.519 Divide StockNo {2439}
[26968] 2025/11/20 11:04:05.519 Add Basket MarketNo：0 StockIdx：33985
[26968] 2025/11/20 11:04:05.519 Divide StockNo {2441}
[26968] 2025/11/20 11:04:05.519 Add Basket MarketNo：0 StockIdx：33987
[26968] 2025/11/20 11:04:05.519 Divide StockNo {2449}
[26968] 2025/11/20 11:04:05.519 Add Basket MarketNo：0 StockIdx：33990
[26968] 2025/11/20 11:04:05.519 Divide StockNo {2454}
[26968] 2025/11/20 11:04:05.519 Add Basket MarketNo：0 StockIdx：33994
[26968] 2025/11/20 11:04:05.519 Divide StockNo {2455}
[26968] 2025/11/20 11:04:05.519 Add Basket MarketNo：0 StockIdx：33995
[26968] 2025/11/20 11:04:05.519 Divide StockNo {2457}
[26968] 2025/11/20 11:04:05.520 Add Basket MarketNo：0 StockIdx：33996
[26968] 2025/11/20 11:04:05.520 Divide StockNo {2458}
[26968] 2025/11/20 11:04:05.520 Add Basket MarketNo：0 StockIdx：33997
[26968] 2025/11/20 11:04:05.520 Divide StockNo {2474}
[26968] 2025/11/20 11:04:05.520 Add Basket MarketNo：0 StockIdx：34009
[26968] 2025/11/20 11:04:05.520 Divide StockNo {2481}
[26968] 2025/11/20 11:04:05.520 Add Basket MarketNo：0 StockIdx：34014
[26968] 2025/11/20 11:04:05.520 Divide StockNo {2485}
[26968] 2025/11/20 11:04:05.520 Add Basket MarketNo：0 StockIdx：34018
[26968] 2025/11/20 11:04:05.520 Divide StockNo {2486}
[26968] 2025/11/20 11:04:05.520 Add Basket MarketNo：0 StockIdx：34019
[26968] 2025/11/20 11:04:05.520 Divide StockNo {2489}
[26968] 2025/11/20 11:04:05.520 Add Basket MarketNo：0 StockIdx：34021
[26968] 2025/11/20 11:04:05.520 Divide StockNo {2492}
[26968] 2025/11/20 11:04:05.520 Add Basket MarketNo：0 StockIdx：34023
[26968] 2025/11/20 11:04:05.520 Divide StockNo {2498}
[26968] 2025/11/20 11:04:05.520 Add Basket MarketNo：0 StockIdx：34028
[26968] 2025/11/20 11:04:05.520 Divide StockNo {2515}
[26968] 2025/11/20 11:04:05.520 Add Basket MarketNo：0 StockIdx：34036
[26968] 2025/11/20 11:04:05.520 Divide StockNo {2520}
[26968] 2025/11/20 11:04:05.520 Add Basket MarketNo：0 StockIdx：34038
[26968] 2025/11/20 11:04:05.520 Divide StockNo {2542}
[26968] 2025/11/20 11:04:05.520 Add Basket MarketNo：0 StockIdx：34050
[26968] 2025/11/20 11:04:05.520 Divide StockNo {2548}
[26968] 2025/11/20 11:04:05.520 Add Basket MarketNo：0 StockIdx：34055
[26968] 2025/11/20 11:04:05.520 Divide StockNo {2603}
[26968] 2025/11/20 11:04:05.520 Add Basket MarketNo：0 StockIdx：34058
[26968] 2025/11/20 11:04:05.520 Divide StockNo {2605}
[26968] 2025/11/20 11:04:05.520 Add Basket MarketNo：0 StockIdx：34059
[26968] 2025/11/20 11:04:05.520 Divide StockNo {2606}
[26968] 2025/11/20 11:04:05.520 Add Basket MarketNo：0 StockIdx：34060
[26968] 2025/11/20 11:04:05.520 Divide StockNo {2609}
[26968] 2025/11/20 11:04:05.520 Add Basket MarketNo：0 StockIdx：34063
[26968] 2025/11/20 11:04:05.520 Divide StockNo {2610}
[26968] 2025/11/20 11:04:05.520 Add Basket MarketNo：0 StockIdx：34064
[26968] 2025/11/20 11:04:05.520 Divide StockNo {2615}
[26968] 2025/11/20 11:04:05.520 Add Basket MarketNo：0 StockIdx：34069
[26968] 2025/11/20 11:04:05.520 Divide StockNo {2618}
[26968] 2025/11/20 11:04:05.520 Add Basket MarketNo：0 StockIdx：34072
[26968] 2025/11/20 11:04:05.520 Divide StockNo {2633}
[26968] 2025/11/20 11:04:05.520 Add Basket MarketNo：0 StockIdx：34074
[26968] 2025/11/20 11:04:05.520 Divide StockNo {2634}
[26968] 2025/11/20 11:04:05.520 Add Basket MarketNo：0 StockIdx：34075
[26968] 2025/11/20 11:04:05.520 Divide StockNo {2801}
[26968] 2025/11/20 11:04:05.520 Add Basket MarketNo：0 StockIdx：34096
[26968] 2025/11/20 11:04:05.520 Divide StockNo {2834}
[26968] 2025/11/20 11:04:05.520 Add Basket MarketNo：0 StockIdx：34101
[26968] 2025/11/20 11:04:05.520 Divide StockNo {2880}
[26968] 2025/11/20 11:04:05.520 Add Basket MarketNo：0 StockIdx：34113
[26968] 2025/11/20 11:04:05.520 Divide StockNo {2881}
[26968] 2025/11/20 11:04:05.520 Add Basket MarketNo：0 StockIdx：34114
[26968] 2025/11/20 11:04:05.521 Divide StockNo {2882}
[26968] 2025/11/20 11:04:05.521 Add Basket MarketNo：0 StockIdx：34118
[26968] 2025/11/20 11:04:05.521 Divide StockNo {2883}
[26968] 2025/11/20 11:04:05.521 Add Basket MarketNo：0 StockIdx：34121
[26968] 2025/11/20 11:04:05.521 Divide StockNo {2884}
[26968] 2025/11/20 11:04:05.521 Add Basket MarketNo：0 StockIdx：34123
[26968] 2025/11/20 11:04:05.521 Divide StockNo {2885}
[26968] 2025/11/20 11:04:05.521 Add Basket MarketNo：0 StockIdx：34124
[26968] 2025/11/20 11:04:05.521 Divide StockNo {2886}
[26968] 2025/11/20 11:04:05.521 Add Basket MarketNo：0 StockIdx：34125
[26968] 2025/11/20 11:04:05.521 Divide StockNo {2887}
[26968] 2025/11/20 11:04:05.521 Add Basket MarketNo：0 StockIdx：34126
[26968] 2025/11/20 11:04:05.521 Divide StockNo {2888}
[26968] 2025/11/20 11:04:05.521 Stock Is Not Exist 
[26968] 2025/11/20 11:04:05.521 Divide StockNo {2890}
[26968] 2025/11/20 11:04:05.521 Add Basket MarketNo：0 StockIdx：34134
[26968] 2025/11/20 11:04:05.521 Divide StockNo {2891}
[26968] 2025/11/20 11:04:05.521 Add Basket MarketNo：0 StockIdx：34135
[26968] 2025/11/20 11:04:05.521 Divide StockNo {2892}
[26968] 2025/11/20 11:04:05.521 Add Basket MarketNo：0 StockIdx：34138
[26968] 2025/11/20 11:04:05.521 Divide StockNo {2913}
[26968] 2025/11/20 11:04:05.521 Add Basket MarketNo：0 StockIdx：34150
[26968] 2025/11/20 11:04:05.521 Divide StockNo {2915}
[26968] 2025/11/20 11:04:05.521 Add Basket MarketNo：0 StockIdx：34151
[26968] 2025/11/20 11:04:05.521 Divide StockNo {3005}
[26968] 2025/11/20 11:04:05.521 Add Basket MarketNo：0 StockIdx：34159
[26968] 2025/11/20 11:04:05.521 Divide StockNo {3006}
[26968] 2025/11/20 11:04:05.521 Add Basket MarketNo：0 StockIdx：34160
[26968] 2025/11/20 11:04:05.521 Divide StockNo {3008}
[26968] 2025/11/20 11:04:05.521 Add Basket MarketNo：0 StockIdx：34161
[26968] 2025/11/20 11:04:05.521 Divide StockNo {3017}
[26968] 2025/11/20 11:04:05.521 Add Basket MarketNo：0 StockIdx：34168
[26968] 2025/11/20 11:04:05.521 Divide StockNo {3019}
[26968] 2025/11/20 11:04:05.521 Add Basket MarketNo：0 StockIdx：34170
[26968] 2025/11/20 11:04:05.521 Divide StockNo {3034}
[26968] 2025/11/20 11:04:05.521 Add Basket MarketNo：0 StockIdx：34184
[26968] 2025/11/20 11:04:05.521 Divide StockNo {3035}
[26968] 2025/11/20 11:04:05.521 Add Basket MarketNo：0 StockIdx：34185
[26968] 2025/11/20 11:04:05.521 Divide StockNo {3036}
[26968] 2025/11/20 11:04:05.521 Add Basket MarketNo：0 StockIdx：34186
[26968] 2025/11/20 11:04:05.521 Divide StockNo {3037}
[26968] 2025/11/20 11:04:05.521 Add Basket MarketNo：0 StockIdx：34188
[26968] 2025/11/20 11:04:05.521 Divide StockNo {3042}
[26968] 2025/11/20 11:04:05.521 Add Basket MarketNo：0 StockIdx：34192
[26968] 2025/11/20 11:04:05.521 Divide StockNo {3044}
[26968] 2025/11/20 11:04:05.521 Add Basket MarketNo：0 StockIdx：34194
[26968] 2025/11/20 11:04:05.521 Divide StockNo {3045}
[26968] 2025/11/20 11:04:05.521 Add Basket MarketNo：0 StockIdx：34195
[26968] 2025/11/20 11:04:05.521 Divide StockNo {3078}
[26968] 2025/11/20 11:04:05.521 Add Basket MarketNo：1 StockIdx：270
[26968] 2025/11/20 11:04:05.521 Divide StockNo {3081}
[26968] 2025/11/20 11:04:05.521 Add Basket MarketNo：1 StockIdx：271
[26968] 2025/11/20 11:04:05.521 Divide StockNo {3105}
[26968] 2025/11/20 11:04:05.521 Add Basket MarketNo：1 StockIdx：281
[26968] 2025/11/20 11:04:05.521 Divide StockNo {3152}
[26968] 2025/11/20 11:04:05.521 Add Basket MarketNo：1 StockIdx：296
[26968] 2025/11/20 11:04:05.521 Divide StockNo {3189}
[26968] 2025/11/20 11:04:05.521 Add Basket MarketNo：0 StockIdx：34222
[26968] 2025/11/20 11:04:05.521 Divide StockNo {3227}
[26968] 2025/11/20 11:04:05.521 Add Basket MarketNo：1 StockIdx：320
[26968] 2025/11/20 11:04:05.521 Divide StockNo {3231}
[26968] 2025/11/20 11:04:05.521 Add Basket MarketNo：0 StockIdx：34225
[26968] 2025/11/20 11:04:05.521 Divide StockNo {3260}
[26968] 2025/11/20 11:04:05.522 Add Basket MarketNo：1 StockIdx：329
[26968] 2025/11/20 11:04:05.522 Divide StockNo {3264}
[26968] 2025/11/20 11:04:05.522 Add Basket MarketNo：1 StockIdx：330
[26968] 2025/11/20 11:04:05.522 Divide StockNo {3293}
[26968] 2025/11/20 11:04:05.522 Add Basket MarketNo：1 StockIdx：343
[26968] 2025/11/20 11:04:05.522 Divide StockNo {3324}
[26968] 2025/11/20 11:04:05.522 Add Basket MarketNo：1 StockIdx：359
[26968] 2025/11/20 11:04:05.522 Divide StockNo {3374}
[26968] 2025/11/20 11:04:05.522 Add Basket MarketNo：1 StockIdx：376
[26968] 2025/11/20 11:04:05.522 Divide StockNo {3376}
[26968] 2025/11/20 11:04:05.522 Add Basket MarketNo：0 StockIdx：34237
[26968] 2025/11/20 11:04:05.522 Divide StockNo {3380}
[26968] 2025/11/20 11:04:05.522 Add Basket MarketNo：0 StockIdx：34238
[26968] 2025/11/20 11:04:05.522 Divide StockNo {3406}
[26968] 2025/11/20 11:04:05.522 Add Basket MarketNo：0 StockIdx：34239
[26968] 2025/11/20 11:04:05.522 Divide StockNo {3443}
[26968] 2025/11/20 11:04:05.522 Add Basket MarketNo：0 StockIdx：34245
[26968] 2025/11/20 11:04:05.522 Divide StockNo {3481}
[26968] 2025/11/20 11:04:05.522 Add Basket MarketNo：0 StockIdx：34249
[26968] 2025/11/20 11:04:05.522 Divide StockNo {3529}
[26968] 2025/11/20 11:04:05.522 Add Basket MarketNo：1 StockIdx：424
[26968] 2025/11/20 11:04:05.522 Divide StockNo {3532}
[26968] 2025/11/20 11:04:05.522 Add Basket MarketNo：0 StockIdx：34257
[26968] 2025/11/20 11:04:05.522 Divide StockNo {3533}
[26968] 2025/11/20 11:04:05.522 Add Basket MarketNo：0 StockIdx：34258
[26968] 2025/11/20 11:04:05.522 Divide StockNo {3552}
[26968] 2025/11/20 11:04:05.522 Add Basket MarketNo：1 StockIdx：435
[26968] 2025/11/20 11:04:05.522 Divide StockNo {3653}
[26968] 2025/11/20 11:04:05.522 Add Basket MarketNo：0 StockIdx：34278
[26968] 2025/11/20 11:04:05.522 Divide StockNo {3661}
[26968] 2025/11/20 11:04:05.522 Add Basket MarketNo：0 StockIdx：34279
[26968] 2025/11/20 11:04:05.522 Divide StockNo {3673}
[26968] 2025/11/20 11:04:05.522 Add Basket MarketNo：0 StockIdx：34282
[26968] 2025/11/20 11:04:05.522 Divide StockNo {3680}
[26968] 2025/11/20 11:04:05.522 Add Basket MarketNo：1 StockIdx：474
[26968] 2025/11/20 11:04:05.522 Divide StockNo {3691}
[26968] 2025/11/20 11:04:05.522 Add Basket MarketNo：1 StockIdx：484
[26968] 2025/11/20 11:04:05.522 Divide StockNo {3702}
[26968] 2025/11/20 11:04:05.522 Add Basket MarketNo：0 StockIdx：34287
[26968] 2025/11/20 11:04:05.522 Divide StockNo {3706}
[26968] 2025/11/20 11:04:05.522 Add Basket MarketNo：0 StockIdx：34291
[26968] 2025/11/20 11:04:05.522 Divide StockNo {3711}
[26968] 2025/11/20 11:04:05.522 Add Basket MarketNo：0 StockIdx：34293
[26968] 2025/11/20 11:04:05.522 Divide StockNo {3714}
[26968] 2025/11/20 11:04:05.522 Add Basket MarketNo：0 StockIdx：34295
[26968] 2025/11/20 11:04:05.522 Divide StockNo {4123}
[26968] 2025/11/20 11:04:05.522 Add Basket MarketNo：1 StockIdx：509
[26968] 2025/11/20 11:04:05.522 Divide StockNo {4128}
[26968] 2025/11/20 11:04:05.522 Add Basket MarketNo：1 StockIdx：514
[26968] 2025/11/20 11:04:05.522 Divide StockNo {4162}
[26968] 2025/11/20 11:04:05.522 Add Basket MarketNo：1 StockIdx：528
[26968] 2025/11/20 11:04:05.522 Divide StockNo {4736}
[26968] 2025/11/20 11:04:05.522 Add Basket MarketNo：0 StockIdx：34340
[26968] 2025/11/20 11:04:05.522 Divide StockNo {4743}
[26968] 2025/11/20 11:04:05.522 Add Basket MarketNo：1 StockIdx：619
[26968] 2025/11/20 11:04:05.522 Divide StockNo {4904}
[26968] 2025/11/20 11:04:05.522 Add Basket MarketNo：0 StockIdx：34351
[26968] 2025/11/20 11:04:05.522 Divide StockNo {4919}
[26968] 2025/11/20 11:04:05.522 Add Basket MarketNo：0 StockIdx：34356
[26968] 2025/11/20 11:04:05.522 Divide StockNo {4938}
[26968] 2025/11/20 11:04:05.522 Add Basket MarketNo：0 StockIdx：34361
[26968] 2025/11/20 11:04:05.522 Divide StockNo {4958}
[26968] 2025/11/20 11:04:05.522 Add Basket MarketNo：0 StockIdx：34367
[26968] 2025/11/20 11:04:05.522 Divide StockNo {5009}
[26968] 2025/11/20 11:04:05.522 Add Basket MarketNo：1 StockIdx：661
[26968] 2025/11/20 11:04:05.522 Divide StockNo {5269}
[26968] 2025/11/20 11:04:05.523 Add Basket MarketNo：0 StockIdx：34386
[26968] 2025/11/20 11:04:05.523 Divide StockNo {5274}
[26968] 2025/11/20 11:04:05.523 Add Basket MarketNo：1 StockIdx：695
[26968] 2025/11/20 11:04:05.523 Divide StockNo {5347}
[26968] 2025/11/20 11:04:05.523 Add Basket MarketNo：1 StockIdx：718
[26968] 2025/11/20 11:04:05.523 Divide StockNo {5371}
[26968] 2025/11/20 11:04:05.523 Add Basket MarketNo：1 StockIdx：725
[26968] 2025/11/20 11:04:05.523 Divide StockNo {5388}
[26968] 2025/11/20 11:04:05.523 Add Basket MarketNo：0 StockIdx：34393
[26968] 2025/11/20 11:04:05.523 Divide StockNo {5425}
[26968] 2025/11/20 11:04:05.523 Add Basket MarketNo：1 StockIdx：733
[26968] 2025/11/20 11:04:05.523 Divide StockNo {5457}
[26968] 2025/11/20 11:04:05.523 Add Basket MarketNo：1 StockIdx：745
[26968] 2025/11/20 11:04:05.523 Divide StockNo {5483}
[26968] 2025/11/20 11:04:05.523 Add Basket MarketNo：1 StockIdx：755
[26968] 2025/11/20 11:04:05.523 Divide StockNo {5534}
[26968] 2025/11/20 11:04:05.523 Add Basket MarketNo：0 StockIdx：34405
[26968] 2025/11/20 11:04:05.523 Divide StockNo {5871}
[26968] 2025/11/20 11:04:05.523 Add Basket MarketNo：0 StockIdx：34411
[26968] 2025/11/20 11:04:05.523 Divide StockNo {5876}
[26968] 2025/11/20 11:04:05.523 Add Basket MarketNo：0 StockIdx：34413
[26968] 2025/11/20 11:04:05.523 Divide StockNo {5880}
[26968] 2025/11/20 11:04:05.523 Add Basket MarketNo：0 StockIdx：34414
[26968] 2025/11/20 11:04:05.523 Divide StockNo {5904}
[26968] 2025/11/20 11:04:05.523 Add Basket MarketNo：1 StockIdx：789
[26968] 2025/11/20 11:04:05.523 Divide StockNo {6005}
[26968] 2025/11/20 11:04:05.523 Add Basket MarketNo：0 StockIdx：34417
[26968] 2025/11/20 11:04:05.523 Divide StockNo {6116}
[26968] 2025/11/20 11:04:05.523 Add Basket MarketNo：0 StockIdx：34422
[26968] 2025/11/20 11:04:05.523 Divide StockNo {6121}
[26968] 2025/11/20 11:04:05.523 Add Basket MarketNo：1 StockIdx：812
[26968] 2025/11/20 11:04:05.523 Divide StockNo {6139}
[26968] 2025/11/20 11:04:05.523 Add Basket MarketNo：0 StockIdx：34428
[26968] 2025/11/20 11:04:05.523 Divide StockNo {6147}
[26968] 2025/11/20 11:04:05.523 Add Basket MarketNo：1 StockIdx：830
[26968] 2025/11/20 11:04:05.523 Divide StockNo {6153}
[26968] 2025/11/20 11:04:05.523 Add Basket MarketNo：0 StockIdx：34432
[26968] 2025/11/20 11:04:05.523 Divide StockNo {6173}
[26968] 2025/11/20 11:04:05.523 Add Basket MarketNo：1 StockIdx：847
[26968] 2025/11/20 11:04:05.523 Divide StockNo {6176}
[26968] 2025/11/20 11:04:05.523 Add Basket MarketNo：0 StockIdx：34438
[26968] 2025/11/20 11:04:05.523 Divide StockNo {6182}
[26968] 2025/11/20 11:04:05.523 Add Basket MarketNo：1 StockIdx：855
[26968] 2025/11/20 11:04:05.523 Divide StockNo {6188}
[26968] 2025/11/20 11:04:05.523 Add Basket MarketNo：1 StockIdx：863
[26968] 2025/11/20 11:04:05.523 Divide StockNo {6213}
[26968] 2025/11/20 11:04:05.523 Add Basket MarketNo：0 StockIdx：34452
[26968] 2025/11/20 11:04:05.523 Divide StockNo {6223}
[26968] 2025/11/20 11:04:05.523 Add Basket MarketNo：1 StockIdx：889
[26968] 2025/11/20 11:04:05.523 Divide StockNo {6239}
[26968] 2025/11/20 11:04:05.523 Add Basket MarketNo：0 StockIdx：34461
[26968] 2025/11/20 11:04:05.523 Divide StockNo {6245}
[26968] 2025/11/20 11:04:05.523 Add Basket MarketNo：1 StockIdx：904
[26968] 2025/11/20 11:04:05.523 Divide StockNo {6257}
[26968] 2025/11/20 11:04:05.523 Add Basket MarketNo：0 StockIdx：34463
[26968] 2025/11/20 11:04:05.523 Divide StockNo {6269}
[26968] 2025/11/20 11:04:05.523 Add Basket MarketNo：0 StockIdx：34464
[26968] 2025/11/20 11:04:05.523 Divide StockNo {6271}
[26968] 2025/11/20 11:04:05.524 Add Basket MarketNo：0 StockIdx：34465
[26968] 2025/11/20 11:04:05.524 Divide StockNo {6274}
[26968] 2025/11/20 11:04:05.524 Add Basket MarketNo：1 StockIdx：916
[26968] 2025/11/20 11:04:05.524 Divide StockNo {6278}
[26968] 2025/11/20 11:04:05.524 Add Basket MarketNo：0 StockIdx：34467
[26968] 2025/11/20 11:04:05.524 Divide StockNo {6279}
[26968] 2025/11/20 11:04:05.524 Add Basket MarketNo：1 StockIdx：921
[26968] 2025/11/20 11:04:05.524 Divide StockNo {6282}
[26968] 2025/11/20 11:04:05.524 Add Basket MarketNo：0 StockIdx：34469
[26968] 2025/11/20 11:04:05.524 Divide StockNo {6285}
[26968] 2025/11/20 11:04:05.524 Add Basket MarketNo：0 StockIdx：34471
[26968] 2025/11/20 11:04:05.524 Divide StockNo {6414}
[26968] 2025/11/20 11:04:05.524 Add Basket MarketNo：0 StockIdx：34475
[26968] 2025/11/20 11:04:05.524 Divide StockNo {6443}
[26968] 2025/11/20 11:04:05.524 Add Basket MarketNo：0 StockIdx：34483
[26968] 2025/11/20 11:04:05.524 Divide StockNo {6472}
[26968] 2025/11/20 11:04:05.524 Add Basket MarketNo：0 StockIdx：34489
[26968] 2025/11/20 11:04:05.524 Divide StockNo {6488}
[26968] 2025/11/20 11:04:05.524 Add Basket MarketNo：1 StockIdx：956
[26968] 2025/11/20 11:04:05.524 Divide StockNo {6505}
[26968] 2025/11/20 11:04:05.524 Add Basket MarketNo：0 StockIdx：34493
[26968] 2025/11/20 11:04:05.524 Divide StockNo {6510}
[26968] 2025/11/20 11:04:05.524 Add Basket MarketNo：1 StockIdx：966
[26968] 2025/11/20 11:04:05.524 Divide StockNo {6526}
[26968] 2025/11/20 11:04:05.524 Add Basket MarketNo：0 StockIdx：34496
[26968] 2025/11/20 11:04:05.524 Divide StockNo {6547}
[26968] 2025/11/20 11:04:05.524 Add Basket MarketNo：1 StockIdx：981
[26968] 2025/11/20 11:04:05.524 Divide StockNo {6669}
[26968] 2025/11/20 11:04:05.524 Add Basket MarketNo：0 StockIdx：34525
[26968] 2025/11/20 11:04:05.524 Divide StockNo {6757}
[26968] 2025/11/20 11:04:05.524 Add Basket MarketNo：0 StockIdx：34542
[26968] 2025/11/20 11:04:05.524 Divide StockNo {6770}
[26968] 2025/11/20 11:04:05.524 Add Basket MarketNo：0 StockIdx：34544
[26968] 2025/11/20 11:04:05.524 Divide StockNo {8039}
[26968] 2025/11/20 11:04:05.524 Add Basket MarketNo：0 StockIdx：34621
[26968] 2025/11/20 11:04:05.524 Divide StockNo {8044}
[26968] 2025/11/20 11:04:05.524 Add Basket MarketNo：1 StockIdx：12473
[26968] 2025/11/20 11:04:05.524 Divide StockNo {8046}
[26968] 2025/11/20 11:04:05.524 Add Basket MarketNo：0 StockIdx：34623
[26968] 2025/11/20 11:04:05.524 Divide StockNo {8069}
[26968] 2025/11/20 11:04:05.524 Add Basket MarketNo：1 StockIdx：12485
[26968] 2025/11/20 11:04:05.524 Divide StockNo {8086}
[26968] 2025/11/20 11:04:05.524 Add Basket MarketNo：1 StockIdx：12494
[26968] 2025/11/20 11:04:05.524 Divide StockNo {8112}
[26968] 2025/11/20 11:04:05.524 Add Basket MarketNo：0 StockIdx：34632
[26968] 2025/11/20 11:04:05.524 Divide StockNo {8150}
[26968] 2025/11/20 11:04:05.524 Add Basket MarketNo：0 StockIdx：34636
[26968] 2025/11/20 11:04:05.524 Divide StockNo {8163}
[26968] 2025/11/20 11:04:05.524 Add Basket MarketNo：0 StockIdx：34638
[26968] 2025/11/20 11:04:05.524 Divide StockNo {8299}
[26968] 2025/11/20 11:04:05.524 Add Basket MarketNo：1 StockIdx：12533
[26968] 2025/11/20 11:04:05.524 Divide StockNo {8358}
[26968] 2025/11/20 11:04:05.524 Add Basket MarketNo：1 StockIdx：12539
[26968] 2025/11/20 11:04:05.524 Divide StockNo {8436}
[26968] 2025/11/20 11:04:05.524 Add Basket MarketNo：1 StockIdx：12564
[26968] 2025/11/20 11:04:05.524 Divide StockNo {8454}
[26968] 2025/11/20 11:04:05.524 Add Basket MarketNo：0 StockIdx：34657
[26968] 2025/11/20 11:04:05.524 Divide StockNo {9904}
[26968] 2025/11/20 11:04:05.524 Add Basket MarketNo：0 StockIdx：34686
[26968] 2025/11/20 11:04:05.524 Divide StockNo {9914}
[26968] 2025/11/20 11:04:05.524 Add Basket MarketNo：0 StockIdx：34694
[26968] 2025/11/20 11:04:05.524 Divide StockNo {9938}
[26968] 2025/11/20 11:04:05.524 Add Basket MarketNo：0 StockIdx：34710
[26968] 2025/11/20 11:04:05.524 Divide StockNo {9939}
[26968] 2025/11/20 11:04:05.524 Add Basket MarketNo：0 StockIdx：34711
[26968] 2025/11/20 11:04:05.524 Divide StockNo {9945}
[26968] 2025/11/20 11:04:05.524 Add Basket MarketNo：0 StockIdx：34718
[26968] 2025/11/20 11:04:05.525 Divide StockNo {9958}
[26968] 2025/11/20 11:04:05.525 Add Basket MarketNo：0 StockIdx：34721
[26968] 2025/11/20 11:04:05.525 Divide StockNo {TSE}
[26968] 2025/11/20 11:04:05.525 Stock Is Not Exist 
[26968] 2025/11/20 11:04:05.525 Divide StockNo {TSE23}
[26968] 2025/11/20 11:04:05.525 Add Basket MarketNo：0 StockIdx：35038
[26968] 2025/11/20 11:04:05.525 Divide StockNo {TSE28}
[26968] 2025/11/20 11:04:05.525 Add Basket MarketNo：0 StockIdx：35043
[26968] 2025/11/20 11:04:05.525 Divide StockNo {TWMC}
[26968] 2025/11/20 11:04:05.525 Stock Is Not Exist 
[26968] 2025/11/20 11:04:05.525 Return PageNo： 1 
